Workbook

Sheet 说明
A1: 基因养成
A3: 说明
C5: 基因升级
D6: 梦灵升级消耗【基因罐】＋【金币】＋【时间】，大节点消耗【大基因罐】 | P6: 基因养成体验
D7: 基因升级的属性加给主角攻击力，对标装备养成节奏 | P7: 1、养成：全绑定主角伤害，少量攻击力丢到这里来。
P8: 2、加速产出： 大量在前期运营活动、主线通关奖励（快速释放）、每日任务（主要）里面产加速材料
P9: 3、天赋石产出：体力扫荡（主要）、个人挑战本商店（肝度）、
P10: 整体体验：前期用主线和活动产的加速去释放，每天固定产很多小时加速（48h+），防止需要高频点击带来的肝度提升
C12: 关联配置
D14: 配置 | E14: 字段 | F14: 值 | G14: 说明
D15: J_基因_evolve_data
D16: X_效果映射_effect_mapping_data | G16: *基因节点引用效果映射表，具体技能内容根据实际进行配置
G17: *预留最后一行
A19: 本页结束

Sheet 养成属性
A1: 养成属性
C3: 属性规划
H4: 对标梦灵升级 | N4: 对标技能 | O4: 对标梦灵升阶
D5: 天数 | E5: 玩家等级 | F5: 挂件属性 | G5: 主角属性倍率 | H5: 配置属性 | I5: 主角伤害加成 | J5: 主角爆伤加成 | K5: 主角暴击加成 | L5: 主角攻速加成 | M5: 预估倍率 | N5: 主角成长倍率 | O5: 攻击力
D6: 1 | E6: 12 | F6: 600 | G6: 1.2 | H6: =F6*(G6-1) -> 120 | I6: =SQRT(N6) -> 1.5165751 | J6: =(F6-1)/($F$29-1)*$J$29 -> 0.069634969 | K6: =(F6-1)/($F$29-1)*$K$29 -> 0.0069634969 | L6: =SQRT(SQRT(N6)) -> 1.231493 | M6: =L6*I6*(1+K6*(J6+600%)) -> 1.9465896 | N6: 2.3 | O6: 1000 | Q6: 解锁技能
D7: 2 | E7: 18 | F7: 900 | G7: 1.2835 | H7: =F7*(G7-1) -> 255.15 | I7: =SQRT(N7) -> 1.5165751 | J7: =(F7-1)/($F$29-1)*$J$29 -> 0.10451058 | K7: =(F7-1)/($F$29-1)*$K$29 -> 0.010451058 | L7: =SQRT(SQRT(N7)) -> 1.231493 | M7: =L7*I7*(1+K7*(J7+600%)) -> 1.9868052 | N7: 2.3 | Q7: 解锁复活
D8: 3 | E8: 24 | F8: 1080 | G8: 1.367 | H8: =F8*(G8-1) -> 396.36 | I8: =SQRT(N8) -> 1.5165751 | J8: =(F8-1)/($F$29-1)*$J$29 -> 0.12543595 | K8: =(F8-1)/($F$29-1)*$K$29 -> 0.012543595 | L8: =SQRT(SQRT(N8)) -> 1.231493 | M8: =L8*I8*(1+K8*(J8+600%)) -> 2.0111526 | N8: 2.3 | Q8: 初始召唤+1【上限2】
D9: 4 | E9: 29 | F9: 1296 | G9: 1.367 | H9: =F9*(G9-1) -> 475.632 | I9: =SQRT(N9) -> 1.7320508 | J9: =(F9-1)/($F$29-1)*$J$29 -> 0.15054638 | K9: =(F9-1)/($F$29-1)*$K$29 -> 0.015054638 | L9: =SQRT(SQRT(N9)) -> 1.316074 | M9: =L9*I9*(1+K9*(J9+600%)) -> 2.4905763 | N9: 3 | Q9: 梦灵召唤后，伤害+n%，持续m秒
D10: 5 | E10: 33 | F10: 1490 | G10: 1.27 | H10: =F10*(G10-1) -> 402.3 | I10: =SQRT(N10) -> 1.7320508 | J10: =(F10-1)/($F$29-1)*$J$29 -> 0.17309928 | K10: =(F10-1)/($F$29-1)*$K$29 -> 0.017309928 | L10: =SQRT(SQRT(N10)) -> 1.316074 | M10: =L10*I10*(1+K10*(J10+600%)) -> 2.5230858 | N10: 3 | Q10: 梦灵召唤后，攻速+n%，持续m秒
D11: 6 | E11: 37 | F11: 1713 | G11: 1.3 | H11: =F11*(G11-1) -> 513.9 | I11: =SQRT(N11) -> 1.7320508 | J11: =(F11-1)/($F$29-1)*$J$29 -> 0.19902348 | K11: =(F11-1)/($F$29-1)*$K$29 -> 0.019902348 | L11: =SQRT(SQRT(N11)) -> 1.316074 | M11: =L11*I11*(1+K11*(J11+600%)) -> 2.5607415 | N11: 3 | Q11: 梦灵复活后，无敌n秒
D12: 7 | E12: 40 | F12: 1971 | G12: 1.33 | H12: =F12*(G12-1) -> 650.43 | I12: =SQRT(N12) -> 1.7320508 | J12: =(F12-1)/($F$29-1)*$J$29 -> 0.22901651 | K12: =(F12-1)/($F$29-1)*$K$29 -> 0.022901651 | L12: =SQRT(SQRT(N12)) -> 1.316074 | M12: =L12*I12*(1+K12*(J12+600%)) -> 2.6046896 | N12: 3 | Q12: 梦灵复活后，n个梦灵伤害+n%，持续m秒
D13: 8 | E13: 43 | F13: 2168 | G13: 1.36 | H13: =F13*(G13-1) -> 780.48 | I13: =SQRT(N13) -> 1.7320508 | J13: =(F13-1)/($F$29-1)*$J$29 -> 0.25191816 | K13: =(F13-1)/($F$29-1)*$K$29 -> 0.025191816 | L13: =SQRT(SQRT(N13)) -> 1.316074 | M13: =L13*I13*(1+K13*(J13+600%)) -> 2.638523 | N13: 3 | Q13: 梦灵复活后，n个梦灵全体攻速+n%，持续m秒
D14: 9 | E14: 46 | F14: 2276 | G14: 1.39 | H14: =F14*(G14-1) -> 887.64 | I14: =SQRT(N14) -> 1.7320508 | J14: =(F14-1)/($F$29-1)*$J$29 -> 0.26447338 | K14: =(F14-1)/($F$29-1)*$K$29 -> 0.026447338 | L14: =SQRT(SQRT(N14)) -> 1.316074 | M14: =L14*I14*(1+K14*(J14+600%)) -> 2.6571727 | N14: 3 | Q14: 梦灵复活后，触发击退
D15: 10 | E15: 49 | F15: 2390 | G15: 1.42 | H15: =F15*(G15-1) -> 1003.8 | I15: =SQRT(N15) -> 1.7320508 | J15: =(F15-1)/($F$29-1)*$J$29 -> 0.27772611 | K15: =(F15-1)/($F$29-1)*$K$29 -> 0.027772611 | L15: =SQRT(SQRT(N15)) -> 1.316074 | M15: =L15*I15*(1+K15*(J15+600%)) -> 2.6769365 | N15: 3 | Q15: 复活次数+1
D16: 11 | E16: 51 | F16: 2509 | G16: 1.45 | H16: =F16*(G16-1) -> 1129.05 | I16: =SQRT(N16) -> 1.7320508 | J16: =(F16-1)/($F$29-1)*$J$29 -> 0.2915601 | K16: =(F16-1)/($F$29-1)*$K$29 -> 0.02915601 | L16: =SQRT(SQRT(N16)) -> 1.316074 | M16: =L16*I16*(1+K16*(J16+600%)) -> 2.6976525 | N16: 3 | Q16: 梦灵复活后，击退距离+n
D17: 12 | E17: 53 | F17: 2635 | G17: 1.48 | H17: =F17*(G17-1) -> 1264.8 | I17: =SQRT(N17) -> 1.7320508 | J17: =(F17-1)/($F$29-1)*$J$29 -> 0.30620786 | K17: =(F17-1)/($F$29-1)*$K$29 -> 0.030620786 | L17: =SQRT(SQRT(N17)) -> 1.316074 | M17: =L17*I17*(1+K17*(J17+600%)) -> 2.7196822 | N17: 3 | Q17: 复活血量+n%
D18: 13 | E18: 55 | F18: 2767 | G18: 1.51 | H18: =F18*(G18-1) -> 1411.17 | I18: =SQRT(N18) -> 1.7320508 | J18: =(F18-1)/($F$29-1)*$J$29 -> 0.32155313 | K18: =(F18-1)/($F$29-1)*$K$29 -> 0.032155313 | L18: =SQRT(SQRT(N18)) -> 1.316074 | M18: =L18*I18*(1+K18*(J18+600%)) -> 2.7428659 | N18: 3
D19: 14 | E19: 56 | F19: 2905 | G19: 1.54 | H19: =F19*(G19-1) -> 1568.7 | I19: =SQRT(N19) -> 1.8165902 | J19: =(F19-1)/($F$29-1)*$J$29 -> 0.33759591 | K19: =(F19-1)/($F$29-1)*$K$29 -> 0.033759591 | L19: =SQRT(SQRT(N19)) -> 1.3478094 | M19: =L19*I19*(1+K19*(J19+600%)) -> 2.9722677 | N19: 3.3
D20: 15 | E20: 57 | F20: 3050 | G20: 1.555 | H20: =F20*(G20-1) -> 1692.75 | I20: =SQRT(N20) -> 1.8165902 | J20: =(F20-1)/($F$29-1)*$J$29 -> 0.35445245 | K20: =(F20-1)/($F$29-1)*$K$29 -> 0.035445245 | L20: =SQRT(SQRT(N20)) -> 1.3478094 | M20: =L20*I20*(1+K20*(J20+600%)) -> 2.999887 | N20: 3.3
D21: 16 | E21: 58 | F21: 3203 | G21: 1.57 | H21: =F21*(G21-1) -> 1825.71 | I21: =SQRT(N21) -> 1.8165902 | J21: =(F21-1)/($F$29-1)*$J$29 -> 0.37223901 | K21: =(F21-1)/($F$29-1)*$K$29 -> 0.037223901 | L21: =SQRT(SQRT(N21)) -> 1.3478094 | M21: =L21*I21*(1+K21*(J21+600%)) -> 3.029181 | N21: 3.3
D22: 20 | E22: 62 | F22: 3893 | G22: 1.57 | H22: =F22*(G22-1) -> 2219.01 | I22: =SQRT(N22) -> 1.8973666 | J22: =(F22-1)/($F$29-1)*$J$29 -> 0.45245292 | K22: =(F22-1)/($F$29-1)*$K$29 -> 0.045245292 | L22: =SQRT(SQRT(N22)) -> 1.3774493 | M22: =L22*I22*(1+K22*(J22+600%)) -> 3.3765273 | N22: 3.6
D23: 27 | E23: 69 | F23: 4321 | G23: 1.61 | H23: =F23*(G23-1) -> 2635.81 | I23: =SQRT(N23) -> 1.8973666 | J23: =(F23-1)/($F$29-1)*$J$29 -> 0.50220879 | K23: =(F23-1)/($F$29-1)*$K$29 -> 0.050220879 | L23: =SQRT(SQRT(N23)) -> 1.3774493 | M23: =L23*I23*(1+K23*(J23+600%)) -> 3.4669645 | N23: 3.6
D24: 34 | E24: 74 | F24: 4796 | G24: 1.82 | H24: =F24*(G24-1) -> 3932.72 | I24: =SQRT(N24) -> 1.8973666 | J24: =(F24-1)/($F$29-1)*$J$29 -> 0.5574285 | K24: =(F24-1)/($F$29-1)*$K$29 -> 0.05574285 | L24: =SQRT(SQRT(N24)) -> 1.3774493 | M24: =L24*I24*(1+K24*(J24+600%)) -> 3.5688479 | N24: 3.6
D25: 41 | E25: 79 | F25: 5322 | G25: 1.99 | H25: =F25*(G25-1) -> 5268.78 | I25: =SQRT(N25) -> 2.034699 | J25: =(F25-1)/($F$29-1)*$J$29 -> 0.61857708 | K25: =(F25-1)/($F$29-1)*$K$29 -> 0.061857708 | L25: =SQRT(SQRT(N25)) -> 1.4264288 | M25: =L25*I25*(1+K25*(J25+600%)) -> 4.0906056 | N25: 4.14
D26: 48 | E26: 84 | F26: 5907 | G26: 2 | H26: =F26*(G26-1) -> 5907 | I26: =SQRT(N26) -> 2.034699 | J26: =(F26-1)/($F$29-1)*$J$29 -> 0.68658452 | K26: =(F26-1)/($F$29-1)*$K$29 -> 0.068658452 | L26: =SQRT(SQRT(N26)) -> 1.4264288 | M26: =L26*I26*(1+K26*(J26+600%)) -> 4.234796 | N26: 4.14
D27: 55 | E27: 89 | F27: 6556 | G27: 2 | H27: =F27*(G27-1) -> 6556 | I27: =SQRT(N27) -> 2.034699 | J27: =(F27-1)/($F$29-1)*$J$29 -> 0.76203209 | K27: =(F27-1)/($F$29-1)*$K$29 -> 0.076203209 | L27: =SQRT(SQRT(N27)) -> 1.4264288 | M27: =L27*I27*(1+K27*(J27+600%)) -> 4.3979025 | N27: 4.14
D28: 62 | E28: 91.5 | F28: 7276 | G28: 2 | H28: =F28*(G28-1) -> 7276 | I28: =SQRT(N28) -> 2 | J28: =(F28-1)/($F$29-1)*$J$29 -> 0.84573355 | K28: =(F28-1)/($F$29-1)*$K$29 -> 0.084573355 | L28: =SQRT(SQRT(N28)) -> 1.4142136 | M28: =L28*I28*(1+K28*(J28+600%)) -> 4.4659921 | N28: 4
D29: 90 | E29: 101.5 | F29: 8603 | G29: 2 | H29: =F29*(G29-1) -> 8603 | I29: =SQRT(N29) -> 2.1725561 | J29: 1 | K29: 0.1 | L29: =SQRT(SQRT(N29)) -> 1.4739593 | M29: =L29*I29*(1+K29*(J29+600%)) -> 5.4438409 | N29: 4.72
D30: 120 | E30: 106.85714 | F30: 10294 | G30: 2 | H30: =F30*(G30-1) -> 10294 | I30: =SQRT(N30) -> 2.3323808 | J30: =(F30-1)/($F$29-1)*$J$29 -> 1.1965822 | K30: =K29 -> 0.1 | L30: =SQRT(SQRT(N30)) -> 1.5272134 | M30: =L30*I30*(1+K30*(J30+600%)) -> 6.1254968 | N30: 5.44
D31: 150 | E31: 112.21429 | F31: 12318 | G31: 2 | H31: =F31*(G31-1) -> 12318 | I31: =SQRT(N31) -> 2.3323808 | J31: =(F31-1)/($F$29-1)*$J$29 -> 1.4318763 | K31: =K30 -> 0.1 | L31: =SQRT(SQRT(N31)) -> 1.5272134 | M31: =L31*I31*(1+K31*(J31+600%)) -> 6.2093095 | N31: 5.44
D32: 190 | E32: 119.35714 | F32: 13886 | G32: 2 | H32: =F32*(G32-1) -> 13886 | I32: =SQRT(N32) -> 2.4819347 | J32: =(F32-1)/($F$29-1)*$J$29 -> 1.6141595 | K32: =K31 -> 0.1 | L32: =SQRT(SQRT(N32)) -> 1.5754157 | M32: =L32*I32*(1+K32*(J32+600%)) -> 6.8872755 | N32: 6.16
D33: 250 | E33: 130.07143 | F33: 16620 | G33: 2 | H33: =F33*(G33-1) -> 16620 | I33: =SQRT(N33) -> 2.4819347 | J33: =(F33-1)/($F$29-1)*$J$29 -> 1.9319926 | K33: =K32 -> 0.1 | L33: =SQRT(SQRT(N33)) -> 1.5754157 | M33: =L33*I33*(1+K33*(J33+600%)) -> 7.0115508 | N33: 6.16
D34: 310 | E34: 140.78571 | F34: 19893 | G34: 2 | H34: =F34*(G34-1) -> 19893 | I34: =SQRT(N34) -> 2.6229754 | J34: =(F34-1)/($F$29-1)*$J$29 -> 2.3124855 | K34: =K33 -> 0.1 | L34: =SQRT(SQRT(N34)) -> 1.6195603 | M34: =L34*I34*(1+K34*(J34+600%)) -> 7.779266 | N34: 6.88
D35: 370 | E35: 151.5 | F35: 23810 | G35: 2 | H35: =F35*(G35-1) -> 23810 | I35: =SQRT(N35) -> 2.6229754 | J35: =(F35-1)/($F$29-1)*$J$29 -> 2.7678447 | K35: =K34 -> 0.1 | L35: =SQRT(SQRT(N35)) -> 1.6195603 | M35: =L35*I35*(1+K35*(J35+600%)) -> 7.9727056 | N35: 6.88
D36: 430 | E36: 162.21429 | F36: 28498 | G36: 2 | H36: =F36*(G36-1) -> 28498 | I36: =SQRT(N36) -> 2.7568098 | J36: =(F36-1)/($F$29-1)*$J$29 -> 3.3128342 | K36: =K35 -> 0.1 | L36: =SQRT(SQRT(N36)) -> 1.6603643 | M36: =L36*I36*(1+K36*(J36+600%)) -> 8.8400802 | N36: 7.6
D37: 520 | E37: 178.28571 | F37: 32614 | G37: 2 | H37: =F37*(G37-1) -> 32614 | I37: =SQRT(N37) -> 2.7568098 | J37: =(F37-1)/($F$29-1)*$J$29 -> 3.7913276 | K37: =K36 -> 0.1 | L37: =SQRT(SQRT(N37)) -> 1.6603643 | M37: =L37*I37*(1+K37*(J37+600%)) -> 9.0591014 | N37: 7.6
A41: 本页结束

Sheet 基因升级
A1: 基因升级
C3: 属性规划
D4: #基因属性主要主角部分的养成，对标装备数值 | H4: 17天1w7 | K4: 少部分攻击力有追求
D5: 途径 | E5: 主角攻击力 | G5: 主角伤害加成 | H5: 主角爆伤加成 | I5: 主角暴击加成 | J5: 主角攻速加成 | K5: 攻击力 | L5: 战斗机制 | M5: 汇总
D6: 小节点 | E6: =养成属性!F32 -> 13886 | G6: =养成属性!I32 -> 2.4819347 | H6: =养成属性!J32 -> 1.6141595 | I6: =养成属性!K32 -> 0.1 | J6: =养成属性!L32 -> 1.5754157 | K6: 500 | L6: 30
D7: 中节点
D8: 大节点
D9: 单次加成
D10: 节点数
C12: 效果规划
D14: 基因节点 | E14: 基因效果 | I14: 基因节点 | J14: 基因效果 期望关卡数 | L14: 期望关卡 | M14: 颜色与标识
D15: 1 | E15: 解锁队长武器和技能，咻咻的弹簧锤 | I15: 1 | J15: 解锁队长武器和技能，咻咻的弹簧锤 | M15: 主角武器类
D16: 4 | E16: 主线关卡召唤梦灵次数+1 | I16: 4 | J16: 主线关卡召唤梦灵次数+1 | M16: 关键机制释放
D17: 8 | E17: 梦灵获得自动复活能力，倒下后可自动复活1次 | I17: 8 | J17: 攻击+50 | M17: 属性成长类
D18: 12 | E18: 梦灵复活时可以击退敌人 | I18: 12 | J18: 梦灵获得自动复活能力，倒下后可自动复活1次
D19: 16 | E19: 怪物靠近主角时，立即释放弹簧锤击退怪物 | I19: 16 | J19: 攻击+50
D20: 20 | E20: 梦灵复活血量增加20% | I20: 20 | J20: 弹簧锤数量+1，伤害-20% | N20: 梦灵复活时可以击退敌人
D21: 24 | E21: 主线关卡召唤梦灵次数+1 | I21: 24 | J21: 主线关卡召唤梦灵次数+1 | N21: 梦灵复活血量增加20%
D22: 28 | E22: 弹簧锤数量+1，伤害-20% | I22: 28 | J22: 攻击+60 | N22: 梦灵复活时可以击退敌人更远
D23: 32 | E23: 弹簧锤体积+15% | I23: 32 | J23: 弹簧锤体积+15% | N23: 梦灵复活次数+1
D24: 36 | E24: 梦灵复活时可以击退敌人更远 | I24: 36 | N24: 梦灵复活血量增加20%
D25: 40 | E25: 攻击+40 | I25: 40 | J25: 攻击+60 | N25: 梦灵复活时可以击退敌人更远
D26: 44 | E26: 弹簧锤连发+1，伤害-20% | I26: 44 | J26: 怪物靠近主角时，立即释放弹簧锤击退怪物
D27: 48 | E27: 梦灵复活次数+1 | I27: 48
D28: 52 | E28: 咻咻的弹簧锤10%几率眩晕怪物2秒 | I28: 52 | J28: 攻击+70
D29: 56 | E29: 梦灵复活血量增加20% | I29: 56 | J29: 弹簧锤连发+1，伤害-20%
D30: 60 | E30: 首次有梦灵血量低于50%时，立即释放一次弹簧锤击退怪物 | I30: 60
D31: 64 | E31: 攻击+45 | I31: 64 | J31: 攻击+70
D32: 68 | E32: 弹簧锤数量增加不再减少伤害 | I32: 68 | J32: 咻咻的弹簧锤10%几率眩晕怪物2秒
D33: 72 | E33: 攻击+45 | I33: 72
D34: 76 | E34: 首次有梦灵血量低于25%时，立即释放一次弹簧锤击退怪物 | I34: 76 | J34: 攻击+80
D35: 80 | E35: 梦灵复活时可以击退敌人更远 | I35: 80 | J35: 首次有梦灵血量低于50%时，立即释放一次弹簧锤击退怪物
D36: 84 | E36: 弹簧锤连发不再减少伤害 | I36: 84
D37: 88 | E37: 攻击+45 | I37: 88 | J37: 攻击+80
D38: 92 | E38: 弹簧锤体积+15% | I38: 92 | J38: 弹簧锤数量增加不再减少伤害
D39: 96 | E39: 攻击+50 | I39: 96
D40: 100 | E40: 弹簧锤伤害+20% | I40: 100 | J40: 攻击+90
D41: 104 | E41: 攻击+50 | I41: 104 | J41: 首次有梦灵血量低于25%时，立即释放一次弹簧锤击退怪物
D42: 108 | E42: 弹簧锤体积+20% | I42: 108
D43: 112 | E43: 攻击+55 | I43: 112 | J43: 攻击+90
D44: 116 | E44: 弹簧锤伤害+20% | I44: 116 | J44: 弹簧锤连发不再减少伤害
D45: 120 | E45: 攻击+55 | I45: 120
D46: =D45+8 -> 128 | E46: 弹簧锤伤害+20% | I46: =I45+8 -> 128 | J46: 攻击+100
D47: =D46+8 -> 136 | E47: 攻击+55 | I47: =I46+8 -> 136 | J47: 弹簧锤体积+15%
D48: =D47+8 -> 144 | E48: 弹簧锤伤害+20% | I48: =I47+8 -> 144
D49: =D48+8 -> 152 | E49: 攻击+55 | I49: =I48+8 -> 152 | J49: 攻击+100
D50: =D49+8 -> 160 | E50: 弹簧锤伤害+20% | I50: =I49+8 -> 160 | J50: 弹簧锤伤害+20%
D51: =D50+8 -> 168 | E51: 攻击+60 | I51: =I50+8 -> 168
D52: =D51+8 -> 176 | E52: 弹簧锤伤害+20% | I52: =I51+8 -> 176 | J52: 攻击+110
D53: =D52+8 -> 184 | E53: 攻击+60 | I53: =I52+8 -> 184 | J53: 弹簧锤数量+1
D54: =D53+8 -> 192 | E54: 弹簧锤伤害+20% | I54: =I53+8 -> 192
D55: =D54+8 -> 200 | E55: 攻击+60 | I55: =I54+8 -> 200 | J55: 攻击+110
D56: =D55+8 -> 208 | E56: 弹簧锤伤害+20% | I56: =I55+8 -> 208 | J56: 弹簧锤伤害+20%
D57: =D56+8 -> 216 | E57: 攻击+60 | I57: =I56+8 -> 216
D58: =D57+8 -> 224 | E58: 弹簧锤伤害+20% | I58: =I57+8 -> 224 | J58: 攻击+120
D59: =D58+8 -> 232 | E59: 攻击+65 | I59: =I58+8 -> 232 | J59: 弹簧锤体积+20%
D60: =D59+8 -> 240 | E60: 弹簧锤伤害+20% | I60: =I59+8 -> 240
D61: =D60+8 -> 248 | E61: 攻击+65 | I61: =I60+8 -> 248 | J61: 攻击+120
D62: =D61+8 -> 256 | E62: 弹簧锤伤害+20% | I62: =I61+8 -> 256 | J62: 弹簧锤伤害+20%
D63: =D62+8 -> 264 | E63: 攻击+65 | I63: =I62+8 -> 264
D64: =D63+8 -> 272 | E64: 弹簧锤伤害+20% | I64: =I63+8 -> 272 | J64: 攻击+120
D65: =D64+8 -> 280 | E65: 攻击+65 | I65: =I64+8 -> 280 | J65: 弹簧锤连发+1
D66: =D65+8 -> 288 | E66: 弹簧锤伤害+20% | I66: =I65+8 -> 288
D67: =D66+8 -> 296 | E67: 攻击+70 | I67: =I66+8 -> 296 | J67: 攻击+120
D68: =D67+8 -> 304 | E68: 弹簧锤伤害+20% | I68: =I67+8 -> 304 | J68: 弹簧锤伤害+20%
D69: =D68+8 -> 312 | E69: 攻击+70 | I69: =I68+8 -> 312
D70: =D69+8 -> 320 | E70: 弹簧锤伤害+20% | I70: =I69+8 -> 320 | J70: 攻击+120
D71: =D70+8 -> 328 | E71: 攻击+70 | I71: =I70+8 -> 328 | J71: 弹簧锤伤害+20%
D72: =D71+8 -> 336 | E72: 弹簧锤伤害+20% | I72: =I71+8 -> 336
D73: =D72+8 -> 344 | E73: 攻击+70 | I73: =I72+8 -> 344 | J73: 攻击+120
D74: =D73+8 -> 352 | E74: 弹簧锤伤害+20% | I74: =I73+8 -> 352 | J74: 弹簧锤伤害+20%
D75: =D74+8 -> 360 | E75: 攻击+75 | I75: =I74+8 -> 360
C77: 养成规划
D79: 满级参数
D80: 养成周期/天 | E80: 300 | G80: *引用商业化框架
D81: 实际天数 | E81: 600 | G81: *引用商业化框架
D82: 养成成本/钻 | E82: 300000 | G82: *引用商业化框架
D83: 日活跃/小时 | E83: =基因产出!F65+基因产出!E61+基因产出!E56+基因产出!E57/7+24 -> 24 | G83: *此处纯活跃投放，不做商业化，主要做降肝减负
D84: 每日产出钻石 | E84: 1000
C86: 属性模板
D87: 这里拉大颗粒度，才能对标带时间的升级养成（与蔚蓝的核心不同）
D89: 1.层级系数 | H89: #对标装备成长 | I89: #对标装备的养成节奏 | K89: 大R | L89: 小R
D90: 层级 | E90: 节点数 | G90: 属性系数 | H90: 属性成长 | I90: 期望时间 | J90: 停留时间 | K90: 实际预期天数 | L90: 实际预期天数
D91: 1 | E91: 8 | G91: =INT(D91*E91/4) -> 2 | I91: 0.125 | J91: 0.25 | K91: =IFERROR(MATCH(SUM($E$91:E91),基因产出!#REF!,1),0)+1 -> 1 | L91: =IFERROR(MATCH(SUM($E$91:E91),基因产出!#REF!,1),0)+1 -> 1 | N91: =I91/2 -> 0.0625
D92: 2 | E92: 8 | G92: =INT(D92*E92/4) -> 4 | H92: =G92/G91/(E92/E91) -> 2 | I92: 1 | J92: =I92-I91 -> 0.875 | K92: =IFERROR(MATCH(SUM($E$91:E92),基因产出!#REF!,1),0)+1 -> 1 | L92: =IFERROR(MATCH(SUM($E$91:E92),基因产出!#REF!,1),0)+1 -> 1 | N92: =I92/2 -> 0.5
D93: 3 | E93: 8 | G93: =INT(D93*E93/4) -> 6 | H93: =G93/G92/(E93/E92) -> 1.5 | I93: 2.5 | J93: =I93-I92 -> 1.5 | K93: =IFERROR(MATCH(SUM($E$91:E93),基因产出!#REF!,1),0)+1 -> 1 | L93: =IFERROR(MATCH(SUM($E$91:E93),基因产出!#REF!,1),0)+1 -> 1 | N93: =I93/2 -> 1.25
D94: 4 | E94: 8 | G94: =INT(D94*E94/4) -> 8 | H94: =G94/G93/(E94/E93) -> 1.3333333 | I94: 4.5 | J94: =I94-I93 -> 2 | K94: =IFERROR(MATCH(SUM($E$91:E94),基因产出!#REF!,1),0)+1 -> 1 | L94: =IFERROR(MATCH(SUM($E$91:E94),基因产出!#REF!,1),0)+1 -> 1 | N94: =I94/2 -> 2.25
D95: 5 | E95: 8 | G95: =INT(D95*E95/4) -> 10 | H95: =G95/G94/(E95/E94) -> 1.25 | I95: 7 | J95: =I95-I94 -> 2.5 | K95: =IFERROR(MATCH(SUM($E$91:E95),基因产出!#REF!,1),0)+1 -> 1 | L95: =IFERROR(MATCH(SUM($E$91:E95),基因产出!#REF!,1),0)+1 -> 1 | N95: =I95/2 -> 3.5
D96: 6 | E96: 8 | G96: =INT(D96*E96/4) -> 12 | H96: =G96/G95/(E96/E95) -> 1.2 | I96: 10 | J96: =I96-I95 -> 3 | K96: =IFERROR(MATCH(SUM($E$91:E96),基因产出!#REF!,1),0)+1 -> 1 | L96: =IFERROR(MATCH(SUM($E$91:E96),基因产出!#REF!,1),0)+1 -> 1 | N96: =I96/2 -> 5
D97: 7 | E97: 8 | G97: =INT(D97*E97/4) -> 14 | H97: =G97/G96/(E97/E96) -> 1.1666667 | I97: 14 | J97: =I97-I96 -> 4 | K97: =IFERROR(MATCH(SUM($E$91:E97),基因产出!#REF!,1),0)+1 -> 1 | L97: =IFERROR(MATCH(SUM($E$91:E97),基因产出!#REF!,1),0)+1 -> 1 | N97: =I97/2 -> 7
D98: 8 | E98: 8 | G98: =INT(D98*E98/4) -> 16 | H98: =G98/G97/(E98/E97) -> 1.1428571 | I98: 22 | J98: =I98-I97 -> 8 | K98: =IFERROR(MATCH(SUM($E$91:E98),基因产出!#REF!,1),0)+1 -> 1 | L98: =IFERROR(MATCH(SUM($E$91:E98),基因产出!#REF!,1),0)+1 -> 1 | N98: =I98/2 -> 11
D99: 9 | E99: 8 | G99: =INT(D99*E99/4) -> 18 | H99: =G99/G98/(E99/E98) -> 1.125 | I99: 30 | J99: =I99-I98 -> 8 | K99: =IFERROR(MATCH(SUM($E$91:E99),基因产出!#REF!,1),0)+1 -> 1 | L99: =IFERROR(MATCH(SUM($E$91:E99),基因产出!#REF!,1),0)+1 -> 1 | N99: =I99/2 -> 15
D100: 10 | E100: 8 | G100: =INT(D100*E100/4) -> 20 | H100: =G100/G99/(E100/E99) -> 1.1111111 | I100: 42 | J100: =I100-I99 -> 12 | K100: =IFERROR(MATCH(SUM($E$91:E100),基因产出!#REF!,1),0)+1 -> 1 | L100: =IFERROR(MATCH(SUM($E$91:E100),基因产出!#REF!,1),0)+1 -> 1 | N100: =I100/2 -> 21
D101: 11 | E101: 8 | G101: =INT(D101*E101/4) -> 22 | H101: =G101/G100/(E101/E100) -> 1.1 | I101: 54 | J101: =I101-I100 -> 12 | K101: =IFERROR(MATCH(SUM($E$91:E101),基因产出!#REF!,1),0)+1 -> 1 | L101: =IFERROR(MATCH(SUM($E$91:E101),基因产出!#REF!,1),0)+1 -> 1 | N101: =I101/2 -> 27
D102: 12 | E102: 8 | G102: =INT(D102*E102/4) -> 24 | H102: =G102/G101/(E102/E101) -> 1.0909091 | I102: 66 | J102: 13 | K102: =IFERROR(MATCH(SUM($E$91:E102),基因产出!#REF!,1),0)+1 -> 1 | L102: =IFERROR(MATCH(SUM($E$91:E102),基因产出!#REF!,1),0)+1 -> 1 | N102: =I102/2 -> 33
D103: 13 | E103: 8 | G103: =INT(D103*E103/4) -> 26 | H103: =G103/G102/(E103/E102) -> 1.0833333 | I103: 80 | J103: 14 | K103: =IFERROR(MATCH(SUM($E$91:E103),基因产出!#REF!,1),0)+1 -> 1 | L103: =IFERROR(MATCH(SUM($E$91:E103),基因产出!#REF!,1),0)+1 -> 1 | N103: =I103/2 -> 40
D104: 14 | E104: 8 | G104: =INT(D104*E104/4) -> 28 | H104: =G104/G103/(E104/E103) -> 1.0769231 | I104: 96 | J104: =I104-I103 -> 16 | K104: =IFERROR(MATCH(SUM($E$91:E104),基因产出!#REF!,1),0)+1 -> 1 | L104: =IFERROR(MATCH(SUM($E$91:E104),基因产出!#REF!,1),0)+1 -> 1 | N104: =I104/2 -> 48
D105: 15 | E105: 8 | G105: =INT(D105*E105/4) -> 30 | H105: =G105/G104/(E105/E104) -> 1.0714286 | I105: 112 | J105: =I105-I104 -> 16 | K105: =IFERROR(MATCH(SUM($E$91:E105),基因产出!#REF!,1),0)+1 -> 1 | L105: =IFERROR(MATCH(SUM($E$91:E105),基因产出!#REF!,1),0)+1 -> 1 | N105: =I105/2 -> 56
D106: 16 | E106: 16 | G106: =INT(D106*E106/4) -> 64 | H106: =G106/G105/(E106/E105) -> 1.0666667 | I106: 144 | J106: =I106-I105 -> 32 | K106: =IFERROR(MATCH(SUM($E$91:E106),基因产出!#REF!,1),0)+1 -> 1 | L106: =IFERROR(MATCH(SUM($E$91:E106),基因产出!#REF!,1),0)+1 -> 1 | N106: =I106/2 -> 72
D107: 17 | E107: 16 | G107: =INT(D107*E107/4) -> 68 | H107: =G107/G106/(E107/E106) -> 1.0625 | I107: 176 | J107: =I107-I106 -> 32 | K107: =IFERROR(MATCH(SUM($E$91:E107),基因产出!#REF!,1),0)+1 -> 1 | L107: =IFERROR(MATCH(SUM($E$91:E107),基因产出!#REF!,1),0)+1 -> 1 | N107: =I107/2 -> 88
...

Sheet 基因产出
A1: 设计思路
C3: 产出规划
D5: 道具 | E5: 来源 | F5: 周期 | G5: 是否分层
D6: 基因罐 | E6: 体力 | F6: 每日 | G6: 竞速
E7: 首通奖励（三星） | F7: 一次性 | G7: 无差异
E8: 竞技场商店 | F8: 每日 | G8: 无差异
D12: 加速卡 | E12: 日常任务 | F12: 每日 | G12: 无差异
E13: 首通奖励（一星） | F13: 一次性 | G13: 无差异
E14: 每周任务 | F14: 每周 | G14: 无差异
E15: 运营活动 | F15: 每日 | G15: 对标体力产的差异 | H15: #预留填充物
D18: 高级基因罐 | E18: 首通奖励（三星） | F18: 一次性 | G18: 无差异 | H18: #每五关的三星奖励
C22: 基因罐产出
D24: 体力产出
D25: 次数 | E25: 基因罐 | F25: 非R | G25: 小R | H25: 中R | I25: 大R
D26: 1 | E26: 5 | F26: =H34/10 -> 40 | G26: =H35/10 -> 41 | H26: =H38/10 -> 46 | I26: =H41/10 -> 71.285714
D29: 途径 | E29: 每日次数 | F29: 单次体力 | G29: 单项体力 | H29: 累计体力 | I29: 钻石价格 | J29: rmb价格 | K29: 定位 | L29: 额外说明 汇总
D30: 创号初始 | E30: 0 | F30: 60 | I30: 0 | K30: 全体
D31: 时间恢复 | E31: =10*24 -> 240 | F31: 1 | G31: =E31*F31 -> 240 | H31: =G31 -> 240 | I31: 0 | K31: 全体
D32: 每日广告 | E32: 3 | F32: 10 | G32: =E32*F32 -> 30 | H32: =G32+H31 -> 270 | I32: 0 | K32: 全体
D33: 食堂奖励 | E33: 4 | F33: 30 | G33: =E33*F33 -> 120 | H33: =G33+H32 -> 390 | I33: 0 | K33: 全体
D34: 日礼包免费 | E34: 1 | F34: 10 | G34: =E34*F34 -> 10 | H34: =G34+H33 -> 400 | I34: 0 | K34: 全体
D35: 月卡福利 | E35: 1 | F35: 10 | G35: =E35*F35 -> 10 | H35: =G35+H34 -> 410 | J35: 1 | K35: 小R
D36: 每日特惠礼包1 | E36: 1 | F36: 10 | G36: =E36*F36 -> 10 | H36: =G36+H35 -> 420 | J36: 1 | K36: 小R | L36: 预留给小R
D37: 每日特惠礼包2 | E37: 1 | F37: 15 | G37: =E37*F37 -> 15 | H37: =G37+H36 -> 435 | J37: 6 | K37: 小R | L37: 预留给小R
D38: 每日特惠礼包3 | E38: 1 | F38: 25 | G38: =E38*F38 -> 25 | H38: =G38+H37 -> 460 | J38: 18 | K38: 小R | L38: 预留给小R
D39: 日礼包购买 | E39: 1 | F39: 60 | G39: =E39*F39 -> 60 | H39: =G39+H38 -> 520 | I39: 96 | K39: 中R
D40: 周礼包购买 | E40: =1/7 -> 0.14285714 | F40: =60*5 -> 300 | G40: =E40*F40 -> 42.857143 | H40: =G40+H39 -> 562.85714 | I40: =84*5 -> 420 | K40: 中R | L40: 每周1次
D41: 宝石购买 | E41: 5 | F41: 30 | G41: =E41*F41 -> 150 | H41: =G41+H40 -> 712.85714 | I41: 60 | K41: 大R
D44: 主线
D45: 次数 | E45: 基因罐
D46: 1 | E46: 30 | G46: =E26*F26 -> 200
C49: 加速卡产出
D51: #核心从运营活动做分层，保证运营活动拿满=基本没有加速时间上的缺口，非SLG体验不在加速上做大额付费，意义不大
D54: 日常任务 | G54: 加速花费/h
D55: 周期 | E55: 1小时加速 | G55: 钻石
D56: 1 | E56: 0 | G56: 20
D57: 7 | E57: 0
D59: 主线
D60: 次数 | E60: 1小时加速
D61: 1 | E61: 0
D63: 预留填充
D64: 周期 | E64: 非R | F64: 小R | G64: 中R | H64: 大R
D65: 1 | E65: 0 | F65: 0 | G65: 0 | H65: 0
D68: 进度调整
D69: 分层 | E69: 主线首通 | F69: 主线扫荡 | G69: 竞技场商店
D70: 非r | E70: 1 | F70: =1 -> 1 | G70: 1
D71: 小r | E71: 1.1 | F71: =G26/F26 -> 1.025 | G71: 1
D72: 中r | E72: 1.3 | F72: =H26/F26 -> 1.15 | G72: 1
D73: 大r | E73: 1.5 | F73: =I26/F26 -> 1.7821429 | G73: 1
D76: 分层养成情况
D77: 时间（天） | E77: 非r | F77: 小r | G77: 中r | H77: 大r
D78: 1
D79: 3
D80: 7
D81: 14
D82: 28
D83: 60 | E83: =SUM(F90:F149) -> 22260
D84: 200
C87: 产出模拟 | G87: =E83/60 -> 371
E88: 基因罐 | L88: =22260/60 -> 371
D89: 天数 | E89: 主线总产出 | F89: 每日产出 | G89: 体力+挂机产出 | H89: 额外产出预留
D90: 1 | E90: =IFERROR((_xlfn.XLOOKUP(D91,[2]主线关卡!E$20:E$319,[2]主线关卡!$D$20:$D$319)-1-6)*30,E89) -> 180 | F90: =E90+H90+G90 -> 500 | G90: =($F$26+24)*$E$26 -> 320 | H90: 0 | I90: =MATCH(SUM($F$90:F90),基因升级!$AF$141:$AF$500,1) -> 19 | K90: 19
D91: 2 | E91: =IFERROR((_xlfn.XLOOKUP(D92,[2]主线关卡!E$20:E$319,[2]主线关卡!$D$20:$D$319)-1-6)*30,E90) -> 420 | F91: =E91-E90+H91+G91 -> 560 | G91: =($F$26+24)*$E$26 -> 320 | H91: 0 | I91: =MATCH(SUM($F$90:F91),基因升级!$AF$141:$AF$500,1) -> 27 | K91: 27
D92: 3 | E92: =IFERROR((_xlfn.XLOOKUP(D93,[2]主线关卡!E$20:E$319,[2]主线关卡!$D$20:$D$319)-1-6)*30,E91) -> 600 | F92: =E92-E91+H92+G92 -> 500 | G92: =($F$26+24)*$E$26 -> 320 | H92: 0 | I92: =MATCH(SUM($F$90:F92),基因升级!$AF$141:$AF$500,1) -> 32 | K92: 32
D93: 4 | E93: =IFERROR((_xlfn.XLOOKUP(D94,[2]主线关卡!E$20:E$319,[2]主线关卡!$D$20:$D$319)-1-6)*30,E92) -> 750 | F93: =E93-E92+H93+G93 -> 470 | G93: =($F$26+24)*$E$26 -> 320 | H93: 0 | I93: =MATCH(SUM($F$90:F93),基因升级!$AF$141:$AF$500,1) -> 36 | K93: 36
D94: 5 | E94: =IFERROR((_xlfn.XLOOKUP(D95,[2]主线关卡!E$20:E$319,[2]主线关卡!$D$20:$D$319)-1-6)*30,E93) -> 870 | F94: =E94-E93+H94+G94 -> 440 | G94: =($F$26+24)*$E$26 -> 320 | H94: 0 | I94: =MATCH(SUM($F$90:F94),基因升级!$AF$141:$AF$500,1) -> 39 | K94: 39 | O94: =800/10*5 -> 400
D95: 6 | E95: =IFERROR((_xlfn.XLOOKUP(D96,[2]主线关卡!E$20:E$319,[2]主线关卡!$D$20:$D$319)-1-6)*30,E94) -> 990 | F95: =E95-E94+H95+G95 -> 440 | G95: =($F$26+24)*$E$26 -> 320 | H95: 0 | I95: =MATCH(SUM($F$90:F95),基因升级!$AF$141:$AF$500,1) -> 42 | K95: 42
D96: 7 | E96: =IFERROR((_xlfn.XLOOKUP(D97,[2]主线关卡!E$20:E$319,[2]主线关卡!$D$20:$D$319)-1-6)*30,E95) -> 1080 | F96: =E96-E95+H96+G96 -> 410 | G96: =($F$26+24)*$E$26 -> 320 | H96: 0 | I96: =MATCH(SUM($F$90:F96),基因升级!$AF$141:$AF$500,1) -> 44 | K96: 44
D97: 8 | E97: =IFERROR((_xlfn.XLOOKUP(D98,[2]主线关卡!E$20:E$319,[2]主线关卡!$D$20:$D$319)-1-6)*30,E96) -> 1170 | F97: =E97-E96+H97+G97 -> 410 | G97: =($F$26+24)*$E$26 -> 320 | H97: 0 | I97: =MATCH(SUM($F$90:F97),基因升级!$AF$141:$AF$500,1) -> 46 | K97: 46
D98: 9 | E98: =IFERROR((_xlfn.XLOOKUP(D99,[2]主线关卡!E$20:E$319,[2]主线关卡!$D$20:$D$319)-1-6)*30,E97) -> 1230 | F98: =E98-E97+H98+G98 -> 380 | G98: =($F$26+24)*$E$26 -> 320 | H98: 0 | I98: =MATCH(SUM($F$90:F98),基因升级!$AF$141:$AF$500,1) -> 48 | K98: 48
D99: 10 | E99: =IFERROR((_xlfn.XLOOKUP(D100,[2]主线关卡!E$20:E$319,[2]主线关卡!$D$20:$D$319)-1-6)*30,E98) -> 1290 | F99: =E99-E98+H99+G99 -> 380 | G99: =($F$26+24)*$E$26 -> 320 | H99: 0 | I99: =MATCH(SUM($F$90:F99),基因升级!$AF$141:$AF$500,1) -> 50 | K99: 50
D100: 11 | E100: =IFERROR((_xlfn.XLOOKUP(D101,[2]主线关卡!E$20:E$319,[2]主线关卡!$D$20:$D$319)-1-6)*30,E99) -> 1350 | F100: =E100-E99+H100+G100 -> 380 | G100: =($F$26+24)*$E$26 -> 320 | H100: 0 | I100: =MATCH(SUM($F$90:F100),基因升级!$AF$141:$AF$500,1) -> 52 | K100: 52
D101: 12 | E101: =IFERROR((_xlfn.XLOOKUP(D102,[2]主线关卡!E$20:E$319,[2]主线关卡!$D$20:$D$319)-1-6)*30,E100) -> 1410 | F101: =E101-E100+H101+G101 -> 380 | G101: =($F$26+24)*$E$26 -> 320 | H101: 0 | I101: =MATCH(SUM($F$90:F101),基因升级!$AF$141:$AF$500,1) -> 54 | K101: 54
D102: 13 | E102: =IFERROR((_xlfn.XLOOKUP(D103,[2]主线关卡!E$20:E$319,[2]主线关卡!$D$20:$D$319)-1-6)*30,E101) -> 1470 | F102: =E102-E101+H102+G102 -> 380 | G102: =($F$26+24)*$E$26 -> 320 | H102: 0 | I102: =MATCH(SUM($F$90:F102),基因升级!$AF$141:$AF$500,1) -> 55 | K102: 55
D103: 14 | E103: =IFERROR((_xlfn.XLOOKUP(D104,[2]主线关卡!E$20:E$319,[2]主线关卡!$D$20:$D$319)-1-6)*30,E102) -> 1530 | F103: =E103-E102+H103+G103 -> 380 | G103: =($F$26+24)*$E$26 -> 320 | H103: 0 | I103: =MATCH(SUM($F$90:F103),基因升级!$AF$141:$AF$500,1) -> 57 | K103: 57
D104: 15 | E104: =IFERROR((_xlfn.XLOOKUP(D105,[2]主线关卡!E$20:E$319,[2]主线关卡!$D$20:$D$319)-1-6)*30,E103) -> 1590 | F104: =E104-E103+H104+G104 -> 380 | G104: =($F$26+24)*$E$26 -> 320 | H104: 0 | I104: =MATCH(SUM($F$90:F104),基因升级!$AF$141:$AF$500,1) -> 59 | K104: 59
D105: 16 | E105: =IFERROR((_xlfn.XLOOKUP(D106,[2]主线关卡!E$20:E$319,[2]主线关卡!$D$20:$D$319)-1-6)*30,E104) -> 1650 | F105: =E105-E104+H105+G105 -> 380 | G105: =($F$26+24)*$E$26 -> 320 | H105: 0 | I105: =MATCH(SUM($F$90:F105),基因升级!$AF$141:$AF$500,1) -> 60 | K105: 60
D106: 17 | E106: =IFERROR((_xlfn.XLOOKUP(D107,[2]主线关卡!E$20:E$319,[2]主线关卡!$D$20:$D$319)-1-6)*30,E105) -> 1710 | F106: =E106-E105+H106+G106 -> 380 | G106: =($F$26+24)*$E$26 -> 320 | H106: 0 | I106: =MATCH(SUM($F$90:F106),基因升级!$AF$141:$AF$500,1) -> 62 | K106: 62
... D149: 60 | E149: =IFERROR((_xlfn.XLOOKUP(D150,[2]主线关卡!E$20:E$319,[2]主线关卡!$D$20:$D$319)-1-6)*30,E148) -> 3060 | F149: =E149-E148+H149+G149 -> 350 | G149: =($F$26+24)*$E$26 -> 320 | H149: 0 | I149: =MATCH(SUM($F$90:F149),基因升级!$AF$141:$AF$500,1) -> 103 | K149: 103
D150: 61 | E150: =IFERROR((_xlfn.XLOOKUP(D151,[2]主线关卡!E$20:E$319,[2]主线关卡!$D$20:$D$319)-1-6)*30,E149) -> 3090 | F150: =E150-E149+H150+G150 -> 350 | G150: =($F$26+24)*$E$26 -> 320 | H150: 0 | I150: =MATCH(SUM($F$90:F150),基因升级!$AF$141:$AF$500,1) -> 104
D151: 62 | E151: =IFERROR((_xlfn.XLOOKUP(D152,[2]主线关卡!E$20:E$319,[2]主线关卡!$D$20:$D$319)-1-6)*30,E150) -> 3090 | F151: =E151-E150+H151+G151 -> 320 | G151: =($F$26+24)*$E$26 -> 320 | H151: 0 | I151: =MATCH(SUM($F$90:F151),基因升级!$AF$141:$AF$500,1) -> 104
D152: 63 | E152: =IFERROR((_xlfn.XLOOKUP(D153,[2]主线关卡!E$20:E$319,[2]主线关卡!$D$20:$D$319)-1-6)*30,E151) -> 3120 | F152: =E152-E151+H152+G152 -> 350 | G152: =($F$26+24)*$E$26 -> 320 | H152: 0 | I152: =MATCH(SUM($F$90:F152),基因升级!$AF$141:$AF$500,1) -> 105
D153: 64 | E153: =IFERROR((_xlfn.XLOOKUP(D154,[2]主线关卡!E$20:E$319,[2]主线关卡!$D$20:$D$319)-1-6)*30,E152) -> 3120 | F153: =E153-E152+H153+G153 -> 320 | G153: =($F$26+24)*$E$26 -> 320 | H153: 0 | I153: =MATCH(SUM($F$90:F153),基因升级!$AF$141:$AF$500,1) -> 106
D154: 65 | E154: =IFERROR((_xlfn.XLOOKUP(D155,[2]主线关卡!E$20:E$319,[2]主线关卡!$D$20:$D$319)-1-6)*30,E153) -> 3150 | F154: =E154-E153+H154+G154 -> 350 | G154: =($F$26+24)*$E$26 -> 320 | H154: 0 | I154: =MATCH(SUM($F$90:F154),基因升级!$AF$141:$AF$500,1) -> 106
D155: 66 | E155: =IFERROR((_xlfn.XLOOKUP(D156,[2]主线关卡!E$20:E$319,[2]主线关卡!$D$20:$D$319)-1-6)*30,E154) -> 3150 | F155: =E155-E154+H155+G155 -> 320 | G155: =($F$26+24)*$E$26 -> 320 | H155: 0 | I155: =MATCH(SUM($F$90:F155),基因升级!$AF$141:$AF$500,1) -> 107
D156: 67 | E156: =IFERROR((_xlfn.XLOOKUP(D157,[2]主线关卡!E$20:E$319,[2]主线关卡!$D$20:$D$319)-1-6)*30,E155) -> 3180 | F156: =E156-E155+H156+G156 -> 350 | G156: =($F$26+24)*$E$26 -> 320 | H156: 0 | I156: =MATCH(SUM($F$90:F156),基因升级!$AF$141:$AF$500,1) -> 108
D157: 68 | E157: =IFERROR((_xlfn.XLOOKUP(D158,[2]主线关卡!E$20:E$319,[2]主线关卡!$D$20:$D$319)-1-6)*30,E156) -> 3180 | F157: =E157-E156+H157+G157 -> 320 | G157: =($F$26+24)*$E$26 -> 320 | H157: 0 | I157: =MATCH(SUM($F$90:F157),基因升级!$AF$141:$AF$500,1) -> 108
D158: 69 | E158: =IFERROR((_xlfn.XLOOKUP(D159,[2]主线关卡!E$20:E$319,[2]主线关卡!$D$20:$D$319)-1-6)*30,E157) -> 3210 | F158: =E158-E157+H158+G158 -> 350 | G158: =($F$26+24)*$E$26 -> 320 | H158: 0 | I158: =MATCH(SUM($F$90:F158),基因升级!$AF$141:$AF$500,1) -> 109
D159: 70 | E159: =IFERROR((_xlfn.XLOOKUP(D160,[2]主线关卡!E$20:E$319,[2]主线关卡!$D$20:$D$319)-1-6)*30,E158) -> 3210 | F159: =E159-E158+H159+G159 -> 320 | G159: =($F$26+24)*$E$26 -> 320 | H159: 0 | I159: =MATCH(SUM($F$90:F159),基因升级!$AF$141:$AF$500,1) -> 110
D160: 71 | E160: =IFERROR((_xlfn.XLOOKUP(D161,[2]主线关卡!E$20:E$319,[2]主线关卡!$D$20:$D$319)-1-6)*30,E159) -> 3240 | F160: =E160-E159+H160+G160 -> 350 | G160: =($F$26+24)*$E$26 -> 320 | H160: 0 | I160: =MATCH(SUM($F$90:F160),基因升级!$AF$141:$AF$500,1) -> 110
D161: 72 | E161: =IFERROR((_xlfn.XLOOKUP(D162,[2]主线关卡!E$20:E$319,[2]主线关卡!$D$20:$D$319)-1-6)*30,E160) -> 3240 | F161: =E161-E160+H161+G161 -> 320 | G161: =($F$26+24)*$E$26 -> 320 | H161: 0 | I161: =MATCH(SUM($F$90:F161),基因升级!$AF$141:$AF$500,1) -> 111
... D389: 300 | E389: =IFERROR((_xlfn.XLOOKUP(D390,[2]主线关卡!E$20:E$319,[2]主线关卡!$D$20:$D$319)-1-6)*30,E388) -> 6090 | F389: =E389-E388+H389+G389 -> 320 | G389: =($F$26+24)*$E$26 -> 320 | H389: 0 | I389: =MATCH(SUM($F$90:F389),基因升级!$AF$141:$AF$500,1) -> 211

Sheet 属性汇总
A2: #目前只计算双月卡玩家进度，后续等数值总表一起拓展
A6: 开服天数 | B6: 基因等级练度 | C6: 攻击 | D6: 生命 | E6: 攻击百分比 | F6: 生命百分比 | G6: 暴击 | H6: 爆伤 | I6: 伤害增加 | J6: 伤害减免 | K6: 主角攻击力 | L6: 主角伤害加成 | M6: 主角爆伤加成 | N6: 主角暴击加成 | O6: 主角攻速加成 | R6: 基因等级 | S6: 攻击力 | T6: 主角攻击力 | U6: 主角伤害加成 | V6: 主角爆伤加成 | W6: 主角暴击加成 | X6: 主角攻速加成
A7: 1 | B7: =IFERROR(_xlfn.XLOOKUP(A7+1,基因升级!$E$141:$E$500,基因升级!$D$141:$D$500)-1,B6) -> 15 | C7: =SUMIF(基因升级!$D$141:$D$500,"<"&$B7,基因升级!$U$141:$U$500) -> 0 | K7: =SUMIF(基因升级!$D$141:$D$500,"<"&$B7,基因升级!J$141:J$500) -> 120 | L7: =SUMIF(基因升级!$D$141:$D$500,"<"&$B7,基因升级!K$141:K$500) -> 0.2 | M7: =SUMIF(基因升级!$D$141:$D$500,"<"&$B7,基因升级!L$141:L$500) -> 0.09 | N7: =SUMIF(基因升级!$D$141:$D$500,"<"&$B7,基因升级!M$141:M$500) -> 0.006 | O7: =SUMIF(基因升级!$D$141:$D$500,"<"&$B7,基因升级!N$141:N$500) -> 0.03 | R7: 1 | S7: =SUMIF(基因升级!$D$141:$D$500,"<="&$R7,基因升级!$U$141:$U$500) -> 0 | T7: =SUMIF(基因升级!$D$141:$D$500,"<="&$R7,基因升级!J$141:J$500) -> 6 | U7: =SUMIF(基因升级!$D$141:$D$500,"<="&$R7,基因升级!K$141:K$500) -> 0.05 | V7: =SUMIF(基因升级!$D$141:$D$500,"<="&$R7,基因升级!L$141:L$500) -> 0 | W7: =SUMIF(基因升级!$D$141:$D$500,"<="&$R7,基因升级!M$141:M$500) -> 0 | X7: =SUMIF(基因升级!$D$141:$D$500,"<="&$R7,基因升级!N$141:N$500) -> 0
A8: 2 | B8: =IFERROR(_xlfn.XLOOKUP(A8+1,基因升级!$E$141:$E$500,基因升级!$D$141:$D$500)-1,B7) -> 19 | C8: =SUMIF(基因升级!$D$141:$D$500,"<"&$B8,基因升级!$U$141:$U$500) -> 0 | K8: =SUMIF(基因升级!$D$141:$D$500,"<"&$B8,基因升级!J$141:J$500) -> 180 | L8: =SUMIF(基因升级!$D$141:$D$500,"<"&$B8,基因升级!K$141:K$500) -> 0.25 | M8: =SUMIF(基因升级!$D$141:$D$500,"<"&$B8,基因升级!L$141:L$500) -> 0.12 | N8: =SUMIF(基因升级!$D$141:$D$500,"<"&$B8,基因升级!M$141:M$500) -> 0.008 | O8: =SUMIF(基因升级!$D$141:$D$500,"<"&$B8,基因升级!N$141:N$500) -> 0.0375 | R8: 2 | S8: =SUMIF(基因升级!$D$141:$D$500,"<="&$R8,基因升级!$U$141:$U$500) -> 0 | T8: =SUMIF(基因升级!$D$141:$D$500,"<="&$R8,基因升级!J$141:J$500) -> 12 | U8: =SUMIF(基因升级!$D$141:$D$500,"<="&$R8,基因升级!K$141:K$500) -> 0.05 | V8: =SUMIF(基因升级!$D$141:$D$500,"<="&$R8,基因升级!L$141:L$500) -> 0 | W8: =SUMIF(基因升级!$D$141:$D$500,"<="&$R8,基因升级!M$141:M$500) -> 0 | X8: =SUMIF(基因升级!$D$141:$D$500,"<="&$R8,基因升级!N$141:N$500) -> 0.0075
A9: 3 | B9: =IFERROR(_xlfn.XLOOKUP(A9+1,基因升级!$E$141:$E$500,基因升级!$D$141:$D$500)-1,B8) -> 22 | C9: =SUMIF(基因升级!$D$141:$D$500,"<"&$B9,基因升级!$U$141:$U$500) -> 0 | K9: =SUMIF(基因升级!$D$141:$D$500,"<"&$B9,基因升级!J$141:J$500) -> 234 | L9: =SUMIF(基因升级!$D$141:$D$500,"<"&$B9,基因升级!K$141:K$500) -> 0.3 | M9: =SUMIF(基因升级!$D$141:$D$500,"<"&$B9,基因升级!L$141:L$500) -> 0.15 | N9: =SUMIF(基因升级!$D$141:$D$500,"<"&$B9,基因升级!M$141:M$500) -> 0.01 | O9: =SUMIF(基因升级!$D$141:$D$500,"<"&$B9,基因升级!N$141:N$500) -> 0.0375 | R9: 3 | S9: =SUMIF(基因升级!$D$141:$D$500,"<="&$R9,基因升级!$U$141:$U$500) -> 0 | T9: =SUMIF(基因升级!$D$141:$D$500,"<="&$R9,基因升级!J$141:J$500) -> 18 | U9: =SUMIF(基因升级!$D$141:$D$500,"<="&$R9,基因升级!K$141:K$500) -> 0.05 | V9: =SUMIF(基因升级!$D$141:$D$500,"<="&$R9,基因升级!L$141:L$500) -> 0 | W9: =SUMIF(基因升级!$D$141:$D$500,"<="&$R9,基因升级!M$141:M$500) -> 0.002 | X9: =SUMIF(基因升级!$D$141:$D$500,"<="&$R9,基因升级!N$141:N$500) -> 0.0075
A10: 4 | B10: =IFERROR(_xlfn.XLOOKUP(A10+1,基因升级!$E$141:$E$500,基因升级!$D$141:$D$500)-1,B9) -> 25 | C10: =SUMIF(基因升级!$D$141:$D$500,"<"&$B10,基因升级!$U$141:$U$500) -> 0 | K10: =SUMIF(基因升级!$D$141:$D$500,"<"&$B10,基因升级!J$141:J$500) -> 288 | L10: =SUMIF(基因升级!$D$141:$D$500,"<"&$B10,基因升级!K$141:K$500) -> 0.3 | M10: =SUMIF(基因升级!$D$141:$D$500,"<"&$B10,基因升级!L$141:L$500) -> 0.18 | N10: =SUMIF(基因升级!$D$141:$D$500,"<"&$B10,基因升级!M$141:M$500) -> 0.012 | O10: =SUMIF(基因升级!$D$141:$D$500,"<"&$B10,基因升级!N$141:N$500) -> 0.045 | R10: 4 | S10: =SUMIF(基因升级!$D$141:$D$500,"<="&$R10,基因升级!$U$141:$U$500) -> 0 | T10: =SUMIF(基因升级!$D$141:$D$500,"<="&$R10,基因升级!J$141:J$500) -> 24 | U10: =SUMIF(基因升级!$D$141:$D$500,"<="&$R10,基因升级!K$141:K$500) -> 0.05 | V10: =SUMIF(基因升级!$D$141:$D$500,"<="&$R10,基因升级!L$141:L$500) -> 0.03 | W10: =SUMIF(基因升级!$D$141:$D$500,"<="&$R10,基因升级!M$141:M$500) -> 0.002 | X10: =SUMIF(基因升级!$D$141:$D$500,"<="&$R10,基因升级!N$141:N$500) -> 0.0075
A11: 5 | B11: =IFERROR(_xlfn.XLOOKUP(A11+1,基因升级!$E$141:$E$500,基因升级!$D$141:$D$500)-1,B10) -> 27 | C11: =SUMIF(基因升级!$D$141:$D$500,"<"&$B11,基因升级!$U$141:$U$500) -> 0 | K11: =SUMIF(基因升级!$D$141:$D$500,"<"&$B11,基因升级!J$141:J$500) -> 336 | L11: =SUMIF(基因升级!$D$141:$D$500,"<"&$B11,基因升级!K$141:K$500) -> 0.35 | M11: =SUMIF(基因升级!$D$141:$D$500,"<"&$B11,基因升级!L$141:L$500) -> 0.18 | N11: =SUMIF(基因升级!$D$141:$D$500,"<"&$B11,基因升级!M$141:M$500) -> 0.012 | O11: =SUMIF(基因升级!$D$141:$D$500,"<"&$B11,基因升级!N$141:N$500) -> 0.0525 | R11: 5 | S11: =SUMIF(基因升级!$D$141:$D$500,"<="&$R11,基因升级!$U$141:$U$500) -> 0 | T11: =SUMIF(基因升级!$D$141:$D$500,"<="&$R11,基因升级!J$141:J$500) -> 30 | U11: =SUMIF(基因升级!$D$141:$D$500,"<="&$R11,基因升级!K$141:K$500) -> 0.1 | V11: =SUMIF(基因升级!$D$141:$D$500,"<="&$R11,基因升级!L$141:L$500) -> 0.03 | W11: =SUMIF(基因升级!$D$141:$D$500,"<="&$R11,基因升级!M$141:M$500) -> 0.002 | X11: =SUMIF(基因升级!$D$141:$D$500,"<="&$R11,基因升级!N$141:N$500) -> 0.0075
A12: 6 | B12: =IFERROR(_xlfn.XLOOKUP(A12+1,基因升级!$E$141:$E$500,基因升级!$D$141:$D$500)-1,B11) -> 29 | C12: =SUMIF(基因升级!$D$141:$D$500,"<"&$B12,基因升级!$U$141:$U$500) -> 0 | K12: =SUMIF(基因升级!$D$141:$D$500,"<"&$B12,基因升级!J$141:J$500) -> 384 | L12: =SUMIF(基因升级!$D$141:$D$500,"<"&$B12,基因升级!K$141:K$500) -> 0.35 | M12: =SUMIF(基因升级!$D$141:$D$500,"<"&$B12,基因升级!L$141:L$500) -> 0.21 | N12: =SUMIF(基因升级!$D$141:$D$500,"<"&$B12,基因升级!M$141:M$500) -> 0.014 | O12: =SUMIF(基因升级!$D$141:$D$500,"<"&$B12,基因升级!N$141:N$500) -> 0.0525 | R12: 6 | S12: =SUMIF(基因升级!$D$141:$D$500,"<="&$R12,基因升级!$U$141:$U$500) -> 0 | T12: =SUMIF(基因升级!$D$141:$D$500,"<="&$R12,基因升级!J$141:J$500) -> 36 | U12: =SUMIF(基因升级!$D$141:$D$500,"<="&$R12,基因升级!K$141:K$500) -> 0.1 | V12: =SUMIF(基因升级!$D$141:$D$500,"<="&$R12,基因升级!L$141:L$500) -> 0.03 | W12: =SUMIF(基因升级!$D$141:$D$500,"<="&$R12,基因升级!M$141:M$500) -> 0.002 | X12: =SUMIF(基因升级!$D$141:$D$500,"<="&$R12,基因升级!N$141:N$500) -> 0.015
A13: 7 | B13: =IFERROR(_xlfn.XLOOKUP(A13+1,基因升级!$E$141:$E$500,基因升级!$D$141:$D$500)-1,B12) -> 30 | C13: =SUMIF(基因升级!$D$141:$D$500,"<"&$B13,基因升级!$U$141:$U$500) -> 0 | K13: =SUMIF(基因升级!$D$141:$D$500,"<"&$B13,基因升级!J$141:J$500) -> 408 | L13: =SUMIF(基因升级!$D$141:$D$500,"<"&$B13,基因升级!K$141:K$500) -> 0.4 | M13: =SUMIF(基因升级!$D$141:$D$500,"<"&$B13,基因升级!L$141:L$500) -> 0.21 | N13: =SUMIF(基因升级!$D$141:$D$500,"<"&$B13,基因升级!M$141:M$500) -> 0.014 | O13: =SUMIF(基因升级!$D$141:$D$500,"<"&$B13,基因升级!N$141:N$500) -> 0.0525 | R13: 7 | S13: =SUMIF(基因升级!$D$141:$D$500,"<="&$R13,基因升级!$U$141:$U$500) -> 0 | T13: =SUMIF(基因升级!$D$141:$D$500,"<="&$R13,基因升级!J$141:J$500) -> 42 | U13: =SUMIF(基因升级!$D$141:$D$500,"<="&$R13,基因升级!K$141:K$500) -> 0.1 | V13: =SUMIF(基因升级!$D$141:$D$500,"<="&$R13,基因升级!L$141:L$500) -> 0.03 | W13: =SUMIF(基因升级!$D$141:$D$500,"<="&$R13,基因升级!M$141:M$500) -> 0.004 | X13: =SUMIF(基因升级!$D$141:$D$500,"<="&$R13,基因升级!N$141:N$500) -> 0.015
A14: 8 | B14: =IFERROR(_xlfn.XLOOKUP(A14+1,基因升级!$E$141:$E$500,基因升级!$D$141:$D$500)-1,B13) -> 32 | C14: =SUMIF(基因升级!$D$141:$D$500,"<"&$B14,基因升级!$U$141:$U$500) -> 0 | K14: =SUMIF(基因升级!$D$141:$D$500,"<"&$B14,基因升级!J$141:J$500) -> 456 | L14: =SUMIF(基因升级!$D$141:$D$500,"<"&$B14,基因升级!K$141:K$500) -> 0.4 | M14: =SUMIF(基因升级!$D$141:$D$500,"<"&$B14,基因升级!L$141:L$500) -> 0.21 | N14: =SUMIF(基因升级!$D$141:$D$500,"<"&$B14,基因升级!M$141:M$500) -> 0.016 | O14: =SUMIF(基因升级!$D$141:$D$500,"<"&$B14,基因升级!N$141:N$500) -> 0.06 | R14: 8 | S14: =SUMIF(基因升级!$D$141:$D$500,"<="&$R14,基因升级!$U$141:$U$500) -> 0 | T14: =SUMIF(基因升级!$D$141:$D$500,"<="&$R14,基因升级!J$141:J$500) -> 48 | U14: =SUMIF(基因升级!$D$141:$D$500,"<="&$R14,基因升级!K$141:K$500) -> 0.1 | V14: =SUMIF(基因升级!$D$141:$D$500,"<="&$R14,基因升级!L$141:L$500) -> 0.06 | W14: =SUMIF(基因升级!$D$141:$D$500,"<="&$R14,基因升级!M$141:M$500) -> 0.004 | X14: =SUMIF(基因升级!$D$141:$D$500,"<="&$R14,基因升级!N$141:N$500) -> 0.015
A15: 9 | B15: =IFERROR(_xlfn.XLOOKUP(A15+1,基因升级!$E$141:$E$500,基因升级!$D$141:$D$500)-1,B14) -> 33 | C15: =SUMIF(基因升级!$D$141:$D$500,"<"&$B15,基因升级!$U$141:$U$500) -> 0 | K15: =SUMIF(基因升级!$D$141:$D$500,"<"&$B15,基因升级!J$141:J$500) -> 480 | L15: =SUMIF(基因升级!$D$141:$D$500,"<"&$B15,基因升级!K$141:K$500) -> 0.4 | M15: =SUMIF(基因升级!$D$141:$D$500,"<"&$B15,基因升级!L$141:L$500) -> 0.24 | N15: =SUMIF(基因升级!$D$141:$D$500,"<"&$B15,基因升级!M$141:M$500) -> 0.016 | O15: =SUMIF(基因升级!$D$141:$D$500,"<"&$B15,基因升级!N$141:N$500) -> 0.06 | R15: 9 | S15: =SUMIF(基因升级!$D$141:$D$500,"<="&$R15,基因升级!$U$141:$U$500) -> 0 | T15: =SUMIF(基因升级!$D$141:$D$500,"<="&$R15,基因升级!J$141:J$500) -> 60 | U15: =SUMIF(基因升级!$D$141:$D$500,"<="&$R15,基因升级!K$141:K$500) -> 0.15 | V15: =SUMIF(基因升级!$D$141:$D$500,"<="&$R15,基因升级!L$141:L$500) -> 0.06 | W15: =SUMIF(基因升级!$D$141:$D$500,"<="&$R15,基因升级!M$141:M$500) -> 0.004 | X15: =SUMIF(基因升级!$D$141:$D$500,"<="&$R15,基因升级!N$141:N$500) -> 0.015
A16: 10 | B16: =IFERROR(_xlfn.XLOOKUP(A16+1,基因升级!$E$141:$E$500,基因升级!$D$141:$D$500)-1,B15) -> 34 | C16: =SUMIF(基因升级!$D$141:$D$500,"<"&$B16,基因升级!$U$141:$U$500) -> 0 | K16: =SUMIF(基因升级!$D$141:$D$500,"<"&$B16,基因升级!J$141:J$500) -> 510 | L16: =SUMIF(基因升级!$D$141:$D$500,"<"&$B16,基因升级!K$141:K$500) -> 0.45 | M16: =SUMIF(基因升级!$D$141:$D$500,"<"&$B16,基因升级!L$141:L$500) -> 0.24 | N16: =SUMIF(基因升级!$D$141:$D$500,"<"&$B16,基因升级!M$141:M$500) -> 0.016 | O16: =SUMIF(基因升级!$D$141:$D$500,"<"&$B16,基因升级!N$141:N$500) -> 0.06 | R16: 10 | S16: =SUMIF(基因升级!$D$141:$D$500,"<="&$R16,基因升级!$U$141:$U$500) -> 0 | T16: =SUMIF(基因升级!$D$141:$D$500,"<="&$R16,基因升级!J$141:J$500) -> 72 | U16: =SUMIF(基因升级!$D$141:$D$500,"<="&$R16,基因升级!K$141:K$500) -> 0.15 | V16: =SUMIF(基因升级!$D$141:$D$500,"<="&$R16,基因升级!L$141:L$500) -> 0.06 | W16: =SUMIF(基因升级!$D$141:$D$500,"<="&$R16,基因升级!M$141:M$500) -> 0.004 | X16: =SUMIF(基因升级!$D$141:$D$500,"<="&$R16,基因升级!N$141:N$500) -> 0.0225
A17: 11 | B17: =IFERROR(_xlfn.XLOOKUP(A17+1,基因升级!$E$141:$E$500,基因升级!$D$141:$D$500)-1,B16) -> 36 | C17: =SUMIF(基因升级!$D$141:$D$500,"<"&$B17,基因升级!$U$141:$U$500) -> 0 | K17: =SUMIF(基因升级!$D$141:$D$500,"<"&$B17,基因升级!J$141:J$500) -> 570 | L17: =SUMIF(基因升级!$D$141:$D$500,"<"&$B17,基因升级!K$141:K$500) -> 0.45 | M17: =SUMIF(基因升级!$D$141:$D$500,"<"&$B17,基因升级!L$141:L$500) -> 0.24 | N17: =SUMIF(基因升级!$D$141:$D$500,"<"&$B17,基因升级!M$141:M$500) -> 0.018 | O17: =SUMIF(基因升级!$D$141:$D$500,"<"&$B17,基因升级!N$141:N$500) -> 0.0675 | R17: 11 | S17: =SUMIF(基因升级!$D$141:$D$500,"<="&$R17,基因升级!$U$141:$U$500) -> 0 | T17: =SUMIF(基因升级!$D$141:$D$500,"<="&$R17,基因升级!J$141:J$500) -> 84 | U17: =SUMIF(基因升级!$D$141:$D$500,"<="&$R17,基因升级!K$141:K$500) -> 0.15 | V17: =SUMIF(基因升级!$D$141:$D$500,"<="&$R17,基因升级!L$141:L$500) -> 0.06 | W17: =SUMIF(基因升级!$D$141:$D$500,"<="&$R17,基因升级!M$141:M$500) -> 0.006 | X17: =SUMIF(基因升级!$D$141:$D$500,"<="&$R17,基因升级!N$141:N$500) -> 0.0225
A18: 12 | B18: =IFERROR(_xlfn.XLOOKUP(A18+1,基因升级!$E$141:$E$500,基因升级!$D$141:$D$500)-1,B17) -> 37 | C18: =SUMIF(基因升级!$D$141:$D$500,"<"&$B18,基因升级!$U$141:$U$500) -> 0 | K18: =SUMIF(基因升级!$D$141:$D$500,"<"&$B18,基因升级!J$141:J$500) -> 600 | L18: =SUMIF(基因升级!$D$141:$D$500,"<"&$B18,基因升级!K$141:K$500) -> 0.45 | M18: =SUMIF(基因升级!$D$141:$D$500,"<"&$B18,基因升级!L$141:L$500) -> 0.27 | N18: =SUMIF(基因升级!$D$141:$D$500,"<"&$B18,基因升级!M$141:M$500) -> 0.018 | O18: =SUMIF(基因升级!$D$141:$D$500,"<"&$B18,基因升级!N$141:N$500) -> 0.0675 | R18: 12 | S18: =SUMIF(基因升级!$D$141:$D$500,"<="&$R18,基因升级!$U$141:$U$500) -> 0 | T18: =SUMIF(基因升级!$D$141:$D$500,"<="&$R18,基因升级!J$141:J$500) -> 96 | U18: =SUMIF(基因升级!$D$141:$D$500,"<="&$R18,基因升级!K$141:K$500) -> 0.15 | V18: =SUMIF(基因升级!$D$141:$D$500,"<="&$R18,基因升级!L$141:L$500) -> 0.09 | W18: =SUMIF(基因升级!$D$141:$D$500,"<="&$R18,基因升级!M$141:M$500) -> 0.006 | X18: =SUMIF(基因升级!$D$141:$D$500,"<="&$R18,基因升级!N$141:N$500) -> 0.0225
... A306: 300 | B306: =IFERROR(_xlfn.XLOOKUP(A306+1,基因升级!$E$141:$E$500,基因升级!$D$141:$D$500)-1,B305) -> 100 | C306: =SUMIF(基因升级!$D$141:$D$500,"<"&$B306,基因升级!$U$141:$U$500) -> 0 | K306: =SUMIF(基因升级!$D$141:$D$500,"<"&$B306,基因升级!J$141:J$500) -> 3924 | L306: =SUMIF(基因升级!$D$141:$D$500,"<"&$B306,基因升级!K$141:K$500) -> 1.25 | M306: =SUMIF(基因升级!$D$141:$D$500,"<"&$B306,基因升级!L$141:L$500) -> 0.72 | N306: =SUMIF(基因升级!$D$141:$D$500,"<"&$B306,基因升级!M$141:M$500) -> 0.05 | O306: =SUMIF(基因升级!$D$141:$D$500,"<"&$B306,基因升级!N$141:N$500) -> 0.1875 | R306: 300 | S306: =SUMIF(基因升级!$D$141:$D$500,"<="&$R306,基因升级!$U$141:$U$500) -> 0 | T306: =SUMIF(基因升级!$D$141:$D$500,"<="&$R306,基因升级!J$141:J$500) -> 27870 | U306: =SUMIF(基因升级!$D$141:$D$500,"<="&$R306,基因升级!K$141:K$500) -> 3.75 | V306: =SUMIF(基因升级!$D$141:$D$500,"<="&$R306,基因升级!L$141:L$500) -> 2.25 | W306: =SUMIF(基因升级!$D$141:$D$500,"<="&$R306,基因升级!M$141:M$500) -> 0.15 | X306: =SUMIF(基因升级!$D$141:$D$500,"<="&$R306,基因升级!N$141:N$500) -> 0.5625

Sheet 蔚蓝参考
M1: =COUNTA(M5:M202) -> 95
B2: 节点 | C2: 国王攻击力 | D2: 国王伤害% | E2: 国王暴击率 | F2: 国王爆伤 | G2: 国王攻击速度 | H2: 特殊解锁 | I2: 天赋石 | J2: 金币 | K2: 大节点 | L2: 攻击力 | M2: 核心加成 | N2: 传说天赋石 | O2: 金币2
B3: 1 | H3: 国王斩击 | I3: / | J3: / | O3: =IF(L3&M3="","",J3*5)
B4: =B3+1 -> 2 | C4: 6 | D4: 0.05 | I4: 10 | J4: 220 | O4: =IF(L4&M4="","",J4*5)
B5: =B4+1 -> 3 | C5: 6 | E5: 0.005 | I5: 15 | J5: =J6-140 -> 320 | O5: =IF(L5&M5="","",J5*5)
B6: =B5+1 -> 4 | C6: 6 | F6: 0.02 | I6: 20 | J6: =J7-140 -> 460 | O6: =IF(L6&M6="","",J6*5)
B7: =B6+1 -> 5 | C7: 6 | G7: 0.01 | I7: 25 | J7: =J8-140 -> 600 | M7: 剑气击退 | N7: 3 | O7: =IF(L7&M7="","",J7*5) -> 3000
B8: =B7+1 -> 6 | C8: 8 | D8: 0.05 | I8: 30 | J8: =J9-140 -> 740 | O8: =IF(L8&M8="","",J8*5) | S8: 剑气击退
B9: =B8+1 -> 7 | C9: 8 | E9: 0.005 | I9: 35 | J9: =J10-140 -> 880 | O9: =IF(L9&M9="","",J9*5) | S9: 增加剑气，-20%伤害
B10: =B9+1 -> 8 | C10: 8 | F10: 0.02 | I10: 40 | J10: =J11-140 -> 1020 | O10: =IF(L10&M10="","",J10*5) | S10: 剑气体积+15%
B11: =B10+1 -> 9 | C11: 8 | G11: 0.01 | I11: 45 | J11: =J12-140 -> 1160 | L11: 40 | N11: 3 | O11: =IF(L11&M11="","",J11*5) -> 5800 | S11: 低于75%血量释放一次击退
B12: =B11+1 -> 10 | C12: 12 | D12: 0.05 | I12: 50 | J12: =J13-140 -> 1300 | O12: =IF(L12&M12="","",J12*5) | S12: 连发
B13: =B12+1 -> 11 | C13: 12 | E13: 0.005 | I13: 55 | J13: =J14-140 -> 1440 | O13: =IF(L13&M13="","",J13*5) | S13: 巨剑眩晕
B14: =B13+1 -> 12 | C14: 12 | F14: 0.02 | I14: 60 | J14: =J15-140 -> 1580 | O14: =IF(L14&M14="","",J14*5) | S14: 低于50%血量释放一次击退
B15: =B14+1 -> 13 | C15: 12 | G15: 0.01 | I15: 65 | J15: =J16-140 -> 1720 | O15: =IF(L15&M15="","",J15*5) | S15: 不减少国王伤害
B16: =B15+1 -> 14 | C16: 12 | D16: 0.05 | I16: 70 | J16: =J17-140 -> 1860 | O16: =IF(L16&M16="","",J16*5) | S16: 低于25%血量释放一次击退
B17: =B16+1 -> 15 | C17: 12 | E17: 0.005 | I17: 75 | J17: =J18-140 -> 2000 | M17: 增加剑气，-20%伤害 | N17: 3 | O17: =IF(L17&M17="","",J17*5) -> 10000 | S17: 剑气连发不再减少伤害
B18: =B17+1 -> 16 | C18: 16 | F18: 0.02 | I18: 80 | J18: =J19-140 -> 2140 | O18: =IF(L18&M18="","",J18*5) | S18: 再加一道剑气
B19: =B18+1 -> 17 | C19: 16 | G19: 0.01 | I19: 85 | J19: =J20-140 -> 2280 | O19: =IF(L19&M19="","",J19*5) | S19: 剑气体积+20%
B20: =B19+1 -> 18 | C20: 16 | D20: 0.05 | I20: 90 | J20: =J21-275 -> 2420 | O20: =IF(L20&M20="","",J20*5) | S20: 剑气连发+1
B21: =B20+1 -> 19 | C21: 16 | E21: 0.005 | I21: 100 | J21: =J22-275 -> 2695 | O21: =IF(L21&M21="","",J21*5)
B22: =B21+1 -> 20 | C22: 16 | F22: 0.02 | I22: 110 | J22: =J23-275 -> 2970 | L22: 40 | N22: 6 | O22: =IF(L22&M22="","",J22*5) -> 14850
B23: =B22+1 -> 21 | C23: 20 | G23: 0.01 | I23: 120 | J23: =J24-275 -> 3245 | O23: =IF(L23&M23="","",J23*5)
B24: =B23+1 -> 22 | C24: 20 | D24: =IF(D20="","",D20) -> 0.05 | E24: =IF(E20="","",E20) | F24: =IF(F20="","",F20) | G24: =IF(G20="","",G20) | I24: 130 | J24: =J25-275 -> 3520 | O24: =IF(L24&M24="","",J24*5)
B25: =B24+1 -> 23 | C25: 20 | D25: =IF(D21="","",D21) | E25: =IF(E21="","",E21) -> 0.005 | F25: =IF(F21="","",F21) | G25: =IF(G21="","",G21) | I25: 140 | J25: =J26-275 -> 3795 | O25: =IF(L25&M25="","",J25*5)
B26: =B25+1 -> 24 | C26: 20 | D26: =IF(D22="","",D22) | E26: =IF(E22="","",E22) | F26: =IF(F22="","",F22) -> 0.02 | G26: =IF(G22="","",G22) | I26: 150 | J26: =J27-275 -> 4070 | O26: =IF(L26&M26="","",J26*5)
B27: =B26+1 -> 25 | C27: 20 | D27: =IF(D23="","",D23) | E27: =IF(E23="","",E23) | F27: =IF(F23="","",F23) | G27: =IF(G23="","",G23) -> 0.01 | I27: 160 | J27: =J28-275 -> 4345 | M27: 剑气体积+15% | N27: 6 | O27: =IF(L27&M27="","",J27*5) -> 21725
B28: =B27+1 -> 26 | C28: 24 | D28: =IF(D24="","",D24) -> 0.05 | E28: =IF(E24="","",E24) | F28: =IF(F24="","",F24) | G28: =IF(G24="","",G24) | I28: 170 | J28: =J29-275 -> 4620 | O28: =IF(L28&M28="","",J28*5)
B29: =B28+1 -> 27 | C29: 24 | D29: =IF(D25="","",D25) | E29: =IF(E25="","",E25) -> 0.005 | F29: =IF(F25="","",F25) | G29: =IF(G25="","",G25) | I29: 180 | J29: =J30-275 -> 4895 | O29: =IF(L29&M29="","",J29*5)
B30: =B29+1 -> 28 | C30: 24 | D30: =IF(D26="","",D26) | E30: =IF(E26="","",E26) | F30: =IF(F26="","",F26) -> 0.02 | G30: =IF(G26="","",G26) | I30: 190 | J30: =J31-275 -> 5170 | O30: =IF(L30&M30="","",J30*5)
B31: =B30+1 -> 29 | C31: 24 | D31: =IF(D27="","",D27) | E31: =IF(E27="","",E27) | F31: =IF(F27="","",F27) | G31: =IF(G27="","",G27) -> 0.01 | I31: 200 | J31: =J32-275 -> 5445 | O31: =IF(L31&M31="","",J31*5)
B32: =B31+1 -> 30 | C32: 24 | D32: =IF(D28="","",D28) -> 0.05 | E32: =IF(E28="","",E28) | F32: =IF(F28="","",F28) | G32: =IF(G28="","",G28) | I32: 210 | J32: =J33-275 -> 5720 | L32: 50 | N32: 6 | O32: =IF(L32&M32="","",J32*5) -> 28600
B33: =B32+1 -> 31 | C33: 28 | D33: =IF(D29="","",D29) | E33: =IF(E29="","",E29) -> 0.005 | F33: =IF(F29="","",F29) | G33: =IF(G29="","",G29) | I33: 220 | J33: =J34-275 -> 5995 | O33: =IF(L33&M33="","",J33*5)
B34: =B33+1 -> 32 | C34: 28 | D34: =IF(D30="","",D30) | E34: =IF(E30="","",E30) | F34: =IF(F30="","",F30) -> 0.02 | G34: =IF(G30="","",G30) | I34: 230 | J34: 6270 | O34: =IF(L34&M34="","",J34*5)
B35: =B34+1 -> 33 | C35: 28 | D35: =IF(D31="","",D31) | E35: =IF(E31="","",E31) | F35: =IF(F31="","",F31) | G35: =IF(G31="","",G31) -> 0.01 | I35: 240 | J35: 6545 | O35: =IF(L35&M35="","",J35*5)
B36: =B35+1 -> 34 | C36: 28 | D36: =IF(D32="","",D32) -> 0.05 | E36: =IF(E32="","",E32) | F36: =IF(F32="","",F32) | G36: =IF(G32="","",G32) | I36: 250 | J36: 6820 | O36: =IF(L36&M36="","",J36*5)
B37: =B36+1 -> 35 | C37: 28 | D37: =IF(D33="","",D33) | E37: =IF(E33="","",E33) -> 0.005 | F37: =IF(F33="","",F33) | G37: =IF(G33="","",G33) | I37: 260 | J37: 7095 | M37: 低于75%血量释放一次击退 | N37: 6 | O37: =IF(L37&M37="","",J37*5) -> 35475
B38: =B37+1 -> 36 | C38: 32 | D38: =IF(D34="","",D34) | E38: =IF(E34="","",E34) | F38: =IF(F34="","",F34) -> 0.02 | G38: =IF(G34="","",G34) | I38: 270 | J38: =J37+285 -> 7380 | O38: =IF(L38&M38="","",J38*5)
B39: =B38+1 -> 37 | C39: 32 | D39: =IF(D35="","",D35) | E39: =IF(E35="","",E35) | F39: =IF(F35="","",F35) | G39: =IF(G35="","",G35) -> 0.01 | I39: 280 | J39: =J38+285 -> 7665 | O39: =IF(L39&M39="","",J39*5)
B40: =B39+1 -> 38 | C40: 32 | D40: =IF(D36="","",D36) -> 0.05 | E40: =IF(E36="","",E36) | F40: =IF(F36="","",F36) | G40: =IF(G36="","",G36) | I40: 290 | J40: =J39+285 -> 7950 | O40: =IF(L40&M40="","",J40*5)
B41: =B40+1 -> 39 | C41: 32 | D41: =IF(D37="","",D37) | E41: =IF(E37="","",E37) -> 0.005 | F41: =IF(F37="","",F37) | G41: =IF(G37="","",G37) | I41: 300 | J41: =J40+285 -> 8235 | O41: =IF(L41&M41="","",J41*5)
B42: =B41+1 -> 40 | C42: 32 | D42: =IF(D38="","",D38) | E42: =IF(E38="","",E38) | F42: =IF(F38="","",F38) -> 0.02 | G42: =IF(G38="","",G38) | I42: 310 | J42: =J41+285 -> 8520 | L42: 50 | N42: 6 | O42: =IF(L42&M42="","",J42*5) -> 42600
B43: =B42+1 -> 41 | C43: 36 | D43: =IF(D39="","",D39) | E43: =IF(E39="","",E39) | F43: =IF(F39="","",F39) | G43: =IF(G39="","",G39) -> 0.01 | I43: 320 | J43: =J42+285 -> 8805 | O43: =IF(L43&M43="","",J43*5)
B44: =B43+1 -> 42 | C44: 36 | D44: =IF(D40="","",D40) -> 0.05 | E44: =IF(E40="","",E40) | F44: =IF(F40="","",F40) | G44: =IF(G40="","",G40) | I44: 330 | J44: =J43+285 -> 9090 | O44: =IF(L44&M44="","",J44*5)
B45: =B44+1 -> 43 | C45: 36 | D45: =IF(D41="","",D41) | E45: =IF(E41="","",E41) -> 0.005 | F45: =IF(F41="","",F41) | G45: =IF(G41="","",G41) | I45: 340 | J45: =J44+285 -> 9375 | O45: =IF(L45&M45="","",J45*5)
B46: =B45+1 -> 44 | C46: 36 | D46: =IF(D42="","",D42) | E46: =IF(E42="","",E42) | F46: =IF(F42="","",F42) -> 0.02 | G46: =IF(G42="","",G42) | I46: 350 | J46: =J45+285 -> 9660 | O46: =IF(L46&M46="","",J46*5)
B47: =B46+1 -> 45 | C47: 36 | D47: =IF(D43="","",D43) | E47: =IF(E43="","",E43) | F47: =IF(F43="","",F43) | G47: =IF(G43="","",G43) -> 0.01 | I47: 360 | J47: =J46+285 -> 9945 | M47: 连发 | N47: 6 | O47: =IF(L47&M47="","",J47*5) -> 49725
B48: =B47+1 -> 46 | C48: =C43+4 -> 40 | D48: =IF(D44="","",D44) -> 0.05 | E48: =IF(E44="","",E44) | F48: =IF(F44="","",F44) | G48: =IF(G44="","",G44) | I48: 370 | J48: =J47+285 -> 10230 | O48: =IF(L48&M48="","",J48*5)
B49: =B48+1 -> 47 | C49: =C44+4 -> 40 | D49: =IF(D45="","",D45) | E49: =IF(E45="","",E45) -> 0.005 | F49: =IF(F45="","",F45) | G49: =IF(G45="","",G45) | I49: 380 | J49: =J48+285 -> 10515 | O49: =IF(L49&M49="","",J49*5)
B50: =B49+1 -> 48 | C50: =C45+4 -> 40 | D50: =IF(D46="","",D46) | E50: =IF(E46="","",E46) | F50: =IF(F46="","",F46) -> 0.02 | G50: =IF(G46="","",G46) | I50: 390 | J50: =J49+285 -> 10800 | O50: =IF(L50&M50="","",J50*5)
B51: =B50+1 -> 49 | C51: =C46+4 -> 40 | D51: =IF(D47="","",D47) | E51: =IF(E47="","",E47) | F51: =IF(F47="","",F47) | G51: =IF(G47="","",G47) -> 0.01 | I51: 400 | J51: 10945 | O51: =IF(L51&M51="","",J51*5)
B52: =B51+1 -> 50 | C52: =C47+4 -> 40 | D52: =IF(D48="","",D48) -> 0.05 | E52: =IF(E48="","",E48) | F52: =IF(F48="","",F48) | G52: =IF(G48="","",G48) | I52: 410 | J52: =J51+285 -> 11230 | L52: =IF(L32="","",L32+10) -> 60 | N52: 6 | O52: =IF(L52&M52="","",J52*5) -> 56150
B53: =B52+1 -> 51 | C53: =C48+4 -> 44 | D53: =IF(D49="","",D49) | E53: =IF(E49="","",E49) -> 0.005 | F53: =IF(F49="","",F49) | G53: =IF(G49="","",G49) | I53: 420 | J53: =J52+285 -> 11515 | L53: =IF(L33="","",L33+10) | O53: =IF(L53&M53="","",J53*5)
B54: =B53+1 -> 52 | C54: =C49+4 -> 44 | D54: =IF(D50="","",D50) | E54: =IF(E50="","",E50) | F54: =IF(F50="","",F50) -> 0.02 | G54: =IF(G50="","",G50) | I54: 430 | J54: =J53+285 -> 11800 | L54: =IF(L34="","",L34+10) | O54: =IF(L54&M54="","",J54*5)
B55: =B54+1 -> 53 | C55: =C50+4 -> 44 | D55: =IF(D51="","",D51) | E55: =IF(E51="","",E51) | F55: =IF(F51="","",F51) | G55: =IF(G51="","",G51) -> 0.01 | I55: 440 | J55: =J54+285 -> 12085 | L55: =IF(L35="","",L35+10) | O55: =IF(L55&M55="","",J55*5)
B56: =B55+1 -> 54 | C56: =C51+4 -> 44 | D56: =IF(D52="","",D52) -> 0.05 | E56: =IF(E52="","",E52) | F56: =IF(F52="","",F52) | G56: =IF(G52="","",G52) | I56: 450 | J56: =J55+285 -> 12370 | L56: =IF(L36="","",L36+10) | O56: =IF(L56&M56="","",J56*5)
B57: =B56+1 -> 55 | C57: =C52+4 -> 44 | D57: =IF(D53="","",D53) | E57: =IF(E53="","",E53) -> 0.005 | F57: =IF(F53="","",F53) | G57: =IF(G53="","",G53) | I57: 460 | J57: =J56+285 -> 12655 | L57: =IF(L37="","",L37+10) | M57: 巨剑眩晕 | N57: 6 | O57: =IF(L57&M57="","",J57*5) -> 63275
B58: =B57+1 -> 56 | C58: =C53+4 -> 48 | D58: =IF(D54="","",D54) | E58: =IF(E54="","",E54) | F58: =IF(F54="","",F54) -> 0.02 | G58: =IF(G54="","",G54) | I58: 470 | J58: =J57+285 -> 12940 | L58: =IF(L38="","",L38+10) | O58: =IF(L58&M58="","",J58*5)
B59: =B58+1 -> 57 | C59: =C54+4 -> 48 | D59: =IF(D55="","",D55) | E59: =IF(E55="","",E55) | F59: =IF(F55="","",F55) | G59: =IF(G55="","",G55) -> 0.01 | I59: 480 | J59: =J58+285 -> 13225 | L59: =IF(L39="","",L39+10) | O59: =IF(L59&M59="","",J59*5)
B60: =B59+1 -> 58 | C60: =C55+4 -> 48 | D60: =IF(D56="","",D56) -> 0.05 | E60: =IF(E56="","",E56) | F60: =IF(F56="","",F56) | G60: =IF(G56="","",G56) | I60: 490 | J60: =J59+285 -> 13510 | L60: =IF(L40="","",L40+10) | O60: =IF(L60&M60="","",J60*5)
B61: =B60+1 -> 59 | C61: =C56+4 -> 48 | D61: =IF(D57="","",D57) | E61: =IF(E57="","",E57) -> 0.005 | F61: =IF(F57="","",F57) | G61: =IF(G57="","",G57) | I61: 500 | J61: =J60+285 -> 13795 | L61: =IF(L41="","",L41+10) | O61: =IF(L61&M61="","",J61*5)
B62: =B61+1 -> 60 | C62: =C57+4 -> 48 | D62: =IF(D58="","",D58) | E62: =IF(E58="","",E58) | F62: =IF(F58="","",F58) -> 0.02 | G62: =IF(G58="","",G58) | I62: 510 | J62: =J61+285 -> 14080 | L62: =IF(L42="","",L42+10) -> 60 | O62: =IF(L62&M62="","",J62*5) -> 70400
B63: =B62+1 -> 61 | C63: =C58+4 -> 52 | D63: =IF(D59="","",D59) | E63: =IF(E59="","",E59) | F63: =IF(F59="","",F59) | G63: =IF(G59="","",G59) -> 0.01 | I63: 520 | J63: =J62+285 -> 14365 | L63: =IF(L43="","",L43+10) | O63: =IF(L63&M63="","",J63*5)
B64: =B63+1 -> 62 | C64: =C59+4 -> 52 | D64: =IF(D60="","",D60) -> 0.05 | E64: =IF(E60="","",E60) | F64: =IF(F60="","",F60) | G64: =IF(G60="","",G60) | I64: 530 | J64: =J63+285 -> 14650 | L64: =IF(L44="","",L44+10) | O64: =IF(L64&M64="","",J64*5)
B65: =B64+1 -> 63 | C65: =C60+4 -> 52 | D65: =IF(D61="","",D61) | E65: =IF(E61="","",E61) -> 0.005 | F65: =IF(F61="","",F61) | G65: =IF(G61="","",G61) | I65: 540 | J65: =J64+285 -> 14935 | L65: =IF(L45="","",L45+10) | O65: =IF(L65&M65="","",J65*5)
B66: =B65+1 -> 64 | C66: =C61+4 -> 52 | D66: =IF(D62="","",D62) | E66: =IF(E62="","",E62) | F66: =IF(F62="","",F62) -> 0.02 | G66: =IF(G62="","",G62) | I66: 550 | J66: =J65+285 -> 15220 | L66: =IF(L46="","",L46+10) | O66: =IF(L66&M66="","",J66*5)
B67: =B66+1 -> 65 | C67: =C62+4 -> 52 | D67: =IF(D63="","",D63) | E67: =IF(E63="","",E63) | F67: =IF(F63="","",F63) | G67: =IF(G63="","",G63) -> 0.01 | I67: 560 | J67: =J66+285 -> 15505 | L67: =IF(L47="","",L47+10) | M67: 低于50%血量释放一次击退 | N67: 6 | O67: =IF(L67&M67="","",J67*5) -> 77525
B68: =B67+1 -> 66 | C68: =C63+4 -> 56 | D68: =IF(D64="","",D64) -> 0.05 | E68: =IF(E64="","",E64) | F68: =IF(F64="","",F64) | G68: =IF(G64="","",G64) | I68: 570 | J68: =J67+285 -> 15790 | L68: =IF(L48="","",L48+10) | O68: =IF(L68&M68="","",J68*5)
B69: =B68+1 -> 67 | C69: =C64+4 -> 56 | D69: =IF(D65="","",D65) | E69: =IF(E65="","",E65) -> 0.005 | F69: =IF(F65="","",F65) | G69: =IF(G65="","",G65) | I69: 580 | J69: =J68+285 -> 16075 | L69: =IF(L49="","",L49+10) | O69: =IF(L69&M69="","",J69*5)
B70: =B69+1 -> 68 | C70: =C65+4 -> 56 | D70: =IF(D66="","",D66) | E70: =IF(E66="","",E66) | F70: =IF(F66="","",F66) -> 0.02 | G70: =IF(G66="","",G66) | I70: 590 | J70: =J69+285 -> 16360 | L70: =IF(L50="","",L50+10) | O70: =IF(L70&M70="","",J70*5)
B71: =B70+1 -> 69 | C71: =C66+4 -> 56 | D71: =IF(D67="","",D67) | E71: =IF(E67="","",E67) | F71: =IF(F67="","",F67) | G71: =IF(G67="","",G67) -> 0.01 | I71: 600 | J71: =J70+285 -> 16645 | L71: =IF(L51="","",L51+10) | O71: =IF(L71&M71="","",J71*5)
B72: =B71+1 -> 70 | C72: =C67+4 -> 56 | D72: =IF(D68="","",D68) -> 0.05 | E72: =IF(E68="","",E68) | F72: =IF(F68="","",F68) | G72: =IF(G68="","",G68) | I72: 610 | J72: =J71+285 -> 16930 | L72: 60 | O72: =IF(L72&M72="","",J72*5) -> 84650
B73: =B72+1 -> 71 | C73: =C68+4 -> 60 | D73: =IF(D69="","",D69) | E73: =IF(E69="","",E69) -> 0.005 | F73: =IF(F69="","",F69) | G73: =IF(G69="","",G69) | I73: 620 | J73: =J72+285 -> 17215 | O73: =IF(L73&M73="","",J73*5)
B74: =B73+1 -> 72 | C74: =C69+4 -> 60 | D74: =IF(D70="","",D70) | E74: =IF(E70="","",E70) | F74: =IF(F70="","",F70) -> 0.02 | G74: =IF(G70="","",G70) | I74: 630 | J74: =J73+285 -> 17500 | O74: =IF(L74&M74="","",J74*5)
B75: =B74+1 -> 73 | C75: =C70+4 -> 60 | D75: =IF(D71="","",D71) | E75: =IF(E71="","",E71) | F75: =IF(F71="","",F71) | G75: =IF(G71="","",G71) -> 0.01 | I75: 640 | J75: =J74+285 -> 17785 | O75: =IF(L75&M75="","",J75*5)
B76: =B75+1 -> 74 | C76: =C71+4 -> 60 | D76: =IF(D72="","",D72) -> 0.05 | E76: =IF(E72="","",E72) | F76: =IF(F72="","",F72) | G76: =IF(G72="","",G72) | I76: 650 | J76: =J75+285 -> 18070 | O76: =IF(L76&M76="","",J76*5)
B77: =B76+1 -> 75 | C77: =C72+4 -> 60 | D77: =IF(D73="","",D73) | E77: =IF(E73="","",E73) -> 0.005 | F77: =IF(F73="","",F73) | G77: =IF(G73="","",G73) | I77: 660 | J77: =J76+285 -> 18355 | M77: 不减少国王伤害 | N77: 9 | O77: =IF(L77&M77="","",J77*5) -> 91775
B78: =B77+1 -> 76 | C78: =C73+4 -> 64 | D78: =IF(D74="","",D74) | E78: =IF(E74="","",E74) | F78: =IF(F74="","",F74) -> 0.02 | G78: =IF(G74="","",G74) | I78: 670 | J78: =J77+285 -> 18640 | O78: =IF(L78&M78="","",J78*5)
B79: =B78+1 -> 77 | C79: =C74+4 -> 64 | D79: =IF(D75="","",D75) | E79: =IF(E75="","",E75) | F79: =IF(F75="","",F75) | G79: =IF(G75="","",G75) -> 0.01 | I79: 680 | J79: =J78+285 -> 18925 | O79: =IF(L79&M79="","",J79*5)
B80: =B79+1 -> 78 | C80: =C75+4 -> 64 | D80: =IF(D76="","",D76) -> 0.05 | E80: =IF(E76="","",E76) | F80: =IF(F76="","",F76) | G80: =IF(G76="","",G76) | I80: 690 | J80: =J79+285 -> 19210 | O80: =IF(L80&M80="","",J80*5)
B81: =B80+1 -> 79 | C81: =C76+4 -> 64 | D81: =IF(D77="","",D77) | E81: =IF(E77="","",E77) -> 0.005 | F81: =IF(F77="","",F77) | G81: =IF(G77="","",G77) | I81: 700 | J81: =J80+285 -> 19495 | O81: =IF(L81&M81="","",J81*5)
B82: =B81+1 -> 80 | C82: =C77+4 -> 64 | D82: =IF(D78="","",D78) | E82: =IF(E78="","",E78) | F82: =IF(F78="","",F78) -> 0.02 | G82: =IF(G78="","",G78) | I82: 710 | J82: =J81+285 -> 19780 | O82: =IF(L82&M82="","",J82*5)
B83: =B82+1 -> 81 | C83: =C78+4 -> 68 | D83: =IF(D79="","",D79) | E83: =IF(E79="","",E79) | F83: =IF(F79="","",F79) | G83: =IF(G79="","",G79) -> 0.01 | I83: 720 | J83: =J82+285 -> 20065 | O83: =IF(L83&M83="","",J83*5)
B84: =B83+1 -> 82 | C84: =C79+4 -> 68 | D84: =IF(D80="","",D80) -> 0.05 | E84: =IF(E80="","",E80) | F84: =IF(F80="","",F80) | G84: =IF(G80="","",G80) | I84: 730 | J84: =J83+285 -> 20350 | O84: =IF(L84&M84="","",J84*5)
B85: =B84+1 -> 83 | C85: =C80+4 -> 68 | D85: =IF(D81="","",D81) | E85: =IF(E81="","",E81) -> 0.005 | F85: =IF(F81="","",F81) | G85: =IF(G81="","",G81) | I85: 740 | J85: =J84+285 -> 20635 | O85: =IF(L85&M85="","",J85*5)
B86: =B85+1 -> 84 | C86: =C81+4 -> 68 | D86: =IF(D82="","",D82) | E86: =IF(E82="","",E82) | F86: =IF(F82="","",F82) -> 0.02 | G86: =IF(G82="","",G82) | I86: 750 | J86: =J85+285 -> 20920 | O86: =IF(L86&M86="","",J86*5)
B87: =B86+1 -> 85 | C87: =C82+4 -> 68 | D87: =IF(D83="","",D83) | E87: =IF(E83="","",E83) | F87: =IF(F83="","",F83) | G87: =IF(G83="","",G83) -> 0.01 | I87: 760 | J87: =J86+285 -> 21205 | L87: =IF(L62="","",L62+10) -> 70 | N87: 9 | O87: =IF(L87&M87="","",J87*5) -> 106025
B88: =B87+1 -> 86 | C88: =C83+4 -> 72 | D88: =IF(D84="","",D84) -> 0.05 | E88: =IF(E84="","",E84) | F88: =IF(F84="","",F84) | G88: =IF(G84="","",G84) | I88: 770 | J88: =J87+285 -> 21490 | O88: =IF(L88&M88="","",J88*5)
B89: =B88+1 -> 87 | C89: =C84+4 -> 72 | D89: =IF(D85="","",D85) | E89: =IF(E85="","",E85) -> 0.005 | F89: =IF(F85="","",F85) | G89: =IF(G85="","",G85) | I89: 780 | J89: =J88+285 -> 21775 | O89: =IF(L89&M89="","",J89*5)
B90: =B89+1 -> 88 | C90: =C85+4 -> 72 | D90: =IF(D86="","",D86) | E90: =IF(E86="","",E86) | F90: =IF(F86="","",F86) -> 0.02 | G90: =IF(G86="","",G86) | I90: 790 | J90: =J89+285 -> 22060 | O90: =IF(L90&M90="","",J90*5)
B91: =B90+1 -> 89 | C91: =C86+4 -> 72 | D91: =IF(D87="","",D87) | E91: =IF(E87="","",E87) | F91: =IF(F87="","",F87) | G91: =IF(G87="","",G87) -> 0.01 | I91: 800 | J91: =J90+285 -> 22345 | O91: =IF(L91&M91="","",J91*5)
B92: =B91+1 -> 90 | C92: =C87+4 -> 72 | D92: =IF(D88="","",D88) -> 0.05 | E92: =IF(E88="","",E88) | F92: =IF(F88="","",F88) | G92: =IF(G88="","",G88) | I92: 810 | J92: =J91+285 -> 22630 | O92: =IF(L92&M92="","",J92*5)
B93: =B92+1 -> 91 | C93: =C88+4 -> 76 | D93: =IF(D89="","",D89) | E93: =IF(E89="","",E89) -> 0.005 | F93: =IF(F89="","",F89) | G93: =IF(G89="","",G89) | I93: 820 | J93: =J92+285 -> 22915 | O93: =IF(L93&M93="","",J93*5)
B94: =B93+1 -> 92 | C94: =C89+4 -> 76 | D94: =IF(D90="","",D90) | E94: =IF(E90="","",E90) | F94: =IF(F90="","",F90) -> 0.02 | G94: =IF(G90="","",G90) | I94: 830 | J94: =J93+285 -> 23200 | O94: =IF(L94&M94="","",J94*5)
B95: =B94+1 -> 93 | C95: =C90+4 -> 76 | D95: =IF(D91="","",D91) | E95: =IF(E91="","",E91) | F95: =IF(F91="","",F91) | G95: =IF(G91="","",G91) -> 0.01 | I95: 840 | J95: =J94+285 -> 23485 | O95: =IF(L95&M95="","",J95*5)
B96: =B95+1 -> 94 | C96: =C91+4 -> 76 | D96: =IF(D92="","",D92) -> 0.05 | E96: =IF(E92="","",E92) | F96: =IF(F92="","",F92) | G96: =IF(G92="","",G92) | I96: 850 | J96: =J95+285 -> 23770 | O96: =IF(L96&M96="","",J96*5)
B97: =B96+1 -> 95 | C97: =C92+4 -> 76 | D97: =IF(D93="","",D93) | E97: =IF(E93="","",E93) -> 0.005 | F97: =IF(F93="","",F93) | G97: =IF(G93="","",G93) | I97: 860 | J97: =J96+285 -> 24055 | M97: 低于25%血量释放一次击退 | N97: 9 | O97: =IF(L97&M97="","",J97*5) -> 120275
B98: =B97+1 -> 96 | C98: =C93+4 -> 80 | D98: =IF(D94="","",D94) | E98: =IF(E94="","",E94) | F98: =IF(F94="","",F94) -> 0.02 | G98: =IF(G94="","",G94) | I98: 870 | J98: =J97+285 -> 24340 | O98: =IF(L98&M98="","",J98*5)
B99: =B98+1 -> 97 | C99: =C94+4 -> 80 | D99: =IF(D95="","",D95) | E99: =IF(E95="","",E95) | F99: =IF(F95="","",F95) | G99: =IF(G95="","",G95) -> 0.01 | I99: 880 | J99: =J98+285 -> 24625 | O99: =IF(L99&M99="","",J99*5)
B100: =B99+1 -> 98 | C100: =C95+4 -> 80 | D100: =IF(D96="","",D96) -> 0.05 | E100: =IF(E96="","",E96) | F100: =IF(F96="","",F96) | G100: =IF(G96="","",G96) | I100: 890 | J100: =J99+285 -> 24910 | O100: =IF(L100&M100="","",J100*5)
...

Sheet Sheet1
M2: [{5205001,3},{2,0}]
A3: =基因升级!$J$140&"+"&基因升级!J141 -> 队长攻击力+6 | B3: =IF(基因升级!K141="","",基因升级!K$140&"+"&基因升级!K141*100&"%") -> 队长伤害+5% | C3: =IF(基因升级!L141="","",基因升级!L$140&"+"&基因升级!L141*100&"%") | D3: =IF(基因升级!M141="","",基因升级!M$140&"+"&基因升级!M141*100&"%") | E3: =IF(基因升级!N141="","",基因升级!N$140&"+"&基因升级!N141*100&"%") | F3: =_xlfn.TEXTJOIN("\n",1,A3:E3) -> 队长攻击力+6\n队长伤害+5% | M3: [{5205001,3},{2,920}]
A4: =基因升级!$J$140&"+"&基因升级!J142 -> 队长攻击力+6 | B4: =IF(基因升级!K142="","",基因升级!K$140&"+"&基因升级!K142*100&"%") | C4: =IF(基因升级!L142="","",基因升级!L$140&"+"&基因升级!L142*100&"%") | D4: =IF(基因升级!M142="","",基因升级!M$140&"+"&基因升级!M142*100&"%") | E4: =IF(基因升级!N142="","",基因升级!N$140&"+"&基因升级!N142*100&"%") -> 队长技能冷却+0.75% | F4: =_xlfn.TEXTJOIN("\n",1,A4:E4) -> 队长攻击力+6\n队长技能冷却+0.75% | M4: [{5205001,3},{2,2040}]
A5: =基因升级!$J$140&"+"&基因升级!J143 -> 队长攻击力+6 | B5: =IF(基因升级!K143="","",基因升级!K$140&"+"&基因升级!K143*100&"%") | C5: =IF(基因升级!L143="","",基因升级!L$140&"+"&基因升级!L143*100&"%") | D5: =IF(基因升级!M143="","",基因升级!M$140&"+"&基因升级!M143*100&"%") -> 队长暴击++0.2% | E5: =IF(基因升级!N143="","",基因升级!N$140&"+"&基因升级!N143*100&"%") | F5: =_xlfn.TEXTJOIN("\n",1,A5:E5) -> 队长攻击力+6\n队长暴击++0.2% | M5: [{5205001,3},{2,3160}]
A6: =基因升级!$J$140&"+"&基因升级!J144 -> 队长攻击力+6 | B6: =IF(基因升级!K144="","",基因升级!K$140&"+"&基因升级!K144*100&"%") | C6: =IF(基因升级!L144="","",基因升级!L$140&"+"&基因升级!L144*100&"%") -> 队长暴击伤害+3% | D6: =IF(基因升级!M144="","",基因升级!M$140&"+"&基因升级!M144*100&"%") | E6: =IF(基因升级!N144="","",基因升级!N$140&"+"&基因升级!N144*100&"%") | F6: =_xlfn.TEXTJOIN("\n",1,A6:E6) -> 队长攻击力+6\n队长暴击伤害+3% | M6: [{5205001,3},{2,4280}]
A7: =基因升级!$J$140&"+"&基因升级!J145 -> 队长攻击力+6 | B7: =IF(基因升级!K145="","",基因升级!K$140&"+"&基因升级!K145*100&"%") -> 队长伤害+5% | C7: =IF(基因升级!L145="","",基因升级!L$140&"+"&基因升级!L145*100&"%") | D7: =IF(基因升级!M145="","",基因升级!M$140&"+"&基因升级!M145*100&"%") | E7: =IF(基因升级!N145="","",基因升级!N$140&"+"&基因升级!N145*100&"%") | F7: =_xlfn.TEXTJOIN("\n",1,A7:E7) -> 队长攻击力+6\n队长伤害+5% | M7: [{5205001,3},{2,5400}]
A8: =基因升级!$J$140&"+"&基因升级!J146 -> 队长攻击力+6 | B8: =IF(基因升级!K146="","",基因升级!K$140&"+"&基因升级!K146*100&"%") | C8: =IF(基因升级!L146="","",基因升级!L$140&"+"&基因升级!L146*100&"%") | D8: =IF(基因升级!M146="","",基因升级!M$140&"+"&基因升级!M146*100&"%") | E8: =IF(基因升级!N146="","",基因升级!N$140&"+"&基因升级!N146*100&"%") -> 队长技能冷却+0.75% | F8: =_xlfn.TEXTJOIN("\n",1,A8:E8) -> 队长攻击力+6\n队长技能冷却+0.75% | M8: [{5205001,3},{2,6520}]
A9: =基因升级!$J$140&"+"&基因升级!J147 -> 队长攻击力+6 | B9: =IF(基因升级!K147="","",基因升级!K$140&"+"&基因升级!K147*100&"%") | C9: =IF(基因升级!L147="","",基因升级!L$140&"+"&基因升级!L147*100&"%") | D9: =IF(基因升级!M147="","",基因升级!M$140&"+"&基因升级!M147*100&"%") -> 队长暴击++0.2% | E9: =IF(基因升级!N147="","",基因升级!N$140&"+"&基因升级!N147*100&"%") | F9: =_xlfn.TEXTJOIN("\n",1,A9:E9) -> 队长攻击力+6\n队长暴击++0.2% | M9: [{5205001,3},{2,7640}]
A10: =基因升级!$J$140&"+"&基因升级!J148 -> 队长攻击力+6 | B10: =IF(基因升级!K148="","",基因升级!K$140&"+"&基因升级!K148*100&"%") | C10: =IF(基因升级!L148="","",基因升级!L$140&"+"&基因升级!L148*100&"%") -> 队长暴击伤害+3% | D10: =IF(基因升级!M148="","",基因升级!M$140&"+"&基因升级!M148*100&"%") | E10: =IF(基因升级!N148="","",基因升级!N$140&"+"&基因升级!N148*100&"%") | F10: =_xlfn.TEXTJOIN("\n",1,A10:E10) -> 队长攻击力+6\n队长暴击伤害+3% | M10: [{5205001,3},{2,8760}]
A11: =基因升级!$J$140&"+"&基因升级!J149 -> 队长攻击力+12 | B11: =IF(基因升级!K149="","",基因升级!K$140&"+"&基因升级!K149*100&"%") -> 队长伤害+5% | C11: =IF(基因升级!L149="","",基因升级!L$140&"+"&基因升级!L149*100&"%") | D11: =IF(基因升级!M149="","",基因升级!M$140&"+"&基因升级!M149*100&"%") | E11: =IF(基因升级!N149="","",基因升级!N$140&"+"&基因升级!N149*100&"%") | F11: =_xlfn.TEXTJOIN("\n",1,A11:E11) -> 队长攻击力+12\n队长伤害+5% | M11: [{5205001,3},{2,9880}]
A12: =基因升级!$J$140&"+"&基因升级!J150 -> 队长攻击力+12 | B12: =IF(基因升级!K150="","",基因升级!K$140&"+"&基因升级!K150*100&"%") | C12: =IF(基因升级!L150="","",基因升级!L$140&"+"&基因升级!L150*100&"%") | D12: =IF(基因升级!M150="","",基因升级!M$140&"+"&基因升级!M150*100&"%") | E12: =IF(基因升级!N150="","",基因升级!N$140&"+"&基因升级!N150*100&"%") -> 队长技能冷却+0.75% | F12: =_xlfn.TEXTJOIN("\n",1,A12:E12) -> 队长攻击力+12\n队长技能冷却+0.75% | M12: [{5205001,3},{2,11000}]
A13: =基因升级!$J$140&"+"&基因升级!J151 -> 队长攻击力+12 | B13: =IF(基因升级!K151="","",基因升级!K$140&"+"&基因升级!K151*100&"%") | C13: =IF(基因升级!L151="","",基因升级!L$140&"+"&基因升级!L151*100&"%") | D13: =IF(基因升级!M151="","",基因升级!M$140&"+"&基因升级!M151*100&"%") -> 队长暴击++0.2% | E13: =IF(基因升级!N151="","",基因升级!N$140&"+"&基因升级!N151*100&"%") | F13: =_xlfn.TEXTJOIN("\n",1,A13:E13) -> 队长攻击力+12\n队长暴击++0.2% | M13: [{5205001,3},{2,12120}]
A14: =基因升级!$J$140&"+"&基因升级!J152 -> 队长攻击力+12 | B14: =IF(基因升级!K152="","",基因升级!K$140&"+"&基因升级!K152*100&"%") | C14: =IF(基因升级!L152="","",基因升级!L$140&"+"&基因升级!L152*100&"%") -> 队长暴击伤害+3% | D14: =IF(基因升级!M152="","",基因升级!M$140&"+"&基因升级!M152*100&"%") | E14: =IF(基因升级!N152="","",基因升级!N$140&"+"&基因升级!N152*100&"%") | F14: =_xlfn.TEXTJOIN("\n",1,A14:E14) -> 队长攻击力+12\n队长暴击伤害+3% | M14: [{5205001,3},{2,13240}]
... A62: =基因升级!$J$140&"+"&基因升级!J200 -> 队长攻击力+48 | B62: =IF(基因升级!K200="","",基因升级!K$140&"+"&基因升级!K200*100&"%") | C62: =IF(基因升级!L200="","",基因升级!L$140&"+"&基因升级!L200*100&"%") -> 队长暴击伤害+3% | D62: =IF(基因升级!M200="","",基因升级!M$140&"+"&基因升级!M200*100&"%") | E62: =IF(基因升级!N200="","",基因升级!N$140&"+"&基因升级!N200*100&"%") | F62: =_xlfn.TEXTJOIN("\n",1,A62:E62) -> 队长攻击力+48\n队长暴击伤害+3% | M62: [{5205001,3},{2,100600}]
A63: =基因升级!$J$140&"+"&基因升级!J201 -> 队长攻击力+48 | B63: =IF(基因升级!K201="","",基因升级!K$140&"+"&基因升级!K201*100&"%") -> 队长伤害+5% | C63: =IF(基因升级!L201="","",基因升级!L$140&"+"&基因升级!L201*100&"%") | D63: =IF(基因升级!M201="","",基因升级!M$140&"+"&基因升级!M201*100&"%") | E63: =IF(基因升级!N201="","",基因升级!N$140&"+"&基因升级!N201*100&"%") | F63: =_xlfn.TEXTJOIN("\n",1,A63:E63) -> 队长攻击力+48\n队长伤害+5%
A64: =基因升级!$J$140&"+"&基因升级!J202 -> 队长攻击力+48 | B64: =IF(基因升级!K202="","",基因升级!K$140&"+"&基因升级!K202*100&"%") | C64: =IF(基因升级!L202="","",基因升级!L$140&"+"&基因升级!L202*100&"%") | D64: =IF(基因升级!M202="","",基因升级!M$140&"+"&基因升级!M202*100&"%") | E64: =IF(基因升级!N202="","",基因升级!N$140&"+"&基因升级!N202*100&"%") -> 队长技能冷却+0.75% | F64: =_xlfn.TEXTJOIN("\n",1,A64:E64) -> 队长攻击力+48\n队长技能冷却+0.75%
A65: =基因升级!$J$140&"+"&基因升级!J203 -> 队长攻击力+48 | B65: =IF(基因升级!K203="","",基因升级!K$140&"+"&基因升级!K203*100&"%") | C65: =IF(基因升级!L203="","",基因升级!L$140&"+"&基因升级!L203*100&"%") | D65: =IF(基因升级!M203="","",基因升级!M$140&"+"&基因升级!M203*100&"%") -> 队长暴击++0.2% | E65: =IF(基因升级!N203="","",基因升级!N$140&"+"&基因升级!N203*100&"%") | F65: =_xlfn.TEXTJOIN("\n",1,A65:E65) -> 队长攻击力+48\n队长暴击++0.2%
A66: =基因升级!$J$140&"+"&基因升级!J204 -> 队长攻击力+48 | B66: =IF(基因升级!K204="","",基因升级!K$140&"+"&基因升级!K204*100&"%") | C66: =IF(基因升级!L204="","",基因升级!L$140&"+"&基因升级!L204*100&"%") -> 队长暴击伤害+3% | D66: =IF(基因升级!M204="","",基因升级!M$140&"+"&基因升级!M204*100&"%") | E66: =IF(基因升级!N204="","",基因升级!N$140&"+"&基因升级!N204*100&"%") | F66: =_xlfn.TEXTJOIN("\n",1,A66:E66) -> 队长攻击力+48\n队长暴击伤害+3%
A67: =基因升级!$J$140&"+"&基因升级!J205 -> 队长攻击力+54 | B67: =IF(基因升级!K205="","",基因升级!K$140&"+"&基因升级!K205*100&"%") -> 队长伤害+5% | C67: =IF(基因升级!L205="","",基因升级!L$140&"+"&基因升级!L205*100&"%") | D67: =IF(基因升级!M205="","",基因升级!M$140&"+"&基因升级!M205*100&"%") | E67: =IF(基因升级!N205="","",基因升级!N$140&"+"&基因升级!N205*100&"%") | F67: =_xlfn.TEXTJOIN("\n",1,A67:E67) -> 队长攻击力+54\n队长伤害+5%
A68: =基因升级!$J$140&"+"&基因升级!J206 -> 队长攻击力+54 | B68: =IF(基因升级!K206="","",基因升级!K$140&"+"&基因升级!K206*100&"%") | C68: =IF(基因升级!L206="","",基因升级!L$140&"+"&基因升级!L206*100&"%") | D68: =IF(基因升级!M206="","",基因升级!M$140&"+"&基因升级!M206*100&"%") | E68: =IF(基因升级!N206="","",基因升级!N$140&"+"&基因升级!N206*100&"%") -> 队长技能冷却+0.75% | F68: =_xlfn.TEXTJOIN("\n",1,A68:E68) -> 队长攻击力+54\n队长技能冷却+0.75%
A69: =基因升级!$J$140&"+"&基因升级!J207 -> 队长攻击力+54 | B69: =IF(基因升级!K207="","",基因升级!K$140&"+"&基因升级!K207*100&"%") | C69: =IF(基因升级!L207="","",基因升级!L$140&"+"&基因升级!L207*100&"%") | D69: =IF(基因升级!M207="","",基因升级!M$140&"+"&基因升级!M207*100&"%") -> 队长暴击++0.2% | E69: =IF(基因升级!N207="","",基因升级!N$140&"+"&基因升级!N207*100&"%") | F69: =_xlfn.TEXTJOIN("\n",1,A69:E69) -> 队长攻击力+54\n队长暴击++0.2%
A70: =基因升级!$J$140&"+"&基因升级!J208 -> 队长攻击力+54 | B70: =IF(基因升级!K208="","",基因升级!K$140&"+"&基因升级!K208*100&"%") | C70: =IF(基因升级!L208="","",基因升级!L$140&"+"&基因升级!L208*100&"%") -> 队长暴击伤害+3% | D70: =IF(基因升级!M208="","",基因升级!M$140&"+"&基因升级!M208*100&"%") | E70: =IF(基因升级!N208="","",基因升级!N$140&"+"&基因升级!N208*100&"%") | F70: =_xlfn.TEXTJOIN("\n",1,A70:E70) -> 队长攻击力+54\n队长暴击伤害+3%
A71: =基因升级!$J$140&"+"&基因升级!J209 -> 队长攻击力+54 | B71: =IF(基因升级!K209="","",基因升级!K$140&"+"&基因升级!K209*100&"%") -> 队长伤害+5% | C71: =IF(基因升级!L209="","",基因升级!L$140&"+"&基因升级!L209*100&"%") | D71: =IF(基因升级!M209="","",基因升级!M$140&"+"&基因升级!M209*100&"%") | E71: =IF(基因升级!N209="","",基因升级!N$140&"+"&基因升级!N209*100&"%") | F71: =_xlfn.TEXTJOIN("\n",1,A71:E71) -> 队长攻击力+54\n队长伤害+5%
A72: =基因升级!$J$140&"+"&基因升级!J210 -> 队长攻击力+54 | B72: =IF(基因升级!K210="","",基因升级!K$140&"+"&基因升级!K210*100&"%") | C72: =IF(基因升级!L210="","",基因升级!L$140&"+"&基因升级!L210*100&"%") | D72: =IF(基因升级!M210="","",基因升级!M$140&"+"&基因升级!M210*100&"%") | E72: =IF(基因升级!N210="","",基因升级!N$140&"+"&基因升级!N210*100&"%") -> 队长技能冷却+0.75% | F72: =_xlfn.TEXTJOIN("\n",1,A72:E72) -> 队长攻击力+54\n队长技能冷却+0.75%
A73: =基因升级!$J$140&"+"&基因升级!J211 -> 队长攻击力+54 | B73: =IF(基因升级!K211="","",基因升级!K$140&"+"&基因升级!K211*100&"%") | C73: =IF(基因升级!L211="","",基因升级!L$140&"+"&基因升级!L211*100&"%") | D73: =IF(基因升级!M211="","",基因升级!M$140&"+"&基因升级!M211*100&"%") -> 队长暴击++0.2% | E73: =IF(基因升级!N211="","",基因升级!N$140&"+"&基因升级!N211*100&"%") | F73: =_xlfn.TEXTJOIN("\n",1,A73:E73) -> 队长攻击力+54\n队长暴击++0.2%
A74: =基因升级!$J$140&"+"&基因升级!J212 -> 队长攻击力+54 | B74: =IF(基因升级!K212="","",基因升级!K$140&"+"&基因升级!K212*100&"%") | C74: =IF(基因升级!L212="","",基因升级!L$140&"+"&基因升级!L212*100&"%") -> 队长暴击伤害+3% | D74: =IF(基因升级!M212="","",基因升级!M$140&"+"&基因升级!M212*100&"%") | E74: =IF(基因升级!N212="","",基因升级!N$140&"+"&基因升级!N212*100&"%") | F74: =_xlfn.TEXTJOIN("\n",1,A74:E74) -> 队长攻击力+54\n队长暴击伤害+3%
... A362: =基因升级!$J$140&"+"&基因升级!J500 -> 队长攻击力+174 | B362: =IF(基因升级!K500="","",基因升级!K$140&"+"&基因升级!K500*100&"%") | C362: =IF(基因升级!L500="","",基因升级!L$140&"+"&基因升级!L500*100&"%") -> 队长暴击伤害+3% | D362: =IF(基因升级!M500="","",基因升级!M$140&"+"&基因升级!M500*100&"%") | E362: =IF(基因升级!N500="","",基因升级!N$140&"+"&基因升级!N500*100&"%") | F362: =_xlfn.TEXTJOIN("\n",1,A362:E362) -> 队长攻击力+174\n队长暴击伤害+3%
