Workbook

Sheet 版本日志
A4: 版本号 | B4: 修改内容 | C4: 负责人 | D4: 日期
A5: 1 | B5: 创建文档 | C5: 刁子文 | D5: 46059
A6: 2 | B6: 非R进度改为2-0强度推算值；价值表对齐6-1；删除隐藏的「组队产出旧」；补设计思路 | C6: Claude（按用户要求） | D6: 46315

Sheet 设计思路
A1: 商业化数值
A3: 说明
C5: 设计思路
D7: 金币调整
E8: '金币平衡'!A2:N24
D10: 基因调整
E12: '基因平衡'!A2:I13
D14: 产销汇总：C:G是各分层（非R/小R/中R/大R）的主线进度和每日玩法次数，2-0的宏按它取各玩法的练度档。
D15: 2026-10-20：非R进度（D13:D312）改为2-0强度推算的关卡（D30 82、D60 110、D120 157、D300 180）；小R以上未改。
D16: 各「产出_xxx」表是2-0宏的数据源；主线推图/巡逻/主线宝箱下方的字符串区直接生成配置奖励。
D17: 价值表以《6-1商业化数值2.0版》为准；金币平衡/图纸产出设计/基因平衡核算各资源的产出占比与坑深。
A19: 本页结束

Sheet 金币平衡
B2: 生命周期 | C2: 60
B3: 总坑深 | C3: =SUM(C7:C22)*0.05 -> #N/A
B6: 产出途径 | C6: 产出价值 | D6: 产出频率 | E6: 产出比例 | I6: 长周期提升幅度 | K6: 天数 | L6: 预期天数
B7: 装备分解 | C7: =IF(D7="每日",SUMIF($B$28:$B$327,"<="&$C$2,OFFSET($C$28:$C$327,0,MATCH($B7,$D$27:$T$27,0))),SUMIF($B$28:$B$327,"="&$C$2,OFFSET($C$28:$C$327,0,MATCH($B7,$D$27:$T$27,0)))) -> 710616 | D7: 每日 | E7: =C7/SUM($C$7:$C$23) -> #N/A | F7: #回调 | I7: =SUM(F7:F22)/SUM(C7:C22) -> #N/A | K7: =SUMPRODUCT(--(($U$28:$U$87-$W$28:$W$87)<0),--($B$28:$B$87>0)) -> #N/A | L7: 平衡装备
B8: 金币本扫荡 | C8: =IF(D8="每日",SUMIF($B$28:$B$327,"<="&$C$2,OFFSET($C$28:$C$327,0,MATCH($B8,$D$27:$T$27,0))),SUMIF($B$28:$B$327,"="&$C$2,OFFSET($C$28:$C$327,0,MATCH($B8,$D$27:$T$27,0)))) -> 1270500 | D8: 每日 | E8: =C8/SUM($C$7:$C$23) -> #N/A | F8: #卖一次 | K8: =SUMPRODUCT(--(($U$28:$U$87-$W$28:$W$87-$X$28:$X$87)<0),--($B$28:$B$87>0)) -> #N/A | L8: 装备+基因
B9: 金币本首通 | C9: =IF(D9="每日",SUMIF($B$28:$B$327,"<="&$C$2,OFFSET($C$28:$C$327,0,MATCH($B9,$D$27:$T$27,0))),SUMIF($B$28:$B$327,"="&$C$2,OFFSET($C$28:$C$327,0,MATCH($B9,$D$27:$T$27,0)))) -> 697000 | D9: 一次性产出 | E9: =C9/SUM($C$7:$C$23) -> #N/A | K9: =SUMPRODUCT(--(($U$28:$U$87-$W$28:$W$87-$X$28:$X$87-0.25*$Y$28:$Y$87)<0),--($B$28:$B$87>0)) -> #N/A | L9: 装备基因+商店
B10: 抽卡 | C10: =IF(D10="每日",SUMIF($B$28:$B$327,"<="&$C$2,OFFSET($C$28:$C$327,0,MATCH($B10,$D$27:$T$27,0))),SUMIF($B$28:$B$327,"="&$C$2,OFFSET($C$28:$C$327,0,MATCH($B10,$D$27:$T$27,0)))) -> 454896 | D10: 一次性产出 | E10: =C10/SUM($C$7:$C$23) -> #N/A | F10: #抬一些
B11: 挂机 | C11: =IF(D11="每日",SUMIF($B$28:$B$327,"<="&$C$2,OFFSET($C$28:$C$327,0,MATCH($B11,$D$27:$T$27,0))),SUMIF($B$28:$B$327,"="&$C$2,OFFSET($C$28:$C$327,0,MATCH($B11,$D$27:$T$27,0)))) -> #N/A | D11: 每日 | E11: =C11/SUM($C$7:$C$23) -> #N/A | F11: #翻倍
B12: 主线 | C12: =IF(D12="每日",SUMIF($B$28:$B$327,"<="&$C$2,OFFSET($C$28:$C$327,0,MATCH($B12,$D$27:$T$27,0))),SUMIF($B$28:$B$327,"="&$C$2,OFFSET($C$28:$C$327,0,MATCH($B12,$D$27:$T$27,0)))) -> #N/A | D12: 每日 | E12: =C12/SUM($C$7:$C$23) -> #N/A
B13: 体力扫荡 | C13: =IF(D13="每日",SUMIF($B$28:$B$327,"<="&$C$2,OFFSET($C$28:$C$327,0,MATCH($B13,$D$27:$T$27,0))),SUMIF($B$28:$B$327,"="&$C$2,OFFSET($C$28:$C$327,0,MATCH($B13,$D$27:$T$27,0)))) -> #N/A | D13: 每日 | E13: =C13/SUM($C$7:$C$23) -> #N/A
B14: 组队本 | C14: =IF(D14="每日",SUMIF($B$28:$B$327,"<="&$C$2,OFFSET($C$28:$C$327,0,MATCH($B14,$D$27:$T$27,0))),SUMIF($B$28:$B$327,"="&$C$2,OFFSET($C$28:$C$327,0,MATCH($B14,$D$27:$T$27,0)))) -> 340080 | D14: 每日 | E14: =C14/SUM($C$7:$C$23) -> #N/A
B15: 主线战斗 | C15: =IF(D15="每日",SUMIF($B$28:$B$327,"<="&$C$2,OFFSET($C$28:$C$327,0,MATCH($B15,$D$27:$T$27,0))),SUMIF($B$28:$B$327,"="&$C$2,OFFSET($C$28:$C$327,0,MATCH($B15,$D$27:$T$27,0)))) -> 234600 | D15: 一次性产出 | E15: =C15/SUM($C$7:$C$23) -> #N/A | F15: #放大为2.5
B16: 每日活跃 | C16: =IF(D16="每日",SUMIF($B$28:$B$327,"<="&$C$2,OFFSET($C$28:$C$327,0,MATCH($B16,$D$27:$T$27,0))),SUMIF($B$28:$B$327,"="&$C$2,OFFSET($C$28:$C$327,0,MATCH($B16,$D$27:$T$27,0)))) -> 147428.57 | D16: 每日 | E16: =C16/SUM($C$7:$C$23) -> #N/A
B17: 基因协助 | C17: =IF(D17="每日",SUMIF($B$28:$B$327,"<="&$C$2,OFFSET($C$28:$C$327,0,MATCH($B17,$D$27:$T$27,0))),SUMIF($B$28:$B$327,"="&$C$2,OFFSET($C$28:$C$327,0,MATCH($B17,$D$27:$T$27,0)))) -> 120000 | D17: 每日 | E17: =C17/SUM($C$7:$C$23) -> #N/A
B18: 组队首通 | C18: =IF(D18="每日",SUMIF($B$28:$B$327,"<="&$C$2,OFFSET($C$28:$C$327,0,MATCH($B18,$D$27:$T$27,0))),SUMIF($B$28:$B$327,"="&$C$2,OFFSET($C$28:$C$327,0,MATCH($B18,$D$27:$T$27,0)))) -> 99000 | D18: 一次性产出 | E18: =C18/SUM($C$7:$C$23) -> #N/A
B19: 商城领取 | C19: =IF(D19="每日",SUMIF($B$28:$B$327,"<="&$C$2,OFFSET($C$28:$C$327,0,MATCH($B19,$D$27:$T$27,0))),SUMIF($B$28:$B$327,"="&$C$2,OFFSET($C$28:$C$327,0,MATCH($B19,$D$27:$T$27,0)))) -> 64500 | D19: 每日 | E19: =C19/SUM($C$7:$C$23) -> #N/A
B20: 基金 | C20: =IF(D20="每日",SUMIF($B$28:$B$327,"<="&$C$2,OFFSET($C$28:$C$327,0,MATCH($B20,$D$27:$T$27,0))),SUMIF($B$28:$B$327,"="&$C$2,OFFSET($C$28:$C$327,0,MATCH($B20,$D$27:$T$27,0)))) -> 30000 | D20: 一次性产出 | E20: =C20/SUM($C$7:$C$23) -> #N/A
B21: 协力宝箱 | C21: =IF(D21="每日",SUMIF($B$28:$B$327,"<="&$C$2,OFFSET($C$28:$C$327,0,MATCH($B21,$D$27:$T$27,0))),SUMIF($B$28:$B$327,"="&$C$2,OFFSET($C$28:$C$327,0,MATCH($B21,$D$27:$T$27,0)))) -> 25680 | D21: 每日 | E21: =C21/SUM($C$7:$C$23) -> #N/A
B22: 任务 | C22: =IF(D22="每日",SUMIF($B$28:$B$327,"<="&$C$2,OFFSET($C$28:$C$327,0,MATCH($B22,$D$27:$T$27,0))),SUMIF($B$28:$B$327,"="&$C$2,OFFSET($C$28:$C$327,0,MATCH($B22,$D$27:$T$27,0)))) -> 14100 | D22: 一次性产出 | E22: =C22/SUM($C$7:$C$23) -> #N/A
D24: 修正参数 | E24: 1 | H24: 1 | M24: 1 | S24: 1
B26: =OFFSET(产销汇总!$C$1,0,$C$26) -> 大R | C26: 4 | D26: 一次性产出 | J26: 循环产出 | V26: 折损率 | W26: 1
B27: 天数 | C27: 关卡预期 | D27: 任务 | E27: 主线战斗 | F27: 组队首通 | G27: 基金 | H27: 抽卡 | I27: 金币本首通 | J27: 主线 | K27: 体力扫荡 | L27: 组队本 | M27: 挂机 | N27: 装备分解 | O27: 每日活跃 | P27: 协力宝箱 | Q27: 商城领取 | R27: 基因协助 | S27: 金币本扫荡 | T27: 总产出 | U27: 金币产出 | V27: 金币需求 | W27: 装备消耗 | X27: 基因消耗 | Y27: 商店消耗 | AA27: 金币亏损 | AC27: 预留
B28: 1 | C28: =OFFSET(产销汇总!$C$12,$B28,$C$26) -> 30 | D28: =5500+1800+2100+2700+2000 -> 14100 | E28: =(SUMIF(主线推图!$B$4:$B$303,"<"&C28,主线推图!$M$4:$M$303)+SUMIF(主线宝箱!$B$320:$B$620,"<"&C28,主线宝箱!$L$320:$L$620)+SUMIF(主线宝箱!$B$320:$B$620,"<"&C28,主线宝箱!$X$320:$X$620)+SUMIF(主线宝箱!$B$320:$B$620,"<"&C28,主线宝箱!$AL$320:$AL$620)) -> 49200 | F28: =SUMIF(组队产出!$B$24:$B$39,"<="&MAX(1,INT(C28/10-0.6)),组队产出!$R$24:$R$39) -> 9000 | G28: =SUMIF(运营活动!$O$3:$O$27,"<="&C28,运营活动!$P$3:$P$27) -> 4000 | H28: =OFFSET(产销汇总!$AM$12,B28,$C$26)*24 -> 12072 | I28: =SUMIF(金币本!$F$2:$F$52,"<="&C28,金币本!$D$2:$D$52) -> 49000 | J28: =OFFSET(产销汇总!$C$1,MATCH(J$27,产销汇总!$C$2:$C$8,0),$C$26)*(_xlfn.XLOOKUP(C28,主线推图!$B$313:$B$612,主线推图!$C$313:$C$612)+_xlfn.XLOOKUP(C28,主线推图!$B$313:$B$612,主线推图!$D$313:$D$612)) -> 7436 | K28: =OFFSET(产销汇总!$C$1,MATCH(K$27,产销汇总!$C$2:$C$8,0),$C$26)*_xlfn.XLOOKUP(C28,巡逻产出!$B$311:$B$610,巡逻产出!$C$311:$C$610)*1.3 -> 0 | L28: =OFFSET(产销汇总!$C$1,MATCH(L$27,产销汇总!$C$2:$C$8,0),$C$26)*(_xlfn.XLOOKUP(MAX(1,INT(C28/10-6/10)),组队产出!$B$24:$B$39,组队产出!$D$24:$D$39))+OFFSET(产销汇总!$C$1,MATCH(L$27,产销汇总!$C$2:$C$8,0),$C$26)*(_xlfn.XLOOKUP(MAX(1,INT(C28/10-6/10)),组队产出!$B$24:$B$39,组队产出!$C$24:$C$39)) -> 4056 | M28: =(OFFSET(产销汇总!$C$1,MATCH(M$27,产销汇总!$C$2:$C$8,0),$C$26)*_xlfn.XLOOKUP(C28,巡逻产出!$B$311:$B$610,巡逻产出!$D$311:$D$610))*$M$24 -> 5272.8 | N28: =OFFSET(产销汇总!$C$1,MATCH(L$27,产销汇总!$C$2:$C$8,0),$C$26)*(_xlfn.XLOOKUP(MAX(1,INT(C28/10-6/10)),组队产出!$B$24:$B$39,组队产出!$S$24:$S$39)) -> 2664 | O28: =任务!$D$36 -> 2457.1429 | P28: =INT(300*10/7) -> 428 | Q28: =IF(MOD(B28,7)=1,500,0)+1000+IF(AND($C$26=4,B28<=0),40000,0) -> 1500 | R28: 2000 | S28: =IFERROR(OFFSET(金币本!$E$2,MATCH(C28,金币本!$F$3:$F$302,1),0)*IF($C$26=1,2,3),0) -> 7500 | T28: =SUM($J$28:S28)+SUM(D28:I28) -> 170685.94 | U28: =T28 -> 170685.94 | V28: =SUM(W28:Y28) -> 175910 | W28: =OFFSET(装备强化!$U$6,MATCH(图纸产出设计!V29/6*W$26,装备强化!$T$7:$T$306,1),0)*6 -> 151200 | X28: 8710 | Y28: =IF(C26=1,12000,IF(C26=2,12000,IF(C26=3,16000,16000))) -> 16000 | AA28: =U28/V28 -> 0.97030267 | AB28: =U28-V28 -> -5224.0571 | AC28: =SUMIFS(装备强化!$Q$7:$Q$306,装备强化!$M$7:$M$306,"<="&MATCH(U28/6,装备强化!$U$7:$U$306,1),装备强化!$M$7:$M$306,">="&MATCH(V28/6,装备强化!$U$7:$U$306,1))*6 -> 354
B29: 2 | C29: =OFFSET(产销汇总!$C$12,$B29,$C$26) -> 35 | D29: =D28 -> 14100 | E29: =(SUMIF(主线推图!$B$4:$B$303,"<"&C29,主线推图!$M$4:$M$303)+SUMIF(主线宝箱!$B$320:$B$620,"<"&C29,主线宝箱!$L$320:$L$620)+SUMIF(主线宝箱!$B$320:$B$620,"<"&C29,主线宝箱!$X$320:$X$620)+SUMIF(主线宝箱!$B$320:$B$620,"<"&C29,主线宝箱!$AL$320:$AL$620)) -> 58200 | F29: =SUMIF(组队产出!$B$24:$B$39,"<="&MAX(1,INT(C29/10-0.6)),组队产出!$R$24:$R$39) -> 9000 | G29: =SUMIF(运营活动!$O$3:$O$27,"<="&C29,运营活动!$P$3:$P$27) -> 5000 | H29: =OFFSET(产销汇总!$AM$12,B29,$C$26)*24 -> 22752 | I29: =SUMIF(金币本!$F$2:$F$52,"<="&C29,金币本!$D$2:$D$52) -> 72000 | J29: =OFFSET(产销汇总!$C$1,MATCH(J$27,产销汇总!$C$2:$C$8,0),$C$26)*(_xlfn.XLOOKUP(C29,主线推图!$B$313:$B$612,主线推图!$C$313:$C$612)+_xlfn.XLOOKUP(C29,主线推图!$B$313:$B$612,主线推图!$D$313:$D$612)) -> 7656 | K29: =OFFSET(产销汇总!$C$1,MATCH(K$27,产销汇总!$C$2:$C$8,0),$C$26)*_xlfn.XLOOKUP(C29,巡逻产出!$B$311:$B$610,巡逻产出!$C$311:$C$610)*1.3 -> 0 | L29: =OFFSET(产销汇总!$C$1,MATCH(L$27,产销汇总!$C$2:$C$8,0),$C$26)*(_xlfn.XLOOKUP(MAX(1,INT(C29/10-6/10)),组队产出!$B$24:$B$39,组队产出!$D$24:$D$39))+OFFSET(产销汇总!$C$1,MATCH(L$27,产销汇总!$C$2:$C$8,0),$C$26)*(_xlfn.XLOOKUP(MAX(1,INT(C29/10-6/10)),组队产出!$B$24:$B$39,组队产出!$C$24:$C$39)) -> 4056 | M29: =(OFFSET(产销汇总!$C$1,MATCH(M$27,产销汇总!$C$2:$C$8,0),$C$26)*_xlfn.XLOOKUP(C29,巡逻产出!$B$311:$B$610,巡逻产出!$D$311:$D$610))*$M$24 -> 5428.8 | N29: =OFFSET(产销汇总!$C$1,MATCH(L$27,产销汇总!$C$2:$C$8,0),$C$26)*(_xlfn.XLOOKUP(MAX(1,INT(C29/10-6/10)),组队产出!$B$24:$B$39,组队产出!$S$24:$S$39)) -> 2664 | O29: =任务!$D$36 -> 2457.1429 | P29: =INT(300*10/7) -> 428 | Q29: =IF(MOD(B29,7)=1,500,0)+1000+IF(AND($C$26=4,B29<=0),40000,0) -> 1000 | R29: =R28 -> 2000 | S29: =IFERROR(OFFSET(金币本!$E$2,MATCH(C29,金币本!$F$3:$F$302,1),0)*IF($C$26=1,2,3),0) -> 9000 | T29: =SUM($J$28:S29)+SUM(D29:I29) -> 249055.89 | U29: =T29 -> 249055.89 | V29: =SUM(W29:Y29) -> 281110 | W29: =OFFSET(装备强化!$U$6,MATCH(图纸产出设计!V30/6*W$26,装备强化!$T$7:$T$306,1),0)*6 -> 234000 | X29: 15110 | Y29: =Y28+$Y$28*Z29 -> 32000 | Z29: 1 | AA29: =U29/V29 -> 0.88597306 | AB29: =U29-V29 -> -32054.114 | AC29: =SUMIFS(装备强化!$Q$7:$Q$306,装备强化!$M$7:$M$306,"<="&MATCH(U29/6,装备强化!$U$7:$U$306,1),装备强化!$M$7:$M$306,">="&MATCH(V29/6,装备强化!$U$7:$U$306,1))*6 -> 0 | AD29: =AC29/B29 -> 0 | AE29: =AVERAGE(AD29:AD327) -> 2.108616
B30: 3 | C30: =OFFSET(产销汇总!$C$12,$B30,$C$26) -> 40 | D30: =D29 -> 14100 | E30: =(SUMIF(主线推图!$B$4:$B$303,"<"&C30,主线推图!$M$4:$M$303)+SUMIF(主线宝箱!$B$320:$B$620,"<"&C30,主线宝箱!$L$320:$L$620)+SUMIF(主线宝箱!$B$320:$B$620,"<"&C30,主线宝箱!$X$320:$X$620)+SUMIF(主线宝箱!$B$320:$B$620,"<"&C30,主线宝箱!$AL$320:$AL$620)) -> 67200 | F30: =SUMIF(组队产出!$B$24:$B$39,"<="&MAX(1,INT(C30/10-0.6)),组队产出!$R$24:$R$39) -> 15000 | G30: =SUMIF(运营活动!$O$3:$O$27,"<="&C30,运营活动!$P$3:$P$27) -> 6000 | H30: =OFFSET(产销汇总!$AM$12,B30,$C$26)*24 -> 31464 | I30: =SUMIF(金币本!$F$2:$F$52,"<="&C30,金币本!$D$2:$D$52) -> 85000 | J30: =OFFSET(产销汇总!$C$1,MATCH(J$27,产销汇总!$C$2:$C$8,0),$C$26)*(_xlfn.XLOOKUP(C30,主线推图!$B$313:$B$612,主线推图!$C$313:$C$612)+_xlfn.XLOOKUP(C30,主线推图!$B$313:$B$612,主线推图!$D$313:$D$612)) -> 7876 | K30: =OFFSET(产销汇总!$C$1,MATCH(K$27,产销汇总!$C$2:$C$8,0),$C$26)*_xlfn.XLOOKUP(C30,巡逻产出!$B$311:$B$610,巡逻产出!$C$311:$C$610)*1.3 -> 0 | L30: =OFFSET(产销汇总!$C$1,MATCH(L$27,产销汇总!$C$2:$C$8,0),$C$26)*(_xlfn.XLOOKUP(MAX(1,INT(C30/10-6/10)),组队产出!$B$24:$B$39,组队产出!$D$24:$D$39))+OFFSET(产销汇总!$C$1,MATCH(L$27,产销汇总!$C$2:$C$8,0),$C$26)*(_xlfn.XLOOKUP(MAX(1,INT(C30/10-6/10)),组队产出!$B$24:$B$39,组队产出!$C$24:$C$39)) -> 4296 | M30: =(OFFSET(产销汇总!$C$1,MATCH(M$27,产销汇总!$C$2:$C$8,0),$C$26)*_xlfn.XLOOKUP(C30,巡逻产出!$B$311:$B$610,巡逻产出!$D$311:$D$610))*$M$24 -> 5584.8 | N30: =OFFSET(产销汇总!$C$1,MATCH(L$27,产销汇总!$C$2:$C$8,0),$C$26)*(_xlfn.XLOOKUP(MAX(1,INT(C30/10-6/10)),组队产出!$B$24:$B$39,组队产出!$S$24:$S$39)) -> 3396 | O30: =任务!$D$36 -> 2457.1429 | P30: =INT(300*10/7) -> 428 | Q30: =IF(MOD(B30,7)=1,500,0)+1000+IF(AND($C$26=4,B30<=0),40000,0) -> 1000 | R30: =R29 -> 2000 | S30: =IFERROR(OFFSET(金币本!$E$2,MATCH(C30,金币本!$F$3:$F$302,1),0)*IF($C$26=1,2,3),0) -> 9750 | T30: =SUM($J$28:S30)+SUM(D30:I30) -> 323555.83 | U30: =T30 -> 323555.83 | V30: =SUM(W30:Y30) -> 391660 | W30: =OFFSET(装备强化!$U$6,MATCH(图纸产出设计!V31/6*W$26,装备强化!$T$7:$T$306,1),0)*6 -> 320400 | X30: 23260 | Y30: =Y29+$Y$28*Z30 -> 48000 | Z30: 1 | AA30: =U30/V30 -> 0.82611405 | AB30: =U30-V30 -> -68104.171 | AC30: =SUMIFS(装备强化!$Q$7:$Q$306,装备强化!$M$7:$M$306,"<="&MATCH(U30/6,装备强化!$U$7:$U$306,1),装备强化!$M$7:$M$306,">="&MATCH(V30/6,装备强化!$U$7:$U$306,1))*6 -> 0 | AD30: =AC30/B30 -> 0
B31: 4 | C31: =OFFSET(产销汇总!$C$12,$B31,$C$26) -> 46 | D31: =D30 -> 14100 | E31: =(SUMIF(主线推图!$B$4:$B$303,"<"&C31,主线推图!$M$4:$M$303)+SUMIF(主线宝箱!$B$320:$B$620,"<"&C31,主线宝箱!$L$320:$L$620)+SUMIF(主线宝箱!$B$320:$B$620,"<"&C31,主线宝箱!$X$320:$X$620)+SUMIF(主线宝箱!$B$320:$B$620,"<"&C31,主线宝箱!$AL$320:$AL$620)) -> 78000 | F31: =SUMIF(组队产出!$B$24:$B$39,"<="&MAX(1,INT(C31/10-0.6)),组队产出!$R$24:$R$39) -> 21000 | G31: =SUMIF(运营活动!$O$3:$O$27,"<="&C31,运营活动!$P$3:$P$27) -> 7500 | H31: =OFFSET(产销汇总!$AM$12,B31,$C$26)*24 -> 42528 | I31: =SUMIF(金币本!$F$2:$F$52,"<="&C31,金币本!$D$2:$D$52) -> 114000 | J31: =OFFSET(产销汇总!$C$1,MATCH(J$27,产销汇总!$C$2:$C$8,0),$C$26)*(_xlfn.XLOOKUP(C31,主线推图!$B$313:$B$612,主线推图!$C$313:$C$612)+_xlfn.XLOOKUP(C31,主线推图!$B$313:$B$612,主线推图!$D$313:$D$612)) -> 8140 | K31: =OFFSET(产销汇总!$C$1,MATCH(K$27,产销汇总!$C$2:$C$8,0),$C$26)*_xlfn.XLOOKUP(C31,巡逻产出!$B$311:$B$610,巡逻产出!$C$311:$C$610)*1.3 -> 0 | L31: =OFFSET(产销汇总!$C$1,MATCH(L$27,产销汇总!$C$2:$C$8,0),$C$26)*(_xlfn.XLOOKUP(MAX(1,INT(C31/10-6/10)),组队产出!$B$24:$B$39,组队产出!$D$24:$D$39))+OFFSET(产销汇总!$C$1,MATCH(L$27,产销汇总!$C$2:$C$8,0),$C$26)*(_xlfn.XLOOKUP(MAX(1,INT(C31/10-6/10)),组队产出!$B$24:$B$39,组队产出!$C$24:$C$39)) -> 4536 | M31: =(OFFSET(产销汇总!$C$1,MATCH(M$27,产销汇总!$C$2:$C$8,0),$C$26)*_xlfn.XLOOKUP(C31,巡逻产出!$B$311:$B$610,巡逻产出!$D$311:$D$610))*$M$24 -> 5772 | N31: =OFFSET(产销汇总!$C$1,MATCH(L$27,产销汇总!$C$2:$C$8,0),$C$26)*(_xlfn.XLOOKUP(MAX(1,INT(C31/10-6/10)),组队产出!$B$24:$B$39,组队产出!$S$24:$S$39)) -> 4920 | O31: =任务!$D$36 -> 2457.1429 | P31: =INT(300*10/7) -> 428 | Q31: =IF(MOD(B31,7)=1,500,0)+1000+IF(AND($C$26=4,B31<=0),40000,0) -> 1000 | R31: =R30 -> 2000 | S31: =IFERROR(OFFSET(金币本!$E$2,MATCH(C31,金币本!$F$3:$F$302,1),0)*IF($C$26=1,2,3),0) -> 11250 | T31: =SUM($J$28:S31)+SUM(D31:I31) -> 422422.97 | U31: =T31 -> 422422.97 | V31: =SUM(W31:Y31) -> 469440 | W31: =OFFSET(装备强化!$U$6,MATCH(图纸产出设计!V32/6*W$26,装备强化!$T$7:$T$306,1),0)*6 -> 374400 | X31: 31040 | Y31: =Y30+$Y$28*Z31 -> 64000 | Z31: 1 | AA31: =U31/V31 -> 0.89984443 | AB31: =U31-V31 -> -47017.029 | AC31: =SUMIFS(装备强化!$Q$7:$Q$306,装备强化!$M$7:$M$306,"<="&MATCH(U31/6,装备强化!$U$7:$U$306,1),装备强化!$M$7:$M$306,">="&MATCH(V31/6,装备强化!$U$7:$U$306,1))*6 -> 0 | AD31: =AC31/B31 -> 0
B32: 5 | C32: =OFFSET(产销汇总!$C$12,$B32,$C$26) -> 55 | D32: =D31 -> 14100 | E32: =(SUMIF(主线推图!$B$4:$B$303,"<"&C32,主线推图!$M$4:$M$303)+SUMIF(主线宝箱!$B$320:$B$620,"<"&C32,主线宝箱!$L$320:$L$620)+SUMIF(主线宝箱!$B$320:$B$620,"<"&C32,主线宝箱!$X$320:$X$620)+SUMIF(主线宝箱!$B$320:$B$620,"<"&C32,主线宝箱!$AL$320:$AL$620)) -> 94200 | F32: =SUMIF(组队产出!$B$24:$B$39,"<="&MAX(1,INT(C32/10-0.6)),组队产出!$R$24:$R$39) -> 21000 | G32: =SUMIF(运营活动!$O$3:$O$27,"<="&C32,运营活动!$P$3:$P$27) -> 10500 | H32: =OFFSET(产销汇总!$AM$12,B32,$C$26)*24 -> 51120 | I32: =SUMIF(金币本!$F$2:$F$52,"<="&C32,金币本!$D$2:$D$52) -> 165000 | J32: =OFFSET(产销汇总!$C$1,MATCH(J$27,产销汇总!$C$2:$C$8,0),$C$26)*(_xlfn.XLOOKUP(C32,主线推图!$B$313:$B$612,主线推图!$C$313:$C$612)+_xlfn.XLOOKUP(C32,主线推图!$B$313:$B$612,主线推图!$D$313:$D$612)) -> 8536 | K32: =OFFSET(产销汇总!$C$1,MATCH(K$27,产销汇总!$C$2:$C$8,0),$C$26)*_xlfn.XLOOKUP(C32,巡逻产出!$B$311:$B$610,巡逻产出!$C$311:$C$610)*1.3 -> 0 | L32: =OFFSET(产销汇总!$C$1,MATCH(L$27,产销汇总!$C$2:$C$8,0),$C$26)*(_xlfn.XLOOKUP(MAX(1,INT(C32/10-6/10)),组队产出!$B$24:$B$39,组队产出!$D$24:$D$39))+OFFSET(产销汇总!$C$1,MATCH(L$27,产销汇总!$C$2:$C$8,0),$C$26)*(_xlfn.XLOOKUP(MAX(1,INT(C32/10-6/10)),组队产出!$B$24:$B$39,组队产出!$C$24:$C$39)) -> 4536 | M32: =(OFFSET(产销汇总!$C$1,MATCH(M$27,产销汇总!$C$2:$C$8,0),$C$26)*_xlfn.XLOOKUP(C32,巡逻产出!$B$311:$B$610,巡逻产出!$D$311:$D$610))*$M$24 -> 6052.8 | N32: =OFFSET(产销汇总!$C$1,MATCH(L$27,产销汇总!$C$2:$C$8,0),$C$26)*(_xlfn.XLOOKUP(MAX(1,INT(C32/10-6/10)),组队产出!$B$24:$B$39,组队产出!$S$24:$S$39)) -> 4920 | O32: =任务!$D$36 -> 2457.1429 | P32: =INT(300*10/7) -> 428 | Q32: =IF(MOD(B32,7)=1,500,0)+1000+IF(AND($C$26=4,B32<=0),40000,0) -> 1000 | R32: =R31 -> 2000 | S32: =IFERROR(OFFSET(金币本!$E$2,MATCH(C32,金币本!$F$3:$F$302,1),0)*IF($C$26=1,2,3),0) -> 13500 | T32: =SUM($J$28:S32)+SUM(D32:I32) -> 544644.91 | U32: =T32 -> 544644.91 | V32: =SUM(W32:Y32) -> 559140 | W32: =OFFSET(装备强化!$U$6,MATCH(图纸产出设计!V33/6*W$26,装备强化!$T$7:$T$306,1),0)*6 -> 439200 | X32: 39940 | Y32: =Y31+$Y$28*Z32 -> 80000 | Z32: 1 | AA32: =U32/V32 -> 0.97407611 | AB32: =U32-V32 -> -14495.086 | AC32: =SUMIFS(装备强化!$Q$7:$Q$306,装备强化!$M$7:$M$306,"<="&MATCH(U32/6,装备强化!$U$7:$U$306,1),装备强化!$M$7:$M$306,">="&MATCH(V32/6,装备强化!$U$7:$U$306,1))*6 -> 0 | AD32: =AC32/B32 -> 0
B33: 6 | C33: =OFFSET(产销汇总!$C$12,$B33,$C$26) -> 57 | D33: =D32 -> 14100 | E33: =(SUMIF(主线推图!$B$4:$B$303,"<"&C33,主线推图!$M$4:$M$303)+SUMIF(主线宝箱!$B$320:$B$620,"<"&C33,主线宝箱!$L$320:$L$620)+SUMIF(主线宝箱!$B$320:$B$620,"<"&C33,主线宝箱!$X$320:$X$620)+SUMIF(主线宝箱!$B$320:$B$620,"<"&C33,主线宝箱!$AL$320:$AL$620)) -> 97800 | F33: =SUMIF(组队产出!$B$24:$B$39,"<="&MAX(1,INT(C33/10-0.6)),组队产出!$R$24:$R$39) -> 28500 | G33: =SUMIF(运营活动!$O$3:$O$27,"<="&C33,运营活动!$P$3:$P$27) -> 12000 | H33: =OFFSET(产销汇总!$AM$12,B33,$C$26)*24 -> 59544 | I33: =SUMIF(金币本!$F$2:$F$52,"<="&C33,金币本!$D$2:$D$52) -> 165000 | J33: =OFFSET(产销汇总!$C$1,MATCH(J$27,产销汇总!$C$2:$C$8,0),$C$26)*(_xlfn.XLOOKUP(C33,主线推图!$B$313:$B$612,主线推图!$C$313:$C$612)+_xlfn.XLOOKUP(C33,主线推图!$B$313:$B$612,主线推图!$D$313:$D$612)) -> 8624 | K33: =OFFSET(产销汇总!$C$1,MATCH(K$27,产销汇总!$C$2:$C$8,0),$C$26)*_xlfn.XLOOKUP(C33,巡逻产出!$B$311:$B$610,巡逻产出!$C$311:$C$610)*1.3 -> 0 | L33: =OFFSET(产销汇总!$C$1,MATCH(L$27,产销汇总!$C$2:$C$8,0),$C$26)*(_xlfn.XLOOKUP(MAX(1,INT(C33/10-6/10)),组队产出!$B$24:$B$39,组队产出!$D$24:$D$39))+OFFSET(产销汇总!$C$1,MATCH(L$27,产销汇总!$C$2:$C$8,0),$C$26)*(_xlfn.XLOOKUP(MAX(1,INT(C33/10-6/10)),组队产出!$B$24:$B$39,组队产出!$C$24:$C$39)) -> 4776 | M33: =(OFFSET(产销汇总!$C$1,MATCH(M$27,产销汇总!$C$2:$C$8,0),$C$26)*_xlfn.XLOOKUP(C33,巡逻产出!$B$311:$B$610,巡逻产出!$D$311:$D$610))*$M$24 -> 6115.2 | N33: =OFFSET(产销汇总!$C$1,MATCH(L$27,产销汇总!$C$2:$C$8,0),$C$26)*(_xlfn.XLOOKUP(MAX(1,INT(C33/10-6/10)),组队产出!$B$24:$B$39,组队产出!$S$24:$S$39)) -> 6138 | O33: =任务!$D$36 -> 2457.1429 | P33: =INT(300*10/7) -> 428 | Q33: =IF(MOD(B33,7)=1,500,0)+1000+IF(AND($C$26=4,B33<=0),40000,0) -> 1000 | R33: =R32 -> 2000 | S33: =IFERROR(OFFSET(金币本!$E$2,MATCH(C33,金币本!$F$3:$F$302,1),0)*IF($C$26=1,2,3),0) -> 13500 | T33: =SUM($J$28:S33)+SUM(D33:I33) -> 610707.26 | U33: =T33 -> 610707.26 | V33: =SUM(W33:Y33) -> 625750 | W33: =OFFSET(装备强化!$U$6,MATCH(图纸产出设计!V34/6*W$26,装备强化!$T$7:$T$306,1),0)*6 -> 482400 | X33: 47350 | Y33: =Y32+$Y$28*Z33 -> 96000 | Z33: 1 | AA33: =U33/V33 -> 0.97596046 | AB33: =U33-V33 -> -15042.743 | AC33: =SUMIFS(装备强化!$Q$7:$Q$306,装备强化!$M$7:$M$306,"<="&MATCH(U33/6,装备强化!$U$7:$U$306,1),装备强化!$M$7:$M$306,">="&MATCH(V33/6,装备强化!$U$7:$U$306,1))*6 -> 744 | AD33: =AC33/B33 -> 124
B34: 7 | C34: =OFFSET(产销汇总!$C$12,$B34,$C$26) -> 60 | D34: =D33 -> 14100 | E34: =(SUMIF(主线推图!$B$4:$B$303,"<"&C34,主线推图!$M$4:$M$303)+SUMIF(主线宝箱!$B$320:$B$620,"<"&C34,主线宝箱!$L$320:$L$620)+SUMIF(主线宝箱!$B$320:$B$620,"<"&C34,主线宝箱!$X$320:$X$620)+SUMIF(主线宝箱!$B$320:$B$620,"<"&C34,主线宝箱!$AL$320:$AL$620)) -> 103200 | F34: =SUMIF(组队产出!$B$24:$B$39,"<="&MAX(1,INT(C34/10-0.6)),组队产出!$R$24:$R$39) -> 28500 | G34: =SUMIF(运营活动!$O$3:$O$27,"<="&C34,运营活动!$P$3:$P$27) -> 12000 | H34: =OFFSET(产销汇总!$AM$12,B34,$C$26)*24 -> 70632 | I34: =SUMIF(金币本!$F$2:$F$52,"<="&C34,金币本!$D$2:$D$52) -> 184000 | J34: =OFFSET(产销汇总!$C$1,MATCH(J$27,产销汇总!$C$2:$C$8,0),$C$26)*(_xlfn.XLOOKUP(C34,主线推图!$B$313:$B$612,主线推图!$C$313:$C$612)+_xlfn.XLOOKUP(C34,主线推图!$B$313:$B$612,主线推图!$D$313:$D$612)) -> 8756 | K34: =OFFSET(产销汇总!$C$1,MATCH(K$27,产销汇总!$C$2:$C$8,0),$C$26)*_xlfn.XLOOKUP(C34,巡逻产出!$B$311:$B$610,巡逻产出!$C$311:$C$610)*1.3 -> 0 | L34: =OFFSET(产销汇总!$C$1,MATCH(L$27,产销汇总!$C$2:$C$8,0),$C$26)*(_xlfn.XLOOKUP(MAX(1,INT(C34/10-6/10)),组队产出!$B$24:$B$39,组队产出!$D$24:$D$39))+OFFSET(产销汇总!$C$1,MATCH(L$27,产销汇总!$C$2:$C$8,0),$C$26)*(_xlfn.XLOOKUP(MAX(1,INT(C34/10-6/10)),组队产出!$B$24:$B$39,组队产出!$C$24:$C$39)) -> 4776 | M34: =(OFFSET(产销汇总!$C$1,MATCH(M$27,产销汇总!$C$2:$C$8,0),$C$26)*_xlfn.XLOOKUP(C34,巡逻产出!$B$311:$B$610,巡逻产出!$D$311:$D$610))*$M$24 -> 6208.8 | N34: =OFFSET(产销汇总!$C$1,MATCH(L$27,产销汇总!$C$2:$C$8,0),$C$26)*(_xlfn.XLOOKUP(MAX(1,INT(C34/10-6/10)),组队产出!$B$24:$B$39,组队产出!$S$24:$S$39)) -> 6138 | O34: =任务!$D$36 -> 2457.1429 | P34: =INT(300*10/7) -> 428 | Q34: =IF(MOD(B34,7)=1,500,0)+1000+IF(AND($C$26=4,B34<=0),40000,0) -> 1000 | R34: =R33 -> 2000 | S34: =IFERROR(OFFSET(金币本!$E$2,MATCH(C34,金币本!$F$3:$F$302,1),0)*IF($C$26=1,2,3),0) -> 14250 | T34: =SUM($J$28:S34)+SUM(D34:I34) -> 692209.2 | U34: =T34 -> 692209.2 | V34: =SUM(W34:Y34) -> 696590 | W34: =OFFSET(装备强化!$U$6,MATCH(图纸产出设计!V35/6*W$26,装备强化!$T$7:$T$306,1),0)*6 -> 529200 | X34: 55390 | Y34: =Y33+$Y$28*Z34 -> 112000 | Z34: 1 | AA34: =U34/V34 -> 0.99371108 | AB34: =U34-V34 -> -4380.8 | AC34: =SUMIFS(装备强化!$Q$7:$Q$306,装备强化!$M$7:$M$306,"<="&MATCH(U34/6,装备强化!$U$7:$U$306,1),装备强化!$M$7:$M$306,">="&MATCH(V34/6,装备强化!$U$7:$U$306,1))*6 -> 792 | AD34: =AC34/B34 -> 113.14286
B35: 8 | C35: =OFFSET(产销汇总!$C$12,$B35,$C$26) -> 63 | D35: =D34 -> 14100 | E35: =(SUMIF(主线推图!$B$4:$B$303,"<"&C35,主线推图!$M$4:$M$303)+SUMIF(主线宝箱!$B$320:$B$620,"<"&C35,主线宝箱!$L$320:$L$620)+SUMIF(主线宝箱!$B$320:$B$620,"<"&C35,主线宝箱!$X$320:$X$620)+SUMIF(主线宝箱!$B$320:$B$620,"<"&C35,主线宝箱!$AL$320:$AL$620)) -> 108600 | F35: =SUMIF(组队产出!$B$24:$B$39,"<="&MAX(1,INT(C35/10-0.6)),组队产出!$R$24:$R$39) -> 28500 | G35: =SUMIF(运营活动!$O$3:$O$27,"<="&C35,运营活动!$P$3:$P$27) -> 12000 | H35: =OFFSET(产销汇总!$AM$12,B35,$C$26)*24 -> 77880 | I35: =SUMIF(金币本!$F$2:$F$52,"<="&C35,金币本!$D$2:$D$52) -> 204000 | J35: =OFFSET(产销汇总!$C$1,MATCH(J$27,产销汇总!$C$2:$C$8,0),$C$26)*(_xlfn.XLOOKUP(C35,主线推图!$B$313:$B$612,主线推图!$C$313:$C$612)+_xlfn.XLOOKUP(C35,主线推图!$B$313:$B$612,主线推图!$D$313:$D$612)) -> 8888 | K35: =OFFSET(产销汇总!$C$1,MATCH(K$27,产销汇总!$C$2:$C$8,0),$C$26)*_xlfn.XLOOKUP(C35,巡逻产出!$B$311:$B$610,巡逻产出!$C$311:$C$610)*1.3 -> 0 | L35: =OFFSET(产销汇总!$C$1,MATCH(L$27,产销汇总!$C$2:$C$8,0),$C$26)*(_xlfn.XLOOKUP(MAX(1,INT(C35/10-6/10)),组队产出!$B$24:$B$39,组队产出!$D$24:$D$39))+OFFSET(产销汇总!$C$1,MATCH(L$27,产销汇总!$C$2:$C$8,0),$C$26)*(_xlfn.XLOOKUP(MAX(1,INT(C35/10-6/10)),组队产出!$B$24:$B$39,组队产出!$C$24:$C$39)) -> 4776 | M35: =(OFFSET(产销汇总!$C$1,MATCH(M$27,产销汇总!$C$2:$C$8,0),$C$26)*_xlfn.XLOOKUP(C35,巡逻产出!$B$311:$B$610,巡逻产出!$D$311:$D$610))*$M$24 -> 6302.4 | N35: =OFFSET(产销汇总!$C$1,MATCH(L$27,产销汇总!$C$2:$C$8,0),$C$26)*(_xlfn.XLOOKUP(MAX(1,INT(C35/10-6/10)),组队产出!$B$24:$B$39,组队产出!$S$24:$S$39)) -> 6138 | O35: =任务!$D$36 -> 2457.1429 | P35: =INT(300*10/7) -> 428 | Q35: =IF(MOD(B35,7)=1,500,0)+1000+IF(AND($C$26=4,B35<=0),40000,0) -> 1500 | R35: =R34 -> 2000 | S35: =IFERROR(OFFSET(金币本!$E$2,MATCH(C35,金币本!$F$3:$F$302,1),0)*IF($C$26=1,2,3),0) -> 15000 | T35: =SUM($J$28:S35)+SUM(D35:I35) -> 772346.74 | U35: =T35 -> 772346.74 | V35: =SUM(W35:Y35) -> 787660 | W35: =OFFSET(装备强化!$U$6,MATCH(图纸产出设计!V36/6*W$26,装备强化!$T$7:$T$306,1),0)*6 -> 579600 | X35: 64060 | Y35: =Y34+$Y$28*Z35 -> 144000 | Z35: 2 | AA35: =U35/V35 -> 0.98055854 | AB35: =U35-V35 -> -15313.257 | AC35: =SUMIFS(装备强化!$Q$7:$Q$306,装备强化!$M$7:$M$306,"<="&MATCH(U35/6,装备强化!$U$7:$U$306,1),装备强化!$M$7:$M$306,">="&MATCH(V35/6,装备强化!$U$7:$U$306,1))*6 -> 864 | AD35: =AC35/B35 -> 108
B36: 9 | C36: =OFFSET(产销汇总!$C$12,$B36,$C$26) -> 66 | D36: =D35 -> 14100 | E36: =(SUMIF(主线推图!$B$4:$B$303,"<"&C36,主线推图!$M$4:$M$303)+SUMIF(主线宝箱!$B$320:$B$620,"<"&C36,主线宝箱!$L$320:$L$620)+SUMIF(主线宝箱!$B$320:$B$620,"<"&C36,主线宝箱!$X$320:$X$620)+SUMIF(主线宝箱!$B$320:$B$620,"<"&C36,主线宝箱!$AL$320:$AL$620)) -> 114000 | F36: =SUMIF(组队产出!$B$24:$B$39,"<="&MAX(1,INT(C36/10-0.6)),组队产出!$R$24:$R$39) -> 36000 | G36: =SUMIF(运营活动!$O$3:$O$27,"<="&C36,运营活动!$P$3:$P$27) -> 14000 | H36: =OFFSET(产销汇总!$AM$12,B36,$C$26)*24 -> 85128 | I36: =SUMIF(金币本!$F$2:$F$52,"<="&C36,金币本!$D$2:$D$52) -> 204000 | J36: =OFFSET(产销汇总!$C$1,MATCH(J$27,产销汇总!$C$2:$C$8,0),$C$26)*(_xlfn.XLOOKUP(C36,主线推图!$B$313:$B$612,主线推图!$C$313:$C$612)+_xlfn.XLOOKUP(C36,主线推图!$B$313:$B$612,主线推图!$D$313:$D$612)) -> 9020 | K36: =OFFSET(产销汇总!$C$1,MATCH(K$27,产销汇总!$C$2:$C$8,0),$C$26)*_xlfn.XLOOKUP(C36,巡逻产出!$B$311:$B$610,巡逻产出!$C$311:$C$610)*1.3 -> 0 | L36: =OFFSET(产销汇总!$C$1,MATCH(L$27,产销汇总!$C$2:$C$8,0),$C$26)*(_xlfn.XLOOKUP(MAX(1,INT(C36/10-6/10)),组队产出!$B$24:$B$39,组队产出!$D$24:$D$39))+OFFSET(产销汇总!$C$1,MATCH(L$27,产销汇总!$C$2:$C$8,0),$C$26)*(_xlfn.XLOOKUP(MAX(1,INT(C36/10-6/10)),组队产出!$B$24:$B$39,组队产出!$C$24:$C$39)) -> 5016 | M36: =(OFFSET(产销汇总!$C$1,MATCH(M$27,产销汇总!$C$2:$C$8,0),$C$26)*_xlfn.XLOOKUP(C36,巡逻产出!$B$311:$B$610,巡逻产出!$D$311:$D$610))*$M$24 -> 6396 | N36: =OFFSET(产销汇总!$C$1,MATCH(L$27,产销汇总!$C$2:$C$8,0),$C$26)*(_xlfn.XLOOKUP(MAX(1,INT(C36/10-6/10)),组队产出!$B$24:$B$39,组队产出!$S$24:$S$39)) -> 6474 | O36: =任务!$D$36 -> 2457.1429 | P36: =INT(300*10/7) -> 428 | Q36: =IF(MOD(B36,7)=1,500,0)+1000+IF(AND($C$26=4,B36<=0),40000,0) -> 1000 | R36: =R35 -> 2000 | S36: =IFERROR(OFFSET(金币本!$E$2,MATCH(C36,金币本!$F$3:$F$302,1),0)*IF($C$26=1,2,3),0) -> 15000 | T36: =SUM($J$28:S36)+SUM(D36:I36) -> 842285.89 | U36: =T36 -> 842285.89 | V36: =SUM(W36:Y36) -> 857760 | W36: =OFFSET(装备强化!$U$6,MATCH(图纸产出设计!V37/6*W$26,装备强化!$T$7:$T$306,1),0)*6 -> 608400 | X36: 73360 | Y36: =Y35+$Y$28*Z36 -> 176000 | Z36: =Z35 -> 2 | AA36: =U36/V36 -> 0.98195986 | AB36: =U36-V36 -> -15474.114 | AC36: =SUMIFS(装备强化!$Q$7:$Q$306,装备强化!$M$7:$M$306,"<="&MATCH(U36/6,装备强化!$U$7:$U$306,1),装备强化!$M$7:$M$306,">="&MATCH(V36/6,装备强化!$U$7:$U$306,1))*6 -> 912 | AD36: =AC36/B36 -> 101.33333
B37: 10 | C37: =OFFSET(产销汇总!$C$12,$B37,$C$26) -> 69 | D37: =D36 -> 14100 | E37: =(SUMIF(主线推图!$B$4:$B$303,"<"&C37,主线推图!$M$4:$M$303)+SUMIF(主线宝箱!$B$320:$B$620,"<"&C37,主线宝箱!$L$320:$L$620)+SUMIF(主线宝箱!$B$320:$B$620,"<"&C37,主线宝箱!$X$320:$X$620)+SUMIF(主线宝箱!$B$320:$B$620,"<"&C37,主线宝箱!$AL$320:$AL$620)) -> 119400 | F37: =SUMIF(组队产出!$B$24:$B$39,"<="&MAX(1,INT(C37/10-0.6)),组队产出!$R$24:$R$39) -> 36000 | G37: =SUMIF(运营活动!$O$3:$O$27,"<="&C37,运营活动!$P$3:$P$27) -> 16000 | H37: =OFFSET(产销汇总!$AM$12,B37,$C$26)*24 -> 92376 | I37: =SUMIF(金币本!$F$2:$F$52,"<="&C37,金币本!$D$2:$D$52) -> 225000 | J37: =OFFSET(产销汇总!$C$1,MATCH(J$27,产销汇总!$C$2:$C$8,0),$C$26)*(_xlfn.XLOOKUP(C37,主线推图!$B$313:$B$612,主线推图!$C$313:$C$612)+_xlfn.XLOOKUP(C37,主线推图!$B$313:$B$612,主线推图!$D$313:$D$612)) -> 9152 | K37: =OFFSET(产销汇总!$C$1,MATCH(K$27,产销汇总!$C$2:$C$8,0),$C$26)*_xlfn.XLOOKUP(C37,巡逻产出!$B$311:$B$610,巡逻产出!$C$311:$C$610)*1.3 -> 0 | L37: =OFFSET(产销汇总!$C$1,MATCH(L$27,产销汇总!$C$2:$C$8,0),$C$26)*(_xlfn.XLOOKUP(MAX(1,INT(C37/10-6/10)),组队产出!$B$24:$B$39,组队产出!$D$24:$D$39))+OFFSET(产销汇总!$C$1,MATCH(L$27,产销汇总!$C$2:$C$8,0),$C$26)*(_xlfn.XLOOKUP(MAX(1,INT(C37/10-6/10)),组队产出!$B$24:$B$39,组队产出!$C$24:$C$39)) -> 5016 | M37: =(OFFSET(产销汇总!$C$1,MATCH(M$27,产销汇总!$C$2:$C$8,0),$C$26)*_xlfn.XLOOKUP(C37,巡逻产出!$B$311:$B$610,巡逻产出!$D$311:$D$610))*$M$24 -> 6489.6 | N37: =OFFSET(产销汇总!$C$1,MATCH(L$27,产销汇总!$C$2:$C$8,0),$C$26)*(_xlfn.XLOOKUP(MAX(1,INT(C37/10-6/10)),组队产出!$B$24:$B$39,组队产出!$S$24:$S$39)) -> 6474 | O37: =任务!$D$36 -> 2457.1429 | P37: =INT(300*10/7) -> 428 | Q37: =IF(MOD(B37,7)=1,500,0)+1000+IF(AND($C$26=4,B37<=0),40000,0) -> 1000 | R37: =R36 -> 2000 | S37: =IFERROR(OFFSET(金币本!$E$2,MATCH(C37,金币本!$F$3:$F$302,1),0)*IF($C$26=1,2,3),0) -> 15750 | T37: =SUM($J$28:S37)+SUM(D37:I37) -> 926700.63 | U37: =T37 -> 926700.63 | V37: =SUM(W37:Y37) -> 953910 | W37: =OFFSET(装备强化!$U$6,MATCH(图纸产出设计!V38/6*W$26,装备强化!$T$7:$T$306,1),0)*6 -> 666000 | X37: 79910 | Y37: =Y36+$Y$28*Z37 -> 208000 | Z37: =Z36 -> 2 | AA37: =U37/V37 -> 0.97147596 | AB37: =U37-V37 -> -27209.371 | AC37: =SUMIFS(装备强化!$Q$7:$Q$306,装备强化!$M$7:$M$306,"<="&MATCH(U37/6,装备强化!$U$7:$U$306,1),装备强化!$M$7:$M$306,">="&MATCH(V37/6,装备强化!$U$7:$U$306,1))*6 -> 960 | AD37: =AC37/B37 -> 96
B38: 11 | C38: =OFFSET(产销汇总!$C$12,$B38,$C$26) -> 73 | D38: =D37 -> 14100 | E38: =(SUMIF(主线推图!$B$4:$B$303,"<"&C38,主线推图!$M$4:$M$303)+SUMIF(主线宝箱!$B$320:$B$620,"<"&C38,主线宝箱!$L$320:$L$620)+SUMIF(主线宝箱!$B$320:$B$620,"<"&C38,主线宝箱!$X$320:$X$620)+SUMIF(主线宝箱!$B$320:$B$620,"<"&C38,主线宝箱!$AL$320:$AL$620)) -> 126600 | F38: =SUMIF(组队产出!$B$24:$B$39,"<="&MAX(1,INT(C38/10-0.6)),组队产出!$R$24:$R$39) -> 36000 | G38: =SUMIF(运营活动!$O$3:$O$27,"<="&C38,运营活动!$P$3:$P$27) -> 18000 | H38: =OFFSET(产销汇总!$AM$12,B38,$C$26)*24 -> 99624 | I38: =SUMIF(金币本!$F$2:$F$52,"<="&C38,金币本!$D$2:$D$52) -> 247000 | J38: =OFFSET(产销汇总!$C$1,MATCH(J$27,产销汇总!$C$2:$C$8,0),$C$26)*(_xlfn.XLOOKUP(C38,主线推图!$B$313:$B$612,主线推图!$C$313:$C$612)+_xlfn.XLOOKUP(C38,主线推图!$B$313:$B$612,主线推图!$D$313:$D$612)) -> 9328 | K38: =OFFSET(产销汇总!$C$1,MATCH(K$27,产销汇总!$C$2:$C$8,0),$C$26)*_xlfn.XLOOKUP(C38,巡逻产出!$B$311:$B$610,巡逻产出!$C$311:$C$610)*1.3 -> 0 | L38: =OFFSET(产销汇总!$C$1,MATCH(L$27,产销汇总!$C$2:$C$8,0),$C$26)*(_xlfn.XLOOKUP(MAX(1,INT(C38/10-6/10)),组队产出!$B$24:$B$39,组队产出!$D$24:$D$39))+OFFSET(产销汇总!$C$1,MATCH(L$27,产销汇总!$C$2:$C$8,0),$C$26)*(_xlfn.XLOOKUP(MAX(1,INT(C38/10-6/10)),组队产出!$B$24:$B$39,组队产出!$C$24:$C$39)) -> 5016 | M38: =(OFFSET(产销汇总!$C$1,MATCH(M$27,产销汇总!$C$2:$C$8,0),$C$26)*_xlfn.XLOOKUP(C38,巡逻产出!$B$311:$B$610,巡逻产出!$D$311:$D$610))*$M$24 -> 6614.4 | N38: =OFFSET(产销汇总!$C$1,MATCH(L$27,产销汇总!$C$2:$C$8,0),$C$26)*(_xlfn.XLOOKUP(MAX(1,INT(C38/10-6/10)),组队产出!$B$24:$B$39,组队产出!$S$24:$S$39)) -> 6474 | O38: =任务!$D$36 -> 2457.1429 | P38: =INT(300*10/7) -> 428 | Q38: =IF(MOD(B38,7)=1,500,0)+1000+IF(AND($C$26=4,B38<=0),40000,0) -> 1000 | R38: =R37 -> 2000 | S38: =IFERROR(OFFSET(金币本!$E$2,MATCH(C38,金币本!$F$3:$F$302,1),0)*IF($C$26=1,2,3),0) -> 16500 | T38: =SUM($J$28:S38)+SUM(D38:I38) -> 1014966.2 | U38: =T38 -> 1014966.2 | V38: =SUM(W38:Y38) -> 1057540 | W38: =OFFSET(装备强化!$U$6,MATCH(图纸产出设计!V39/6*W$26,装备强化!$T$7:$T$306,1),0)*6 -> 730800 | X38: 86740 | Y38: =Y37+$Y$28*Z38 -> 240000 | Z38: =Z37 -> 2 | AA38: =U38/V38 -> 0.95974258 | AB38: =U38-V38 -> -42573.829 | AC38: =SUMIFS(装备强化!$Q$7:$Q$306,装备强化!$M$7:$M$306,"<="&MATCH(U38/6,装备强化!$U$7:$U$306,1),装备强化!$M$7:$M$306,">="&MATCH(V38/6,装备强化!$U$7:$U$306,1))*6 -> 0 | AD38: =AC38/B38 -> 0
B39: 12 | C39: =OFFSET(产销汇总!$C$12,$B39,$C$26) -> 75 | D39: =D38 -> 14100 | E39: =(SUMIF(主线推图!$B$4:$B$303,"<"&C39,主线推图!$M$4:$M$303)+SUMIF(主线宝箱!$B$320:$B$620,"<"&C39,主线宝箱!$L$320:$L$620)+SUMIF(主线宝箱!$B$320:$B$620,"<"&C39,主线宝箱!$X$320:$X$620)+SUMIF(主线宝箱!$B$320:$B$620,"<"&C39,主线宝箱!$AL$320:$AL$620)) -> 130200 | F39: =SUMIF(组队产出!$B$24:$B$39,"<="&MAX(1,INT(C39/10-0.6)),组队产出!$R$24:$R$39) -> 36000 | G39: =SUMIF(运营活动!$O$3:$O$27,"<="&C39,运营活动!$P$3:$P$27) -> 18000 | H39: =OFFSET(产销汇总!$AM$12,B39,$C$26)*24 -> 106872 | I39: =SUMIF(金币本!$F$2:$F$52,"<="&C39,金币本!$D$2:$D$52) -> 270000 | J39: =OFFSET(产销汇总!$C$1,MATCH(J$27,产销汇总!$C$2:$C$8,0),$C$26)*(_xlfn.XLOOKUP(C39,主线推图!$B$313:$B$612,主线推图!$C$313:$C$612)+_xlfn.XLOOKUP(C39,主线推图!$B$313:$B$612,主线推图!$D$313:$D$612)) -> 9416 | K39: =OFFSET(产销汇总!$C$1,MATCH(K$27,产销汇总!$C$2:$C$8,0),$C$26)*_xlfn.XLOOKUP(C39,巡逻产出!$B$311:$B$610,巡逻产出!$C$311:$C$610)*1.3 -> 0 | L39: =OFFSET(产销汇总!$C$1,MATCH(L$27,产销汇总!$C$2:$C$8,0),$C$26)*(_xlfn.XLOOKUP(MAX(1,INT(C39/10-6/10)),组队产出!$B$24:$B$39,组队产出!$D$24:$D$39))+OFFSET(产销汇总!$C$1,MATCH(L$27,产销汇总!$C$2:$C$8,0),$C$26)*(_xlfn.XLOOKUP(MAX(1,INT(C39/10-6/10)),组队产出!$B$24:$B$39,组队产出!$C$24:$C$39)) -> 5016 | M39: =(OFFSET(产销汇总!$C$1,MATCH(M$27,产销汇总!$C$2:$C$8,0),$C$26)*_xlfn.XLOOKUP(C39,巡逻产出!$B$311:$B$610,巡逻产出!$D$311:$D$610))*$M$24 -> 6676.8 | N39: =OFFSET(产销汇总!$C$1,MATCH(L$27,产销汇总!$C$2:$C$8,0),$C$26)*(_xlfn.XLOOKUP(MAX(1,INT(C39/10-6/10)),组队产出!$B$24:$B$39,组队产出!$S$24:$S$39)) -> 6474 | O39: =任务!$D$36 -> 2457.1429 | P39: =INT(300*10/7) -> 428 | Q39: =IF(MOD(B39,7)=1,500,0)+1000+IF(AND($C$26=4,B39<=0),40000,0) -> 1000 | R39: =R38 -> 2000 | S39: =IFERROR(OFFSET(金币本!$E$2,MATCH(C39,金币本!$F$3:$F$302,1),0)*IF($C$26=1,2,3),0) -> 17250 | T39: =SUM($J$28:S39)+SUM(D39:I39) -> 1099532.1 | U39: =T39 -> 1099532.1 | V39: =SUM(W39:Y39) -> 1129050 | W39: =OFFSET(装备强化!$U$6,MATCH(图纸产出设计!V40/6*W$26,装备强化!$T$7:$T$306,1),0)*6 -> 763200 | X39: 93850 | Y39: =Y38+$Y$28*Z39 -> 272000 | Z39: =Z38 -> 2 | AA39: =U39/V39 -> 0.973856 | AB39: =U39-V39 -> -29517.886 | AC39: =SUMIFS(装备强化!$Q$7:$Q$306,装备强化!$M$7:$M$306,"<="&MATCH(U39/6,装备强化!$U$7:$U$306,1),装备强化!$M$7:$M$306,">="&MATCH(V39/6,装备强化!$U$7:$U$306,1))*6 -> 1056 | AD39: =AC39/B39 -> 88
B40: 13 | C40: =OFFSET(产销汇总!$C$12,$B40,$C$26) -> 77 | D40: =D39 -> 14100 | E40: =(SUMIF(主线推图!$B$4:$B$303,"<"&C40,主线推图!$M$4:$M$303)+SUMIF(主线宝箱!$B$320:$B$620,"<"&C40,主线宝箱!$L$320:$L$620)+SUMIF(主线宝箱!$B$320:$B$620,"<"&C40,主线宝箱!$X$320:$X$620)+SUMIF(主线宝箱!$B$320:$B$620,"<"&C40,主线宝箱!$AL$320:$AL$620)) -> 133800 | F40: =SUMIF(组队产出!$B$24:$B$39,"<="&MAX(1,INT(C40/10-0.6)),组队产出!$R$24:$R$39) -> 45000 | G40: =SUMIF(运营活动!$O$3:$O$27,"<="&C40,运营活动!$P$3:$P$27) -> 20000 | H40: =OFFSET(产销汇总!$AM$12,B40,$C$26)*24 -> 114120 | I40: =SUMIF(金币本!$F$2:$F$52,"<="&C40,金币本!$D$2:$D$52) -> 270000 | J40: =OFFSET(产销汇总!$C$1,MATCH(J$27,产销汇总!$C$2:$C$8,0),$C$26)*(_xlfn.XLOOKUP(C40,主线推图!$B$313:$B$612,主线推图!$C$313:$C$612)+_xlfn.XLOOKUP(C40,主线推图!$B$313:$B$612,主线推图!$D$313:$D$612)) -> 9504 | K40: =OFFSET(产销汇总!$C$1,MATCH(K$27,产销汇总!$C$2:$C$8,0),$C$26)*_xlfn.XLOOKUP(C40,巡逻产出!$B$311:$B$610,巡逻产出!$C$311:$C$610)*1.3 -> 0 | L40: =OFFSET(产销汇总!$C$1,MATCH(L$27,产销汇总!$C$2:$C$8,0),$C$26)*(_xlfn.XLOOKUP(MAX(1,INT(C40/10-6/10)),组队产出!$B$24:$B$39,组队产出!$D$24:$D$39))+OFFSET(产销汇总!$C$1,MATCH(L$27,产销汇总!$C$2:$C$8,0),$C$26)*(_xlfn.XLOOKUP(MAX(1,INT(C40/10-6/10)),组队产出!$B$24:$B$39,组队产出!$C$24:$C$39)) -> 5256 | M40: =(OFFSET(产销汇总!$C$1,MATCH(M$27,产销汇总!$C$2:$C$8,0),$C$26)*_xlfn.XLOOKUP(C40,巡逻产出!$B$311:$B$610,巡逻产出!$D$311:$D$610))*$M$24 -> 6739.2 | N40: =OFFSET(产销汇总!$C$1,MATCH(L$27,产销汇总!$C$2:$C$8,0),$C$26)*(_xlfn.XLOOKUP(MAX(1,INT(C40/10-6/10)),组队产出!$B$24:$B$39,组队产出!$S$24:$S$39)) -> 8268 | O40: =任务!$D$36 -> 2457.1429 | P40: =INT(300*10/7) -> 428 | Q40: =IF(MOD(B40,7)=1,500,0)+1000+IF(AND($C$26=4,B40<=0),40000,0) -> 1000 | R40: =R39 -> 2000 | S40: =IFERROR(OFFSET(金币本!$E$2,MATCH(C40,金币本!$F$3:$F$302,1),0)*IF($C$26=1,2,3),0) -> 17250 | T40: =SUM($J$28:S40)+SUM(D40:I40) -> 1174282.5 | U40: =T40 -> 1174282.5 | V40: =SUM(W40:Y40) -> 1240440 | W40: =OFFSET(装备强化!$U$6,MATCH(图纸产出设计!V41/6*W$26,装备强化!$T$7:$T$306,1),0)*6 -> 835200 | X40: 101240 | Y40: =Y39+$Y$28*Z40 -> 304000 | Z40: =Z39 -> 2 | AA40: =U40/V40 -> 0.94666607 | AB40: =U40-V40 -> -66157.543 | AC40: =SUMIFS(装备强化!$Q$7:$Q$306,装备强化!$M$7:$M$306,"<="&MATCH(U40/6,装备强化!$U$7:$U$306,1),装备强化!$M$7:$M$306,">="&MATCH(V40/6,装备强化!$U$7:$U$306,1))*6 -> 0 | AD40: =AC40/B40 -> 0
B41: 14 | C41: =OFFSET(产销汇总!$C$12,$B41,$C$26) -> 80 | D41: =D40 -> 14100 | E41: =(SUMIF(主线推图!$B$4:$B$303,"<"&C41,主线推图!$M$4:$M$303)+SUMIF(主线宝箱!$B$320:$B$620,"<"&C41,主线宝箱!$L$320:$L$620)+SUMIF(主线宝箱!$B$320:$B$620,"<"&C41,主线宝箱!$X$320:$X$620)+SUMIF(主线宝箱!$B$320:$B$620,"<"&C41,主线宝箱!$AL$320:$AL$620)) -> 139200 | F41: =SUMIF(组队产出!$B$24:$B$39,"<="&MAX(1,INT(C41/10-0.6)),组队产出!$R$24:$R$39) -> 45000 | G41: =SUMIF(运营活动!$O$3:$O$27,"<="&C41,运营活动!$P$3:$P$27) -> 20000 | H41: =OFFSET(产销汇总!$AM$12,B41,$C$26)*24 -> 121392 | I41: =SUMIF(金币本!$F$2:$F$52,"<="&C41,金币本!$D$2:$D$52) -> 294000 | J41: =OFFSET(产销汇总!$C$1,MATCH(J$27,产销汇总!$C$2:$C$8,0),$C$26)*(_xlfn.XLOOKUP(C41,主线推图!$B$313:$B$612,主线推图!$C$313:$C$612)+_xlfn.XLOOKUP(C41,主线推图!$B$313:$B$612,主线推图!$D$313:$D$612)) -> 9636 | K41: =OFFSET(产销汇总!$C$1,MATCH(K$27,产销汇总!$C$2:$C$8,0),$C$26)*_xlfn.XLOOKUP(C41,巡逻产出!$B$311:$B$610,巡逻产出!$C$311:$C$610)*1.3 -> 0 | L41: =OFFSET(产销汇总!$C$1,MATCH(L$27,产销汇总!$C$2:$C$8,0),$C$26)*(_xlfn.XLOOKUP(MAX(1,INT(C41/10-6/10)),组队产出!$B$24:$B$39,组队产出!$D$24:$D$39))+OFFSET(产销汇总!$C$1,MATCH(L$27,产销汇总!$C$2:$C$8,0),$C$26)*(_xlfn.XLOOKUP(MAX(1,INT(C41/10-6/10)),组队产出!$B$24:$B$39,组队产出!$C$24:$C$39)) -> 5256 | M41: =(OFFSET(产销汇总!$C$1,MATCH(M$27,产销汇总!$C$2:$C$8,0),$C$26)*_xlfn.XLOOKUP(C41,巡逻产出!$B$311:$B$610,巡逻产出!$D$311:$D$610))*$M$24 -> 6832.8 | N41: =OFFSET(产销汇总!$C$1,MATCH(L$27,产销汇总!$C$2:$C$8,0),$C$26)*(_xlfn.XLOOKUP(MAX(1,INT(C41/10-6/10)),组队产出!$B$24:$B$39,组队产出!$S$24:$S$39)) -> 8268 | O41: =任务!$D$36 -> 2457.1429 | P41: =INT(300*10/7) -> 428 | Q41: =IF(MOD(B41,7)=1,500,0)+1000+IF(AND($C$26=4,B41<=0),40000,0) -> 1000 | R41: =R40 -> 2000 | S41: =IFERROR(OFFSET(金币本!$E$2,MATCH(C41,金币本!$F$3:$F$302,1),0)*IF($C$26=1,2,3),0) -> 18000 | T41: =SUM($J$28:S41)+SUM(D41:I41) -> 1264832.4 | U41: =T41 -> 1264832.4 | V41: =SUM(W41:Y41) -> 1319710 | W41: =OFFSET(装备强化!$U$6,MATCH(图纸产出设计!V42/6*W$26,装备强化!$T$7:$T$306,1),0)*6 -> 874800 | X41: 108910 | Y41: =Y40+$Y$28*Z41 -> 336000 | Z41: =Z40 -> 2 | AA41: =U41/V41 -> 0.95841692 | AB41: =U41-V41 -> -54877.6 | AC41: =SUMIFS(装备强化!$Q$7:$Q$306,装备强化!$M$7:$M$306,"<="&MATCH(U41/6,装备强化!$U$7:$U$306,1),装备强化!$M$7:$M$306,">="&MATCH(V41/6,装备强化!$U$7:$U$306,1))*6 -> 0 | AD41: =AC41/B41 -> 0
B42: 15 | C42: =OFFSET(产销汇总!$C$12,$B42,$C$26) -> 81.5 | D42: =D41 -> 14100 | E42: =(SUMIF(主线推图!$B$4:$B$303,"<"&C42,主线推图!$M$4:$M$303)+SUMIF(主线宝箱!$B$320:$B$620,"<"&C42,主线宝箱!$L$320:$L$620)+SUMIF(主线宝箱!$B$320:$B$620,"<"&C42,主线宝箱!$X$320:$X$620)+SUMIF(主线宝箱!$B$320:$B$620,"<"&C42,主线宝箱!$AL$320:$AL$620)) -> 142800 | F42: =SUMIF(组队产出!$B$24:$B$39,"<="&MAX(1,INT(C42/10-0.6)),组队产出!$R$24:$R$39) -> 45000 | G42: =SUMIF(运营活动!$O$3:$O$27,"<="&C42,运营活动!$P$3:$P$27) -> 20000 | H42: =OFFSET(产销汇总!$AM$12,B42,$C$26)*24 -> 128640 | I42: =SUMIF(金币本!$F$2:$F$52,"<="&C42,金币本!$D$2:$D$52) -> 294000 | J42: =OFFSET(产销汇总!$C$1,MATCH(J$27,产销汇总!$C$2:$C$8,0),$C$26)*(_xlfn.XLOOKUP(C42,主线推图!$B$313:$B$612,主线推图!$C$313:$C$612)+_xlfn.XLOOKUP(C42,主线推图!$B$313:$B$612,主线推图!$D$313:$D$612)) -> #N/A | K42: =OFFSET(产销汇总!$C$1,MATCH(K$27,产销汇总!$C$2:$C$8,0),$C$26)*_xlfn.XLOOKUP(C42,巡逻产出!$B$311:$B$610,巡逻产出!$C$311:$C$610)*1.3 -> #N/A | L42: =OFFSET(产销汇总!$C$1,MATCH(L$27,产销汇总!$C$2:$C$8,0),$C$26)*(_xlfn.XLOOKUP(MAX(1,INT(C42/10-6/10)),组队产出!$B$24:$B$39,组队产出!$D$24:$D$39))+OFFSET(产销汇总!$C$1,MATCH(L$27,产销汇总!$C$2:$C$8,0),$C$26)*(_xlfn.XLOOKUP(MAX(1,INT(C42/10-6/10)),组队产出!$B$24:$B$39,组队产出!$C$24:$C$39)) -> 5256 | M42: =(OFFSET(产销汇总!$C$1,MATCH(M$27,产销汇总!$C$2:$C$8,0),$C$26)*_xlfn.XLOOKUP(C42,巡逻产出!$B$311:$B$610,巡逻产出!$D$311:$D$610))*$M$24 -> #N/A | N42: =OFFSET(产销汇总!$C$1,MATCH(L$27,产销汇总!$C$2:$C$8,0),$C$26)*(_xlfn.XLOOKUP(MAX(1,INT(C42/10-6/10)),组队产出!$B$24:$B$39,组队产出!$S$24:$S$39)) -> 8268 | O42: =任务!$D$36 -> 2457.1429 | P42: =INT(300*10/7) -> 428 | Q42: =IF(MOD(B42,7)=1,500,0)+1000+IF(AND($C$26=4,B42<=0),40000,0) -> 1500 | R42: =R41 -> 2000 | S42: =IFERROR(OFFSET(金币本!$E$2,MATCH(C42,金币本!$F$3:$F$302,1),0)*IF($C$26=1,2,3),0) -> 18000 | T42: =SUM($J$28:S42)+SUM(D42:I42) -> #N/A | U42: =T42 -> #N/A | V42: =SUM(W42:Y42) -> #N/A | W42: =OFFSET(装备强化!$U$6,MATCH(图纸产出设计!V43/6*W$26,装备强化!$T$7:$T$306,1),0)*6 -> #N/A | X42: 112850 | Y42: =Y41+$Y$28*Z42 -> 368000 | Z42: =Z41 -> 2 | AA42: =U42/V42 -> #N/A | AB42: =U42-V42 -> #N/A | AC42: =SUMIFS(装备强化!$Q$7:$Q$306,装备强化!$M$7:$M$306,"<="&MATCH(U42/6,装备强化!$U$7:$U$306,1),装备强化!$M$7:$M$306,">="&MATCH(V42/6,装备强化!$U$7:$U$306,1))*6 -> 0 | AD42: =AC42/B42 -> 0
B43: 16 | C43: =OFFSET(产销汇总!$C$12,$B43,$C$26) -> 83 | D43: =D42 -> 14100 | E43: =(SUMIF(主线推图!$B$4:$B$303,"<"&C43,主线推图!$M$4:$M$303)+SUMIF(主线宝箱!$B$320:$B$620,"<"&C43,主线宝箱!$L$320:$L$620)+SUMIF(主线宝箱!$B$320:$B$620,"<"&C43,主线宝箱!$X$320:$X$620)+SUMIF(主线宝箱!$B$320:$B$620,"<"&C43,主线宝箱!$AL$320:$AL$620)) -> 144600 | F43: =SUMIF(组队产出!$B$24:$B$39,"<="&MAX(1,INT(C43/10-0.6)),组队产出!$R$24:$R$39) -> 45000 | G43: =SUMIF(运营活动!$O$3:$O$27,"<="&C43,运营活动!$P$3:$P$27) -> 20000 | H43: =OFFSET(产销汇总!$AM$12,B43,$C$26)*24 -> 135888 | I43: =SUMIF(金币本!$F$2:$F$52,"<="&C43,金币本!$D$2:$D$52) -> 319000 | J43: =OFFSET(产销汇总!$C$1,MATCH(J$27,产销汇总!$C$2:$C$8,0),$C$26)*(_xlfn.XLOOKUP(C43,主线推图!$B$313:$B$612,主线推图!$C$313:$C$612)+_xlfn.XLOOKUP(C43,主线推图!$B$313:$B$612,主线推图!$D$313:$D$612)) -> 9768 | K43: =OFFSET(产销汇总!$C$1,MATCH(K$27,产销汇总!$C$2:$C$8,0),$C$26)*_xlfn.XLOOKUP(C43,巡逻产出!$B$311:$B$610,巡逻产出!$C$311:$C$610)*1.3 -> 0 | L43: =OFFSET(产销汇总!$C$1,MATCH(L$27,产销汇总!$C$2:$C$8,0),$C$26)*(_xlfn.XLOOKUP(MAX(1,INT(C43/10-6/10)),组队产出!$B$24:$B$39,组队产出!$D$24:$D$39))+OFFSET(产销汇总!$C$1,MATCH(L$27,产销汇总!$C$2:$C$8,0),$C$26)*(_xlfn.XLOOKUP(MAX(1,INT(C43/10-6/10)),组队产出!$B$24:$B$39,组队产出!$C$24:$C$39)) -> 5256 | M43: =(OFFSET(产销汇总!$C$1,MATCH(M$27,产销汇总!$C$2:$C$8,0),$C$26)*_xlfn.XLOOKUP(C43,巡逻产出!$B$311:$B$610,巡逻产出!$D$311:$D$610))*$M$24 -> 6926.4 | N43: =OFFSET(产销汇总!$C$1,MATCH(L$27,产销汇总!$C$2:$C$8,0),$C$26)*(_xlfn.XLOOKUP(MAX(1,INT(C43/10-6/10)),组队产出!$B$24:$B$39,组队产出!$S$24:$S$39)) -> 8268 | O43: =任务!$D$36 -> 2457.1429 | P43: =INT(300*10/7) -> 428 | Q43: =IF(MOD(B43,7)=1,500,0)+1000+IF(AND($C$26=4,B43<=0),40000,0) -> 1000 | R43: =R42 -> 2000 | S43: =IFERROR(OFFSET(金币本!$E$2,MATCH(C43,金币本!$F$3:$F$302,1),0)*IF($C$26=1,2,3),0) -> 18750 | T43: =SUM($J$28:S43)+SUM(D43:I43) -> #N/A | U43: =T43 -> #N/A | V43: =SUM(W43:Y43) -> #N/A | W43: =OFFSET(装备强化!$U$6,MATCH(图纸产出设计!V44/6*W$26,装备强化!$T$7:$T$306,1),0)*6 -> #N/A | X43: 116860 | Y43: =Y42+$Y$28*Z43 -> 400000 | Z43: =Z42 -> 2 | AA43: =U43/V43 -> #N/A | AB43: =U43-V43 -> #N/A | AC43: =SUMIFS(装备强化!$Q$7:$Q$306,装备强化!$M$7:$M$306,"<="&MATCH(U43/6,装备强化!$U$7:$U$306,1),装备强化!$M$7:$M$306,">="&MATCH(V43/6,装备强化!$U$7:$U$306,1))*6 -> 0 | AD43: =AC43/B43 -> 0
B44: 17 | C44: =OFFSET(产销汇总!$C$12,$B44,$C$26) -> 84.5 | D44: =D43 -> 14100 | E44: =(SUMIF(主线推图!$B$4:$B$303,"<"&C44,主线推图!$M$4:$M$303)+SUMIF(主线宝箱!$B$320:$B$620,"<"&C44,主线宝箱!$L$320:$L$620)+SUMIF(主线宝箱!$B$320:$B$620,"<"&C44,主线宝箱!$X$320:$X$620)+SUMIF(主线宝箱!$B$320:$B$620,"<"&C44,主线宝箱!$AL$320:$AL$620)) -> 148200 | F44: =SUMIF(组队产出!$B$24:$B$39,"<="&MAX(1,INT(C44/10-0.6)),组队产出!$R$24:$R$39) -> 45000 | G44: =SUMIF(运营活动!$O$3:$O$27,"<="&C44,运营活动!$P$3:$P$27) -> 22500 | H44: =OFFSET(产销汇总!$AM$12,B44,$C$26)*24 -> 143136 | I44: =SUMIF(金币本!$F$2:$F$52,"<="&C44,金币本!$D$2:$D$52) -> 319000 | J44: =OFFSET(产销汇总!$C$1,MATCH(J$27,产销汇总!$C$2:$C$8,0),$C$26)*(_xlfn.XLOOKUP(C44,主线推图!$B$313:$B$612,主线推图!$C$313:$C$612)+_xlfn.XLOOKUP(C44,主线推图!$B$313:$B$612,主线推图!$D$313:$D$612)) -> #N/A | K44: =OFFSET(产销汇总!$C$1,MATCH(K$27,产销汇总!$C$2:$C$8,0),$C$26)*_xlfn.XLOOKUP(C44,巡逻产出!$B$311:$B$610,巡逻产出!$C$311:$C$610)*1.3 -> #N/A | L44: =OFFSET(产销汇总!$C$1,MATCH(L$27,产销汇总!$C$2:$C$8,0),$C$26)*(_xlfn.XLOOKUP(MAX(1,INT(C44/10-6/10)),组队产出!$B$24:$B$39,组队产出!$D$24:$D$39))+OFFSET(产销汇总!$C$1,MATCH(L$27,产销汇总!$C$2:$C$8,0),$C$26)*(_xlfn.XLOOKUP(MAX(1,INT(C44/10-6/10)),组队产出!$B$24:$B$39,组队产出!$C$24:$C$39)) -> 5256 | M44: =(OFFSET(产销汇总!$C$1,MATCH(M$27,产销汇总!$C$2:$C$8,0),$C$26)*_xlfn.XLOOKUP(C44,巡逻产出!$B$311:$B$610,巡逻产出!$D$311:$D$610))*$M$24 -> #N/A | N44: =OFFSET(产销汇总!$C$1,MATCH(L$27,产销汇总!$C$2:$C$8,0),$C$26)*(_xlfn.XLOOKUP(MAX(1,INT(C44/10-6/10)),组队产出!$B$24:$B$39,组队产出!$S$24:$S$39)) -> 8268 | O44: =任务!$D$36 -> 2457.1429 | P44: =INT(300*10/7) -> 428 | Q44: =IF(MOD(B44,7)=1,500,0)+1000+IF(AND($C$26=4,B44<=0),40000,0) -> 1000 | R44: =R43 -> 2000 | S44: =IFERROR(OFFSET(金币本!$E$2,MATCH(C44,金币本!$F$3:$F$302,1),0)*IF($C$26=1,2,3),0) -> 18750 | T44: =SUM($J$28:S44)+SUM(D44:I44) -> #N/A | U44: =T44 -> #N/A | V44: =SUM(W44:Y44) -> #N/A | W44: =OFFSET(装备强化!$U$6,MATCH(图纸产出设计!V45/6*W$26,装备强化!$T$7:$T$306,1),0)*6 -> #N/A | X44: 120940 | Y44: =Y43+$Y$28*Z44 -> 432000 | Z44: =Z43 -> 2 | AA44: =U44/V44 -> #N/A | AB44: =U44-V44 -> #N/A | AC44: =SUMIFS(装备强化!$Q$7:$Q$306,装备强化!$M$7:$M$306,"<="&MATCH(U44/6,装备强化!$U$7:$U$306,1),装备强化!$M$7:$M$306,">="&MATCH(V44/6,装备强化!$U$7:$U$306,1))*6 -> 0 | AD44: =AC44/B44 -> 0
B45: 18 | C45: =OFFSET(产销汇总!$C$12,$B45,$C$26) -> 86 | D45: =D44 -> 14100 | E45: =(SUMIF(主线推图!$B$4:$B$303,"<"&C45,主线推图!$M$4:$M$303)+SUMIF(主线宝箱!$B$320:$B$620,"<"&C45,主线宝箱!$L$320:$L$620)+SUMIF(主线宝箱!$B$320:$B$620,"<"&C45,主线宝箱!$X$320:$X$620)+SUMIF(主线宝箱!$B$320:$B$620,"<"&C45,主线宝箱!$AL$320:$AL$620)) -> 150000 | F45: =SUMIF(组队产出!$B$24:$B$39,"<="&MAX(1,INT(C45/10-0.6)),组队产出!$R$24:$R$39) -> 54000 | G45: =SUMIF(运营活动!$O$3:$O$27,"<="&C45,运营活动!$P$3:$P$27) -> 22500 | H45: =OFFSET(产销汇总!$AM$12,B45,$C$26)*24 -> 150384 | I45: =SUMIF(金币本!$F$2:$F$52,"<="&C45,金币本!$D$2:$D$52) -> 319000 | J45: =OFFSET(产销汇总!$C$1,MATCH(J$27,产销汇总!$C$2:$C$8,0),$C$26)*(_xlfn.XLOOKUP(C45,主线推图!$B$313:$B$612,主线推图!$C$313:$C$612)+_xlfn.XLOOKUP(C45,主线推图!$B$313:$B$612,主线推图!$D$313:$D$612)) -> 9900 | K45: =OFFSET(产销汇总!$C$1,MATCH(K$27,产销汇总!$C$2:$C$8,0),$C$26)*_xlfn.XLOOKUP(C45,巡逻产出!$B$311:$B$610,巡逻产出!$C$311:$C$610)*1.3 -> 0 | L45: =OFFSET(产销汇总!$C$1,MATCH(L$27,产销汇总!$C$2:$C$8,0),$C$26)*(_xlfn.XLOOKUP(MAX(1,INT(C45/10-6/10)),组队产出!$B$24:$B$39,组队产出!$D$24:$D$39))+OFFSET(产销汇总!$C$1,MATCH(L$27,产销汇总!$C$2:$C$8,0),$C$26)*(_xlfn.XLOOKUP(MAX(1,INT(C45/10-6/10)),组队产出!$B$24:$B$39,组队产出!$C$24:$C$39)) -> 5496 | M45: =(OFFSET(产销汇总!$C$1,MATCH(M$27,产销汇总!$C$2:$C$8,0),$C$26)*_xlfn.XLOOKUP(C45,巡逻产出!$B$311:$B$610,巡逻产出!$D$311:$D$610))*$M$24 -> 7020 | N45: =OFFSET(产销汇总!$C$1,MATCH(L$27,产销汇总!$C$2:$C$8,0),$C$26)*(_xlfn.XLOOKUP(MAX(1,INT(C45/10-6/10)),组队产出!$B$24:$B$39,组队产出!$S$24:$S$39)) -> 10062 | O45: =任务!$D$36 -> 2457.1429 | P45: =INT(300*10/7) -> 428 | Q45: =IF(MOD(B45,7)=1,500,0)+1000+IF(AND($C$26=4,B45<=0),40000,0) -> 1000 | R45: =R44 -> 2000 | S45: =IFERROR(OFFSET(金币本!$E$2,MATCH(C45,金币本!$F$3:$F$302,1),0)*IF($C$26=1,2,3),0) -> 18750 | T45: =SUM($J$28:S45)+SUM(D45:I45) -> #N/A | U45: =T45 -> #N/A | V45: =SUM(W45:Y45) -> #N/A | W45: =OFFSET(装备强化!$U$6,MATCH(图纸产出设计!V46/6*W$26,装备强化!$T$7:$T$306,1),0)*6 -> #N/A | X45: 125090 | Y45: =Y44+$Y$28*Z45 -> 464000 | Z45: =Z44 -> 2 | AA45: =U45/V45 -> #N/A | AB45: =U45-V45 -> #N/A | AC45: =SUMIFS(装备强化!$Q$7:$Q$306,装备强化!$M$7:$M$306,"<="&MATCH(U45/6,装备强化!$U$7:$U$306,1),装备强化!$M$7:$M$306,">="&MATCH(V45/6,装备强化!$U$7:$U$306,1))*6 -> 0 | AD45: =AC45/B45 -> 0
B46: 19 | C46: =OFFSET(产销汇总!$C$12,$B46,$C$26) -> 87.5 | D46: =D45 -> 14100 | E46: =(SUMIF(主线推图!$B$4:$B$303,"<"&C46,主线推图!$M$4:$M$303)+SUMIF(主线宝箱!$B$320:$B$620,"<"&C46,主线宝箱!$L$320:$L$620)+SUMIF(主线宝箱!$B$320:$B$620,"<"&C46,主线宝箱!$X$320:$X$620)+SUMIF(主线宝箱!$B$320:$B$620,"<"&C46,主线宝箱!$AL$320:$AL$620)) -> 153600 | F46: =SUMIF(组队产出!$B$24:$B$39,"<="&MAX(1,INT(C46/10-0.6)),组队产出!$R$24:$R$39) -> 54000 | G46: =SUMIF(运营活动!$O$3:$O$27,"<="&C46,运营活动!$P$3:$P$27) -> 22500 | H46: =OFFSET(产销汇总!$AM$12,B46,$C$26)*24 -> 157632 | I46: =SUMIF(金币本!$F$2:$F$52,"<="&C46,金币本!$D$2:$D$52) -> 345000 | J46: =OFFSET(产销汇总!$C$1,MATCH(J$27,产销汇总!$C$2:$C$8,0),$C$26)*(_xlfn.XLOOKUP(C46,主线推图!$B$313:$B$612,主线推图!$C$313:$C$612)+_xlfn.XLOOKUP(C46,主线推图!$B$313:$B$612,主线推图!$D$313:$D$612)) -> #N/A | K46: =OFFSET(产销汇总!$C$1,MATCH(K$27,产销汇总!$C$2:$C$8,0),$C$26)*_xlfn.XLOOKUP(C46,巡逻产出!$B$311:$B$610,巡逻产出!$C$311:$C$610)*1.3 -> #N/A | L46: =OFFSET(产销汇总!$C$1,MATCH(L$27,产销汇总!$C$2:$C$8,0),$C$26)*(_xlfn.XLOOKUP(MAX(1,INT(C46/10-6/10)),组队产出!$B$24:$B$39,组队产出!$D$24:$D$39))+OFFSET(产销汇总!$C$1,MATCH(L$27,产销汇总!$C$2:$C$8,0),$C$26)*(_xlfn.XLOOKUP(MAX(1,INT(C46/10-6/10)),组队产出!$B$24:$B$39,组队产出!$C$24:$C$39)) -> 5496 | M46: =(OFFSET(产销汇总!$C$1,MATCH(M$27,产销汇总!$C$2:$C$8,0),$C$26)*_xlfn.XLOOKUP(C46,巡逻产出!$B$311:$B$610,巡逻产出!$D$311:$D$610))*$M$24 -> #N/A | N46: =OFFSET(产销汇总!$C$1,MATCH(L$27,产销汇总!$C$2:$C$8,0),$C$26)*(_xlfn.XLOOKUP(MAX(1,INT(C46/10-6/10)),组队产出!$B$24:$B$39,组队产出!$S$24:$S$39)) -> 10062 | O46: =任务!$D$36 -> 2457.1429 | P46: =INT(300*10/7) -> 428 | Q46: =IF(MOD(B46,7)=1,500,0)+1000+IF(AND($C$26=4,B46<=0),40000,0) -> 1000 | R46: =R45 -> 2000 | S46: =IFERROR(OFFSET(金币本!$E$2,MATCH(C46,金币本!$F$3:$F$302,1),0)*IF($C$26=1,2,3),0) -> 19500 | T46: =SUM($J$28:S46)+SUM(D46:I46) -> #N/A | U46: =T46 -> #N/A | V46: =SUM(W46:Y46) -> #N/A | W46: =OFFSET(装备强化!$U$6,MATCH(图纸产出设计!V47/6*W$26,装备强化!$T$7:$T$306,1),0)*6 -> #N/A | X46: 129310 | Y46: =Y45+$Y$28*Z46 -> 496000 | Z46: =Z45 -> 2 | AA46: =U46/V46 -> #N/A | AB46: =U46-V46 -> #N/A | AC46: =SUMIFS(装备强化!$Q$7:$Q$306,装备强化!$M$7:$M$306,"<="&MATCH(U46/6,装备强化!$U$7:$U$306,1),装备强化!$M$7:$M$306,">="&MATCH(V46/6,装备强化!$U$7:$U$306,1))*6 -> 0 | AD46: =AC46/B46 -> 0
B47: 20 | C47: =OFFSET(产销汇总!$C$12,$B47,$C$26) -> 89 | D47: =D46 -> 14100 | E47: =(SUMIF(主线推图!$B$4:$B$303,"<"&C47,主线推图!$M$4:$M$303)+SUMIF(主线宝箱!$B$320:$B$620,"<"&C47,主线宝箱!$L$320:$L$620)+SUMIF(主线宝箱!$B$320:$B$620,"<"&C47,主线宝箱!$X$320:$X$620)+SUMIF(主线宝箱!$B$320:$B$620,"<"&C47,主线宝箱!$AL$320:$AL$620)) -> 155400 | F47: =SUMIF(组队产出!$B$24:$B$39,"<="&MAX(1,INT(C47/10-0.6)),组队产出!$R$24:$R$39) -> 54000 | G47: =SUMIF(运营活动!$O$3:$O$27,"<="&C47,运营活动!$P$3:$P$27) -> 25000 | H47: =OFFSET(产销汇总!$AM$12,B47,$C$26)*24 -> 164880 | I47: =SUMIF(金币本!$F$2:$F$52,"<="&C47,金币本!$D$2:$D$52) -> 345000 | J47: =OFFSET(产销汇总!$C$1,MATCH(J$27,产销汇总!$C$2:$C$8,0),$C$26)*(_xlfn.XLOOKUP(C47,主线推图!$B$313:$B$612,主线推图!$C$313:$C$612)+_xlfn.XLOOKUP(C47,主线推图!$B$313:$B$612,主线推图!$D$313:$D$612)) -> 10032 | K47: =OFFSET(产销汇总!$C$1,MATCH(K$27,产销汇总!$C$2:$C$8,0),$C$26)*_xlfn.XLOOKUP(C47,巡逻产出!$B$311:$B$610,巡逻产出!$C$311:$C$610)*1.3 -> 0 | L47: =OFFSET(产销汇总!$C$1,MATCH(L$27,产销汇总!$C$2:$C$8,0),$C$26)*(_xlfn.XLOOKUP(MAX(1,INT(C47/10-6/10)),组队产出!$B$24:$B$39,组队产出!$D$24:$D$39))+OFFSET(产销汇总!$C$1,MATCH(L$27,产销汇总!$C$2:$C$8,0),$C$26)*(_xlfn.XLOOKUP(MAX(1,INT(C47/10-6/10)),组队产出!$B$24:$B$39,组队产出!$C$24:$C$39)) -> 5496 | M47: =(OFFSET(产销汇总!$C$1,MATCH(M$27,产销汇总!$C$2:$C$8,0),$C$26)*_xlfn.XLOOKUP(C47,巡逻产出!$B$311:$B$610,巡逻产出!$D$311:$D$610))*$M$24 -> 7113.6 | N47: =OFFSET(产销汇总!$C$1,MATCH(L$27,产销汇总!$C$2:$C$8,0),$C$26)*(_xlfn.XLOOKUP(MAX(1,INT(C47/10-6/10)),组队产出!$B$24:$B$39,组队产出!$S$24:$S$39)) -> 10062 | O47: =任务!$D$36 -> 2457.1429 | P47: =INT(300*10/7) -> 428 | Q47: =IF(MOD(B47,7)=1,500,0)+1000+IF(AND($C$26=4,B47<=0),40000,0) -> 1000 | R47: =R46 -> 2000 | S47: =IFERROR(OFFSET(金币本!$E$2,MATCH(C47,金币本!$F$3:$F$302,1),0)*IF($C$26=1,2,3),0) -> 19500 | T47: =SUM($J$28:S47)+SUM(D47:I47) -> #N/A | U47: =T47 -> #N/A | V47: =SUM(W47:Y47) -> #N/A | W47: =OFFSET(装备强化!$U$6,MATCH(图纸产出设计!V48/6*W$26,装备强化!$T$7:$T$306,1),0)*6 -> #N/A | X47: 133600 | Y47: =Y46+$Y$28*Z47 -> 528000 | Z47: =Z46 -> 2 | AA47: =U47/V47 -> #N/A | AB47: =U47-V47 -> #N/A | AC47: =SUMIFS(装备强化!$Q$7:$Q$306,装备强化!$M$7:$M$306,"<="&MATCH(U47/6,装备强化!$U$7:$U$306,1),装备强化!$M$7:$M$306,">="&MATCH(V47/6,装备强化!$U$7:$U$306,1))*6 -> 0 | AD47: =AC47/B47 -> 0
... B327: 300 | C327: =OFFSET(产销汇总!$C$12,$B327,$C$26) -> 273 | D327: =D326 -> 14100 | E327: =(SUMIF(主线推图!$B$4:$B$303,"<"&C327,主线推图!$M$4:$M$303)+SUMIF(主线宝箱!$B$320:$B$620,"<"&C327,主线宝箱!$L$320:$L$620)+SUMIF(主线宝箱!$B$320:$B$620,"<"&C327,主线宝箱!$X$320:$X$620)+SUMIF(主线宝箱!$B$320:$B$620,"<"&C327,主线宝箱!$AL$320:$AL$620)) -> 486600 | F327: =SUMIF(组队产出!$B$24:$B$39,"<="&MAX(1,INT(C327/10-0.6)),组队产出!$R$24:$R$39) -> 141000 | G327: =SUMIF(运营活动!$O$3:$O$27,"<="&C327,运营活动!$P$3:$P$27) -> 30000 | H327: =OFFSET(产销汇总!$AM$12,B327,$C$26)*24 -> 2194416 | I327: =SUMIF(金币本!$F$2:$F$52,"<="&C327,金币本!$D$2:$D$52) -> 1425000 | J327: =OFFSET(产销汇总!$C$1,MATCH(J$27,产销汇总!$C$2:$C$8,0),$C$26)*(_xlfn.XLOOKUP(C327,主线推图!$B$313:$B$612,主线推图!$C$313:$C$612)+_xlfn.XLOOKUP(C327,主线推图!$B$313:$B$612,主线推图!$D$313:$D$612)) -> 18128 | K327: =OFFSET(产销汇总!$C$1,MATCH(K$27,产销汇总!$C$2:$C$8,0),$C$26)*_xlfn.XLOOKUP(C327,巡逻产出!$B$311:$B$610,巡逻产出!$C$311:$C$610)*1.3 -> 0 | L327: =OFFSET(产销汇总!$C$1,MATCH(L$27,产销汇总!$C$2:$C$8,0),$C$26)*(_xlfn.XLOOKUP(MAX(1,INT(C327/10-6/10)),组队产出!$B$24:$B$39,组队产出!$D$24:$D$39))+OFFSET(产销汇总!$C$1,MATCH(L$27,产销汇总!$C$2:$C$8,0),$C$26)*(_xlfn.XLOOKUP(MAX(1,INT(C327/10-6/10)),组队产出!$B$24:$B$39,组队产出!$C$24:$C$39)) -> #N/A | M327: =(OFFSET(产销汇总!$C$1,MATCH(M$27,产销汇总!$C$2:$C$8,0),$C$26)*_xlfn.XLOOKUP(C327,巡逻产出!$B$311:$B$610,巡逻产出!$D$311:$D$610))*$M$24 -> 12854.4 | N327: =OFFSET(产销汇总!$C$1,MATCH(L$27,产销汇总!$C$2:$C$8,0),$C$26)*(_xlfn.XLOOKUP(MAX(1,INT(C327/10-6/10)),组队产出!$B$24:$B$39,组队产出!$S$24:$S$39)) -> #N/A | O327: =任务!$D$36 -> 2457.1429 | P327: =INT(300*10/7) -> 428 | Q327: =IF(MOD(B327,7)=1,500,0)+1000+IF(AND($C$26=4,B327<=0),40000,0) -> 1000 | R327: =R326 -> 2000 | S327: =IFERROR(OFFSET(金币本!$E$2,MATCH(C327,金币本!$F$3:$F$302,1),0)*IF($C$26=1,2,3),0) -> 39750 | T327: =SUM($J$28:S327)+SUM(D327:I327) -> #N/A | U327: =T327 -> #N/A | V327: =SUM(W327:Y327) -> #N/A | W327: =OFFSET(装备强化!$U$6,MATCH(图纸产出设计!V328/6*W$26,装备强化!$T$7:$T$306,1),0)*6 -> #N/A | X327: 1327940 | Y327: =Y326+$Y$28*Z327 -> 9488000 | Z327: =Z326 -> 2 | AA327: =U327/V327 -> #N/A | AB327: =U327-V327 -> #N/A | AC327: =SUMIFS(装备强化!$Q$7:$Q$306,装备强化!$M$7:$M$306,"<="&MATCH(U327/6,装备强化!$U$7:$U$306,1),装备强化!$M$7:$M$306,">="&MATCH(V327/6,装备强化!$U$7:$U$306,1))*6 -> 0 | AD327: =AC327/B327 -> 0

Sheet 图纸产出设计
B2: 生命周期 | C2: 60
B3: 总坑深 | C3: =SUM(C7:C23)*3 -> #N/A
B4: 战力换算 | C4: =OFFSET(装备强化!G6,MATCH(C3/3/6,装备强化!$T$7:$T$306,1),0)*6 -> #N/A
B6: 产出途径 | C6: 产出价值 | D6: 产出频率 | E6: 产出比例
B7: 挂机 | C7: =IF(D7="每日",SUMIF($B$29:$B$328,"<="&$C$2,OFFSET($C$29:$C$328,0,MATCH($B7,$D$28:$V$28,0))),SUMIF($B$29:$B$328,"="&$C$2,OFFSET($C$29:$C$328,0,MATCH($B7,$D$28:$V$28,0)))) -> #N/A | D7: 每日 | E7: =C7/SUM($C$7:$C$23) -> #N/A
B8: 公会 | C8: =IF(D8="每日",SUMIF($B$29:$B$328,"<="&$C$2,OFFSET($C$29:$C$328,0,MATCH($B8,$D$28:$V$28,0))),SUMIF($B$29:$B$328,"="&$C$2,OFFSET($C$29:$C$328,0,MATCH($B8,$D$28:$V$28,0)))) -> 7042.8571 | D8: 每日 | E8: =C8/SUM($C$7:$C$23) -> #N/A
B9: 商城购买 | C9: =IF(D9="每日",SUMIF($B$29:$B$328,"<="&$C$2,OFFSET($C$29:$C$328,0,MATCH($B9,$D$28:$V$28,0))),SUMIF($B$29:$B$328,"="&$C$2,OFFSET($C$29:$C$328,0,MATCH($B9,$D$28:$V$28,0)))) -> 5900 | D9: 每日 | E9: =C9/SUM($C$7:$C$23) -> #N/A
B10: 竞技场+公会商店 | C10: =IF(D10="每日",SUMIF($B$29:$B$328,"<="&$C$2,OFFSET($C$29:$C$328,0,MATCH($B10,$D$28:$V$28,0))),SUMIF($B$29:$B$328,"="&$C$2,OFFSET($C$29:$C$328,0,MATCH($B10,$D$28:$V$28,0)))) -> 8900 | D10: 每日 | E10: =C10/SUM($C$7:$C$23) -> #N/A
B11: 主线 | C11: =IF(D11="每日",SUMIF($B$29:$B$328,"<="&$C$2,OFFSET($C$29:$C$328,0,MATCH($B11,$D$28:$V$28,0))),SUMIF($B$29:$B$328,"="&$C$2,OFFSET($C$29:$C$328,0,MATCH($B11,$D$28:$V$28,0)))) -> #N/A | D11: 每日 | E11: =C11/SUM($C$7:$C$23) -> #N/A
B12: 竞技场 | C12: =IF(D12="每日",SUMIF($B$29:$B$328,"<="&$C$2,OFFSET($C$29:$C$328,0,MATCH($B12,$D$28:$V$28,0))),SUMIF($B$29:$B$328,"="&$C$2,OFFSET($C$29:$C$328,0,MATCH($B12,$D$28:$V$28,0)))) -> 10800 | D12: 每日 | E12: =C12/SUM($C$7:$C$23) -> #N/A
B13: 组队本 | C13: =IF(D13="每日",SUMIF($B$29:$B$328,"<="&$C$2,OFFSET($C$29:$C$328,0,MATCH($B13,$D$28:$V$28,0))),SUMIF($B$29:$B$328,"="&$C$2,OFFSET($C$29:$C$328,0,MATCH($B13,$D$28:$V$28,0)))) -> 5760 | D13: 每日 | E13: =C13/SUM($C$7:$C$23) -> #N/A
B14: 体力扫荡 | C14: =IF(D14="每日",SUMIF($B$29:$B$328,"<="&$C$2,OFFSET($C$29:$C$328,0,MATCH($B14,$D$28:$V$28,0))),SUMIF($B$29:$B$328,"="&$C$2,OFFSET($C$29:$C$328,0,MATCH($B14,$D$28:$V$28,0)))) -> #N/A | D14: 每日 | E14: =C14/SUM($C$7:$C$23) -> #N/A
B15: 主线宝箱 | C15: =IF(D15="每日",SUMIF($B$29:$B$328,"<="&$C$2,OFFSET($C$29:$C$328,0,MATCH($B15,$D$28:$V$28,0))),SUMIF($B$29:$B$328,"="&$C$2,OFFSET($C$29:$C$328,0,MATCH($B15,$D$28:$V$28,0)))) -> 5320 | D15: 一次性产出 | E15: =C15/SUM($C$7:$C$23) -> #N/A
B16: 个推礼包 | C16: =IF(D16="每日",SUMIF($B$29:$B$328,"<="&$C$2,OFFSET($C$29:$C$328,0,MATCH($B16,$D$28:$V$28,0))),SUMIF($B$29:$B$328,"="&$C$2,OFFSET($C$29:$C$328,0,MATCH($B16,$D$28:$V$28,0)))) -> 3890 | D16: 一次性产出 | E16: =C16/SUM($C$7:$C$23) -> #N/A
B17: 每日活跃 | C17: =IF(D17="每日",SUMIF($B$29:$B$328,"<="&$C$2,OFFSET($C$29:$C$328,0,MATCH($B17,$D$28:$V$28,0))),SUMIF($B$29:$B$328,"="&$C$2,OFFSET($C$29:$C$328,0,MATCH($B17,$D$28:$V$28,0)))) -> 2040 | D17: 每日 | E17: =C17/SUM($C$7:$C$23) -> #N/A
B18: 战令 | C18: =IF(D18="每日",SUMIF($B$29:$B$328,"<="&$C$2,OFFSET($C$29:$C$328,0,MATCH($B18,$D$28:$V$28,0))),SUMIF($B$29:$B$328,"="&$C$2,OFFSET($C$29:$C$328,0,MATCH($B18,$D$28:$V$28,0)))) -> 0 | D18: 每日 | E18: =C18/SUM($C$7:$C$23) -> #N/A
... B24: 协力宝箱 | C24: =IF(D24="每日",SUMIF($B$29:$B$328,"<="&$C$2,OFFSET($C$29:$C$328,0,MATCH($B24,$D$28:$V$28,0))),SUMIF($B$29:$B$328,"="&$C$2,OFFSET($C$29:$C$328,0,MATCH($B24,$D$28:$V$28,0)))) -> 102 | D24: 每日 | E24: =C24/SUM($C$7:$C$23) -> #N/A
B27: =金币平衡!B26 -> 大R | C27: =金币平衡!C26 -> 4 | D27: 一次性产出 | H27: 循环产出 | K27: 如果挂机砍一半 | P27: 体力消耗
B28: 天数 | C28: 关卡预期 | D28: 主线宝箱 | E28: 主线任务 | F28: 星铸之旅 | G28: 个推礼包 | H28: 主线 | I28: 体力扫荡 | J28: 组队本 | K28: 挂机 | L28: 竞技场 | M28: 每日活跃 | N28: 协力宝箱 | O28: 周签到战令 | P28: 战令 | Q28: 好朋友宝箱 | R28: 商城领取 | S28: 商城购买 | T28: 公会 | U28: 竞技场+公会商店 | V28: 总产出
B29: 1 | C29: =OFFSET(产销汇总!$C$12,$B29,$C$27) -> 30 | D29: =SUMIF(主线宝箱!$B$321:$B$620,"<="&C29,主线宝箱!$H$321:$H$620)+SUMIF(主线宝箱!$B$321:$B$620,"<="&C29,主线宝箱!$T$321:$T$620) -> 1200 | E29: 110 | F29: =0.225*100*5 -> 112.5 | G29: =IF(AND($C$27<3,B29>3),G28,SUMIF(图纸产出设计!$F$334:$F$342,"<="&B29,图纸产出设计!$C$334:$C$342)) -> 1590 | H29: =OFFSET(产销汇总!$C$1,MATCH(H$28,产销汇总!$C$2:$C$8,0),$C$27)*(_xlfn.XLOOKUP(C29,主线推图!$B$313:$B$612,主线推图!$G$313:$G$612)+_xlfn.XLOOKUP(C29,主线推图!$B$313:$B$612,主线推图!$H$313:$H$612)) -> 176 | I29: =OFFSET(产销汇总!$C$1,MATCH(I$28,产销汇总!$C$2:$C$8,0),$C$27)*_xlfn.XLOOKUP(C29,巡逻产出!$B$311:$B$610,巡逻产出!$H$311:$H$610) -> 0 | J29: =OFFSET(产销汇总!$C$1,MATCH(J$28,产销汇总!$C$2:$C$8,0),$C$27)*(_xlfn.XLOOKUP(MAX(1,INT(C29/10-6/10)),组队产出!$B$24:$B$39,组队产出!$J$24:$J$39)+_xlfn.XLOOKUP(MAX(1,INT(C29/10-6/10)),组队产出!$B$24:$B$39,组队产出!$K$24:$K$39)) -> 96 | K29: =OFFSET(产销汇总!$C$1,MATCH(K$28,产销汇总!$C$2:$C$8,0),$C$27)*_xlfn.XLOOKUP(C29,巡逻产出!$B$311:$B$610,巡逻产出!$I$311:$I$610)*IF($C$27=1,0.5,1) -> 312 | L29: =OFFSET(产销汇总!$C$1,MATCH(L$28,产销汇总!$C$2:$C$8,0),$C$27)*竞技场!$C$5 -> 180 | M29: =任务!$C$6+IF(MOD(B29,7)=0,任务!$M$25) -> 30 | N29: =ROUND(12/7,1) -> 1.7 | O29: =IF(MOD(B29,7)=2,10,0)+IF(MOD(B29,7)=5,10,0) -> 0 | P29: =OFFSET(产销汇总!$C$1,MATCH(P$27,产销汇总!$C$2:$C$8,0),$C$27)/200*协力宝箱!$Q$82 -> 0 | Q29: =0.2*5*10 -> 10 | R29: 10 | S29: 50 | U29: =IF($C$27<2,50,100)+IF(B29>=3,50,0) -> 100 | V29: =SUM($H$29:U29)+SUM(D29:G29) -> 3978.2
B30: 2 | C30: =OFFSET(产销汇总!$C$12,$B30,$C$27) -> 35 | D30: =SUMIF(主线宝箱!$B$321:$B$620,"<="&C30,主线宝箱!$H$321:$H$620)+SUMIF(主线宝箱!$B$321:$B$620,"<="&C30,主线宝箱!$T$321:$T$620) -> 1400 | E30: 110 | F30: =F29+22.5 -> 135 | G30: =IF(AND($C$27<3,B30>3),G29,SUMIF(图纸产出设计!$F$334:$F$342,"<="&B30,图纸产出设计!$C$334:$C$342)) -> 2690 | H30: =OFFSET(产销汇总!$C$1,MATCH(H$28,产销汇总!$C$2:$C$8,0),$C$27)*(_xlfn.XLOOKUP(C30,主线推图!$B$313:$B$612,主线推图!$G$313:$G$612)+_xlfn.XLOOKUP(C30,主线推图!$B$313:$B$612,主线推图!$H$313:$H$612)) -> 176 | I30: =OFFSET(产销汇总!$C$1,MATCH(I$28,产销汇总!$C$2:$C$8,0),$C$27)*_xlfn.XLOOKUP(C30,巡逻产出!$B$311:$B$610,巡逻产出!$H$311:$H$610) -> 0 | J30: =OFFSET(产销汇总!$C$1,MATCH(J$28,产销汇总!$C$2:$C$8,0),$C$27)*(_xlfn.XLOOKUP(MAX(1,INT(C30/10-6/10)),组队产出!$B$24:$B$39,组队产出!$J$24:$J$39)+_xlfn.XLOOKUP(MAX(1,INT(C30/10-6/10)),组队产出!$B$24:$B$39,组队产出!$K$24:$K$39)) -> 96 | K30: =OFFSET(产销汇总!$C$1,MATCH(K$28,产销汇总!$C$2:$C$8,0),$C$27)*_xlfn.XLOOKUP(C30,巡逻产出!$B$311:$B$610,巡逻产出!$I$311:$I$610)*IF($C$27=1,0.5,1) -> 312 | L30: =OFFSET(产销汇总!$C$1,MATCH(L$28,产销汇总!$C$2:$C$8,0),$C$27)*竞技场!$C$5 -> 180 | M30: =任务!$C$6+IF(MOD(B30,7)=0,任务!$M$25) -> 30 | N30: =ROUND(12/7,1) -> 1.7 | O30: =IF(MOD(B30,7)=2,10,0)+IF(MOD(B30,7)=5,10,0) -> 10 | P30: =OFFSET(产销汇总!$C$1,MATCH(P$27,产销汇总!$C$2:$C$8,0),$C$27)/200*协力宝箱!$Q$82 -> 0 | Q30: =0.2*5*10 -> 10 | R30: 10 | S30: 50 | U30: =IF($C$27<2,50,100)+IF(B30>=3,50,0) -> 100 | V30: =SUM($H$29:U30)+SUM(D30:G30) -> 6276.4 | W30: =V30-V29 -> 2298.2
B31: 3 | C31: =OFFSET(产销汇总!$C$12,$B31,$C$27) -> 40 | D31: =SUMIF(主线宝箱!$B$321:$B$620,"<="&C31,主线宝箱!$H$321:$H$620)+SUMIF(主线宝箱!$B$321:$B$620,"<="&C31,主线宝箱!$T$321:$T$620) -> 1600 | E31: 110 | F31: =F30+22.5 -> 157.5 | G31: =IF(AND($C$27<3,B31>3),G30,SUMIF(图纸产出设计!$F$334:$F$342,"<="&B31,图纸产出设计!$C$334:$C$342)) -> 3890 | H31: =OFFSET(产销汇总!$C$1,MATCH(H$28,产销汇总!$C$2:$C$8,0),$C$27)*(_xlfn.XLOOKUP(C31,主线推图!$B$313:$B$612,主线推图!$G$313:$G$612)+_xlfn.XLOOKUP(C31,主线推图!$B$313:$B$612,主线推图!$H$313:$H$612)) -> 176 | I31: =OFFSET(产销汇总!$C$1,MATCH(I$28,产销汇总!$C$2:$C$8,0),$C$27)*_xlfn.XLOOKUP(C31,巡逻产出!$B$311:$B$610,巡逻产出!$H$311:$H$610) -> 0 | J31: =OFFSET(产销汇总!$C$1,MATCH(J$28,产销汇总!$C$2:$C$8,0),$C$27)*(_xlfn.XLOOKUP(MAX(1,INT(C31/10-6/10)),组队产出!$B$24:$B$39,组队产出!$J$24:$J$39)+_xlfn.XLOOKUP(MAX(1,INT(C31/10-6/10)),组队产出!$B$24:$B$39,组队产出!$K$24:$K$39)) -> 96 | K31: =OFFSET(产销汇总!$C$1,MATCH(K$28,产销汇总!$C$2:$C$8,0),$C$27)*_xlfn.XLOOKUP(C31,巡逻产出!$B$311:$B$610,巡逻产出!$I$311:$I$610)*IF($C$27=1,0.5,1) -> 312 | L31: =OFFSET(产销汇总!$C$1,MATCH(L$28,产销汇总!$C$2:$C$8,0),$C$27)*竞技场!$C$5 -> 180 | M31: =任务!$C$6+IF(MOD(B31,7)=0,任务!$M$25) -> 30 | N31: =ROUND(12/7,1) -> 1.7 | O31: =IF(MOD(B31,7)=2,10,0)+IF(MOD(B31,7)=5,10,0) -> 0 | P31: =OFFSET(产销汇总!$C$1,MATCH(P$27,产销汇总!$C$2:$C$8,0),$C$27)/200*协力宝箱!$Q$82 -> 0 | Q31: =0.2*5*10 -> 10 | R31: 10 | S31: 100 | T31: =(公会!$F$12+公会!$F$13+公会!$F$14+公会!$F$18/7)/2 -> 121.42857 | U31: =IF($C$27<2,50,100)+IF(B31>=3,50,0) -> 150 | V31: =SUM($H$29:U31)+SUM(D31:G31) -> 8886.0286 | W31: =V31-V30 -> 2609.6286
B32: 4 | C32: =OFFSET(产销汇总!$C$12,$B32,$C$27) -> 46 | D32: =SUMIF(主线宝箱!$B$321:$B$620,"<="&C32,主线宝箱!$H$321:$H$620)+SUMIF(主线宝箱!$B$321:$B$620,"<="&C32,主线宝箱!$T$321:$T$620) -> 1840 | E32: 110 | F32: =F31+22.5 -> 180 | G32: =IF(AND($C$27<3,B32>3),G31,SUMIF(图纸产出设计!$F$334:$F$342,"<="&B32,图纸产出设计!$C$334:$C$342)) -> 3890 | H32: =OFFSET(产销汇总!$C$1,MATCH(H$28,产销汇总!$C$2:$C$8,0),$C$27)*(_xlfn.XLOOKUP(C32,主线推图!$B$313:$B$612,主线推图!$G$313:$G$612)+_xlfn.XLOOKUP(C32,主线推图!$B$313:$B$612,主线推图!$H$313:$H$612)) -> 176 | I32: =OFFSET(产销汇总!$C$1,MATCH(I$28,产销汇总!$C$2:$C$8,0),$C$27)*_xlfn.XLOOKUP(C32,巡逻产出!$B$311:$B$610,巡逻产出!$H$311:$H$610) -> 0 | J32: =OFFSET(产销汇总!$C$1,MATCH(J$28,产销汇总!$C$2:$C$8,0),$C$27)*(_xlfn.XLOOKUP(MAX(1,INT(C32/10-6/10)),组队产出!$B$24:$B$39,组队产出!$J$24:$J$39)+_xlfn.XLOOKUP(MAX(1,INT(C32/10-6/10)),组队产出!$B$24:$B$39,组队产出!$K$24:$K$39)) -> 96 | K32: =OFFSET(产销汇总!$C$1,MATCH(K$28,产销汇总!$C$2:$C$8,0),$C$27)*_xlfn.XLOOKUP(C32,巡逻产出!$B$311:$B$610,巡逻产出!$I$311:$I$610)*IF($C$27=1,0.5,1) -> 312 | L32: =OFFSET(产销汇总!$C$1,MATCH(L$28,产销汇总!$C$2:$C$8,0),$C$27)*竞技场!$C$5 -> 180 | M32: =任务!$C$6+IF(MOD(B32,7)=0,任务!$M$25) -> 30 | N32: =ROUND(12/7,1) -> 1.7 | O32: =IF(MOD(B32,7)=2,10,0)+IF(MOD(B32,7)=5,10,0) -> 0 | P32: =OFFSET(产销汇总!$C$1,MATCH(P$27,产销汇总!$C$2:$C$8,0),$C$27)/200*协力宝箱!$Q$82 -> 0 | Q32: =0.2*5*10 -> 10 | R32: 10 | S32: =S31 -> 100 | T32: =(公会!$F$12+公会!$F$13+公会!$F$14+公会!$F$18/7)/2 -> 121.42857 | U32: =IF($C$27<2,50,100)+IF(B32>=3,50,0) -> 150 | V32: =SUM($H$29:U32)+SUM(D32:G32) -> 10335.657 | W32: =V32-V31 -> 1449.6286
B33: 5 | C33: =OFFSET(产销汇总!$C$12,$B33,$C$27) -> 55 | D33: =SUMIF(主线宝箱!$B$321:$B$620,"<="&C33,主线宝箱!$H$321:$H$620)+SUMIF(主线宝箱!$B$321:$B$620,"<="&C33,主线宝箱!$T$321:$T$620) -> 2200 | E33: 110 | F33: =F32+22.5 -> 202.5 | G33: =IF(AND($C$27<3,B33>3),G32,SUMIF(图纸产出设计!$F$334:$F$342,"<="&B33,图纸产出设计!$C$334:$C$342)) -> 3890 | H33: =OFFSET(产销汇总!$C$1,MATCH(H$28,产销汇总!$C$2:$C$8,0),$C$27)*(_xlfn.XLOOKUP(C33,主线推图!$B$313:$B$612,主线推图!$G$313:$G$612)+_xlfn.XLOOKUP(C33,主线推图!$B$313:$B$612,主线推图!$H$313:$H$612)) -> 176 | I33: =OFFSET(产销汇总!$C$1,MATCH(I$28,产销汇总!$C$2:$C$8,0),$C$27)*_xlfn.XLOOKUP(C33,巡逻产出!$B$311:$B$610,巡逻产出!$H$311:$H$610) -> 0 | J33: =OFFSET(产销汇总!$C$1,MATCH(J$28,产销汇总!$C$2:$C$8,0),$C$27)*(_xlfn.XLOOKUP(MAX(1,INT(C33/10-6/10)),组队产出!$B$24:$B$39,组队产出!$J$24:$J$39)+_xlfn.XLOOKUP(MAX(1,INT(C33/10-6/10)),组队产出!$B$24:$B$39,组队产出!$K$24:$K$39)) -> 96 | K33: =OFFSET(产销汇总!$C$1,MATCH(K$28,产销汇总!$C$2:$C$8,0),$C$27)*_xlfn.XLOOKUP(C33,巡逻产出!$B$311:$B$610,巡逻产出!$I$311:$I$610)*IF($C$27=1,0.5,1) -> 312 | L33: =OFFSET(产销汇总!$C$1,MATCH(L$28,产销汇总!$C$2:$C$8,0),$C$27)*竞技场!$C$5 -> 180 | M33: =任务!$C$6+IF(MOD(B33,7)=0,任务!$M$25) -> 30 | N33: =ROUND(12/7,1) -> 1.7 | O33: =IF(MOD(B33,7)=2,10,0)+IF(MOD(B33,7)=5,10,0) -> 10 | P33: =OFFSET(产销汇总!$C$1,MATCH(P$27,产销汇总!$C$2:$C$8,0),$C$27)/200*协力宝箱!$Q$82 -> 0 | Q33: =0.2*5*10 -> 10 | R33: 10 | S33: =S32 -> 100 | T33: =(公会!$F$12+公会!$F$13+公会!$F$14+公会!$F$18/7)/2 -> 121.42857 | U33: =IF($C$27<2,50,100)+IF(B33>=3,50,0) -> 150 | V33: =SUM($H$29:U33)+SUM(D33:G33) -> 11915.286 | W33: =V33-V32 -> 1579.6286
B34: 6 | C34: =OFFSET(产销汇总!$C$12,$B34,$C$27) -> 57 | D34: =SUMIF(主线宝箱!$B$321:$B$620,"<="&C34,主线宝箱!$H$321:$H$620)+SUMIF(主线宝箱!$B$321:$B$620,"<="&C34,主线宝箱!$T$321:$T$620) -> 2280 | E34: 110 | F34: =F33+22.5 -> 225 | G34: =IF(AND($C$27<3,B34>3),G33,SUMIF(图纸产出设计!$F$334:$F$342,"<="&B34,图纸产出设计!$C$334:$C$342)) -> 3890 | H34: =OFFSET(产销汇总!$C$1,MATCH(H$28,产销汇总!$C$2:$C$8,0),$C$27)*(_xlfn.XLOOKUP(C34,主线推图!$B$313:$B$612,主线推图!$G$313:$G$612)+_xlfn.XLOOKUP(C34,主线推图!$B$313:$B$612,主线推图!$H$313:$H$612)) -> 176 | I34: =OFFSET(产销汇总!$C$1,MATCH(I$28,产销汇总!$C$2:$C$8,0),$C$27)*_xlfn.XLOOKUP(C34,巡逻产出!$B$311:$B$610,巡逻产出!$H$311:$H$610) -> 0 | J34: =OFFSET(产销汇总!$C$1,MATCH(J$28,产销汇总!$C$2:$C$8,0),$C$27)*(_xlfn.XLOOKUP(MAX(1,INT(C34/10-6/10)),组队产出!$B$24:$B$39,组队产出!$J$24:$J$39)+_xlfn.XLOOKUP(MAX(1,INT(C34/10-6/10)),组队产出!$B$24:$B$39,组队产出!$K$24:$K$39)) -> 96 | K34: =OFFSET(产销汇总!$C$1,MATCH(K$28,产销汇总!$C$2:$C$8,0),$C$27)*_xlfn.XLOOKUP(C34,巡逻产出!$B$311:$B$610,巡逻产出!$I$311:$I$610)*IF($C$27=1,0.5,1) -> 312 | L34: =OFFSET(产销汇总!$C$1,MATCH(L$28,产销汇总!$C$2:$C$8,0),$C$27)*竞技场!$C$5 -> 180 | M34: =任务!$C$6+IF(MOD(B34,7)=0,任务!$M$25) -> 30 | N34: =ROUND(12/7,1) -> 1.7 | O34: =IF(MOD(B34,7)=2,10,0)+IF(MOD(B34,7)=5,10,0) -> 0 | P34: =OFFSET(产销汇总!$C$1,MATCH(P$27,产销汇总!$C$2:$C$8,0),$C$27)/200*协力宝箱!$Q$82 -> 0 | Q34: =0.2*5*10 -> 10 | R34: 10 | S34: =S33 -> 100 | T34: =(公会!$F$12+公会!$F$13+公会!$F$14+公会!$F$18/7)/2 -> 121.42857 | U34: =IF($C$27<2,50,100)+IF(B34>=3,50,0) -> 150 | V34: =SUM($H$29:U34)+SUM(D34:G34) -> 13204.914 | W34: =V34-V33 -> 1289.6286
B35: 7 | C35: =OFFSET(产销汇总!$C$12,$B35,$C$27) -> 60 | D35: =SUMIF(主线宝箱!$B$321:$B$620,"<="&C35,主线宝箱!$H$321:$H$620)+SUMIF(主线宝箱!$B$321:$B$620,"<="&C35,主线宝箱!$T$321:$T$620) -> 2400 | E35: 110 | F35: =F34+22.5 -> 247.5 | G35: =IF(AND($C$27<3,B35>3),G34,SUMIF(图纸产出设计!$F$334:$F$342,"<="&B35,图纸产出设计!$C$334:$C$342)) -> 3890 | H35: =OFFSET(产销汇总!$C$1,MATCH(H$28,产销汇总!$C$2:$C$8,0),$C$27)*(_xlfn.XLOOKUP(C35,主线推图!$B$313:$B$612,主线推图!$G$313:$G$612)+_xlfn.XLOOKUP(C35,主线推图!$B$313:$B$612,主线推图!$H$313:$H$612)) -> 176 | I35: =OFFSET(产销汇总!$C$1,MATCH(I$28,产销汇总!$C$2:$C$8,0),$C$27)*_xlfn.XLOOKUP(C35,巡逻产出!$B$311:$B$610,巡逻产出!$H$311:$H$610) -> 0 | J35: =OFFSET(产销汇总!$C$1,MATCH(J$28,产销汇总!$C$2:$C$8,0),$C$27)*(_xlfn.XLOOKUP(MAX(1,INT(C35/10-6/10)),组队产出!$B$24:$B$39,组队产出!$J$24:$J$39)+_xlfn.XLOOKUP(MAX(1,INT(C35/10-6/10)),组队产出!$B$24:$B$39,组队产出!$K$24:$K$39)) -> 96 | K35: =OFFSET(产销汇总!$C$1,MATCH(K$28,产销汇总!$C$2:$C$8,0),$C$27)*_xlfn.XLOOKUP(C35,巡逻产出!$B$311:$B$610,巡逻产出!$I$311:$I$610)*IF($C$27=1,0.5,1) -> 312 | L35: =OFFSET(产销汇总!$C$1,MATCH(L$28,产销汇总!$C$2:$C$8,0),$C$27)*竞技场!$C$5 -> 180 | M35: =任务!$C$6+IF(MOD(B35,7)=0,任务!$M$25) -> 60 | N35: =ROUND(12/7,1) -> 1.7 | O35: =IF(MOD(B35,7)=2,10,0)+IF(MOD(B35,7)=5,10,0) -> 0 | P35: =OFFSET(产销汇总!$C$1,MATCH(P$27,产销汇总!$C$2:$C$8,0),$C$27)/200*协力宝箱!$Q$82 -> 0 | Q35: =0.2*5*10 -> 10 | R35: 10 | S35: 100 | T35: =(公会!$F$12+公会!$F$13+公会!$F$14+公会!$F$18/7)/2 -> 121.42857 | U35: =IF($C$27<2,50,100)+IF(B35>=3,50,0) -> 150 | V35: =SUM($H$29:U35)+SUM(D35:G35) -> 14564.543 | W35: =V35-V34 -> 1359.6286
B36: 8 | C36: =OFFSET(产销汇总!$C$12,$B36,$C$27) -> 63 | D36: =SUMIF(主线宝箱!$B$321:$B$620,"<="&C36,主线宝箱!$H$321:$H$620)+SUMIF(主线宝箱!$B$321:$B$620,"<="&C36,主线宝箱!$T$321:$T$620) -> 2520 | E36: 110 | F36: =F35+22.5 -> 270 | G36: =IF(AND($C$27<3,B36>3),G35,SUMIF(图纸产出设计!$F$334:$F$342,"<="&B36,图纸产出设计!$C$334:$C$342)) -> 3890 | H36: =OFFSET(产销汇总!$C$1,MATCH(H$28,产销汇总!$C$2:$C$8,0),$C$27)*(_xlfn.XLOOKUP(C36,主线推图!$B$313:$B$612,主线推图!$G$313:$G$612)+_xlfn.XLOOKUP(C36,主线推图!$B$313:$B$612,主线推图!$H$313:$H$612)) -> 176 | I36: =OFFSET(产销汇总!$C$1,MATCH(I$28,产销汇总!$C$2:$C$8,0),$C$27)*_xlfn.XLOOKUP(C36,巡逻产出!$B$311:$B$610,巡逻产出!$H$311:$H$610) -> 0 | J36: =OFFSET(产销汇总!$C$1,MATCH(J$28,产销汇总!$C$2:$C$8,0),$C$27)*(_xlfn.XLOOKUP(MAX(1,INT(C36/10-6/10)),组队产出!$B$24:$B$39,组队产出!$J$24:$J$39)+_xlfn.XLOOKUP(MAX(1,INT(C36/10-6/10)),组队产出!$B$24:$B$39,组队产出!$K$24:$K$39)) -> 96 | K36: =OFFSET(产销汇总!$C$1,MATCH(K$28,产销汇总!$C$2:$C$8,0),$C$27)*_xlfn.XLOOKUP(C36,巡逻产出!$B$311:$B$610,巡逻产出!$I$311:$I$610)*IF($C$27=1,0.5,1) -> 312 | L36: =OFFSET(产销汇总!$C$1,MATCH(L$28,产销汇总!$C$2:$C$8,0),$C$27)*竞技场!$C$5 -> 180 | M36: =任务!$C$6+IF(MOD(B36,7)=0,任务!$M$25) -> 30 | N36: =ROUND(12/7,1) -> 1.7 | O36: =IF(MOD(B36,7)=2,10,0)+IF(MOD(B36,7)=5,10,0) -> 0 | P36: =OFFSET(产销汇总!$C$1,MATCH(P$27,产销汇总!$C$2:$C$8,0),$C$27)/200*协力宝箱!$Q$82 -> 0 | Q36: =0.2*5*10 -> 10 | R36: 10 | S36: =S35 -> 100 | T36: =(公会!$F$12+公会!$F$13+公会!$F$14+公会!$F$18/7)/2 -> 121.42857 | U36: =IF($C$27<2,50,100)+IF(B36>=3,50,0) -> 150 | V36: =SUM($H$29:U36)+SUM(D36:G36) -> 15894.171 | W36: =V36-V35 -> 1329.6286
B37: 9 | C37: =OFFSET(产销汇总!$C$12,$B37,$C$27) -> 66 | D37: =SUMIF(主线宝箱!$B$321:$B$620,"<="&C37,主线宝箱!$H$321:$H$620)+SUMIF(主线宝箱!$B$321:$B$620,"<="&C37,主线宝箱!$T$321:$T$620) -> 2640 | E37: 110 | F37: =F36+22.5 -> 292.5 | G37: =IF(AND($C$27<3,B37>3),G36,SUMIF(图纸产出设计!$F$334:$F$342,"<="&B37,图纸产出设计!$C$334:$C$342)) -> 3890 | H37: =OFFSET(产销汇总!$C$1,MATCH(H$28,产销汇总!$C$2:$C$8,0),$C$27)*(_xlfn.XLOOKUP(C37,主线推图!$B$313:$B$612,主线推图!$G$313:$G$612)+_xlfn.XLOOKUP(C37,主线推图!$B$313:$B$612,主线推图!$H$313:$H$612)) -> 176 | I37: =OFFSET(产销汇总!$C$1,MATCH(I$28,产销汇总!$C$2:$C$8,0),$C$27)*_xlfn.XLOOKUP(C37,巡逻产出!$B$311:$B$610,巡逻产出!$H$311:$H$610) -> 0 | J37: =OFFSET(产销汇总!$C$1,MATCH(J$28,产销汇总!$C$2:$C$8,0),$C$27)*(_xlfn.XLOOKUP(MAX(1,INT(C37/10-6/10)),组队产出!$B$24:$B$39,组队产出!$J$24:$J$39)+_xlfn.XLOOKUP(MAX(1,INT(C37/10-6/10)),组队产出!$B$24:$B$39,组队产出!$K$24:$K$39)) -> 96 | K37: =OFFSET(产销汇总!$C$1,MATCH(K$28,产销汇总!$C$2:$C$8,0),$C$27)*_xlfn.XLOOKUP(C37,巡逻产出!$B$311:$B$610,巡逻产出!$I$311:$I$610)*IF($C$27=1,0.5,1) -> 312 | L37: =OFFSET(产销汇总!$C$1,MATCH(L$28,产销汇总!$C$2:$C$8,0),$C$27)*竞技场!$C$5 -> 180 | M37: =任务!$C$6+IF(MOD(B37,7)=0,任务!$M$25) -> 30 | N37: =ROUND(12/7,1) -> 1.7 | O37: =IF(MOD(B37,7)=2,10,0)+IF(MOD(B37,7)=5,10,0) -> 10 | P37: =OFFSET(产销汇总!$C$1,MATCH(P$27,产销汇总!$C$2:$C$8,0),$C$27)/200*协力宝箱!$Q$82 -> 0 | Q37: =0.2*5*10 -> 10 | R37: 10 | S37: =S36 -> 100 | T37: =(公会!$F$12+公会!$F$13+公会!$F$14+公会!$F$18/7)/2 -> 121.42857 | U37: =IF($C$27<2,50,100)+IF(B37>=3,50,0) -> 150 | V37: =SUM($H$29:U37)+SUM(D37:G37) -> 17233.8 | W37: =V37-V36 -> 1339.6286
B38: 10 | C38: =OFFSET(产销汇总!$C$12,$B38,$C$27) -> 69 | D38: =SUMIF(主线宝箱!$B$321:$B$620,"<="&C38,主线宝箱!$H$321:$H$620)+SUMIF(主线宝箱!$B$321:$B$620,"<="&C38,主线宝箱!$T$321:$T$620) -> 2760 | E38: 110 | F38: =F37+22.5 -> 315 | G38: =IF(AND($C$27<3,B38>3),G37,SUMIF(图纸产出设计!$F$334:$F$342,"<="&B38,图纸产出设计!$C$334:$C$342)) -> 3890 | H38: =OFFSET(产销汇总!$C$1,MATCH(H$28,产销汇总!$C$2:$C$8,0),$C$27)*(_xlfn.XLOOKUP(C38,主线推图!$B$313:$B$612,主线推图!$G$313:$G$612)+_xlfn.XLOOKUP(C38,主线推图!$B$313:$B$612,主线推图!$H$313:$H$612)) -> 176 | I38: =OFFSET(产销汇总!$C$1,MATCH(I$28,产销汇总!$C$2:$C$8,0),$C$27)*_xlfn.XLOOKUP(C38,巡逻产出!$B$311:$B$610,巡逻产出!$H$311:$H$610) -> 0 | J38: =OFFSET(产销汇总!$C$1,MATCH(J$28,产销汇总!$C$2:$C$8,0),$C$27)*(_xlfn.XLOOKUP(MAX(1,INT(C38/10-6/10)),组队产出!$B$24:$B$39,组队产出!$J$24:$J$39)+_xlfn.XLOOKUP(MAX(1,INT(C38/10-6/10)),组队产出!$B$24:$B$39,组队产出!$K$24:$K$39)) -> 96 | K38: =OFFSET(产销汇总!$C$1,MATCH(K$28,产销汇总!$C$2:$C$8,0),$C$27)*_xlfn.XLOOKUP(C38,巡逻产出!$B$311:$B$610,巡逻产出!$I$311:$I$610)*IF($C$27=1,0.5,1) -> 312 | L38: =OFFSET(产销汇总!$C$1,MATCH(L$28,产销汇总!$C$2:$C$8,0),$C$27)*竞技场!$C$5 -> 180 | M38: =任务!$C$6+IF(MOD(B38,7)=0,任务!$M$25) -> 30 | N38: =ROUND(12/7,1) -> 1.7 | O38: =IF(MOD(B38,7)=2,10,0)+IF(MOD(B38,7)=5,10,0) -> 0 | P38: =OFFSET(产销汇总!$C$1,MATCH(P$27,产销汇总!$C$2:$C$8,0),$C$27)/200*协力宝箱!$Q$82 -> 0 | Q38: =0.2*5*10 -> 10 | R38: 10 | S38: =S37 -> 100 | T38: =(公会!$F$12+公会!$F$13+公会!$F$14+公会!$F$18/7)/2 -> 121.42857 | U38: =IF($C$27<2,50,100)+IF(B38>=3,50,0) -> 150 | V38: =SUM($H$29:U38)+SUM(D38:G38) -> 18563.429 | W38: =V38-V37 -> 1329.6286
B39: 11 | C39: =OFFSET(产销汇总!$C$12,$B39,$C$27) -> 73 | D39: =SUMIF(主线宝箱!$B$321:$B$620,"<="&C39,主线宝箱!$H$321:$H$620)+SUMIF(主线宝箱!$B$321:$B$620,"<="&C39,主线宝箱!$T$321:$T$620) -> 2920 | E39: 110 | F39: =F38+22.5 -> 337.5 | G39: =IF(AND($C$27<3,B39>3),G38,SUMIF(图纸产出设计!$F$334:$F$342,"<="&B39,图纸产出设计!$C$334:$C$342)) -> 3890 | H39: =OFFSET(产销汇总!$C$1,MATCH(H$28,产销汇总!$C$2:$C$8,0),$C$27)*(_xlfn.XLOOKUP(C39,主线推图!$B$313:$B$612,主线推图!$G$313:$G$612)+_xlfn.XLOOKUP(C39,主线推图!$B$313:$B$612,主线推图!$H$313:$H$612)) -> 176 | I39: =OFFSET(产销汇总!$C$1,MATCH(I$28,产销汇总!$C$2:$C$8,0),$C$27)*_xlfn.XLOOKUP(C39,巡逻产出!$B$311:$B$610,巡逻产出!$H$311:$H$610) -> 0 | J39: =OFFSET(产销汇总!$C$1,MATCH(J$28,产销汇总!$C$2:$C$8,0),$C$27)*(_xlfn.XLOOKUP(MAX(1,INT(C39/10-6/10)),组队产出!$B$24:$B$39,组队产出!$J$24:$J$39)+_xlfn.XLOOKUP(MAX(1,INT(C39/10-6/10)),组队产出!$B$24:$B$39,组队产出!$K$24:$K$39)) -> 96 | K39: =OFFSET(产销汇总!$C$1,MATCH(K$28,产销汇总!$C$2:$C$8,0),$C$27)*_xlfn.XLOOKUP(C39,巡逻产出!$B$311:$B$610,巡逻产出!$I$311:$I$610)*IF($C$27=1,0.5,1) -> 312 | L39: =OFFSET(产销汇总!$C$1,MATCH(L$28,产销汇总!$C$2:$C$8,0),$C$27)*竞技场!$C$5 -> 180 | M39: =任务!$C$6+IF(MOD(B39,7)=0,任务!$M$25) -> 30 | N39: =ROUND(12/7,1) -> 1.7 | O39: =IF(MOD(B39,7)=2,10,0)+IF(MOD(B39,7)=5,10,0) -> 0 | P39: =OFFSET(产销汇总!$C$1,MATCH(P$27,产销汇总!$C$2:$C$8,0),$C$27)/200*协力宝箱!$Q$82 -> 0 | Q39: =0.2*5*10 -> 10 | R39: 10 | S39: =S38 -> 100 | T39: =(公会!$F$12+公会!$F$13+公会!$F$14+公会!$F$18/7)/2 -> 121.42857 | U39: =IF($C$27<2,50,100)+IF(B39>=3,50,0) -> 150 | V39: =SUM($H$29:U39)+SUM(D39:G39) -> 19933.057 | W39: =V39-V38 -> 1369.6286
B40: 12 | C40: =OFFSET(产销汇总!$C$12,$B40,$C$27) -> 75 | D40: =SUMIF(主线宝箱!$B$321:$B$620,"<="&C40,主线宝箱!$H$321:$H$620)+SUMIF(主线宝箱!$B$321:$B$620,"<="&C40,主线宝箱!$T$321:$T$620) -> 3000 | E40: 110 | F40: =F39+22.5 -> 360 | G40: =IF(AND($C$27<3,B40>3),G39,SUMIF(图纸产出设计!$F$334:$F$342,"<="&B40,图纸产出设计!$C$334:$C$342)) -> 3890 | H40: =OFFSET(产销汇总!$C$1,MATCH(H$28,产销汇总!$C$2:$C$8,0),$C$27)*(_xlfn.XLOOKUP(C40,主线推图!$B$313:$B$612,主线推图!$G$313:$G$612)+_xlfn.XLOOKUP(C40,主线推图!$B$313:$B$612,主线推图!$H$313:$H$612)) -> 176 | I40: =OFFSET(产销汇总!$C$1,MATCH(I$28,产销汇总!$C$2:$C$8,0),$C$27)*_xlfn.XLOOKUP(C40,巡逻产出!$B$311:$B$610,巡逻产出!$H$311:$H$610) -> 0 | J40: =OFFSET(产销汇总!$C$1,MATCH(J$28,产销汇总!$C$2:$C$8,0),$C$27)*(_xlfn.XLOOKUP(MAX(1,INT(C40/10-6/10)),组队产出!$B$24:$B$39,组队产出!$J$24:$J$39)+_xlfn.XLOOKUP(MAX(1,INT(C40/10-6/10)),组队产出!$B$24:$B$39,组队产出!$K$24:$K$39)) -> 96 | K40: =OFFSET(产销汇总!$C$1,MATCH(K$28,产销汇总!$C$2:$C$8,0),$C$27)*_xlfn.XLOOKUP(C40,巡逻产出!$B$311:$B$610,巡逻产出!$I$311:$I$610)*IF($C$27=1,0.5,1) -> 312 | L40: =OFFSET(产销汇总!$C$1,MATCH(L$28,产销汇总!$C$2:$C$8,0),$C$27)*竞技场!$C$5 -> 180 | M40: =任务!$C$6+IF(MOD(B40,7)=0,任务!$M$25) -> 30 | N40: =ROUND(12/7,1) -> 1.7 | O40: =IF(MOD(B40,7)=2,10,0)+IF(MOD(B40,7)=5,10,0) -> 10 | P40: =OFFSET(产销汇总!$C$1,MATCH(P$27,产销汇总!$C$2:$C$8,0),$C$27)/200*协力宝箱!$Q$82 -> 0 | Q40: =0.2*5*10 -> 10 | R40: 10 | S40: =S39 -> 100 | T40: =(公会!$F$12+公会!$F$13+公会!$F$14+公会!$F$18/7)/2 -> 121.42857 | U40: =IF($C$27<2,50,100)+IF(B40>=3,50,0) -> 150 | V40: =SUM($H$29:U40)+SUM(D40:G40) -> 21232.686 | W40: =V40-V39 -> 1299.6286
B41: 13 | C41: =OFFSET(产销汇总!$C$12,$B41,$C$27) -> 77 | D41: =SUMIF(主线宝箱!$B$321:$B$620,"<="&C41,主线宝箱!$H$321:$H$620)+SUMIF(主线宝箱!$B$321:$B$620,"<="&C41,主线宝箱!$T$321:$T$620) -> 3080 | E41: 110 | F41: =F40+22.5 -> 382.5 | G41: =IF(AND($C$27<3,B41>3),G40,SUMIF(图纸产出设计!$F$334:$F$342,"<="&B41,图纸产出设计!$C$334:$C$342)) -> 3890 | H41: =OFFSET(产销汇总!$C$1,MATCH(H$28,产销汇总!$C$2:$C$8,0),$C$27)*(_xlfn.XLOOKUP(C41,主线推图!$B$313:$B$612,主线推图!$G$313:$G$612)+_xlfn.XLOOKUP(C41,主线推图!$B$313:$B$612,主线推图!$H$313:$H$612)) -> 176 | I41: =OFFSET(产销汇总!$C$1,MATCH(I$28,产销汇总!$C$2:$C$8,0),$C$27)*_xlfn.XLOOKUP(C41,巡逻产出!$B$311:$B$610,巡逻产出!$H$311:$H$610) -> 0 | J41: =OFFSET(产销汇总!$C$1,MATCH(J$28,产销汇总!$C$2:$C$8,0),$C$27)*(_xlfn.XLOOKUP(MAX(1,INT(C41/10-6/10)),组队产出!$B$24:$B$39,组队产出!$J$24:$J$39)+_xlfn.XLOOKUP(MAX(1,INT(C41/10-6/10)),组队产出!$B$24:$B$39,组队产出!$K$24:$K$39)) -> 96 | K41: =OFFSET(产销汇总!$C$1,MATCH(K$28,产销汇总!$C$2:$C$8,0),$C$27)*_xlfn.XLOOKUP(C41,巡逻产出!$B$311:$B$610,巡逻产出!$I$311:$I$610)*IF($C$27=1,0.5,1) -> 312 | L41: =OFFSET(产销汇总!$C$1,MATCH(L$28,产销汇总!$C$2:$C$8,0),$C$27)*竞技场!$C$5 -> 180 | M41: =任务!$C$6+IF(MOD(B41,7)=0,任务!$M$25) -> 30 | N41: =ROUND(12/7,1) -> 1.7 | O41: =IF(MOD(B41,7)=2,10,0)+IF(MOD(B41,7)=5,10,0) -> 0 | P41: =OFFSET(产销汇总!$C$1,MATCH(P$27,产销汇总!$C$2:$C$8,0),$C$27)/200*协力宝箱!$Q$82 -> 0 | Q41: =0.2*5*10 -> 10 | R41: 10 | S41: =S40 -> 100 | T41: =(公会!$F$12+公会!$F$13+公会!$F$14+公会!$F$18/7)/2 -> 121.42857 | U41: =IF($C$27<2,50,100)+IF(B41>=3,50,0) -> 150 | V41: =SUM($H$29:U41)+SUM(D41:G41) -> 22522.314 | W41: =V41-V40 -> 1289.6286
B42: 14 | C42: =OFFSET(产销汇总!$C$12,$B42,$C$27) -> 80 | D42: =SUMIF(主线宝箱!$B$321:$B$620,"<="&C42,主线宝箱!$H$321:$H$620)+SUMIF(主线宝箱!$B$321:$B$620,"<="&C42,主线宝箱!$T$321:$T$620) -> 3200 | E42: 110 | F42: =F41+22.5 -> 405 | G42: =IF(AND($C$27<3,B42>3),G41,SUMIF(图纸产出设计!$F$334:$F$342,"<="&B42,图纸产出设计!$C$334:$C$342)) -> 3890 | H42: =OFFSET(产销汇总!$C$1,MATCH(H$28,产销汇总!$C$2:$C$8,0),$C$27)*(_xlfn.XLOOKUP(C42,主线推图!$B$313:$B$612,主线推图!$G$313:$G$612)+_xlfn.XLOOKUP(C42,主线推图!$B$313:$B$612,主线推图!$H$313:$H$612)) -> 176 | I42: =OFFSET(产销汇总!$C$1,MATCH(I$28,产销汇总!$C$2:$C$8,0),$C$27)*_xlfn.XLOOKUP(C42,巡逻产出!$B$311:$B$610,巡逻产出!$H$311:$H$610) -> 0 | J42: =OFFSET(产销汇总!$C$1,MATCH(J$28,产销汇总!$C$2:$C$8,0),$C$27)*(_xlfn.XLOOKUP(MAX(1,INT(C42/10-6/10)),组队产出!$B$24:$B$39,组队产出!$J$24:$J$39)+_xlfn.XLOOKUP(MAX(1,INT(C42/10-6/10)),组队产出!$B$24:$B$39,组队产出!$K$24:$K$39)) -> 96 | K42: =OFFSET(产销汇总!$C$1,MATCH(K$28,产销汇总!$C$2:$C$8,0),$C$27)*_xlfn.XLOOKUP(C42,巡逻产出!$B$311:$B$610,巡逻产出!$I$311:$I$610)*IF($C$27=1,0.5,1) -> 312 | L42: =OFFSET(产销汇总!$C$1,MATCH(L$28,产销汇总!$C$2:$C$8,0),$C$27)*竞技场!$C$5 -> 180 | M42: =任务!$C$6+IF(MOD(B42,7)=0,任务!$M$25) -> 60 | N42: =ROUND(12/7,1) -> 1.7 | O42: =IF(MOD(B42,7)=2,10,0)+IF(MOD(B42,7)=5,10,0) -> 0 | P42: =OFFSET(产销汇总!$C$1,MATCH(P$27,产销汇总!$C$2:$C$8,0),$C$27)/200*协力宝箱!$Q$82 -> 0 | Q42: =0.2*5*10 -> 10 | R42: 10 | S42: =S41 -> 100 | T42: =(公会!$F$12+公会!$F$13+公会!$F$14+公会!$F$18/7)/2 -> 121.42857 | U42: =IF($C$27<2,50,100)+IF(B42>=3,50,0) -> 150 | V42: =SUM($H$29:U42)+SUM(D42:G42) -> 23881.943 | W42: =V42-V41 -> 1359.6286
B43: 15 | C43: =OFFSET(产销汇总!$C$12,$B43,$C$27) -> 81.5 | D43: =SUMIF(主线宝箱!$B$321:$B$620,"<="&C43,主线宝箱!$H$321:$H$620)+SUMIF(主线宝箱!$B$321:$B$620,"<="&C43,主线宝箱!$T$321:$T$620) -> 3240 | E43: 110 | F43: =F42+22.5 -> 427.5 | G43: =IF(AND($C$27<3,B43>3),G42,SUMIF(图纸产出设计!$F$334:$F$342,"<="&B43,图纸产出设计!$C$334:$C$342)) -> 3890 | H43: =OFFSET(产销汇总!$C$1,MATCH(H$28,产销汇总!$C$2:$C$8,0),$C$27)*(_xlfn.XLOOKUP(C43,主线推图!$B$313:$B$612,主线推图!$G$313:$G$612)+_xlfn.XLOOKUP(C43,主线推图!$B$313:$B$612,主线推图!$H$313:$H$612)) -> #N/A | I43: =OFFSET(产销汇总!$C$1,MATCH(I$28,产销汇总!$C$2:$C$8,0),$C$27)*_xlfn.XLOOKUP(C43,巡逻产出!$B$311:$B$610,巡逻产出!$H$311:$H$610) -> #N/A | J43: =OFFSET(产销汇总!$C$1,MATCH(J$28,产销汇总!$C$2:$C$8,0),$C$27)*(_xlfn.XLOOKUP(MAX(1,INT(C43/10-6/10)),组队产出!$B$24:$B$39,组队产出!$J$24:$J$39)+_xlfn.XLOOKUP(MAX(1,INT(C43/10-6/10)),组队产出!$B$24:$B$39,组队产出!$K$24:$K$39)) -> 96 | K43: =OFFSET(产销汇总!$C$1,MATCH(K$28,产销汇总!$C$2:$C$8,0),$C$27)*_xlfn.XLOOKUP(C43,巡逻产出!$B$311:$B$610,巡逻产出!$I$311:$I$610)*IF($C$27=1,0.5,1) -> #N/A | L43: =OFFSET(产销汇总!$C$1,MATCH(L$28,产销汇总!$C$2:$C$8,0),$C$27)*竞技场!$C$5 -> 180 | M43: =任务!$C$6+IF(MOD(B43,7)=0,任务!$M$25) -> 30 | N43: =ROUND(12/7,1) -> 1.7 | O43: =IF(MOD(B43,7)=2,10,0)+IF(MOD(B43,7)=5,10,0) -> 0 | P43: =OFFSET(产销汇总!$C$1,MATCH(P$27,产销汇总!$C$2:$C$8,0),$C$27)/200*协力宝箱!$Q$82 -> 0 | Q43: =0.2*5*10 -> 10 | R43: 10 | S43: =S42 -> 100 | T43: =(公会!$F$12+公会!$F$13+公会!$F$14+公会!$F$18/7)/2 -> 121.42857 | U43: =IF($C$27<2,50,100)+IF(B43>=3,50,0) -> 150 | V43: =SUM($H$29:U43)+SUM(D43:G43) -> #N/A | W43: =V43-V42 -> #N/A
B44: 16 | C44: =OFFSET(产销汇总!$C$12,$B44,$C$27) -> 83 | D44: =SUMIF(主线宝箱!$B$321:$B$620,"<="&C44,主线宝箱!$H$321:$H$620)+SUMIF(主线宝箱!$B$321:$B$620,"<="&C44,主线宝箱!$T$321:$T$620) -> 3320 | E44: 110 | F44: =F43+22.5 -> 450 | G44: =IF(AND($C$27<3,B44>3),G43,SUMIF(图纸产出设计!$F$334:$F$342,"<="&B44,图纸产出设计!$C$334:$C$342)) -> 3890 | H44: =OFFSET(产销汇总!$C$1,MATCH(H$28,产销汇总!$C$2:$C$8,0),$C$27)*(_xlfn.XLOOKUP(C44,主线推图!$B$313:$B$612,主线推图!$G$313:$G$612)+_xlfn.XLOOKUP(C44,主线推图!$B$313:$B$612,主线推图!$H$313:$H$612)) -> 176 | I44: =OFFSET(产销汇总!$C$1,MATCH(I$28,产销汇总!$C$2:$C$8,0),$C$27)*_xlfn.XLOOKUP(C44,巡逻产出!$B$311:$B$610,巡逻产出!$H$311:$H$610) -> 0 | J44: =OFFSET(产销汇总!$C$1,MATCH(J$28,产销汇总!$C$2:$C$8,0),$C$27)*(_xlfn.XLOOKUP(MAX(1,INT(C44/10-6/10)),组队产出!$B$24:$B$39,组队产出!$J$24:$J$39)+_xlfn.XLOOKUP(MAX(1,INT(C44/10-6/10)),组队产出!$B$24:$B$39,组队产出!$K$24:$K$39)) -> 96 | K44: =OFFSET(产销汇总!$C$1,MATCH(K$28,产销汇总!$C$2:$C$8,0),$C$27)*_xlfn.XLOOKUP(C44,巡逻产出!$B$311:$B$610,巡逻产出!$I$311:$I$610)*IF($C$27=1,0.5,1) -> 312 | L44: =OFFSET(产销汇总!$C$1,MATCH(L$28,产销汇总!$C$2:$C$8,0),$C$27)*竞技场!$C$5 -> 180 | M44: =任务!$C$6+IF(MOD(B44,7)=0,任务!$M$25) -> 30 | N44: =ROUND(12/7,1) -> 1.7 | O44: =IF(MOD(B44,7)=2,10,0)+IF(MOD(B44,7)=5,10,0) -> 10 | P44: =OFFSET(产销汇总!$C$1,MATCH(P$27,产销汇总!$C$2:$C$8,0),$C$27)/200*协力宝箱!$Q$82 -> 0 | Q44: =0.2*5*10 -> 10 | R44: 10 | S44: =S43 -> 100 | T44: =(公会!$F$12+公会!$F$13+公会!$F$14+公会!$F$18/7)/2 -> 121.42857 | U44: =IF($C$27<2,50,100)+IF(B44>=3,50,0) -> 150 | V44: =SUM($H$29:U44)+SUM(D44:G44) -> #N/A | W44: =V44-V43 -> #N/A
B45: 17 | C45: =OFFSET(产销汇总!$C$12,$B45,$C$27) -> 84.5 | D45: =SUMIF(主线宝箱!$B$321:$B$620,"<="&C45,主线宝箱!$H$321:$H$620)+SUMIF(主线宝箱!$B$321:$B$620,"<="&C45,主线宝箱!$T$321:$T$620) -> 3360 | E45: 110 | F45: =F44 -> 450 | G45: =IF(AND($C$27<3,B45>3),G44,SUMIF(图纸产出设计!$F$334:$F$342,"<="&B45,图纸产出设计!$C$334:$C$342)) -> 3890 | H45: =OFFSET(产销汇总!$C$1,MATCH(H$28,产销汇总!$C$2:$C$8,0),$C$27)*(_xlfn.XLOOKUP(C45,主线推图!$B$313:$B$612,主线推图!$G$313:$G$612)+_xlfn.XLOOKUP(C45,主线推图!$B$313:$B$612,主线推图!$H$313:$H$612)) -> #N/A | I45: =OFFSET(产销汇总!$C$1,MATCH(I$28,产销汇总!$C$2:$C$8,0),$C$27)*_xlfn.XLOOKUP(C45,巡逻产出!$B$311:$B$610,巡逻产出!$H$311:$H$610) -> #N/A | J45: =OFFSET(产销汇总!$C$1,MATCH(J$28,产销汇总!$C$2:$C$8,0),$C$27)*(_xlfn.XLOOKUP(MAX(1,INT(C45/10-6/10)),组队产出!$B$24:$B$39,组队产出!$J$24:$J$39)+_xlfn.XLOOKUP(MAX(1,INT(C45/10-6/10)),组队产出!$B$24:$B$39,组队产出!$K$24:$K$39)) -> 96 | K45: =OFFSET(产销汇总!$C$1,MATCH(K$28,产销汇总!$C$2:$C$8,0),$C$27)*_xlfn.XLOOKUP(C45,巡逻产出!$B$311:$B$610,巡逻产出!$I$311:$I$610)*IF($C$27=1,0.5,1) -> #N/A | L45: =OFFSET(产销汇总!$C$1,MATCH(L$28,产销汇总!$C$2:$C$8,0),$C$27)*竞技场!$C$5 -> 180 | M45: =任务!$C$6+IF(MOD(B45,7)=0,任务!$M$25) -> 30 | N45: =ROUND(12/7,1) -> 1.7 | O45: =IF(MOD(B45,7)=2,10,0)+IF(MOD(B45,7)=5,10,0) -> 0 | P45: =OFFSET(产销汇总!$C$1,MATCH(P$27,产销汇总!$C$2:$C$8,0),$C$27)/200*协力宝箱!$Q$82 -> 0 | Q45: =0.2*5*10 -> 10 | R45: 10 | S45: =S44 -> 100 | T45: =(公会!$F$12+公会!$F$13+公会!$F$14+公会!$F$18/7)/2 -> 121.42857 | U45: =IF($C$27<2,50,100)+IF(B45>=3,50,0) -> 150 | V45: =SUM($H$29:U45)+SUM(D45:G45) -> #N/A | W45: =V45-V44 -> #N/A
B46: 18 | C46: =OFFSET(产销汇总!$C$12,$B46,$C$27) -> 86 | D46: =SUMIF(主线宝箱!$B$321:$B$620,"<="&C46,主线宝箱!$H$321:$H$620)+SUMIF(主线宝箱!$B$321:$B$620,"<="&C46,主线宝箱!$T$321:$T$620) -> 3440 | E46: 110 | F46: =F45 -> 450 | G46: =IF(AND($C$27<3,B46>3),G45,SUMIF(图纸产出设计!$F$334:$F$342,"<="&B46,图纸产出设计!$C$334:$C$342)) -> 3890 | H46: =OFFSET(产销汇总!$C$1,MATCH(H$28,产销汇总!$C$2:$C$8,0),$C$27)*(_xlfn.XLOOKUP(C46,主线推图!$B$313:$B$612,主线推图!$G$313:$G$612)+_xlfn.XLOOKUP(C46,主线推图!$B$313:$B$612,主线推图!$H$313:$H$612)) -> 176 | I46: =OFFSET(产销汇总!$C$1,MATCH(I$28,产销汇总!$C$2:$C$8,0),$C$27)*_xlfn.XLOOKUP(C46,巡逻产出!$B$311:$B$610,巡逻产出!$H$311:$H$610) -> 0 | J46: =OFFSET(产销汇总!$C$1,MATCH(J$28,产销汇总!$C$2:$C$8,0),$C$27)*(_xlfn.XLOOKUP(MAX(1,INT(C46/10-6/10)),组队产出!$B$24:$B$39,组队产出!$J$24:$J$39)+_xlfn.XLOOKUP(MAX(1,INT(C46/10-6/10)),组队产出!$B$24:$B$39,组队产出!$K$24:$K$39)) -> 96 | K46: =OFFSET(产销汇总!$C$1,MATCH(K$28,产销汇总!$C$2:$C$8,0),$C$27)*_xlfn.XLOOKUP(C46,巡逻产出!$B$311:$B$610,巡逻产出!$I$311:$I$610)*IF($C$27=1,0.5,1) -> 312 | L46: =OFFSET(产销汇总!$C$1,MATCH(L$28,产销汇总!$C$2:$C$8,0),$C$27)*竞技场!$C$5 -> 180 | M46: =任务!$C$6+IF(MOD(B46,7)=0,任务!$M$25) -> 30 | N46: =ROUND(12/7,1) -> 1.7 | O46: =IF(MOD(B46,7)=2,10,0)+IF(MOD(B46,7)=5,10,0) -> 0 | P46: =OFFSET(产销汇总!$C$1,MATCH(P$27,产销汇总!$C$2:$C$8,0),$C$27)/200*协力宝箱!$Q$82 -> 0 | Q46: =0.2*5*10 -> 10 | R46: 10 | S46: =S45 -> 100 | T46: =(公会!$F$12+公会!$F$13+公会!$F$14+公会!$F$18/7)/2 -> 121.42857 | U46: =IF($C$27<2,50,100)+IF(B46>=3,50,0) -> 150 | V46: =SUM($H$29:U46)+SUM(D46:G46) -> #N/A | W46: =V46-V45 -> #N/A
B47: 19 | C47: =OFFSET(产销汇总!$C$12,$B47,$C$27) -> 87.5 | D47: =SUMIF(主线宝箱!$B$321:$B$620,"<="&C47,主线宝箱!$H$321:$H$620)+SUMIF(主线宝箱!$B$321:$B$620,"<="&C47,主线宝箱!$T$321:$T$620) -> 3480 | E47: 110 | F47: =F46 -> 450 | G47: =IF(AND($C$27<3,B47>3),G46,SUMIF(图纸产出设计!$F$334:$F$342,"<="&B47,图纸产出设计!$C$334:$C$342)) -> 3890 | H47: =OFFSET(产销汇总!$C$1,MATCH(H$28,产销汇总!$C$2:$C$8,0),$C$27)*(_xlfn.XLOOKUP(C47,主线推图!$B$313:$B$612,主线推图!$G$313:$G$612)+_xlfn.XLOOKUP(C47,主线推图!$B$313:$B$612,主线推图!$H$313:$H$612)) -> #N/A | I47: =OFFSET(产销汇总!$C$1,MATCH(I$28,产销汇总!$C$2:$C$8,0),$C$27)*_xlfn.XLOOKUP(C47,巡逻产出!$B$311:$B$610,巡逻产出!$H$311:$H$610) -> #N/A | J47: =OFFSET(产销汇总!$C$1,MATCH(J$28,产销汇总!$C$2:$C$8,0),$C$27)*(_xlfn.XLOOKUP(MAX(1,INT(C47/10-6/10)),组队产出!$B$24:$B$39,组队产出!$J$24:$J$39)+_xlfn.XLOOKUP(MAX(1,INT(C47/10-6/10)),组队产出!$B$24:$B$39,组队产出!$K$24:$K$39)) -> 96 | K47: =OFFSET(产销汇总!$C$1,MATCH(K$28,产销汇总!$C$2:$C$8,0),$C$27)*_xlfn.XLOOKUP(C47,巡逻产出!$B$311:$B$610,巡逻产出!$I$311:$I$610)*IF($C$27=1,0.5,1) -> #N/A | L47: =OFFSET(产销汇总!$C$1,MATCH(L$28,产销汇总!$C$2:$C$8,0),$C$27)*竞技场!$C$5 -> 180 | M47: =任务!$C$6+IF(MOD(B47,7)=0,任务!$M$25) -> 30 | N47: =ROUND(12/7,1) -> 1.7 | O47: =IF(MOD(B47,7)=2,10,0)+IF(MOD(B47,7)=5,10,0) -> 10 | P47: =OFFSET(产销汇总!$C$1,MATCH(P$27,产销汇总!$C$2:$C$8,0),$C$27)/200*协力宝箱!$Q$82 -> 0 | Q47: =0.2*5*10 -> 10 | R47: 10 | S47: =S46 -> 100 | T47: =(公会!$F$12+公会!$F$13+公会!$F$14+公会!$F$18/7)/2 -> 121.42857 | U47: =IF($C$27<2,50,100)+IF(B47>=3,50,0) -> 150 | V47: =SUM($H$29:U47)+SUM(D47:G47) -> #N/A | W47: =V47-V46 -> #N/A
B48: 20 | C48: =OFFSET(产销汇总!$C$12,$B48,$C$27) -> 89 | D48: =SUMIF(主线宝箱!$B$321:$B$620,"<="&C48,主线宝箱!$H$321:$H$620)+SUMIF(主线宝箱!$B$321:$B$620,"<="&C48,主线宝箱!$T$321:$T$620) -> 3560 | E48: 110 | F48: =F47 -> 450 | G48: =IF(AND($C$27<3,B48>3),G47,SUMIF(图纸产出设计!$F$334:$F$342,"<="&B48,图纸产出设计!$C$334:$C$342)) -> 3890 | H48: =OFFSET(产销汇总!$C$1,MATCH(H$28,产销汇总!$C$2:$C$8,0),$C$27)*(_xlfn.XLOOKUP(C48,主线推图!$B$313:$B$612,主线推图!$G$313:$G$612)+_xlfn.XLOOKUP(C48,主线推图!$B$313:$B$612,主线推图!$H$313:$H$612)) -> 176 | I48: =OFFSET(产销汇总!$C$1,MATCH(I$28,产销汇总!$C$2:$C$8,0),$C$27)*_xlfn.XLOOKUP(C48,巡逻产出!$B$311:$B$610,巡逻产出!$H$311:$H$610) -> 0 | J48: =OFFSET(产销汇总!$C$1,MATCH(J$28,产销汇总!$C$2:$C$8,0),$C$27)*(_xlfn.XLOOKUP(MAX(1,INT(C48/10-6/10)),组队产出!$B$24:$B$39,组队产出!$J$24:$J$39)+_xlfn.XLOOKUP(MAX(1,INT(C48/10-6/10)),组队产出!$B$24:$B$39,组队产出!$K$24:$K$39)) -> 96 | K48: =OFFSET(产销汇总!$C$1,MATCH(K$28,产销汇总!$C$2:$C$8,0),$C$27)*_xlfn.XLOOKUP(C48,巡逻产出!$B$311:$B$610,巡逻产出!$I$311:$I$610)*IF($C$27=1,0.5,1) -> 312 | L48: =OFFSET(产销汇总!$C$1,MATCH(L$28,产销汇总!$C$2:$C$8,0),$C$27)*竞技场!$C$5 -> 180 | M48: =任务!$C$6+IF(MOD(B48,7)=0,任务!$M$25) -> 30 | N48: =ROUND(12/7,1) -> 1.7 | O48: =IF(MOD(B48,7)=2,10,0)+IF(MOD(B48,7)=5,10,0) -> 0 | P48: =OFFSET(产销汇总!$C$1,MATCH(P$27,产销汇总!$C$2:$C$8,0),$C$27)/200*协力宝箱!$Q$82 -> 0 | Q48: =0.2*5*10 -> 10 | R48: 10 | S48: =S47 -> 100 | T48: =(公会!$F$12+公会!$F$13+公会!$F$14+公会!$F$18/7)/2 -> 121.42857 | U48: =IF($C$27<2,50,100)+IF(B48>=3,50,0) -> 150 | V48: =SUM($H$29:U48)+SUM(D48:G48) -> #N/A | W48: =V48-V47 -> #N/A
B49: 21 | C49: =OFFSET(产销汇总!$C$12,$B49,$C$27) -> 90 | D49: =SUMIF(主线宝箱!$B$321:$B$620,"<="&C49,主线宝箱!$H$321:$H$620)+SUMIF(主线宝箱!$B$321:$B$620,"<="&C49,主线宝箱!$T$321:$T$620) -> 3600 | E49: 110 | F49: =F48 -> 450 | G49: =IF(AND($C$27<3,B49>3),G48,SUMIF(图纸产出设计!$F$334:$F$342,"<="&B49,图纸产出设计!$C$334:$C$342)) -> 3890 | H49: =OFFSET(产销汇总!$C$1,MATCH(H$28,产销汇总!$C$2:$C$8,0),$C$27)*(_xlfn.XLOOKUP(C49,主线推图!$B$313:$B$612,主线推图!$G$313:$G$612)+_xlfn.XLOOKUP(C49,主线推图!$B$313:$B$612,主线推图!$H$313:$H$612)) -> 176 | I49: =OFFSET(产销汇总!$C$1,MATCH(I$28,产销汇总!$C$2:$C$8,0),$C$27)*_xlfn.XLOOKUP(C49,巡逻产出!$B$311:$B$610,巡逻产出!$H$311:$H$610) -> 0 | J49: =OFFSET(产销汇总!$C$1,MATCH(J$28,产销汇总!$C$2:$C$8,0),$C$27)*(_xlfn.XLOOKUP(MAX(1,INT(C49/10-6/10)),组队产出!$B$24:$B$39,组队产出!$J$24:$J$39)+_xlfn.XLOOKUP(MAX(1,INT(C49/10-6/10)),组队产出!$B$24:$B$39,组队产出!$K$24:$K$39)) -> 96 | K49: =OFFSET(产销汇总!$C$1,MATCH(K$28,产销汇总!$C$2:$C$8,0),$C$27)*_xlfn.XLOOKUP(C49,巡逻产出!$B$311:$B$610,巡逻产出!$I$311:$I$610)*IF($C$27=1,0.5,1) -> 312 | L49: =OFFSET(产销汇总!$C$1,MATCH(L$28,产销汇总!$C$2:$C$8,0),$C$27)*竞技场!$C$5 -> 180 | M49: =任务!$C$6+IF(MOD(B49,7)=0,任务!$M$25) -> 60 | N49: =ROUND(12/7,1) -> 1.7 | O49: =IF(MOD(B49,7)=2,10,0)+IF(MOD(B49,7)=5,10,0) -> 0 | P49: =OFFSET(产销汇总!$C$1,MATCH(P$27,产销汇总!$C$2:$C$8,0),$C$27)/200*协力宝箱!$Q$82 -> 0 | Q49: =0.2*5*10 -> 10 | R49: 10 | S49: =S48 -> 100 | T49: =(公会!$F$12+公会!$F$13+公会!$F$14+公会!$F$18/7)/2 -> 121.42857 | U49: =IF($C$27<2,50,100)+IF(B49>=3,50,0) -> 150 | V49: =SUM($H$29:U49)+SUM(D49:G49) -> #N/A | W49: =V49-V48 -> #N/A
B50: 22 | C50: =OFFSET(产销汇总!$C$12,$B50,$C$27) -> 91.571429 | D50: =SUMIF(主线宝箱!$B$321:$B$620,"<="&C50,主线宝箱!$H$321:$H$620)+SUMIF(主线宝箱!$B$321:$B$620,"<="&C50,主线宝箱!$T$321:$T$620) -> 3640 | E50: 110 | F50: =F49 -> 450 | G50: =IF(AND($C$27<3,B50>3),G49,SUMIF(图纸产出设计!$F$334:$F$342,"<="&B50,图纸产出设计!$C$334:$C$342)) -> 3890 | H50: =OFFSET(产销汇总!$C$1,MATCH(H$28,产销汇总!$C$2:$C$8,0),$C$27)*(_xlfn.XLOOKUP(C50,主线推图!$B$313:$B$612,主线推图!$G$313:$G$612)+_xlfn.XLOOKUP(C50,主线推图!$B$313:$B$612,主线推图!$H$313:$H$612)) -> #N/A | I50: =OFFSET(产销汇总!$C$1,MATCH(I$28,产销汇总!$C$2:$C$8,0),$C$27)*_xlfn.XLOOKUP(C50,巡逻产出!$B$311:$B$610,巡逻产出!$H$311:$H$610) -> #N/A | J50: =OFFSET(产销汇总!$C$1,MATCH(J$28,产销汇总!$C$2:$C$8,0),$C$27)*(_xlfn.XLOOKUP(MAX(1,INT(C50/10-6/10)),组队产出!$B$24:$B$39,组队产出!$J$24:$J$39)+_xlfn.XLOOKUP(MAX(1,INT(C50/10-6/10)),组队产出!$B$24:$B$39,组队产出!$K$24:$K$39)) -> 96 | K50: =OFFSET(产销汇总!$C$1,MATCH(K$28,产销汇总!$C$2:$C$8,0),$C$27)*_xlfn.XLOOKUP(C50,巡逻产出!$B$311:$B$610,巡逻产出!$I$311:$I$610)*IF($C$27=1,0.5,1) -> #N/A | L50: =OFFSET(产销汇总!$C$1,MATCH(L$28,产销汇总!$C$2:$C$8,0),$C$27)*竞技场!$C$5 -> 180 | M50: =任务!$C$6+IF(MOD(B50,7)=0,任务!$M$25) -> 30 | N50: =ROUND(12/7,1) -> 1.7 | O50: =IF(MOD(B50,7)=2,10,0)+IF(MOD(B50,7)=5,10,0) -> 0 | P50: =OFFSET(产销汇总!$C$1,MATCH(P$27,产销汇总!$C$2:$C$8,0),$C$27)/200*协力宝箱!$Q$82 -> 0 | Q50: =0.2*5*10 -> 10 | R50: 10 | S50: =S49 -> 100 | T50: =(公会!$F$12+公会!$F$13+公会!$F$14+公会!$F$18/7)/2 -> 121.42857 | U50: =IF($C$27<2,50,100)+IF(B50>=3,50,0) -> 150 | V50: =SUM($H$29:U50)+SUM(D50:G50) -> #N/A | W50: =V50-V49 -> #N/A
B51: 23 | C51: =OFFSET(产销汇总!$C$12,$B51,$C$27) -> 93.142857 | D51: =SUMIF(主线宝箱!$B$321:$B$620,"<="&C51,主线宝箱!$H$321:$H$620)+SUMIF(主线宝箱!$B$321:$B$620,"<="&C51,主线宝箱!$T$321:$T$620) -> 3720 | E51: 110 | F51: =F50 -> 450 | G51: =IF(AND($C$27<3,B51>3),G50,SUMIF(图纸产出设计!$F$334:$F$342,"<="&B51,图纸产出设计!$C$334:$C$342)) -> 3890 | H51: =OFFSET(产销汇总!$C$1,MATCH(H$28,产销汇总!$C$2:$C$8,0),$C$27)*(_xlfn.XLOOKUP(C51,主线推图!$B$313:$B$612,主线推图!$G$313:$G$612)+_xlfn.XLOOKUP(C51,主线推图!$B$313:$B$612,主线推图!$H$313:$H$612)) -> #N/A | I51: =OFFSET(产销汇总!$C$1,MATCH(I$28,产销汇总!$C$2:$C$8,0),$C$27)*_xlfn.XLOOKUP(C51,巡逻产出!$B$311:$B$610,巡逻产出!$H$311:$H$610) -> #N/A | J51: =OFFSET(产销汇总!$C$1,MATCH(J$28,产销汇总!$C$2:$C$8,0),$C$27)*(_xlfn.XLOOKUP(MAX(1,INT(C51/10-6/10)),组队产出!$B$24:$B$39,组队产出!$J$24:$J$39)+_xlfn.XLOOKUP(MAX(1,INT(C51/10-6/10)),组队产出!$B$24:$B$39,组队产出!$K$24:$K$39)) -> 96 | K51: =OFFSET(产销汇总!$C$1,MATCH(K$28,产销汇总!$C$2:$C$8,0),$C$27)*_xlfn.XLOOKUP(C51,巡逻产出!$B$311:$B$610,巡逻产出!$I$311:$I$610)*IF($C$27=1,0.5,1) -> #N/A | L51: =OFFSET(产销汇总!$C$1,MATCH(L$28,产销汇总!$C$2:$C$8,0),$C$27)*竞技场!$C$5 -> 180 | M51: =任务!$C$6+IF(MOD(B51,7)=0,任务!$M$25) -> 30 | N51: =ROUND(12/7,1) -> 1.7 | O51: =IF(MOD(B51,7)=2,10,0)+IF(MOD(B51,7)=5,10,0) -> 10 | P51: =OFFSET(产销汇总!$C$1,MATCH(P$27,产销汇总!$C$2:$C$8,0),$C$27)/200*协力宝箱!$Q$82 -> 0 | Q51: =0.2*5*10 -> 10 | R51: 10 | S51: =S50 -> 100 | T51: =(公会!$F$12+公会!$F$13+公会!$F$14+公会!$F$18/7)/2 -> 121.42857 | U51: =IF($C$27<2,50,100)+IF(B51>=3,50,0) -> 150 | V51: =SUM($H$29:U51)+SUM(D51:G51) -> #N/A | W51: =V51-V50 -> #N/A
B52: 24 | C52: =OFFSET(产销汇总!$C$12,$B52,$C$27) -> 94.714286 | D52: =SUMIF(主线宝箱!$B$321:$B$620,"<="&C52,主线宝箱!$H$321:$H$620)+SUMIF(主线宝箱!$B$321:$B$620,"<="&C52,主线宝箱!$T$321:$T$620) -> 3760 | E52: 110 | F52: =F51 -> 450 | G52: =IF(AND($C$27<3,B52>3),G51,SUMIF(图纸产出设计!$F$334:$F$342,"<="&B52,图纸产出设计!$C$334:$C$342)) -> 3890 | H52: =OFFSET(产销汇总!$C$1,MATCH(H$28,产销汇总!$C$2:$C$8,0),$C$27)*(_xlfn.XLOOKUP(C52,主线推图!$B$313:$B$612,主线推图!$G$313:$G$612)+_xlfn.XLOOKUP(C52,主线推图!$B$313:$B$612,主线推图!$H$313:$H$612)) -> #N/A | I52: =OFFSET(产销汇总!$C$1,MATCH(I$28,产销汇总!$C$2:$C$8,0),$C$27)*_xlfn.XLOOKUP(C52,巡逻产出!$B$311:$B$610,巡逻产出!$H$311:$H$610) -> #N/A | J52: =OFFSET(产销汇总!$C$1,MATCH(J$28,产销汇总!$C$2:$C$8,0),$C$27)*(_xlfn.XLOOKUP(MAX(1,INT(C52/10-6/10)),组队产出!$B$24:$B$39,组队产出!$J$24:$J$39)+_xlfn.XLOOKUP(MAX(1,INT(C52/10-6/10)),组队产出!$B$24:$B$39,组队产出!$K$24:$K$39)) -> 96 | K52: =OFFSET(产销汇总!$C$1,MATCH(K$28,产销汇总!$C$2:$C$8,0),$C$27)*_xlfn.XLOOKUP(C52,巡逻产出!$B$311:$B$610,巡逻产出!$I$311:$I$610)*IF($C$27=1,0.5,1) -> #N/A | L52: =OFFSET(产销汇总!$C$1,MATCH(L$28,产销汇总!$C$2:$C$8,0),$C$27)*竞技场!$C$5 -> 180 | M52: =任务!$C$6+IF(MOD(B52,7)=0,任务!$M$25) -> 30 | N52: =ROUND(12/7,1) -> 1.7 | O52: =IF(MOD(B52,7)=2,10,0)+IF(MOD(B52,7)=5,10,0) -> 0 | P52: =OFFSET(产销汇总!$C$1,MATCH(P$27,产销汇总!$C$2:$C$8,0),$C$27)/200*协力宝箱!$Q$82 -> 0 | Q52: =0.2*5*10 -> 10 | R52: 10 | S52: =S51 -> 100 | T52: =(公会!$F$12+公会!$F$13+公会!$F$14+公会!$F$18/7)/2 -> 121.42857 | U52: =IF($C$27<2,50,100)+IF(B52>=3,50,0) -> 150 | V52: =SUM($H$29:U52)+SUM(D52:G52) -> #N/A | W52: =V52-V51 -> #N/A
B53: 25 | C53: =OFFSET(产销汇总!$C$12,$B53,$C$27) -> 96.285714 | D53: =SUMIF(主线宝箱!$B$321:$B$620,"<="&C53,主线宝箱!$H$321:$H$620)+SUMIF(主线宝箱!$B$321:$B$620,"<="&C53,主线宝箱!$T$321:$T$620) -> 3840 | E53: 110 | F53: =F52 -> 450 | G53: =IF(AND($C$27<3,B53>3),G52,SUMIF(图纸产出设计!$F$334:$F$342,"<="&B53,图纸产出设计!$C$334:$C$342)) -> 3890 | H53: =OFFSET(产销汇总!$C$1,MATCH(H$28,产销汇总!$C$2:$C$8,0),$C$27)*(_xlfn.XLOOKUP(C53,主线推图!$B$313:$B$612,主线推图!$G$313:$G$612)+_xlfn.XLOOKUP(C53,主线推图!$B$313:$B$612,主线推图!$H$313:$H$612)) -> #N/A | I53: =OFFSET(产销汇总!$C$1,MATCH(I$28,产销汇总!$C$2:$C$8,0),$C$27)*_xlfn.XLOOKUP(C53,巡逻产出!$B$311:$B$610,巡逻产出!$H$311:$H$610) -> #N/A | J53: =OFFSET(产销汇总!$C$1,MATCH(J$28,产销汇总!$C$2:$C$8,0),$C$27)*(_xlfn.XLOOKUP(MAX(1,INT(C53/10-6/10)),组队产出!$B$24:$B$39,组队产出!$J$24:$J$39)+_xlfn.XLOOKUP(MAX(1,INT(C53/10-6/10)),组队产出!$B$24:$B$39,组队产出!$K$24:$K$39)) -> 96 | K53: =OFFSET(产销汇总!$C$1,MATCH(K$28,产销汇总!$C$2:$C$8,0),$C$27)*_xlfn.XLOOKUP(C53,巡逻产出!$B$311:$B$610,巡逻产出!$I$311:$I$610)*IF($C$27=1,0.5,1) -> #N/A | L53: =OFFSET(产销汇总!$C$1,MATCH(L$28,产销汇总!$C$2:$C$8,0),$C$27)*竞技场!$C$5 -> 180 | M53: =任务!$C$6+IF(MOD(B53,7)=0,任务!$M$25) -> 30 | N53: =ROUND(12/7,1) -> 1.7 | O53: =IF(MOD(B53,7)=2,10,0)+IF(MOD(B53,7)=5,10,0) -> 0 | P53: =OFFSET(产销汇总!$C$1,MATCH(P$27,产销汇总!$C$2:$C$8,0),$C$27)/200*协力宝箱!$Q$82 -> 0 | Q53: =0.2*5*10 -> 10 | R53: 10 | S53: =S52 -> 100 | T53: =(公会!$F$12+公会!$F$13+公会!$F$14+公会!$F$18/7)/2 -> 121.42857 | U53: =IF($C$27<2,50,100)+IF(B53>=3,50,0) -> 150 | V53: =SUM($H$29:U53)+SUM(D53:G53) -> #N/A | W53: =V53-V52 -> #N/A
B54: 26 | C54: =OFFSET(产销汇总!$C$12,$B54,$C$27) -> 97.857143 | D54: =SUMIF(主线宝箱!$B$321:$B$620,"<="&C54,主线宝箱!$H$321:$H$620)+SUMIF(主线宝箱!$B$321:$B$620,"<="&C54,主线宝箱!$T$321:$T$620) -> 3880 | E54: 110 | F54: =F53 -> 450 | G54: =IF(AND($C$27<3,B54>3),G53,SUMIF(图纸产出设计!$F$334:$F$342,"<="&B54,图纸产出设计!$C$334:$C$342)) -> 3890 | H54: =OFFSET(产销汇总!$C$1,MATCH(H$28,产销汇总!$C$2:$C$8,0),$C$27)*(_xlfn.XLOOKUP(C54,主线推图!$B$313:$B$612,主线推图!$G$313:$G$612)+_xlfn.XLOOKUP(C54,主线推图!$B$313:$B$612,主线推图!$H$313:$H$612)) -> #N/A | I54: =OFFSET(产销汇总!$C$1,MATCH(I$28,产销汇总!$C$2:$C$8,0),$C$27)*_xlfn.XLOOKUP(C54,巡逻产出!$B$311:$B$610,巡逻产出!$H$311:$H$610) -> #N/A | J54: =OFFSET(产销汇总!$C$1,MATCH(J$28,产销汇总!$C$2:$C$8,0),$C$27)*(_xlfn.XLOOKUP(MAX(1,INT(C54/10-6/10)),组队产出!$B$24:$B$39,组队产出!$J$24:$J$39)+_xlfn.XLOOKUP(MAX(1,INT(C54/10-6/10)),组队产出!$B$24:$B$39,组队产出!$K$24:$K$39)) -> 96 | K54: =OFFSET(产销汇总!$C$1,MATCH(K$28,产销汇总!$C$2:$C$8,0),$C$27)*_xlfn.XLOOKUP(C54,巡逻产出!$B$311:$B$610,巡逻产出!$I$311:$I$610)*IF($C$27=1,0.5,1) -> #N/A | L54: =OFFSET(产销汇总!$C$1,MATCH(L$28,产销汇总!$C$2:$C$8,0),$C$27)*竞技场!$C$5 -> 180 | M54: =任务!$C$6+IF(MOD(B54,7)=0,任务!$M$25) -> 30 | N54: =ROUND(12/7,1) -> 1.7 | O54: =IF(MOD(B54,7)=2,10,0)+IF(MOD(B54,7)=5,10,0) -> 10 | P54: =OFFSET(产销汇总!$C$1,MATCH(P$27,产销汇总!$C$2:$C$8,0),$C$27)/200*协力宝箱!$Q$82 -> 0 | Q54: =0.2*5*10 -> 10 | R54: 10 | S54: =S53 -> 100 | T54: =(公会!$F$12+公会!$F$13+公会!$F$14+公会!$F$18/7)/2 -> 121.42857 | U54: =IF($C$27<2,50,100)+IF(B54>=3,50,0) -> 150 | V54: =SUM($H$29:U54)+SUM(D54:G54) -> #N/A | W54: =V54-V53 -> #N/A
B55: 27 | C55: =OFFSET(产销汇总!$C$12,$B55,$C$27) -> 99.428571 | D55: =SUMIF(主线宝箱!$B$321:$B$620,"<="&C55,主线宝箱!$H$321:$H$620)+SUMIF(主线宝箱!$B$321:$B$620,"<="&C55,主线宝箱!$T$321:$T$620) -> 3960 | E55: 110 | F55: =F54 -> 450 | G55: =IF(AND($C$27<3,B55>3),G54,SUMIF(图纸产出设计!$F$334:$F$342,"<="&B55,图纸产出设计!$C$334:$C$342)) -> 3890 | H55: =OFFSET(产销汇总!$C$1,MATCH(H$28,产销汇总!$C$2:$C$8,0),$C$27)*(_xlfn.XLOOKUP(C55,主线推图!$B$313:$B$612,主线推图!$G$313:$G$612)+_xlfn.XLOOKUP(C55,主线推图!$B$313:$B$612,主线推图!$H$313:$H$612)) -> #N/A | I55: =OFFSET(产销汇总!$C$1,MATCH(I$28,产销汇总!$C$2:$C$8,0),$C$27)*_xlfn.XLOOKUP(C55,巡逻产出!$B$311:$B$610,巡逻产出!$H$311:$H$610) -> #N/A | J55: =OFFSET(产销汇总!$C$1,MATCH(J$28,产销汇总!$C$2:$C$8,0),$C$27)*(_xlfn.XLOOKUP(MAX(1,INT(C55/10-6/10)),组队产出!$B$24:$B$39,组队产出!$J$24:$J$39)+_xlfn.XLOOKUP(MAX(1,INT(C55/10-6/10)),组队产出!$B$24:$B$39,组队产出!$K$24:$K$39)) -> 96 | K55: =OFFSET(产销汇总!$C$1,MATCH(K$28,产销汇总!$C$2:$C$8,0),$C$27)*_xlfn.XLOOKUP(C55,巡逻产出!$B$311:$B$610,巡逻产出!$I$311:$I$610)*IF($C$27=1,0.5,1) -> #N/A | L55: =OFFSET(产销汇总!$C$1,MATCH(L$28,产销汇总!$C$2:$C$8,0),$C$27)*竞技场!$C$5 -> 180 | M55: =任务!$C$6+IF(MOD(B55,7)=0,任务!$M$25) -> 30 | N55: =ROUND(12/7,1) -> 1.7 | O55: =IF(MOD(B55,7)=2,10,0)+IF(MOD(B55,7)=5,10,0) -> 0 | P55: =OFFSET(产销汇总!$C$1,MATCH(P$27,产销汇总!$C$2:$C$8,0),$C$27)/200*协力宝箱!$Q$82 -> 0 | Q55: =0.2*5*10 -> 10 | R55: 10 | S55: =S54 -> 100 | T55: =(公会!$F$12+公会!$F$13+公会!$F$14+公会!$F$18/7)/2 -> 121.42857 | U55: =IF($C$27<2,50,100)+IF(B55>=3,50,0) -> 150 | V55: =SUM($H$29:U55)+SUM(D55:G55) -> #N/A | W55: =V55-V54 -> #N/A
B56: 28 | C56: =OFFSET(产销汇总!$C$12,$B56,$C$27) -> 101 | D56: =SUMIF(主线宝箱!$B$321:$B$620,"<="&C56,主线宝箱!$H$321:$H$620)+SUMIF(主线宝箱!$B$321:$B$620,"<="&C56,主线宝箱!$T$321:$T$620) -> 4040 | E56: 110 | F56: =F55 -> 450 | G56: =IF(AND($C$27<3,B56>3),G55,SUMIF(图纸产出设计!$F$334:$F$342,"<="&B56,图纸产出设计!$C$334:$C$342)) -> 3890 | H56: =OFFSET(产销汇总!$C$1,MATCH(H$28,产销汇总!$C$2:$C$8,0),$C$27)*(_xlfn.XLOOKUP(C56,主线推图!$B$313:$B$612,主线推图!$G$313:$G$612)+_xlfn.XLOOKUP(C56,主线推图!$B$313:$B$612,主线推图!$H$313:$H$612)) -> 176 | I56: =OFFSET(产销汇总!$C$1,MATCH(I$28,产销汇总!$C$2:$C$8,0),$C$27)*_xlfn.XLOOKUP(C56,巡逻产出!$B$311:$B$610,巡逻产出!$H$311:$H$610) -> 0 | J56: =OFFSET(产销汇总!$C$1,MATCH(J$28,产销汇总!$C$2:$C$8,0),$C$27)*(_xlfn.XLOOKUP(MAX(1,INT(C56/10-6/10)),组队产出!$B$24:$B$39,组队产出!$J$24:$J$39)+_xlfn.XLOOKUP(MAX(1,INT(C56/10-6/10)),组队产出!$B$24:$B$39,组队产出!$K$24:$K$39)) -> 96 | K56: =OFFSET(产销汇总!$C$1,MATCH(K$28,产销汇总!$C$2:$C$8,0),$C$27)*_xlfn.XLOOKUP(C56,巡逻产出!$B$311:$B$610,巡逻产出!$I$311:$I$610)*IF($C$27=1,0.5,1) -> 312 | L56: =OFFSET(产销汇总!$C$1,MATCH(L$28,产销汇总!$C$2:$C$8,0),$C$27)*竞技场!$C$5 -> 180 | M56: =任务!$C$6+IF(MOD(B56,7)=0,任务!$M$25) -> 60 | N56: =ROUND(12/7,1) -> 1.7 | O56: =IF(MOD(B56,7)=2,10,0)+IF(MOD(B56,7)=5,10,0) -> 0 | P56: =OFFSET(产销汇总!$C$1,MATCH(P$27,产销汇总!$C$2:$C$8,0),$C$27)/200*协力宝箱!$Q$82 -> 0 | Q56: =0.2*5*10 -> 10 | R56: 10 | S56: =S55 -> 100 | T56: =(公会!$F$12+公会!$F$13+公会!$F$14+公会!$F$18/7)/2 -> 121.42857 | U56: =IF($C$27<2,50,100)+IF(B56>=3,50,0) -> 150 | V56: =SUM($H$29:U56)+SUM(D56:G56) -> #N/A | W56: =V56-V55 -> #N/A
... B328: 300 | C328: =OFFSET(产销汇总!$C$12,$B328,$C$27) -> 273 | D328: =SUMIF(主线宝箱!$B$321:$B$620,"<="&C328,主线宝箱!$H$321:$H$620)+SUMIF(主线宝箱!$B$321:$B$620,"<="&C328,主线宝箱!$T$321:$T$620) -> 10920 | E328: 110 | F328: =F327 -> 450 | G328: =IF(AND($C$27<3,B328>3),G327,SUMIF(图纸产出设计!$F$334:$F$342,"<="&B328,图纸产出设计!$C$334:$C$342)) -> 3890 | H328: =OFFSET(产销汇总!$C$1,MATCH(H$28,产销汇总!$C$2:$C$8,0),$C$27)*(_xlfn.XLOOKUP(C328,主线推图!$B$313:$B$612,主线推图!$G$313:$G$612)+_xlfn.XLOOKUP(C328,主线推图!$B$313:$B$612,主线推图!$H$313:$H$612)) -> 176 | I328: =OFFSET(产销汇总!$C$1,MATCH(I$28,产销汇总!$C$2:$C$8,0),$C$27)*_xlfn.XLOOKUP(C328,巡逻产出!$B$311:$B$610,巡逻产出!$H$311:$H$610) -> 0 | J328: =OFFSET(产销汇总!$C$1,MATCH(J$28,产销汇总!$C$2:$C$8,0),$C$27)*(_xlfn.XLOOKUP(MAX(1,INT(C328/10-6/10)),组队产出!$B$24:$B$39,组队产出!$J$24:$J$39)+_xlfn.XLOOKUP(MAX(1,INT(C328/10-6/10)),组队产出!$B$24:$B$39,组队产出!$K$24:$K$39)) -> #N/A | K328: =OFFSET(产销汇总!$C$1,MATCH(K$28,产销汇总!$C$2:$C$8,0),$C$27)*_xlfn.XLOOKUP(C328,巡逻产出!$B$311:$B$610,巡逻产出!$I$311:$I$610)*IF($C$27=1,0.5,1) -> 312 | L328: =OFFSET(产销汇总!$C$1,MATCH(L$28,产销汇总!$C$2:$C$8,0),$C$27)*竞技场!$C$5 -> 180 | M328: =任务!$C$6+IF(MOD(B328,7)=0,任务!$M$25) -> 30 | N328: =ROUND(12/7,1) -> 1.7 | O328: =IF(MOD(B328,7)=2,10,0)+IF(MOD(B328,7)=5,10,0) -> 0 | P328: =OFFSET(产销汇总!$C$1,MATCH(P$27,产销汇总!$C$2:$C$8,0),$C$27)/200*协力宝箱!$Q$82 -> 0 | Q328: =0.2*5*10 -> 10 | R328: 10 | S328: =S327 -> 100 | T328: =(公会!$F$12+公会!$F$13+公会!$F$14+公会!$F$18/7)/2 -> 121.42857 | U328: =IF($C$27<2,50,100)+IF(B328>=3,50,0) -> 150 | V328: =SUM($H$29:U328)+SUM(D328:G328) -> #N/A | W328: =V328-V327 -> #N/A
B333: 个推礼包id | C333: 图纸 | D333: 产出价值 | E333: 关卡 | F333: 释放周期 | J333: 释放周期 | K333: 释放周期 | L333: 释放周期 | M333: 释放周期
B334: 1 | C334: 120 | D334: 360 | E334: 4 | F334: =OFFSET($J$333,$B334,$C$27-1) -> 1 | G334: =IFERROR(MATCH(E334,图纸产出设计!$C$29:$C$328,1)+1,1) -> 1 | J334: 1 | K334: 1 | L334: 1 | M334: 1
B335: 2 | C335: 200 | D335: 600 | E335: 8 | F335: =OFFSET($J$333,$B335,$C$27-1) -> 1 | G335: =IFERROR(MATCH(E335,图纸产出设计!$C$29:$C$328,1)+1,1) -> 1 | J335: 1 | K335: 1 | L335: 1 | M335: 1
B336: 3 | C336: 240 | D336: 720 | E336: 10 | F336: =OFFSET($J$333,$B336,$C$27-1) -> 1 | G336: =IFERROR(MATCH(E336,图纸产出设计!$C$29:$C$328,1)+1,1) -> 1 | J336: 2 | K336: 1 | L336: 1 | M336: 1
B337: 4 | C337: 280 | D337: 840 | E337: 15 | F337: =OFFSET($J$333,$B337,$C$27-1) -> 1 | G337: =IFERROR(MATCH(E337,图纸产出设计!$C$29:$C$328,1)+1,1) -> 1 | J337: 3 | K337: 2 | L337: 1 | M337: 1
B338: 5 | C338: 350 | D338: 1050 | E338: 20 | F338: =OFFSET($J$333,$B338,$C$27-1) -> 1 | G338: =IFERROR(MATCH(E338,图纸产出设计!$C$29:$C$328,1)+1,1) -> 1 | J338: 5 | K338: 3 | L338: 2 | M338: 1
B339: 6 | C339: 400 | D339: 1200 | E339: 24 | F339: =OFFSET($J$333,$B339,$C$27-1) -> 1 | G339: =IFERROR(MATCH(E339,图纸产出设计!$C$29:$C$328,1)+1,1) -> 1 | J339: 999 | K339: 5 | L339: 3 | M339: 1
B340: 7 | C340: 500 | D340: 1500 | E340: 28 | F340: =OFFSET($J$333,$B340,$C$27-1) -> 2 | G340: =IFERROR(MATCH(E340,图纸产出设计!$C$29:$C$328,1)+1,1) -> 1 | J340: 999 | K340: 999 | L340: 5 | M340: 2
B341: 8 | C341: 600 | D341: 1800 | E341: 32 | F341: =OFFSET($J$333,$B341,$C$27-1) -> 2 | G341: =IFERROR(MATCH(E341,图纸产出设计!$C$29:$C$328,1)+1,1) -> 2 | J341: 999 | K341: 999 | L341: 999 | M341: 2
B342: 9 | C342: 1200 | D342: 3600 | E342: 36 | F342: =OFFSET($J$333,$B342,$C$27-1) -> 3 | G342: =IFERROR(MATCH(E342,图纸产出设计!$C$29:$C$328,1)+1,1) -> 3 | J342: 999 | K342: 999 | L342: 999 | M342: 3

Sheet 装备强化
O4: #优化，此处把金币对标材料的消耗曲线，保证金币：材料=4：1，多余的金币放到首通奖励里
F5: 配置属性 | K5: #每100价值买一点攻击力 | P5: 升级消耗
B6: 装备等级 | C6: 节点属性 | D6: 修正 | E6: 配置成长 | F6: 生命 | G6: 攻击 | H6: 成长幅度 | I6: 消耗价值 | J6: 性价比 | K6: 属性性价比 | M6: 装备等级 | N6: 预期时间 | O6: 期望消耗 | Q6: 升级消耗 | R6: 校验 | S6: 金币 | T6: 消耗合计 | U6: 金币合计 | V6: 预期时间 | W6: 金币材料比 | X6: 消耗价值
B7: 1 | F7: 30 | G7: 3 | I7: 45 | M7: 1 | N7: 1 | O7: 33 | Q7: 5 | R7: 0.85 | S7: 600 | T7: 5 | U7: 600 | V7: 1 | W7: 120 | X7: 600 | Y7: 600 | Z7: =Y7/Q7 -> 120
B8: 2 | D8: 3 | E8: 3 | F8: 60 | G8: 6 | H8: 0.04 | I8: 54 | J8: 1351 | K8: 18 | M8: 2 | N8: 1 | O8: 33 | P8: 3 | Q8: 8 | R8: 0.8 | S8: 600 | T8: 13 | U8: =SUM($S$7:S8) -> 1200 | V8: 1 | W8: 92 | Y8: 600 | Z8: =Y8/Q8 -> 75
B9: 3 | D9: 3 | E9: 3 | F9: 90 | G9: 9 | H9: 0.039 | I9: 63 | J9: 1601 | K9: 21 | M9: 3 | N9: 1 | O9: 33 | P9: 3 | Q9: 11 | R9: 0.76 | S9: 600 | T9: 24 | U9: =SUM($S$7:S9) -> 1800 | V9: 1 | W9: 75 | Y9: 600 | Z9: =Y9/Q9 -> 54.545455
B10: 4 | D10: 3 | E10: 3 | F10: 120 | G10: 12 | H10: 0.039 | I10: 102 | J10: 2634 | K10: 34 | M10: 4 | N10: 1 | O10: 33 | P10: 3 | Q10: 14 | R10: 0.71 | S10: 900 | T10: 38 | U10: =SUM($S$7:S10) -> 2700 | V10: 1 | W10: 79 | Y10: 1200 | Z10: =Y10/Q10 -> 85.714286
B11: 5 | D11: 3 | E11: 3 | F11: 150 | G11: 15 | H11: 0.038 | I11: 111 | J11: 2912 | K11: 37 | M11: 5 | N11: 1 | O11: 33 | P11: 3 | Q11: 17 | R11: 0.67 | S11: 900 | T11: 55 | U11: =SUM($S$7:S11) -> 3600 | V11: 1 | W11: 76 | Y11: 1200 | Z11: =Y11/Q11 -> 70.588235
B12: 6 | D12: 3 | E12: 3 | F12: 180 | G12: 18 | H12: 0.038 | I12: 120 | J12: 3197 | K12: 40 | M12: 6 | N12: 1 | O12: 33 | P12: 3 | Q12: 20 | R12: 0.62 | S12: 900 | T12: 75 | U12: =SUM($S$7:S12) -> 4500 | V12: 1 | W12: 72 | X12: 900 | Y12: 1200 | Z12: =Y12/Q12 -> 60
B13: 7 | D13: 3 | E13: 3 | F13: 210 | G13: 21 | H13: 0.037 | I13: 129 | J13: 3489 | K13: 43 | M13: 7 | N13: 1 | O13: 33 | P13: 3 | Q13: 23 | R13: 0.58 | S13: 900 | T13: 98 | U13: =SUM($S$7:S13) -> 5400 | V13: 1 | W13: 67 | Y13: 1200 | Z13: =Y13/Q13 -> 52.173913
B14: 8 | D14: 3 | E14: 3 | F14: 240 | G14: 24 | H14: 0.036 | I14: 168 | J14: 4612 | K14: 46 | M14: 8 | N14: 1 | O14: 33 | P14: 3 | Q14: 26 | R14: 0.53 | S14: 1200 | T14: 124 | U14: =SUM($S$7:S14) -> 6600 | V14: 1 | W14: 68 | X14: 900 | Y14: 1200 | Z14: =Y14/Q14 -> 46.153846
B15: 9 | D15: 3 | E15: 3 | F15: 270 | G15: 27 | H15: 0.036 | I15: 177 | J15: 4930 | K15: 49 | M15: 9 | N15: 1 | O15: 33 | P15: 3 | Q15: 29 | R15: 0.48 | S15: 1200 | T15: 153 | U15: =SUM($S$7:S15) -> 7800 | V15: 1 | W15: 67 | X15: 900 | Y15: 1200 | Z15: =Y15/Q15 -> 41.37931
B16: 10 | C16: 30 | D16: 4 | E16: 4 | F16: 310 | G16: 31 | H16: 0.04 | I16: 186 | J16: 4645 | K16: 46.5 | M16: 10 | N16: 2 | O16: 45 | P16: 3 | Q16: 32 | R16: 0.46 | S16: 1200 | T16: 185 | U16: =SUM($S$7:S16) -> 9000 | V16: 1 | W16: 65 | Y16: 1800 | Z16: =Y16/Q16 -> 56.25
B17: 11 | D17: 4 | E17: 4 | F17: 350 | G17: 35 | H17: 0.039 | I17: 195 | J17: 4949 | K17: 48.75 | M17: 11 | N17: 2 | O17: 45 | P17: 3 | Q17: 35 | R17: 0.43 | S17: 1200 | T17: 220 | U17: =SUM($S$7:S17) -> 10200 | V17: 1 | W17: 63 | X17: 1200 | Y17: 1800 | Z17: =Y17/Q17 -> 51.428571
B18: 12 | D18: 4 | E18: 4 | F18: 390 | G18: 39 | H18: 0.039 | I18: 234 | J18: 6034 | K18: 51 | M18: 12 | N18: 2 | O18: 45 | P18: 3 | Q18: 38 | R18: 0.4 | S18: 1500 | T18: 258 | U18: =SUM($S$7:S18) -> 11700 | V18: 1 | W18: 63 | Y18: 1800 | Z18: =Y18/Q18 -> 47.368421
B19: 13 | D19: 4 | E19: 4 | F19: 430 | G19: 43 | H19: 0.038 | I19: 243 | J19: 6365 | K19: 53.25 | M19: 13 | N19: 2 | O19: 45 | P19: 3 | Q19: 41 | R19: 0.37 | S19: 1500 | T19: 299 | U19: =SUM($S$7:S19) -> 13200 | V19: 2 | W19: 62 | Y19: 1800 | Z19: =Y19/Q19 -> 43.902439
B20: 14 | D20: 4 | E20: 4 | F20: 470 | G20: 47 | H20: 0.038 | I20: 252 | J20: 6703 | K20: 55.5 | M20: 14 | N20: 2 | O20: 45 | P20: 3 | Q20: 44 | R20: 0.34 | S20: 1500 | T20: 343 | U20: =SUM($S$7:S20) -> 14700 | V20: 2 | W20: 61 | Y20: 1800 | Z20: =Y20/Q20 -> 40.909091
B21: 15 | D21: 4 | E21: 4 | F21: 510 | G21: 51 | H21: 0.037 | I21: 261 | J21: 7048 | K21: 57.75 | M21: 15 | N21: 2 | O21: 45 | P21: 3 | Q21: 47 | R21: 0.31 | S21: 1500 | T21: 390 | U21: =SUM($S$7:S21) -> 16200 | V21: 2 | W21: 60 | Y21: 1800 | Z21: =Y21/Q21 -> 38.297872
B22: 16 | C22: 54 | D22: 4 | E22: 4 | F22: 550 | G22: 55 | H22: 0.036 | I22: 297 | J22: 8141 | K22: 66.75 | M22: 16 | N22: 3 | O22: 64 | P22: 2 | Q22: 49 | R22: 0.3 | S22: 1800 | T22: 439 | U22: =SUM($S$7:S22) -> 18000 | V22: 2 | W22: 60 | Y22: 2400 | Z22: =Y22/Q22 -> 48.979592
B23: 17 | D23: 4 | E23: 4 | F23: 590 | G23: 59 | H23: 0.036 | I23: 303 | J23: 8429 | K23: 68.25 | M23: 17 | N23: 3 | O23: 64 | P23: 2 | Q23: 51 | R23: 0.29 | S23: 1800 | T23: 490 | U23: =SUM($S$7:S23) -> 19800 | V23: 2 | W23: 60 | Y23: 2400 | Z23: =Y23/Q23 -> 47.058824
B24: 18 | D24: 4 | E24: 4 | F24: 630 | G24: 63 | H24: 0.035 | I24: 309 | J24: 8721 | K24: 69.75 | M24: 18 | N24: 3 | O24: 64 | P24: 2 | Q24: 53 | R24: 0.28 | S24: 1800 | T24: 543 | U24: =SUM($S$7:S24) -> 21600 | V24: 2 | W24: 60 | Y24: 2400 | Z24: =Y24/Q24 -> 45.283019
B25: 19 | D25: 4 | E25: 4 | F25: 670 | G25: 67 | H25: 0.035 | I25: 315 | J25: 9018 | K25: 71.25 | M25: 19 | N25: 3 | O25: 64 | P25: 2 | Q25: 55 | R25: 0.27 | S25: 1800 | T25: 598 | U25: =SUM($S$7:S25) -> 23400 | V25: 3 | W25: 59 | Y25: 2400 | Z25: =Y25/Q25 -> 43.636364
B26: 20 | C26: 70 | D26: 5 | E26: 5 | F26: 720 | G26: 72 | H26: 0.031 | I26: 321 | J26: 10255 | K26: 58.2 | M26: 20 | N26: 4 | O26: 63 | P26: 2 | Q26: 57 | R26: 0.26 | S26: 1800 | T26: 655 | U26: =SUM($S$7:S26) -> 25200 | V26: 3 | W26: 59 | Y26: 2400 | Z26: =Y26/Q26 -> 42.105263
B27: 21 | D27: 5 | E27: 5 | F27: 770 | G27: 77 | H27: 0.031 | I27: 327 | J27: 10580 | K27: 59.4 | M27: 21 | N27: 4 | O27: 63 | P27: 2 | Q27: 59 | R27: 0.25 | S27: 1800 | T27: 714 | U27: =SUM($S$7:S27) -> 27000 | V27: 3 | W27: 58 | Y27: 2400 | Z27: =Y27/Q27 -> 40.677966
B28: 22 | D28: 5 | E28: 5 | F28: 820 | G28: 82 | H28: 0.031 | I28: 363 | J28: 11892 | K28: 66.6 | M28: 22 | N28: 4 | O28: 63 | P28: 2 | Q28: 61 | R28: 0.23 | S28: 2400 | T28: 775 | U28: =SUM($S$7:S28) -> 29400 | V28: 3 | W28: 58 | Y28: 3000 | Z28: =Y28/Q28 -> 49.180328
B29: 23 | D29: 5 | E29: 5 | F29: 870 | G29: 87 | H29: 0.03 | I29: 369 | J29: 12238 | K29: 67.8 | M29: 23 | N29: 4 | O29: 63 | P29: 2 | Q29: 63 | R29: 0.22 | S29: 2400 | T29: 838 | U29: =SUM($S$7:S29) -> 31800 | V29: 4 | W29: 58 | Y29: 3000 | Z29: =Y29/Q29 -> 47.619048
B30: 24 | C30: 90 | D30: 5 | E30: 5 | F30: 920 | G30: 92 | H30: 0.03 | I30: 375 | J30: 12589 | K30: 69 | M30: 24 | N30: 5 | O30: 81 | P30: 2 | Q30: 65 | R30: 0.22 | S30: 2400 | T30: 903 | U30: =SUM($S$7:S30) -> 34200 | V30: 4 | W30: 58 | Y30: 3000 | Z30: =Y30/Q30 -> 46.153846
B31: 25 | D31: 5 | E31: 5 | F31: 970 | G31: 97 | H31: 0.029 | I31: 381 | J31: 12946 | K31: 70.2 | M31: 25 | N31: 5 | O31: 81 | P31: 2 | Q31: 67 | R31: 0.21 | S31: 2400 | T31: 970 | U31: =SUM($S$7:S31) -> 36600 | V31: 4 | W31: 58 | Y31: 3000 | Z31: =Y31/Q31 -> 44.776119
B32: 26 | D32: 5 | E32: 5 | F32: 1020 | G32: 102 | H32: 0.029 | I32: 387 | J32: 13307 | K32: 71.4 | M32: 26 | N32: 5 | O32: 81 | P32: 2 | Q32: 69 | R32: 0.21 | S32: 2400 | T32: 1039 | U32: =SUM($S$7:S32) -> 39000 | V32: 4 | W32: 57 | X32: 2400 | Y32: 3000 | Z32: =Y32/Q32 -> 43.478261
B33: 27 | C33: 105 | D33: 5 | E33: 5 | F33: 1070 | G33: 107 | H33: 0.029 | I33: 393 | J33: 13672 | K33: 72.6 | M33: 27 | N33: 6 | O33: 81 | P33: 2 | Q33: 71 | R33: 0.21 | S33: 2400 | T33: 1110 | U33: =SUM($S$7:S33) -> 41400 | V33: 5 | W33: 57 | X33: 2400 | Y33: 3000 | Z33: =Y33/Q33 -> 42.253521
B34: 28 | D34: 5 | E34: 5 | F34: 1120 | G34: 112 | H34: 0.028 | I34: 429 | J34: 15099 | K34: 79.8 | M34: 28 | N34: 6 | O34: 81 | P34: 2 | Q34: 73 | R34: 0.2 | S34: 3000 | T34: 1183 | U34: =SUM($S$7:S34) -> 44400 | V34: 5 | W34: 57 | Y34: 3600 | Z34: =Y34/Q34 -> 49.315068
B35: 29 | D35: 5 | E35: 5 | F35: 1170 | G35: 117 | H35: 0.028 | I35: 435 | J35: 15487 | K35: 81 | M35: 29 | N35: 6 | O35: 81 | P35: 2 | Q35: 75 | R35: 0.19 | S35: 3000 | T35: 1258 | U35: =SUM($S$7:S35) -> 47400 | V35: 5 | W35: 57 | X35: 2400 | Y35: 3600 | Z35: =Y35/Q35 -> 48
B36: 30 | C36: 126 | D36: 5 | E36: 5 | F36: 1220 | G36: 122 | H36: 0.022 | I36: 444 | J36: 20475 | K36: 82.8 | M36: 30 | N36: 7 | O36: 118 | P36: 3 | Q36: 78 | R36: 0.2 | S36: 3000 | T36: 1336 | U36: =SUM($S$7:S36) -> 50400 | V36: 6 | W36: 57 | Y36: 3600 | Z36: =Y36/Q36 -> 46.153846
B37: 31 | D37: 5 | E37: 5 | F37: 1270 | G37: 127 | H37: 0.021 | I37: 453 | J37: 21074 | K37: 84.6 | M37: 31 | N37: 7 | O37: 118 | P37: 3 | Q37: 81 | R37: 0.21 | S37: 3000 | T37: 1417 | U37: =SUM($S$7:S37) -> 53400 | V37: 6 | W37: 56 | Y37: 3600 | Z37: =Y37/Q37 -> 44.444444
B38: 32 | C38: 140 | D38: 5 | E38: 5 | F38: 1320 | G38: 132 | H38: 0.021 | I38: 462 | J38: 21681 | K38: 86.4 | M38: 32 | N38: 8 | O38: 118 | P38: 3 | Q38: 84 | R38: 0.22 | S38: 3000 | T38: 1501 | U38: =SUM($S$7:S38) -> 56400 | V38: 6 | W38: 56 | Y38: 3600 | Z38: =Y38/Q38 -> 42.857143
B39: 33 | D39: 5 | E39: 5 | F39: 1370 | G39: 137 | H39: 0.021 | I39: 501 | J39: 23714 | K39: 88.2 | M39: 33 | N39: 8 | O39: 118 | P39: 3 | Q39: 87 | R39: 0.22 | S39: 3000 | T39: 1588 | U39: =SUM($S$7:S39) -> 59400 | V39: 7 | W39: 56 | X39: 3000 | Y39: 3600 | Z39: =Y39/Q39 -> 41.37931
B40: 34 | C40: 154 | D40: 5 | E40: 5 | F40: 1420 | G40: 142 | H40: 0.021 | I40: 510 | J40: 24347 | K40: 90 | M40: 34 | N40: 9 | O40: 115 | P40: 3 | Q40: 90 | R40: 0.22 | S40: 3000 | T40: 1678 | U40: =SUM($S$7:S40) -> 62400 | V40: 7 | W40: 56 | Y40: 3600 | Z40: =Y40/Q40 -> 40
B41: 35 | D41: 6 | E41: 6 | F41: 1480 | G41: 148 | H41: 0.025 | I41: 519 | J41: 20840 | K41: 81.5 | M41: 35 | N41: 9 | O41: 115 | P41: 3 | Q41: 93 | R41: 0.22 | S41: 3600 | T41: 1771 | U41: =SUM($S$7:S41) -> 66000 | V41: 8 | W41: 56 | Y41: =4200 -> 4200 | Z41: =Y41/Q41 -> 45.16129
B42: 36 | C42: 168 | D42: 6 | E42: 6 | F42: 1540 | G42: 154 | H42: 0.025 | I42: 528 | J42: 21416 | K42: 83 | M42: 36 | N42: 10 | O42: 115 | P42: 3 | Q42: 96 | R42: 0.21 | S42: 3600 | T42: 1867 | U42: =SUM($S$7:S42) -> 69600 | V42: 8 | W42: 55 | X42: 3600 | Y42: =4200 -> 4200 | Z42: =Y42/Q42 -> 43.75
B43: 37 | D43: 6 | E43: 6 | F43: 1600 | G43: 160 | H43: 0.024 | I43: 567 | J43: 23228 | K43: 84.5 | M43: 37 | N43: 10 | O43: 115 | P43: 3 | Q43: 99 | R43: 0.21 | S43: 3600 | T43: 1966 | U43: =SUM($S$7:S43) -> 73200 | V43: 8 | W43: 55 | Y43: =4200 -> 4200 | Z43: =Y43/Q43 -> 42.424242
B44: 38 | C44: 182 | D44: 6 | E44: 6 | F44: 1660 | G44: 166 | H44: 0.024 | I44: 576 | J44: 23831 | K44: 86 | M44: 38 | N44: 11 | O44: 115 | P44: 3 | Q44: 102 | R44: 0.21 | S44: 3600 | T44: 2068 | U44: =SUM($S$7:S44) -> 76800 | V44: 9 | W44: 55 | Y44: =S44-1200 -> 2400 | Z44: =Y44/Q44 -> 23.529412
B45: 39 | D45: 6 | E45: 6 | F45: 1720 | G45: 172 | H45: 0.024 | I45: 585 | J45: 24441 | K45: 87.5 | M45: 39 | N45: 11 | O45: 115 | P45: 3 | Q45: 105 | R45: 0.2 | S45: 3600 | T45: 2173 | U45: =SUM($S$7:S45) -> 80400 | V45: 9 | W45: 55 | X45: 3600 | Y45: =S45-1200 -> 2400 | Z45: =Y45/Q45 -> 22.857143
B46: 40 | C46: 198 | D46: 7 | E46: 7 | F46: 1790 | G46: 179 | H46: 0.025 | I46: 594 | J46: 23779 | K46: 76.285714 | M46: 40 | N46: 12 | O46: 115 | P46: 3 | Q46: 108 | R46: 0.2 | S46: 3600 | T46: 2281 | U46: =SUM($S$7:S46) -> 84000 | V46: 10 | W46: 55 | Y46: =S46-1200 -> 2400 | Z46: =Y46/Q46 -> 22.222222
B47: 41 | D47: 7 | E47: 7 | F47: 1860 | G47: 186 | H47: 0.025 | I47: 636 | J47: 25719 | K47: 82.285714 | M47: 41 | N47: 12 | O47: 115 | P47: 4 | Q47: 112 | R47: 0.19 | S47: 4200 | T47: 2393 | U47: =SUM($S$7:S47) -> 88200 | V47: 10 | W47: 55 | Y47: =S47-1200 -> 3000 | Z47: =Y47/Q47 -> 26.785714
B48: 42 | C48: 214 | D48: 7 | E48: 7 | F48: 1930 | G48: 193 | H48: 0.024 | I48: 648 | J48: 26467 | K48: 84 | M48: 42 | N48: 13 | O48: 115 | P48: 4 | Q48: 116 | R48: 0.18 | S48: 4200 | T48: 2509 | U48: =SUM($S$7:S48) -> 92400 | V48: 11 | W48: 55 | Y48: =S48-1200 -> 3000 | Z48: =Y48/Q48 -> 25.862069
B49: 43 | D49: 7 | E49: 7 | F49: 2000 | G49: 200 | H49: 0.024 | I49: 660 | J49: 27225 | K49: 85.714286 | M49: 43 | N49: 13 | O49: 115 | P49: 4 | Q49: 120 | R49: 0.17 | S49: 4200 | T49: 2629 | U49: =SUM($S$7:S49) -> 96600 | V49: 11 | W49: 54 | X49: 4200 | Y49: =S49-1200 -> 3000 | Z49: =Y49/Q49 -> 25
B50: 44 | C50: 230 | D50: 7 | E50: 7 | F50: 2070 | G50: 207 | H50: 0.024 | I50: 702 | J50: 29243 | K50: 91.714286 | M50: 44 | N50: 14 | O50: 230 | P50: 4 | Q50: 124 | R50: 0.19 | S50: 4800 | T50: 2753 | U50: =SUM($S$7:S50) -> 101400 | V50: 12 | W50: 54 | Y50: =S50-1200 -> 3600 | Z50: =Y50/Q50 -> 29.032258
B51: 45 | C51: 238 | D51: 7 | E51: 7 | F51: 2140 | G51: 214 | H51: 0.024 | I51: 714 | J51: 30032 | K51: 93.428571 | M51: 45 | N51: 15 | O51: 230 | P51: 4 | Q51: 128 | R51: 0.21 | S51: 4800 | T51: 2881 | U51: =SUM($S$7:S51) -> 106200 | V51: 12 | W51: 54 | Y51: =S51-1200 -> 3600 | Z51: =Y51/Q51 -> 28.125
B52: 46 | C52: 246 | D52: 7 | E52: 7 | F52: 2210 | G52: 221 | H52: 0.024 | I52: 726 | J52: 30832 | K52: 95.142857 | M52: 46 | N52: 16 | O52: 230 | P52: 4 | Q52: 132 | R52: 0.22 | S52: 4800 | T52: 3013 | U52: =SUM($S$7:S52) -> 111000 | V52: 13 | W52: 54 | Y52: =S52-1200 -> 3600 | Z52: =Y52/Q52 -> 27.272727
B53: 47 | C53: 254 | D53: 7 | E53: 7 | F53: 2280 | G53: 228 | H53: 0.023 | I53: 768 | J53: 32927 | K53: 101.14286 | M53: 47 | N53: 20 | O53: 181 | P53: 4 | Q53: 136 | R53: 0.22 | S53: 5400 | T53: 3149 | U53: =SUM($S$7:S53) -> 116400 | V53: 14 | W53: 54 | Y53: =S53-1200 -> 4200 | Z53: =Y53/Q53 -> 30.882353
B54: 48 | D54: 8 | E54: 8 | F54: 2360 | G54: 236 | H54: 0.026 | I54: 780 | J54: 29558 | K54: 90 | M54: 48 | N54: 20 | O54: 181 | P54: 4 | Q54: 140 | R54: 0.22 | S54: 5400 | T54: 3289 | U54: =SUM($S$7:S54) -> 121800 | V54: 14 | W54: 54 | Y54: =S54-1200 -> 4200 | Z54: =Y54/Q54 -> 30
B55: 49 | D55: 8 | E55: 8 | F55: 2440 | G55: 244 | H55: 0.026 | I55: 792 | J55: 30335 | K55: 91.5 | M55: 49 | N55: 20 | O55: 181 | P55: 4 | Q55: 144 | R55: 0.22 | S55: 5400 | T55: 3433 | U55: =SUM($S$7:S55) -> 127200 | V55: 15 | W55: 54 | Y55: =S55-1200 -> 4200 | Z55: =Y55/Q55 -> 29.166667
B56: 50 | D56: 8 | E56: 8 | F56: 2520 | G56: 252 | H56: 0.02 | I56: 834 | J56: 41305 | K56: 96.75 | M56: 50 | N56: 20 | O56: 181 | P56: 4 | Q56: 148 | R56: 0.22 | S56: 6000 | T56: 3581 | U56: =SUM($S$7:S56) -> 133200 | V56: 15 | W56: 54 | Y56: =S56-1200 -> 4800 | Z56: 1500
B57: 51 | C57: 294 | D57: 10 | E57: 10 | F57: 2620 | G57: 262 | H57: 0.025 | I57: 846 | J57: 33828 | K57: 78.6 | M57: 51 | N57: 27 | O57: 175 | P57: 4 | Q57: 152 | R57: 0.22 | S57: 6000 | T57: 3733 | U57: =SUM($S$7:S57) -> 139200 | V57: 16 | W57: 54 | Y57: =S57-1200 -> 4800 | Z57: =Y57/Q57 -> 31.578947
B58: 52 | D58: 10 | E58: 10 | F58: 2720 | G58: 272 | H58: 0.025 | I58: 858 | J58: 34656 | K58: 82.8 | M58: 52 | N58: 27 | O58: 175 | P58: 4 | Q58: 156 | R58: 0.21 | S58: 6600 | T58: 3889 | U58: =SUM($S$7:S58) -> 145800 | V58: 17 | W58: 53 | Y58: =Y56+600 -> 5400 | Z58: =Y58/Q58 -> 34.615385
B59: 53 | D59: 10 | E59: 10 | F59: 2820 | G59: 282 | H59: 0.025 | I59: 900 | J59: 36718 | K59: 84 | M59: 53 | N59: 27 | O59: 175 | P59: 4 | Q59: 160 | R59: 0.21 | S59: 6600 | T59: 4049 | U59: =SUM($S$7:S59) -> 152400 | V59: 18 | W59: 53 | Y59: =Y57+600 -> 5400 | Z59: =Y59/Q59 -> 33.75
B60: 54 | D60: 10 | E60: 10 | F60: 2920 | G60: 292 | H60: 0.024 | I60: 912 | J60: 37578 | K60: 88.2 | M60: 54 | N60: 27 | O60: 175 | P60: 4 | Q60: 164 | R60: 0.2 | S60: 7200 | T60: 4213 | U60: =SUM($S$7:S60) -> 159600 | V60: 18 | W60: 53 | Y60: =Y58+600 -> 6000 | Z60: =Y60/Q60 -> 36.585366
B61: 55 | D61: 10 | E61: 10 | F61: 3020 | G61: 302 | H61: 0.024 | I61: 924 | J61: 38447 | K61: 89.4 | M61: 55 | N61: 27 | O61: 175 | P61: 4 | Q61: 168 | R61: 0.2 | S61: 7200 | T61: 4381 | U61: =SUM($S$7:S61) -> 166800 | V61: 19 | W61: 53 | Y61: =Y59+600 -> 6000 | Z61: =Y61/Q61 -> 35.714286
B62: 56 | D62: 10 | E62: 10 | F62: 3120 | G62: 312 | H62: 0.024 | I62: 966 | J62: 40587 | K62: 93.6 | M62: 56 | N62: 27 | O62: 175 | P62: 4 | Q62: 172 | R62: 0.19 | S62: 7800 | T62: 4553 | U62: =SUM($S$7:S62) -> 174600 | V62: 20 | W62: 53 | Y62: =Y60+600 -> 6600 | Z62: =Y62/Q62 -> 38.372093
B63: 57 | D63: 10 | E63: 10 | F63: 3220 | G63: 322 | H63: 0.024 | I63: 978 | J63: 41488 | K63: 94.8 | M63: 57 | N63: 27 | O63: 175 | P63: 4 | Q63: 176 | R63: 0.19 | S63: 7800 | T63: 4729 | U63: =SUM($S$7:S63) -> 182400 | V63: 21 | W63: 53 | Y63: =Y61+600 -> 6600 | Z63: =Y63/Q63 -> 37.5
B64: 58 | C64: 364 | D64: 10 | E64: 10 | F64: 3320 | G64: 332 | H64: 0.023 | I64: 990 | J64: 42399 | K64: 99 | M64: 58 | N64: 34 | O64: 245 | P64: 4 | Q64: 180 | R64: 0.19 | S64: 8400 | T64: 4909 | U64: =SUM($S$7:S64) -> 190800 | V64: 22 | W64: 53 | Y64: =Y62+600 -> 7200 | Z64: =Y64/Q64 -> 40
B65: 59 | D65: 10 | E65: 10 | F65: 3420 | G65: 342 | H65: 0.023 | I65: 1032 | J65: 44617 | K65: 100.2 | M65: 59 | N65: 34 | O65: 245 | P65: 4 | Q65: 184 | R65: 0.19 | S65: 8400 | T65: 5093 | U65: =SUM($S$7:S65) -> 199200 | V65: 22 | W65: 53 | Y65: =Y63+600 -> 7200 | Z65: =Y65/Q65 -> 39.130435
B66: 60 | D66: 10 | E66: 10 | F66: 3520 | G66: 352 | H66: 0.021 | I66: 1044 | J66: 50171 | K66: 104.4 | M66: 60 | N66: 34 | O66: 245 | P66: 4 | Q66: 188 | R66: 0.19 | S66: 9000 | T66: 5281 | U66: =SUM($S$7:S66) -> 208200 | V66: 23 | W66: 53 | Y66: =Y64+600 -> 7800 | Z66: =Y66/Q66 -> 41.489362
B67: 61 | D67: 10 | E67: 10 | F67: 3620 | G67: 362 | H67: 0.021 | I67: 1056 | J67: 51176 | K67: 105.6 | M67: 61 | N67: 34 | O67: 245 | P67: 4 | Q67: 192 | R67: 0.19 | S67: 9000 | T67: 5473 | U67: =SUM($S$7:S67) -> 217200 | V67: 24 | W67: 53 | Y67: =Y65+600 -> 7800 | Z67: =Y67/Q67 -> 40.625
B68: 62 | D68: 10 | E68: 10 | F68: 3720 | G68: 372 | H68: 0.02 | I68: 1098 | J68: 53657 | K68: 109.8 | M68: 62 | N68: 34 | O68: 245 | P68: 4 | Q68: 196 | R68: 0.2 | S68: 9600 | T68: 5669 | U68: =SUM($S$7:S68) -> 226800 | V68: 25 | W68: 53 | Y68: =Y66+600 -> 8400 | Z68: =Y68/Q68 -> 42.857143
B69: 63 | D69: 10 | E69: 10 | F69: 3820 | G69: 382 | H69: 0.02 | I69: 1110 | J69: 54694 | K69: 111 | M69: 63 | N69: 41 | O69: 245 | P69: 4 | Q69: 200 | R69: 0.19 | S69: 9600 | T69: 5869 | U69: =SUM($S$7:S69) -> 236400 | V69: 26 | W69: 53 | Y69: =Y67+600 -> 8400 | Z69: =Y69/Q69 -> 42
B70: 64 | D70: 10 | E70: 10 | F70: 3920 | G70: 392 | H70: 0.02 | I70: 1122 | J70: 55741 | K70: 115.2 | M70: 64 | N70: 41 | O70: 245 | P70: 4 | Q70: 204 | R70: 0.19 | S70: 10200 | T70: 6073 | U70: =SUM($S$7:S70) -> 246600 | V70: 27 | W70: 53 | Y70: =Y68+600 -> 9000 | Z70: =Y70/Q70 -> 44.117647
B71: 65 | D71: 10 | E71: 10 | F71: 4020 | G71: 402 | H71: 0.02 | I71: 1164 | J71: 58300 | K71: 116.4 | M71: 65 | N71: 41 | O71: 245 | P71: 4 | Q71: 208 | R71: 0.19 | S71: 10200 | T71: 6281 | U71: =SUM($S$7:S71) -> 256800 | V71: 28 | W71: 53 | Y71: =Y69+600 -> 9000 | Z71: =Y71/Q71 -> 43.269231
B72: 66 | D72: 10 | E72: 10 | F72: 4120 | G72: 412 | H72: 0.02 | I72: 1176 | J72: 59379 | K72: 120.6 | M72: 66 | N72: 41 | O72: 245 | P72: 4 | Q72: 212 | R72: 0.19 | S72: 10800 | T72: 6493 | U72: =SUM($S$7:S72) -> 267600 | V72: 29 | W72: 52 | Y72: =Y70+600 -> 9600 | Z72: =Y72/Q72 -> 45.283019
B73: 67 | D73: 10 | E73: 10 | F73: 4220 | G73: 422 | H73: 0.02 | I73: 1188 | J73: 60467 | K73: 121.8 | M73: 67 | N73: 41 | O73: 245 | P73: 4 | Q73: 216 | R73: 0.19 | S73: 10800 | T73: 6709 | U73: =SUM($S$7:S73) -> 278400 | V73: 30 | W73: 52 | Y73: =Y71+600 -> 9600 | Z73: =Y73/Q73 -> 44.444444
B74: 68 | D74: 10 | E74: 10 | F74: 4320 | G74: 432 | H74: 0.019 | I74: 1230 | J74: 63104 | K74: 126 | M74: 68 | N74: 48 | O74: 245 | P74: 4 | Q74: 220 | R74: 0.19 | S74: 11400 | T74: 6929 | U74: =SUM($S$7:S74) -> 289800 | V74: 31 | W74: 52 | Y74: =Y72+600 -> 10200 | Z74: =Y74/Q74 -> 46.363636
B75: 69 | D75: 10 | E75: 10 | F75: 4420 | G75: 442 | H75: 0.019 | I75: 1242 | J75: 64224 | K75: 127.2 | M75: 69 | N75: 48 | O75: 245 | P75: 4 | Q75: 224 | R75: 0.18 | S75: 11400 | T75: 7153 | U75: =SUM($S$7:S75) -> 301200 | V75: 32 | W75: 52 | Y75: =Y73+600 -> 10200 | Z75: =Y75/Q75 -> 45.535714
B76: 70 | D76: 12 | E76: 12 | F76: 4540 | G76: 454 | H76: 0.021 | I76: 1254 | J76: 59798 | K76: 109.5 | M76: 70 | N76: 48 | O76: 245 | P76: 4 | Q76: 228 | R76: 0.18 | S76: 12000 | T76: 7381 | U76: =SUM($S$7:S76) -> 313200 | V76: 33 | W76: 52 | Y76: =Y74+600 -> 10800 | Z76: =Y76/Q76 -> 47.368421
... B86: 80 | D86: 16 | E86: 16 | F86: 5780 | G86: 578 | H86: 0.017 | I86: 1494 | J86: 87088 | K86: 99 | M86: 80 | N86: 62 | O86: 406 | P86: 4 | Q86: 268 | R86: 0.17 | S86: 15000 | T86: 9881 | U86: =SUM($S$7:S86) -> 448200 | V86: 44 | W86: 52 | Y86: =Y84+600 -> 13800 | Z86: =Y86/Q86 -> 51.492537
B87: 81 | D87: 16 | E87: 16 | F87: 5940 | G87: 594 | H87: 0.017 | I87: 1506 | J87: 88399 | K87: 102.25 | M87: 81 | N87: 90 | O87: 429 | P87: 4 | Q87: 272 | R87: 0.18 | S87: 15800 | T87: 10153 | U87: =SUM($S$7:S87) -> 464000 | V87: 45 | W87: 52 | X87: 19200 | Y87: =Y86+800 -> 14600 | Z87: =Y87/Q87 -> 53.676471
B88: 82 | D88: 16 | E88: 16 | F88: 6100 | G88: 610 | H88: 0.017 | I88: 1518 | J88: 89720 | K88: 105.5 | M88: 82 | N88: 90 | O88: 429 | P88: 4 | Q88: 276 | R88: 0.18 | S88: 16600 | T88: 10429 | U88: =SUM($S$7:S88) -> 480600 | V88: 47 | W88: 52 | X88: 20000 | Y88: =Y87+800 -> 15400 | Z88: =Y88/Q88 -> 55.797101
B89: 83 | D89: 16 | E89: 16 | F89: 6260 | G89: 626 | H89: 0.017 | I89: 1560 | J89: 92835 | K89: 108.75 | M89: 83 | N89: 90 | O89: 429 | P89: 4 | Q89: 280 | R89: 0.19 | S89: 17400 | T89: 10709 | U89: =SUM($S$7:S89) -> 498000 | V89: 48 | W89: 52 | X89: 20800 | Y89: =Y88+800 -> 16200 | Z89: =Y89/Q89 -> 57.857143
B90: 84 | D90: 16 | E90: 16 | F90: 6420 | G90: 642 | H90: 0.017 | I90: 1572 | J90: 94188 | K90: 112 | M90: 84 | N90: 90 | O90: 429 | P90: 4 | Q90: 284 | R90: 0.19 | S90: 18200 | T90: 10993 | U90: =SUM($S$7:S90) -> 516200 | V90: 49 | W90: 52 | X90: 21600 | Y90: =Y89+800 -> 17000 | Z90: =Y90/Q90 -> 59.859155
B91: 85 | D91: 16 | E91: 16 | F91: 6580 | G91: 658 | H91: 0.017 | I91: 1584 | J91: 95550 | K91: 115.25 | M91: 85 | N91: 90 | O91: 429 | P91: 4 | Q91: 288 | R91: 0.2 | S91: 19000 | T91: 11281 | U91: =SUM($S$7:S91) -> 535200 | V91: 50 | W91: 52 | X91: 22400 | Y91: =Y90+800 -> 17800 | Z91: =Y91/Q91 -> 61.805556
B92: 86 | D92: 16 | E92: 16 | F92: 6740 | G92: 674 | H92: 0.016 | I92: 1629 | J92: 98925 | K92: 118.6875 | M92: 86 | N92: 90 | O92: 429 | P92: 5 | Q92: 293 | R92: 0.2 | S92: 19800 | T92: 11574 | U92: =SUM($S$7:S92) -> 555000 | V92: 52 | W92: 52 | X92: 23200 | Y92: =Y91+800 -> 18600 | Z92: =Y92/Q92 -> 63.481229
B93: 87 | D93: 16 | E93: 16 | F93: 6900 | G93: 690 | H93: 0.016 | I93: 1644 | J93: 100504 | K93: 122.125 | M93: 87 | N93: 90 | O93: 429 | P93: 5 | Q93: 298 | R93: 0.2 | S93: 20600 | T93: 11872 | U93: =SUM($S$7:S93) -> 575600 | V93: 53 | W93: 52 | X93: 24000 | Y93: =Y92+800 -> 19400 | Z93: =Y93/Q93 -> 65.100671
B94: 88 | D94: 16 | E94: 16 | F94: 7060 | G94: 706 | H94: 0.016 | I94: 1689 | J94: 103940 | K94: 125.5625 | M94: 88 | N94: 90 | O94: 429 | P94: 5 | Q94: 303 | R94: 0.21 | S94: 21400 | T94: 12175 | U94: =SUM($S$7:S94) -> 597000 | V94: 54 | W94: 52 | X94: 24800 | Y94: =Y93+800 -> 20200 | Z94: =Y94/Q94 -> 66.666667
B95: 89 | D95: 16 | E95: 16 | F95: 7220 | G95: 722 | H95: 0.016 | I95: 1704 | J95: 105555 | K95: 129 | M95: 89 | N95: 90 | O95: 429 | P95: 5 | Q95: 308 | R95: 0.21 | S95: 22200 | T95: 12483 | U95: =SUM($S$7:S95) -> 619200 | V95: 56 | W95: 52 | X95: 25600 | Y95: =Y94+800 -> 21000 | Z95: =Y95/Q95 -> 68.181818
B96: 90 | D96: 20 | E96: 20 | F96: 7420 | G96: 742 | H96: 0.018 | I96: 1758 | J96: 96951 | K96: 106.4 | M96: 90 | N96: 90 | O96: 429 | P96: 8 | Q96: 316 | R96: 0.21 | S96: 23000 | T96: 12799 | U96: =SUM($S$7:S96) -> 642200 | V96: 57 | W96: 52 | X96: 26400 | Y96: =Y95+800 -> 21800 | Z96: =Y96/Q96 -> 68.987342
B97: 91 | D97: 20 | E97: 20 | F97: 7620 | G97: 762 | H97: 0.018 | I97: 1782 | J97: 98998 | K97: 109.6 | M97: 91 | N97: 90 | O97: 429 | P97: 8 | Q97: 324 | R97: 0.21 | S97: 23800 | T97: 13123 | U97: =SUM($S$7:S97) -> 666000 | V97: 59 | W97: 52 | X97: 27200 | Y97: =Y96+800 -> 22600 | Z97: =Y97/Q97 -> 69.753086
B98: 92 | D98: 20 | E98: 20 | F98: 7820 | G98: 782 | H98: 0.018 | I98: 1836 | J98: 102743 | K98: 112.8 | M98: 92 | N98: 120 | O98: 842 | P98: 8 | Q98: 332 | R98: 0.23 | S98: 24600 | T98: 13455 | U98: =SUM($S$7:S98) -> 690600 | V98: 60 | W98: 52 | X98: 28000 | Y98: =Y97+800 -> 23400 | Z98: =Y98/Q98 -> 70.481928
... B110: 104 | D110: 28 | E110: 24 | F110: 10420 | G110: 1042 | H110: 0.018 | I110: 2364 | J110: 132454 | K110: 108 | M110: 104 | N110: 190 | O110: 840 | P110: 8 | Q110: 428 | R110: 0.35 | S110: 34200 | T110: 18063 | U110: =SUM($S$7:S110) -> 1048200 | V110: 82 | W110: 51 | X110: 37600 | Y110: =Y109+800 -> 33000 | Z110: =Y110/Q110 -> 77.102804
B111: 105 | D111: 28 | E111: 24 | F111: 10660 | G111: 1066 | H111: 0.018 | I111: 2418 | J111: 136461 | K111: 110.28571 | M111: 105 | N111: 190 | O111: 840 | P111: 8 | Q111: 436 | R111: 0.35 | S111: 35000 | T111: 18499 | U111: =SUM($S$7:S111) -> 1083200 | V111: 84 | W111: 51 | X111: =X110+800 -> 38400 | Y111: =Y110+800 -> 33800 | Z111: =Y111/Q111 -> 77.522936
B112: 106 | D112: 28 | E112: 24 | F112: 10900 | G112: 1090 | H112: 0.018 | I112: 2442 | J112: 138807 | K112: 112.57143 | M112: 106 | N112: 190 | O112: 840 | P112: 8 | Q112: 444 | R112: 0.35 | S112: 35800 | T112: 18943 | U112: =SUM($S$7:S112) -> 1119000 | V112: 86 | W112: 51 | X112: =X111+800 -> 39200 | Y112: =Y111+800 -> 34600 | Z112: =Y112/Q112 -> 77.927928
B113: 107 | D113: 32 | E113: 24 | F113: 11140 | G113: 1114 | H113: 0.017 | I113: 2496 | J113: 142890 | K113: 100.5 | M113: 107 | N113: 190 | O113: 840 | P113: 8 | Q113: 452 | R113: 0.36 | S113: 36600 | T113: 19395 | U113: =SUM($S$7:S113) -> 1155600 | V113: 88 | W113: 51 | X113: =X112+800 -> 40000 | Y113: =Y112+800 -> 35400 | Z113: =Y113/Q113 -> 78.318584
B114: 108 | D114: 32 | E114: 24 | F114: 11380 | G114: 1138 | H114: 0.017 | I114: 2550 | J114: 147016 | K114: 102.5 | M114: 108 | N114: 190 | O114: 833 | P114: 8 | Q114: 460 | R114: 0.36 | S114: 37400 | T114: 19855 | U114: =SUM($S$7:S114) -> 1193000 | V114: 90 | W114: 51 | X114: =X113+800 -> 40800 | Y114: =Y113+800 -> 36200 | Z114: =Y114/Q114 -> 78.695652
B115: 109 | D115: 32 | E115: 24 | F115: 11620 | G115: 1162 | H115: 0.017 | I115: 2574 | J115: 149445 | K115: 104.5 | M115: 109 | N115: 190 | O115: 833 | P115: 8 | Q115: 468 | R115: 0.36 | S115: 38200 | T115: 20323 | U115: =SUM($S$7:S115) -> 1231200 | V115: 92 | W115: 51 | X115: =X114+800 -> 41600 | Y115: =Y114+800 -> 37000 | Z115: =Y115/Q115 -> 79.059829
B116: 110 | D116: 32 | E116: 28 | F116: 11900 | G116: 1190 | H116: 0.018 | I116: 2628 | J116: 144728 | K116: 106.5 | M116: 110 | N116: 190 | O116: 833 | P116: 8 | Q116: 476 | R116: 0.36 | S116: 39000 | T116: 20799 | U116: =SUM($S$7:S116) -> 1270200 | V116: 94 | W116: 51 | X116: =X115+800 -> 42400 | Y116: =Y115+800 -> 37800 | Z116: =Y116/Q116 -> 79.411765
B117: 111 | D117: 32 | E117: 28 | F117: 12180 | G117: 1218 | H117: 0.018 | I117: 2682 | J117: 148790 | K117: 108.5 | M117: 111 | N117: 190 | O117: 833 | P117: 8 | Q117: 484 | R117: 0.36 | S117: 39800 | T117: 21283 | U117: =SUM($S$7:S117) -> 1310000 | V117: 96 | W117: 51 | X117: =X116+800 -> 43200 | Y117: =Y116+800 -> 38600 | Z117: =Y117/Q117 -> 79.752066
B118: 112 | D118: 32 | E118: 28 | F118: 12460 | G118: 1246 | H118: 0.018 | I118: 2706 | J118: 151220 | K118: 110.5 | M118: 112 | N118: 250 | O118: 833 | P118: 8 | Q118: 492 | R118: 0.36 | S118: 40600 | T118: 21775 | U118: =SUM($S$7:S118) -> 1350600 | V118: 99 | W118: 51 | X118: =X117+800 -> 44000 | Y118: =Y117+800 -> 39400 | Z118: =Y118/Q118 -> 80.081301
B119: 113 | D119: 32 | E119: 28 | F119: 12740 | G119: 1274 | H119: 0.018 | I119: 2760 | J119: 155359 | K119: 112.5 | M119: 113 | N119: 250 | O119: 833 | P119: 8 | Q119: 500 | R119: 0.37 | S119: 41400 | T119: 22275 | U119: =SUM($S$7:S119) -> 1392000 | V119: 101 | W119: 51 | X119: =X118+800 -> 44800 | Y119: =Y118+800 -> 40200 | Z119: =Y119/Q119 -> 80.4
B120: 114 | D120: 32 | E120: 28 | F120: 13020 | G120: 1302 | H120: 0.018 | I120: 2814 | J120: 159541 | K120: 114.5 | M120: 114 | N120: 250 | O120: 833 | P120: 8 | Q120: 508 | R120: 0.37 | S120: 42200 | T120: 22783 | U120: =SUM($S$7:S120) -> 1434200 | V120: 103 | W120: 51 | X120: =X119+800 -> 45600 | Y120: =Y119+800 -> 41000 | Z120: =Y120/Q120 -> 80.708661
B121: 115 | D121: 36 | E121: 28 | F121: 13300 | G121: 1330 | H121: 0.018 | I121: 2838 | J121: 162053 | K121: 103.55556 | M121: 115 | N121: 250 | O121: 833 | P121: 8 | Q121: 516 | R121: 0.37 | S121: 43000 | T121: 23299 | U121: =SUM($S$7:S121) -> 1477200 | V121: 106 | W121: 51 | X121: =X120+800 -> 46400 | Y121: =Y120+800 -> 41800 | Z121: =Y121/Q121 -> 81.007752
B122: 116 | D122: 36 | E122: 28 | F122: 13580 | G122: 1358 | H122: 0.017 | I122: 2892 | J122: 166311 | K122: 105.33333 | M122: 116 | N122: 250 | O122: 833 | P122: 8 | Q122: 524 | R122: 0.37 | S122: 43800 | T122: 23823 | U122: =SUM($S$7:S122) -> 1521000 | V122: 108 | W122: 51 | X122: =X121+800 -> 47200 | Y122: =Y121+800 -> 42600 | Z122: =Y122/Q122 -> 81.29771
... B129: 123 | D129: 36 | E129: 32 | F129: 15700 | G129: 1570 | H129: 0.015 | I129: 3210 | J129: 210614 | K129: 117.77778 | M129: 123 | N129: 250 | O129: 833 | P129: 8 | Q129: 580 | R129: 0.36 | S129: 49400 | T129: 27715 | U129: =SUM($S$7:S129) -> 1850000 | V129: 125 | W129: 51 | X129: =X128+800 -> 52800 | Y129: =Y128+800 -> 48200 | Z129: =Y129/Q129 -> 83.103448
...

Sheet 基因平衡
B2: 生命周期 | C2: 60
B3: 总坑深 | C3: =SUM(C7:C9)*5 -> 12011.25
B6: 产出途径 | C6: 产出价值 | D6: 产出频率 | E6: 产出比例 | F6: 修正后
B7: 主线任务 | C7: =IF(D7="每日",SUMIF($B$20:$B$319,"<="&$C$2,OFFSET($C$20:$C$319,0,MATCH($B7,$D$19:$I$19,0))),SUMIF($B$20:$B$319,"="&$C$2,OFFSET($C$20:$C$319,0,MATCH($B7,$D$19:$I$19,0)))) -> 464.25 | D7: 一次性产出 | E7: =C7/SUM($C$7:$C$11) -> 0.1666218 | F7: =C7*1.5 -> 696.375 | G7: #提高150%
B8: 组队本 | C8: =IF(D8="每日",SUMIF($B$20:$B$319,"<="&$C$2,OFFSET($C$20:$C$319,0,MATCH($B8,$D$19:$I$19,0))),SUMIF($B$20:$B$319,"="&$C$2,OFFSET($C$20:$C$319,0,MATCH($B8,$D$19:$I$19,0)))) -> 720 | D8: 每日 | E8: =C8/SUM($C$7:$C$11) -> 0.25841184 | F8: =C8*1.5 -> 1080
B9: 公会 | C9: =IF(D9="每日",SUMIF($B$20:$B$319,"<="&$C$2,OFFSET($C$20:$C$319,0,MATCH($B9,$D$19:$I$19,0))),SUMIF($B$20:$B$319,"="&$C$2,OFFSET($C$20:$C$319,0,MATCH($B9,$D$19:$I$19,0)))) -> 1218 | D9: 每日 | E9: =C9/SUM($C$7:$C$11) -> 0.4371467 | G9: #新增
B10: 挂机 | C10: =IF(D10="每日",SUMIF($B$20:$B$319,"<="&$C$2,OFFSET($C$20:$C$319,0,MATCH($B10,$D$19:$I$19,0))),SUMIF($B$20:$B$319,"="&$C$2,OFFSET($C$20:$C$319,0,MATCH($B10,$D$19:$I$19,0)))) -> 0 | D10: 每日 | E10: =C10/SUM($C$7:$C$11) -> 0 | G10: #新增
B11: 每日任务 | C11: =IF(D11="每日",SUMIF($B$20:$B$319,"<="&$C$2,OFFSET($C$20:$C$319,0,MATCH($B11,$D$19:$I$19,0))),SUMIF($B$20:$B$319,"="&$C$2,OFFSET($C$20:$C$319,0,MATCH($B11,$D$19:$I$19,0)))) -> 384 | D11: 每日 | E11: =C11/SUM($C$7:$C$11) -> 0.13781965 | G11: #新增
B12: 总和 | C12: =SUM(C7:C11)/60*10/60 -> 7.7395833
T14: 20
Q16: 协助时长
Q17: =30*60 -> 1800
B18: 中R | C18: =MATCH($B$18,产销汇总!$D$1:$G$1,0) -> 3 | E18: 日常产出
B19: 天数 | C19: 关卡预期 | D19: 主线任务 | E19: 组队本 | F19: 公会 | G19: 挂机 | H19: 每日任务 | L19: 基因等级 | M19: 基因罐 | O19: 金币 | P19: 时间/s | Q19: 修正系数 | R19: 配置值 | S19: 冗余率 | T19: 协助加速 | U19: 解锁天数 | W19: 天数 | X19: 主线产出 | Y19: 每日产出 | Z19: 每日产出 | AA19: 总产出
B20: 1 | C20: =OFFSET(产销汇总!$C$12,$B20,$C$18) -> 20 | D20: =(C20-5)*5 -> 75 | E20: =OFFSET(产销汇总!$C$1,MATCH(E$19,产销汇总!$C$2:$C$9,0),$C$18)*2 -> 12 | G20: 0 | H20: =ROUND(5+10/7,1) -> 6.4 | K20: =CEILING(R20,300) -> 300 | L20: 1 | M20: 0 | N20: / | O20: / | P20: 4 | R20: =P20*(1-Q20) -> 4 | S20: =U20-SUM($P$20:P20)/86400/(24+$C$12)*24 -> 0.99996499 | T20: =MAX(R20-30*60-300,0) -> 0 | U20: =IFERROR(MATCH(M20,$AA$20:$AA$319,1)+1,1) -> 1 | W20: 1 | X20: =(C20-10)*30 -> 300 | Y20: =OFFSET(产销汇总!$C$1,MATCH("体力消耗",产销汇总!$C$2:$C$8,0),$C$18)/10*5*W20 -> 210 | Z20: 0 | AA20: =SUM(X20:Z20) -> 510
B21: 2 | C21: =OFFSET(产销汇总!$C$12,$B21,$C$18) -> 25 | D21: =(C21-5)*5 -> 100 | E21: =OFFSET(产销汇总!$C$1,MATCH(E$19,产销汇总!$C$2:$C$9,0),$C$18)*2 -> 12 | G21: =G20 -> 0 | H21: =ROUND(5+10/7,1) -> 6.4 | K21: =CEILING(R21,300) -> 300 | L21: 2 | M21: =SUM($N$20:N21) -> 5 | N21: 5 | O21: 100 | P21: 30 | R21: =CEILING(P21*(1-Q21),2) -> 30 | S21: =U21-SUM($P$20:P21)/86400/(24+$C$12)*24 -> 0.99970244 | T21: =MAX(R21-30*60,0) -> 0 | U21: =IFERROR(MATCH(M21,$AA$20:$AA$319,1)+1,1) -> 1 | W21: 2 | X21: =(C21-10)*30 -> 450 | Y21: =OFFSET(产销汇总!$C$1,MATCH("体力消耗",产销汇总!$C$2:$C$8,0),$C$18)/10*5*W21 -> 420 | Z21: =$Z$20*W21 -> 0 | AA21: =SUM(X21:Z21) -> 870
B22: 3 | C22: =OFFSET(产销汇总!$C$12,$B22,$C$18) -> 30 | D22: =(C22-5)*5 -> 125 | E22: =OFFSET(产销汇总!$C$1,MATCH(E$19,产销汇总!$C$2:$C$9,0),$C$18)*2 -> 12 | F22: =INT(13+10/7)*1.5 -> 21 | G22: =G21 -> 0 | H22: =ROUND(5+10/7,1) -> 6.4 | K22: =CEILING(R22,300) -> 300 | L22: 3 | M22: =SUM($N$20:N22) -> 12 | N22: 7 | O22: 160 | P22: 180 | R22: =CEILING(P22*(1-Q22),2) -> 180 | S22: =U22-SUM($P$20:P22)/86400/(24+$C$12)*24 -> 0.99812712 | T22: =MAX(R22-30*60,0) -> 0 | U22: =IFERROR(MATCH(M22,$AA$20:$AA$319,1)+1,1) -> 1 | W22: 3 | X22: =(C22-10)*30 -> 600 | Y22: =OFFSET(产销汇总!$C$1,MATCH("体力消耗",产销汇总!$C$2:$C$8,0),$C$18)/10*5*W22 -> 630 | Z22: =$Z$20*W22 -> 0 | AA22: =SUM(X22:Z22) -> 1230
B23: 4 | C23: =OFFSET(产销汇总!$C$12,$B23,$C$18) -> 35 | D23: =(C23-5)*5 -> 150 | E23: =OFFSET(产销汇总!$C$1,MATCH(E$19,产销汇总!$C$2:$C$9,0),$C$18)*2 -> 12 | F23: =INT(13+10/7)*1.5 -> 21 | G23: =G22 -> 0 | H23: =ROUND(5+10/7,1) -> 6.4 | K23: =CEILING(R23,300) -> 300 | L23: 4 | M23: =SUM($N$20:N23) -> 22 | N23: 10 | O23: 230 | P23: 600 | R23: 300 | S23: =U23-SUM($P$20:P23)/86400/(24+$C$12)*24 -> 0.99287605 | T23: =MAX(R23-30*60,0) -> 0 | U23: =IFERROR(MATCH(M23,$AA$20:$AA$319,1)+1,1) -> 1 | W23: 4 | X23: =(C23-10)*30 -> 750 | Y23: =OFFSET(产销汇总!$C$1,MATCH("体力消耗",产销汇总!$C$2:$C$8,0),$C$18)/10*5*W23 -> 840 | Z23: =$Z$20*W23 -> 0 | AA23: =SUM(X23:Z23) -> 1590
B24: 5 | C24: =OFFSET(产销汇总!$C$12,$B24,$C$18) -> 40 | D24: =(C24-5)*5 -> 175 | E24: =OFFSET(产销汇总!$C$1,MATCH(E$19,产销汇总!$C$2:$C$9,0),$C$18)*2 -> 12 | F24: =INT(13+10/7)*1.5 -> 21 | G24: =G23 -> 0 | H24: =ROUND(5+10/7,1) -> 6.4 | K24: =CEILING(R24,300) -> 600 | L24: 5 | M24: =SUM($N$20:N24) -> 34 | N24: 12 | O24: 300 | P24: 1200 | Q24: 0.25 | R24: 600 | S24: =U24-SUM($P$20:P24)/86400/(24+$C$12)*24 -> 0.98237392 | T24: =MAX(R24-30*60,0) -> 0 | U24: =IFERROR(MATCH(M24,$AA$20:$AA$319,1)+1,1) -> 1 | W24: 5 | X24: =(C24-10)*30 -> 900 | Y24: =OFFSET(产销汇总!$C$1,MATCH("体力消耗",产销汇总!$C$2:$C$8,0),$C$18)/10*5*W24 -> 1050 | Z24: =$Z$20*W24 -> 0 | AA24: =SUM(X24:Z24) -> 1950
B25: 6 | C25: =OFFSET(产销汇总!$C$12,$B25,$C$18) -> 46 | D25: =(C25-5)*5 -> 205 | E25: =OFFSET(产销汇总!$C$1,MATCH(E$19,产销汇总!$C$2:$C$9,0),$C$18)*2 -> 12 | F25: =INT(13+10/7)*1.5 -> 21 | G25: =G24 -> 0 | H25: =ROUND(5+10/7,1) -> 6.4 | K25: =CEILING(R25,300) -> 900 | L25: 6 | M25: =SUM($N$20:N25) -> 49 | N25: 15 | O25: 370 | P25: 1800 | Q25: =1/3 -> 0.33333333 | R25: 900 | S25: =U25-SUM($P$20:P25)/86400/(24+$C$12)*24 -> 0.96662072 | T25: =MAX(R25-30*60,0) -> 0 | U25: =IFERROR(MATCH(M25,$AA$20:$AA$319,1)+1,1) -> 1 | W25: 6 | X25: =(C25-10)*30 -> 1080 | Y25: =OFFSET(产销汇总!$C$1,MATCH("体力消耗",产销汇总!$C$2:$C$8,0),$C$18)/10*5*W25 -> 1260 | Z25: =$Z$20*W25 -> 0 | AA25: =SUM(X25:Z25) -> 2340
B26: 7 | C26: =OFFSET(产销汇总!$C$12,$B26,$C$18) -> 55 | D26: =(C26-5)*5 -> 250 | E26: =OFFSET(产销汇总!$C$1,MATCH(E$19,产销汇总!$C$2:$C$9,0),$C$18)*2 -> 12 | F26: =INT(13+10/7)*1.5 -> 21 | G26: =G25 -> 0 | H26: =ROUND(5+10/7,1) -> 6.4 | K26: =CEILING(R26,300) -> 1200 | L26: 7 | M26: =SUM($N$20:N26) -> 66 | N26: 17 | O26: 440 | P26: 2700 | Q26: 0.4 | R26: 1200 | S26: =U26-SUM($P$20:P26)/86400/(24+$C$12)*24 -> 0.94299092 | T26: =MAX(R26-30*60,0) -> 0 | U26: =IFERROR(MATCH(M26,$AA$20:$AA$319,1)+1,1) -> 1 | W26: 7 | X26: =(C26-10)*30 -> 1350 | Y26: =OFFSET(产销汇总!$C$1,MATCH("体力消耗",产销汇总!$C$2:$C$8,0),$C$18)/10*5*W26 -> 1470 | Z26: =$Z$20*W26 -> 0 | AA26: =SUM(X26:Z26) -> 2820
B27: 8 | C27: =OFFSET(产销汇总!$C$12,$B27,$C$18) -> 57 | D27: =(C27-5)*5 -> 260 | E27: =OFFSET(产销汇总!$C$1,MATCH(E$19,产销汇总!$C$2:$C$9,0),$C$18)*2 -> 12 | F27: =INT(13+10/7)*1.5 -> 21 | G27: =G26 -> 0 | H27: =ROUND(5+10/7,1) -> 6.4 | K27: =CEILING(R27,300) -> 1800 | L27: 8 | M27: =SUM($N$20:N27) -> 86 | N27: 20 | O27: 510 | P27: 3600 | Q27: 0.5 | R27: =CEILING(P27*(1-Q27),300) -> 1800 | S27: =U27-SUM($P$20:P27)/86400/(24+$C$12)*24 -> 0.91148452 | T27: =MAX(R27-30*60,0) -> 0 | U27: =IFERROR(MATCH(M27,$AA$20:$AA$319,1)+1,1) -> 1 | W27: 8 | X27: =(C27-10)*30 -> 1410 | Y27: =OFFSET(产销汇总!$C$1,MATCH("体力消耗",产销汇总!$C$2:$C$8,0),$C$18)/10*5*W27 -> 1680 | Z27: =$Z$20*W27 -> 0 | AA27: =SUM(X27:Z27) -> 3090
B28: 9 | C28: =OFFSET(产销汇总!$C$12,$B28,$C$18) -> 60 | D28: =(C28-5)*5 -> 275 | E28: =OFFSET(产销汇总!$C$1,MATCH(E$19,产销汇总!$C$2:$C$9,0),$C$18)*2 -> 12 | F28: =INT(13+10/7)*1.5 -> 21 | G28: =G27 -> 0 | H28: =ROUND(5+10/7,1) -> 6.4 | K28: =CEILING(R28,300) -> 2100 | L28: 9 | M28: =SUM($N$20:N28) -> 108 | N28: 22 | O28: 580 | P28: 4200 | Q28: 0.5 | R28: =CEILING(P28*(1-Q28),300) -> 2100 | S28: =U28-SUM($P$20:P28)/86400/(24+$C$12)*24 -> 0.87472705 | T28: =MAX(R28-30*60,0) -> 300 | U28: =IFERROR(MATCH(M28,$AA$20:$AA$319,1)+1,1) -> 1 | W28: 9 | X28: =(C28-10)*30 -> 1500 | Y28: =OFFSET(产销汇总!$C$1,MATCH("体力消耗",产销汇总!$C$2:$C$8,0),$C$18)/10*5*W28 -> 1890 | Z28: =$Z$20*W28 -> 0 | AA28: =SUM(X28:Z28) -> 3390
B29: 10 | C29: =OFFSET(产销汇总!$C$12,$B29,$C$18) -> 63 | D29: =(C29-5)*5 -> 290 | E29: =OFFSET(产销汇总!$C$1,MATCH(E$19,产销汇总!$C$2:$C$9,0),$C$18)*2 -> 12 | F29: =INT(13+10/7)*1.5 -> 21 | G29: =G28 -> 0 | H29: =ROUND(5+10/7,1) -> 6.4 | K29: =CEILING(R29,300) -> 3600 | L29: 10 | M29: =SUM($N$20:N29) -> 133 | N29: 25 | O29: 650 | P29: 6804 | Q29: 0.5 | R29: =CEILING(P29*(1-Q29),300) -> 3600 | S29: =U29-SUM($P$20:P29)/86400/(24+$C$12)*24 -> 0.81517996 | T29: =MAX(R29-30*60,0) -> 1800 | U29: =IFERROR(MATCH(M29,$AA$20:$AA$319,1)+1,1) -> 1 | W29: 10 | X29: =(C29-10)*30 -> 1590 | Y29: =OFFSET(产销汇总!$C$1,MATCH("体力消耗",产销汇总!$C$2:$C$8,0),$C$18)/10*5*W29 -> 2100 | Z29: =$Z$20*W29 -> 0 | AA29: =SUM(X29:Z29) -> 3690
B30: 11 | C30: =OFFSET(产销汇总!$C$12,$B30,$C$18) -> 66 | D30: =(C30-5)*5 -> 305 | E30: =OFFSET(产销汇总!$C$1,MATCH(E$19,产销汇总!$C$2:$C$9,0),$C$18)*2 -> 12 | F30: =INT(13+10/7)*1.5 -> 21 | G30: =G29 -> 0 | H30: =ROUND(5+10/7,1) -> 6.4 | K30: =CEILING(R30,300) -> 3900 | L30: 11 | M30: =SUM($N$20:N30) -> 160 | N30: 27 | O30: 720 | P30: 7560 | Q30: 0.5 | R30: =CEILING(P30*(1-Q30),300) -> 3900 | S30: =U30-SUM($P$20:P30)/86400/(24+$C$12)*24 -> 0.74901652 | T30: =MAX(R30-30*60,0) -> 2100 | U30: =IFERROR(MATCH(M30,$AA$20:$AA$319,1)+1,1) -> 1 | W30: 11 | X30: =(C30-10)*30 -> 1680 | Y30: =OFFSET(产销汇总!$C$1,MATCH("体力消耗",产销汇总!$C$2:$C$8,0),$C$18)/10*5*W30 -> 2310 | Z30: =$Z$20*W30 -> 0 | AA30: =SUM(X30:Z30) -> 3990
B31: 12 | C31: =OFFSET(产销汇总!$C$12,$B31,$C$18) -> 69 | D31: =(C31-5)*5 -> 320 | E31: =OFFSET(产销汇总!$C$1,MATCH(E$19,产销汇总!$C$2:$C$9,0),$C$18)*2 -> 12 | F31: =INT(13+10/7)*1.5 -> 21 | G31: =G30 -> 0 | H31: =ROUND(5+10/7,1) -> 6.4 | K31: =CEILING(R31,300) -> 4200 | L31: 12 | M31: =SUM($N$20:N31) -> 190 | N31: 30 | O31: 790 | P31: 8316 | Q31: 0.5 | R31: =CEILING(P31*(1-Q31),300) -> 4200 | S31: =U31-SUM($P$20:P31)/86400/(24+$C$12)*24 -> 0.67623674 | T31: =MAX(R31-30*60,0) -> 2400 | U31: =IFERROR(MATCH(M31,$AA$20:$AA$319,1)+1,1) -> 1 | W31: 12 | X31: =(C31-10)*30 -> 1770 | Y31: =OFFSET(产销汇总!$C$1,MATCH("体力消耗",产销汇总!$C$2:$C$8,0),$C$18)/10*5*W31 -> 2520 | Z31: =$Z$20*W31 -> 0 | AA31: =SUM(X31:Z31) -> 4290
B32: 13 | C32: =OFFSET(产销汇总!$C$12,$B32,$C$18) -> 71 | D32: =(C32-5)*5 -> 330 | E32: =OFFSET(产销汇总!$C$1,MATCH(E$19,产销汇总!$C$2:$C$9,0),$C$18)*2 -> 12 | F32: =INT(13+10/7)*1.5 -> 21 | G32: =G31 -> 0 | H32: =ROUND(5+10/7,1) -> 6.4 | K32: =CEILING(R32,300) -> 4800 | L32: 13 | M32: =SUM($N$20:N32) -> 222 | N32: 32 | O32: 860 | P32: 9072 | Q32: 0.5 | R32: =CEILING(P32*(1-Q32),300) -> 4800 | S32: =U32-SUM($P$20:P32)/86400/(24+$C$12)*24 -> 0.59684061 | T32: =MAX(R32-30*60,0) -> 3000 | U32: =IFERROR(MATCH(M32,$AA$20:$AA$319,1)+1,1) -> 1 | W32: 13 | X32: =(C32-10)*30 -> 1830 | Y32: =OFFSET(产销汇总!$C$1,MATCH("体力消耗",产销汇总!$C$2:$C$8,0),$C$18)/10*5*W32 -> 2730 | Z32: =$Z$20*W32 -> 0 | AA32: =SUM(X32:Z32) -> 4560
B33: 14 | C33: =OFFSET(产销汇总!$C$12,$B33,$C$18) -> 73 | D33: =(C33-5)*5 -> 340 | E33: =OFFSET(产销汇总!$C$1,MATCH(E$19,产销汇总!$C$2:$C$9,0),$C$18)*2 -> 12 | F33: =INT(13+10/7)*1.5 -> 21 | G33: =G32 -> 0 | H33: =ROUND(5+10/7,1) -> 6.4 | K33: =CEILING(R33,300) -> 5100 | L33: 14 | M33: =SUM($N$20:N33) -> 257 | N33: 35 | O33: 930 | P33: 9828 | Q33: 0.5 | R33: =CEILING(P33*(1-Q33),300) -> 5100 | S33: =U33-SUM($P$20:P33)/86400/(24+$C$12)*24 -> 0.51082814 | T33: =MAX(R33-30*60,0) -> 3300 | U33: =IFERROR(MATCH(M33,$AA$20:$AA$319,1)+1,1) -> 1 | W33: 14 | X33: =(C33-10)*30 -> 1890 | Y33: =OFFSET(产销汇总!$C$1,MATCH("体力消耗",产销汇总!$C$2:$C$8,0),$C$18)/10*5*W33 -> 2940 | Z33: =$Z$20*W33 -> 0 | AA33: =SUM(X33:Z33) -> 4830
B34: 15 | C34: =OFFSET(产销汇总!$C$12,$B34,$C$18) -> 74 | D34: =(C34-5)*5 -> 345 | E34: =OFFSET(产销汇总!$C$1,MATCH(E$19,产销汇总!$C$2:$C$9,0),$C$18)*2 -> 12 | F34: =INT(13+10/7)*1.5 -> 21 | G34: =G33 -> 0 | H34: =ROUND(5+10/7,1) -> 6.4 | K34: =CEILING(R34,300) -> 5400 | L34: 15 | M34: =SUM($N$20:N34) -> 294 | N34: 37 | O34: 1000 | P34: 10584 | Q34: 0.5 | R34: =CEILING(P34*(1-Q34),300) -> 5400 | S34: =U34-SUM($P$20:P34)/86400/(24+$C$12)*24 -> 0.41819932 | T34: =MAX(R34-30*60,0) -> 3600 | U34: =IFERROR(MATCH(M34,$AA$20:$AA$319,1)+1,1) -> 1 | W34: 15 | X34: =(C34-10)*30 -> 1920 | Y34: =OFFSET(产销汇总!$C$1,MATCH("体力消耗",产销汇总!$C$2:$C$8,0),$C$18)/10*5*W34 -> 3150 | Z34: =$Z$20*W34 -> 0 | AA34: =SUM(X34:Z34) -> 5070
B35: 16 | C35: =OFFSET(产销汇总!$C$12,$B35,$C$18) -> 75 | D35: =(C35-5)*5 -> 350 | E35: =OFFSET(产销汇总!$C$1,MATCH(E$19,产销汇总!$C$2:$C$9,0),$C$18)*2 -> 12 | F35: =INT(13+10/7)*1.5 -> 21 | G35: =G34 -> 0 | H35: =ROUND(5+10/7,1) -> 6.4 | K35: =CEILING(R35,300) -> 5700 | L35: 16 | M35: =SUM($N$20:N35) -> 334 | N35: 40 | O35: 1070 | P35: 11340 | Q35: 0.5 | R35: =CEILING(P35*(1-Q35),300) -> 5700 | S35: =U35-SUM($P$20:P35)/86400/(24+$C$12)*24 -> 0.31895416 | T35: =MAX(R35-30*60,0) -> 3900 | U35: =IFERROR(MATCH(M35,$AA$20:$AA$319,1)+1,1) -> 1 | W35: 16 | X35: =(C35-10)*30 -> 1950 | Y35: =OFFSET(产销汇总!$C$1,MATCH("体力消耗",产销汇总!$C$2:$C$8,0),$C$18)/10*5*W35 -> 3360 | Z35: =$Z$20*W35 -> 0 | AA35: =SUM(X35:Z35) -> 5310
B36: 17 | C36: =OFFSET(产销汇总!$C$12,$B36,$C$18) -> 76 | D36: =(C36-5)*5 -> 355 | E36: =OFFSET(产销汇总!$C$1,MATCH(E$19,产销汇总!$C$2:$C$9,0),$C$18)*2 -> 12 | F36: =INT(13+10/7)*1.5 -> 21 | G36: =G35 -> 0 | H36: =ROUND(5+10/7,1) -> 6.4 | K36: =CEILING(R36,300) -> 6600 | L36: 17 | M36: =SUM($N$20:N36) -> 376 | N36: 42 | O36: 1140 | P36: 12643 | Q36: 0.5 | R36: =CEILING(P36*(1-Q36),300) -> 6600 | S36: =U36-SUM($P$20:P36)/86400/(24+$C$12)*24 -> 0.20830544 | T36: =MAX(R36-30*60,0) -> 4800 | U36: =IFERROR(MATCH(M36,$AA$20:$AA$319,1)+1,1) -> 1 | W36: 17 | X36: =(C36-10)*30 -> 1980 | Y36: =OFFSET(产销汇总!$C$1,MATCH("体力消耗",产销汇总!$C$2:$C$8,0),$C$18)/10*5*W36 -> 3570 | Z36: =$Z$20*W36 -> 0 | AA36: =SUM(X36:Z36) -> 5550
B37: 18 | C37: =OFFSET(产销汇总!$C$12,$B37,$C$18) -> 77 | D37: =(C37-5)*5 -> 360 | E37: =OFFSET(产销汇总!$C$1,MATCH(E$19,产销汇总!$C$2:$C$9,0),$C$18)*2 -> 12 | F37: =INT(13+10/7)*1.5 -> 21 | G37: =G36 -> 0 | H37: =ROUND(5+10/7,1) -> 6.4 | K37: =CEILING(R37,300) -> 6900 | L37: 18 | M37: =SUM($N$20:N37) -> 421 | N37: 45 | O37: 1210 | P37: 13434 | Q37: 0.5 | R37: =CEILING(P37*(1-Q37),300) -> 6900 | S37: =U37-SUM($P$20:P37)/86400/(24+$C$12)*24 -> 0.090734055 | T37: =MAX(R37-30*60,0) -> 5100 | U37: =IFERROR(MATCH(M37,$AA$20:$AA$319,1)+1,1) -> 1 | W37: 18 | X37: =(C37-10)*30 -> 2010 | Y37: =OFFSET(产销汇总!$C$1,MATCH("体力消耗",产销汇总!$C$2:$C$8,0),$C$18)/10*5*W37 -> 3780 | Z37: =$Z$20*W37 -> 0 | AA37: =SUM(X37:Z37) -> 5790
B38: 19 | C38: =OFFSET(产销汇总!$C$12,$B38,$C$18) -> 78 | D38: =(C38-5)*5 -> 365 | E38: =OFFSET(产销汇总!$C$1,MATCH(E$19,产销汇总!$C$2:$C$9,0),$C$18)*2 -> 12 | F38: =INT(13+10/7)*1.5 -> 21 | G38: =G37 -> 0 | H38: =ROUND(5+10/7,1) -> 6.4 | K38: =CEILING(R38,300) -> 7200 | L38: 19 | M38: =SUM($N$20:N38) -> 468 | N38: 47 | O38: 1280 | P38: 14224 | Q38: 0.5 | R38: =CEILING(P38*(1-Q38),300) -> 7200 | S38: =U38-SUM($P$20:P38)/86400/(24+$C$12)*24 -> -0.033751231 | T38: =MAX(R38-30*60,0) -> 5400 | U38: =IFERROR(MATCH(M38,$AA$20:$AA$319,1)+1,1) -> 1 | W38: 19 | X38: =(C38-10)*30 -> 2040 | Y38: =OFFSET(产销汇总!$C$1,MATCH("体力消耗",产销汇总!$C$2:$C$8,0),$C$18)/10*5*W38 -> 3990 | Z38: =$Z$20*W38 -> 0 | AA38: =SUM(X38:Z38) -> 6030
... B319: 300 | C319: =OFFSET(产销汇总!$C$12,$B319,$C$18) -> 181.85 | D319: =(C319-5)*5 -> 884.25 | E319: =OFFSET(产销汇总!$C$1,MATCH(E$19,产销汇总!$C$2:$C$9,0),$C$18)*2 -> 12 | F319: =INT(13+10/7)*1.5 -> 21 | G319: =G318 -> 0 | H319: =ROUND(5+10/7,1) -> 6.4 | K319: =CEILING(R319,300) -> 276000 | L319: 300 | M319: =SUM($N$20:N319) -> 211218 | N319: 1450 | O319: 20950 | P319: 275761 | Q319: 0 | R319: =CEILING(P319*(1-Q319),300) -> 276000 | S319: =U319-SUM($P$20:P319)/86400/(24+$C$12)*24 -> -174.45441 | T319: =MAX(R319-30*60,0) -> 274200 | U319: =IFERROR(MATCH(M319,$AA$20:$AA$319,1)+1,1) -> 301 | W319: 300 | X319: =(C319-10)*30 -> 5155.5 | Y319: =OFFSET(产销汇总!$C$1,MATCH("体力消耗",产销汇总!$C$2:$C$8,0),$C$18)/10*5*W319 -> 63000 | Z319: =$Z$20*W319 -> 0 | AA319: =SUM(X319:Z319) -> 68155.5
K320: =CEILING(R320,300) -> 276000 | L320: 301 | M320: =SUM($N$20:N320) -> 212673 | N320: 1455 | O320: 21020 | P320: 275821 | Q320: 0 | R320: =CEILING(P320*(1-Q320),300) -> 276000 | S320: =U320-SUM($P$20:P320)/86400/(24+$C$12)*24 -> -176.86833 | T320: =MAX(R320-30*60,0) -> 274200 | U320: =IFERROR(MATCH(M320,$AA$20:$AA$319,1)+1,1) -> 301
K321: =CEILING(R321,300) -> 276000 | L321: 302 | M321: =SUM($N$20:N321) -> 214133 | N321: 1460 | O321: 21090 | P321: 275882 | Q321: 0 | R321: =CEILING(P321*(1-Q321),300) -> 276000 | S321: =U321-SUM($P$20:P321)/86400/(24+$C$12)*24 -> -179.28279 | T321: =MAX(R321-30*60,0) -> 274200 | U321: =IFERROR(MATCH(M321,$AA$20:$AA$319,1)+1,1) -> 301
K322: =CEILING(R322,300) -> 276000 | L322: 303 | M322: =SUM($N$20:N322) -> 215598 | N322: 1465 | O322: 21160 | P322: 275942 | Q322: 0 | R322: =CEILING(P322*(1-Q322),300) -> 276000 | S322: =U322-SUM($P$20:P322)/86400/(24+$C$12)*24 -> -181.69777 | T322: =MAX(R322-30*60,0) -> 274200 | U322: =IFERROR(MATCH(M322,$AA$20:$AA$319,1)+1,1) -> 301
K323: =CEILING(R323,300) -> 276300 | L323: 304 | M323: =SUM($N$20:N323) -> 217068 | N323: 1470 | O323: 21230 | P323: 276003 | Q323: 0 | R323: =CEILING(P323*(1-Q323),300) -> 276300 | S323: =U323-SUM($P$20:P323)/86400/(24+$C$12)*24 -> -184.11329 | T323: =MAX(R323-30*60,0) -> 274500 | U323: =IFERROR(MATCH(M323,$AA$20:$AA$319,1)+1,1) -> 301
K324: =CEILING(R324,300) -> 276300 | L324: 305 | M324: =SUM($N$20:N324) -> 218543 | N324: 1475 | O324: 21300 | P324: 276063 | Q324: 0 | R324: =CEILING(P324*(1-Q324),300) -> 276300 | S324: =U324-SUM($P$20:P324)/86400/(24+$C$12)*24 -> -186.52933 | T324: =MAX(R324-30*60,0) -> 274500 | U324: =IFERROR(MATCH(M324,$AA$20:$AA$319,1)+1,1) -> 301
K325: =CEILING(R325,300) -> 276300 | L325: 306 | M325: =SUM($N$20:N325) -> 220023 | N325: 1480 | O325: 21370 | P325: 276124 | Q325: 0 | R325: =CEILING(P325*(1-Q325),300) -> 276300 | S325: =U325-SUM($P$20:P325)/86400/(24+$C$12)*24 -> -188.94591 | T325: =MAX(R325-30*60,0) -> 274500 | U325: =IFERROR(MATCH(M325,$AA$20:$AA$319,1)+1,1) -> 301
K326: =CEILING(R326,300) -> 276300 | L326: 307 | M326: =SUM($N$20:N326) -> 221508 | N326: 1485 | O326: 21440 | P326: 276184 | Q326: 0 | R326: =CEILING(P326*(1-Q326),300) -> 276300 | S326: =U326-SUM($P$20:P326)/86400/(24+$C$12)*24 -> -191.36301 | T326: =MAX(R326-30*60,0) -> 274500 | U326: =IFERROR(MATCH(M326,$AA$20:$AA$319,1)+1,1) -> 301
K327: =CEILING(R327,300) -> 276300 | L327: 308 | M327: =SUM($N$20:N327) -> 222998 | N327: 1490 | O327: 21510 | P327: 276245 | Q327: 0 | R327: =CEILING(P327*(1-Q327),300) -> 276300 | S327: =U327-SUM($P$20:P327)/86400/(24+$C$12)*24 -> -193.78064 | T327: =MAX(R327-30*60,0) -> 274500 | U327: =IFERROR(MATCH(M327,$AA$20:$AA$319,1)+1,1) -> 301
K328: =CEILING(R328,300) -> 276600 | L328: 309 | M328: =SUM($N$20:N328) -> 224493 | N328: 1495 | O328: 21580 | P328: 276305 | Q328: 0 | R328: =CEILING(P328*(1-Q328),300) -> 276600 | S328: =U328-SUM($P$20:P328)/86400/(24+$C$12)*24 -> -196.1988 | T328: =MAX(R328-30*60,0) -> 274800 | U328: =IFERROR(MATCH(M328,$AA$20:$AA$319,1)+1,1) -> 301
K329: =CEILING(R329,300) -> 276600 | L329: 310 | M329: =SUM($N$20:N329) -> 225993 | N329: 1500 | O329: 21650 | P329: 276366 | Q329: 0 | R329: =CEILING(P329*(1-Q329),300) -> 276600 | S329: =U329-SUM($P$20:P329)/86400/(24+$C$12)*24 -> -198.61749 | T329: =MAX(R329-30*60,0) -> 274800 | U329: =IFERROR(MATCH(M329,$AA$20:$AA$319,1)+1,1) -> 301
K330: =CEILING(R330,300) -> 276600 | L330: 311 | M330: =SUM($N$20:N330) -> 227498 | N330: 1505 | O330: 21720 | P330: 276426 | Q330: 0 | R330: =CEILING(P330*(1-Q330),300) -> 276600 | S330: =U330-SUM($P$20:P330)/86400/(24+$C$12)*24 -> -201.03671 | T330: =MAX(R330-30*60,0) -> 274800 | U330: =IFERROR(MATCH(M330,$AA$20:$AA$319,1)+1,1) -> 301
K331: =CEILING(R331,300) -> 276600 | L331: 312 | M331: =SUM($N$20:N331) -> 229008 | N331: 1510 | O331: 21790 | P331: 276487 | Q331: 0 | R331: =CEILING(P331*(1-Q331),300) -> 276600 | S331: =U331-SUM($P$20:P331)/86400/(24+$C$12)*24 -> -203.45647 | T331: =MAX(R331-30*60,0) -> 274800 | U331: =IFERROR(MATCH(M331,$AA$20:$AA$319,1)+1,1) -> 301
... K379: =CEILING(R379,300) -> 279600 | L379: 360 | M379: =SUM($N$20:N379) -> 307368 | N379: 1750 | O379: 25150 | P379: 279390 | Q379: 0 | R379: =CEILING(P379*(1-Q379),300) -> 279600 | S379: =U379-SUM($P$20:P379)/86400/(24+$C$12)*24 -> -320.22688 | T379: =MAX(R379-30*60,0) -> 277800 | U379: =IFERROR(MATCH(M379,$AA$20:$AA$319,1)+1,1) -> 301

Sheet 产销汇总
D1: 非R | E1: 小R | F1: 中R | G1: 大R
C2: 主线 | D2: 10 | E2: 10 | F2: 15 | G2: 22 | U2: 主线 | V2: =SUM(OFFSET($S$13:$S$312,0,MATCH(U2,$T$12:$AA$12,0))) -> #N/A
C3: 体力扫荡 | D3: 5 | E3: 10 | F3: 15 | G3: 0 | U3: 体力扫荡 | V3: =SUM(OFFSET($S$13:$S$312,0,MATCH(U3,$T$12:$AA$12,0))) -> #N/A
C4: 组队本 | D4: 3 | E4: 4 | F4: 6 | G4: 6 | U4: 组队本 | V4: =SUM(OFFSET($S$13:$S$312,0,MATCH(U4,$T$12:$AA$12,0))) -> #N/A
C5: 挂机 | D5: 24 | E5: 24 | F5: =24*1.3 -> 31.2 | G5: =F5 -> 31.2 | U5: 竞技场 | V5: =SUM(OFFSET($S$13:$S$312,0,MATCH(U5,$T$12:$AA$12,0))) -> 630000
C6: 体力消耗 | D6: =D2*10+D3*10+D4*20 -> 210 | E6: =E2*10+E3*10+E4*20 -> 280 | F6: =F2*10+F3*10+F4*20 -> 420 | G6: =G2*10+G3*10+G4*20 -> 340 | U6: 竞技场排行 | V6: =SUM(OFFSET($S$13:$S$312,0,MATCH(U6,$T$12:$AA$12,0))) -> 129428.57
C7: 竞技场 | D7: 3 | E7: 4 | F7: 6 | G7: 9 | U7: 任务 | V7: =SUM(OFFSET($S$13:$S$312,0,MATCH(U7,$T$12:$AA$12,0))) -> 362160
C8: 竞技场排行 | D8: 50 | E8: 20 | F8: 10 | G8: 3 | U8: 公会 | V8: =SUM(OFFSET($S$13:$S$312,0,MATCH(U8,$T$12:$AA$12,0))) -> 829988.57
D9: =D4*20+D2*10 -> 160 | E9: =E4*20+E2*10 -> 180 | F9: =F4*20+F2*10 -> 270 | G9: =G4*20+G2*10 -> 340 | U9: 挂机 | V9: =SUM(OFFSET($S$13:$S$312,0,MATCH(U9,$T$12:$AA$12,0))) -> #N/A
C11: 主线进度 | I11: 价值产出 | J11: 非R | S11: 价值产出 | T11: 中R | AC11: 价值产出 | AD11: 大R
C12: 天数 | D12: 非R | E12: 小R | F12: 中R | G12: 大R | I12: 天数 | J12: 主线 | K12: 体力扫荡 | L12: 组队本 | M12: 竞技场 | N12: 竞技场排行 | O12: 任务 | P12: 公会 | Q12: 挂机 | S12: 天数 | T12: 主线 | U12: 体力扫荡 | V12: 组队本 | W12: 竞技场 | X12: 竞技场排行 | Y12: 任务 | Z12: 公会 | AA12: 挂机 | AC12: 天数 | AD12: 主线 | AE12: 体力扫荡 | AF12: 组队本 | AG12: 竞技场 | AH12: 竞技场排行 | AI12: 任务 | AJ12: 公会 | AK12: 挂机 | AM12: 活动总抽 | AN12: 非R | AO12: 小R | AP12: 中R | AQ12: 大R
C13: 1 | D13: 10 | E13: 15 | F13: =E14 -> 20 | G13: =F15 -> 30 | I13: 1 | J13: =_xlfn.XLOOKUP(OFFSET($C$12,$I13,MATCH($J$11,$D$12:$G$12,0)),主线推图!$B$313:$B$612,主线推图!$P$313:$P$612)*OFFSET($C$1,MATCH(J$12,$C$2:$C$7,0),MATCH($J$11,$D$12:$G$12,0)) -> 1349 | K13: =_xlfn.XLOOKUP(OFFSET($C$12,$I13,MATCH($J$11,$D$12:$G$12,0)),巡逻产出!$B$311:$B$610,巡逻产出!$R$311:$R$610)*OFFSET($C$1,MATCH(K$12,$C$2:$C$7,0),MATCH($J$11,$D$12:$G$12,0)) -> 607.25 | L13: =_xlfn.XLOOKUP(MAX(INT((OFFSET($C$12,$I13,MATCH($J$11,$D$12:$G$12,0))-6)/10),1),组队产出!$B$25:$B$39,组队产出!$P$25:$P$39)*OFFSET($C$1,MATCH(L$12,$C$2:$C$7,0),MATCH($J$11,$D$12:$G$12,0)) -> 1076.4 | M13: =竞技场!$G$3*OFFSET($C$1,MATCH(M$12,$C$2:$C$7,0),MATCH($J$11,$D$12:$G$12,0)) -> 1050 | N13: =_xlfn.XLOOKUP(OFFSET($C$1,MATCH(N$12,$C$2:$C$8,0),MATCH($J$11,$D$12:$G$12,0)),竞技场!$J$10:$J$17,竞技场!$N$10:$N$17)+_xlfn.XLOOKUP(OFFSET($C$1,MATCH(N$12,$C$2:$C$8,0),MATCH($J$11,$D$12:$G$12,0)),竞技场!$J$21:$J$29,竞技场!$O$21:$O$29) -> 261.42857 | O13: =任务!$G$6+任务!$G$9+IF(MOD(I13,7)=0,任务!$N$9+任务!$O$6,0) -> 895 | P13: =公会!$U$11 -> 2766.6286 | Q13: =_xlfn.XLOOKUP(OFFSET($C$12,$I13,MATCH($J$11,$D$12:$G$12,0)),巡逻产出!$B$311:$B$610,巡逻产出!$Q$311:$Q$610)*OFFSET($C$1,MATCH(Q$12,$C$2:$C$7,0),MATCH($J$11,$D$12:$G$12,0)) -> 1752.96 | S13: 1 | T13: =_xlfn.XLOOKUP(OFFSET($C$12,$I13,MATCH($T$11,$D$12:$G$12,0)),主线推图!$B$313:$B$612,主线推图!$P$313:$P$612)*OFFSET($C$1,MATCH(T$12,$C$2:$C$7,0),MATCH($T$11,$D$12:$G$12,0)) -> 2038.5 | U13: =_xlfn.XLOOKUP(OFFSET($C$12,$I13,MATCH($T$11,$D$12:$G$12,0)),巡逻产出!$B$311:$B$610,巡逻产出!$R$311:$R$610)*OFFSET($C$1,MATCH(U$12,$C$2:$C$7,0),MATCH($T$11,$D$12:$G$12,0)) -> 1829.25 | V13: =_xlfn.XLOOKUP(MAX(INT((OFFSET($C$12,$I13,MATCH($T$11,$D$12:$G$12,0))-6)/10),1),组队产出!$B$25:$B$39,组队产出!$P$25:$P$39)*OFFSET($C$1,MATCH(V$12,$C$2:$C$7,0),MATCH($T$11,$D$12:$G$12,0)) -> 2152.8 | W13: =竞技场!$G$3*OFFSET($C$1,MATCH(W$12,$C$2:$C$7,0),MATCH($T$11,$D$12:$G$12,0)) -> 2100 | X13: =_xlfn.XLOOKUP(OFFSET($C$1,MATCH(X$12,$C$2:$C$8,0),MATCH($T$11,$D$12:$G$12,0)),竞技场!$J$10:$J$17,竞技场!$N$10:$N$17)+_xlfn.XLOOKUP(OFFSET($C$1,MATCH(X$12,$C$2:$C$8,0),MATCH($T$11,$D$12:$G$12,0)),竞技场!$J$21:$J$29,竞技场!$O$21:$O$29) -> 431.42857 | Y13: =任务!$G$6+任务!$G$9+IF(MOD(S13,7)=0,任务!$N$9+任务!$O$6,0) -> 895 | Z13: =公会!$U$11 -> 2766.6286 | AA13: =_xlfn.XLOOKUP(OFFSET($C$12,$I13,MATCH($T$11,$D$12:$G$12,0)),巡逻产出!$B$311:$B$610,巡逻产出!$Q$311:$Q$610)*OFFSET($C$1,MATCH(AA$12,$C$2:$C$7,0),MATCH($T$11,$D$12:$G$12,0)) -> 2062.008 | AC13: 1 | AD13: =_xlfn.XLOOKUP(OFFSET($C$12,$I13,MATCH($AD$11,$D$12:$G$12,0)),主线推图!$B$313:$B$612,主线推图!$P$313:$P$612)*OFFSET($C$1,MATCH(AD$12,$C$2:$C$7,0),MATCH($AD$11,$D$12:$G$12,0)) -> 3011.8 | AE13: =_xlfn.XLOOKUP(OFFSET($C$12,$I13,MATCH($AD$11,$D$12:$G$12,0)),巡逻产出!$B$311:$B$610,巡逻产出!$R$311:$R$610)*OFFSET($C$1,MATCH(AE$12,$C$2:$C$7,0),MATCH($AD$11,$D$12:$G$12,0)) -> 0 | AF13: =_xlfn.XLOOKUP(MAX(INT((OFFSET($C$12,$I13,MATCH($AD$11,$D$12:$G$12,0))-6)/10),1),组队产出!$B$25:$B$39,组队产出!$P$25:$P$39)*OFFSET($C$1,MATCH(AF$12,$C$2:$C$7,0),MATCH($AD$11,$D$12:$G$12,0)) -> 2164.8 | AG13: =竞技场!$G$3*OFFSET($C$1,MATCH(AG$12,$C$2:$C$7,0),MATCH($AD$11,$D$12:$G$12,0)) -> 3150 | AH13: =_xlfn.XLOOKUP(OFFSET($C$1,MATCH(AH$12,$C$2:$C$8,0),MATCH($AD$11,$D$12:$G$12,0)),竞技场!$J$10:$J$17,竞技场!$N$10:$N$17)+_xlfn.XLOOKUP(OFFSET($C$1,MATCH(AH$12,$C$2:$C$8,0),MATCH($AD$11,$D$12:$G$12,0)),竞技场!$J$21:$J$29,竞技场!$O$21:$O$29) -> 618.57143 | AI13: =任务!$G$6+任务!$G$9+IF(MOD(AC13,7)=0,任务!$N$9+任务!$O$6,0) -> 895 | AJ13: =公会!$U$11 -> 2766.6286 | AK13: =_xlfn.XLOOKUP(OFFSET($C$12,$I13,MATCH($AD$11,$D$12:$G$12,0)),巡逻产出!$B$311:$B$610,巡逻产出!$Q$311:$Q$610)*OFFSET($C$1,MATCH(AK$12,$C$2:$C$7,0),MATCH($AD$11,$D$12:$G$12,0)) -> 2077.608 | AM13: 1 | AN13: 223 | AO13: 300 | AP13: 429 | AQ13: 503
C14: 2 | D14: 15 | E14: 20 | F14: =E15 -> 25 | G14: =F16 -> 35 | I14: 2 | J14: =_xlfn.XLOOKUP(OFFSET($C$12,$I14,MATCH($J$11,$D$12:$G$12,0)),主线推图!$B$313:$B$612,主线推图!$P$313:$P$612)*OFFSET($C$1,MATCH(J$12,$C$2:$C$7,0),MATCH($J$11,$D$12:$G$12,0)) -> 1354 | K14: =_xlfn.XLOOKUP(OFFSET($C$12,$I14,MATCH($J$11,$D$12:$G$12,0)),巡逻产出!$B$311:$B$610,巡逻产出!$R$311:$R$610)*OFFSET($C$1,MATCH(K$12,$C$2:$C$7,0),MATCH($J$11,$D$12:$G$12,0)) -> 608.5 | L14: =_xlfn.XLOOKUP(MAX(INT((OFFSET($C$12,$I14,MATCH($J$11,$D$12:$G$12,0))-6)/10),1),组队产出!$B$25:$B$39,组队产出!$P$25:$P$39)*OFFSET($C$1,MATCH(L$12,$C$2:$C$7,0),MATCH($J$11,$D$12:$G$12,0)) -> 1076.4 | M14: =竞技场!$G$3*OFFSET($C$1,MATCH(M$12,$C$2:$C$7,0),MATCH($J$11,$D$12:$G$12,0)) -> 1050 | N14: =_xlfn.XLOOKUP(OFFSET($C$1,MATCH(N$12,$C$2:$C$8,0),MATCH($J$11,$D$12:$G$12,0)),竞技场!$J$10:$J$17,竞技场!$N$10:$N$17)+_xlfn.XLOOKUP(OFFSET($C$1,MATCH(N$12,$C$2:$C$8,0),MATCH($J$11,$D$12:$G$12,0)),竞技场!$J$21:$J$29,竞技场!$O$21:$O$29) -> 261.42857 | O14: =任务!$G$6+任务!$G$9+IF(MOD(I14,7)=0,任务!$N$9+任务!$O$6,0) -> 895 | P14: =公会!$U$11 -> 2766.6286 | Q14: =_xlfn.XLOOKUP(OFFSET($C$12,$I14,MATCH($J$11,$D$12:$G$12,0)),巡逻产出!$B$311:$B$610,巡逻产出!$Q$311:$Q$610)*OFFSET($C$1,MATCH(Q$12,$C$2:$C$7,0),MATCH($J$11,$D$12:$G$12,0)) -> 1580.16 | S14: 2 | T14: =_xlfn.XLOOKUP(OFFSET($C$12,$I14,MATCH($T$11,$D$12:$G$12,0)),主线推图!$B$313:$B$612,主线推图!$P$313:$P$612)*OFFSET($C$1,MATCH(T$12,$C$2:$C$7,0),MATCH($T$11,$D$12:$G$12,0)) -> 2046 | U14: =_xlfn.XLOOKUP(OFFSET($C$12,$I14,MATCH($T$11,$D$12:$G$12,0)),巡逻产出!$B$311:$B$610,巡逻产出!$R$311:$R$610)*OFFSET($C$1,MATCH(U$12,$C$2:$C$7,0),MATCH($T$11,$D$12:$G$12,0)) -> 1833 | V14: =_xlfn.XLOOKUP(MAX(INT((OFFSET($C$12,$I14,MATCH($T$11,$D$12:$G$12,0))-6)/10),1),组队产出!$B$25:$B$39,组队产出!$P$25:$P$39)*OFFSET($C$1,MATCH(V$12,$C$2:$C$7,0),MATCH($T$11,$D$12:$G$12,0)) -> 2152.8 | W14: =竞技场!$G$3*OFFSET($C$1,MATCH(W$12,$C$2:$C$7,0),MATCH($T$11,$D$12:$G$12,0)) -> 2100 | X14: =_xlfn.XLOOKUP(OFFSET($C$1,MATCH(X$12,$C$2:$C$8,0),MATCH($T$11,$D$12:$G$12,0)),竞技场!$J$10:$J$17,竞技场!$N$10:$N$17)+_xlfn.XLOOKUP(OFFSET($C$1,MATCH(X$12,$C$2:$C$8,0),MATCH($T$11,$D$12:$G$12,0)),竞技场!$J$21:$J$29,竞技场!$O$21:$O$29) -> 431.42857 | Y14: =任务!$G$6+任务!$G$9+IF(MOD(S14,7)=0,任务!$N$9+任务!$O$6,0) -> 895 | Z14: =公会!$U$11 -> 2766.6286 | AA14: =_xlfn.XLOOKUP(OFFSET($C$12,$I14,MATCH($T$11,$D$12:$G$12,0)),巡逻产出!$B$311:$B$610,巡逻产出!$Q$311:$Q$610)*OFFSET($C$1,MATCH(AA$12,$C$2:$C$7,0),MATCH($T$11,$D$12:$G$12,0)) -> 2069.808 | AC14: 2 | AD14: =_xlfn.XLOOKUP(OFFSET($C$12,$I14,MATCH($AD$11,$D$12:$G$12,0)),主线推图!$B$313:$B$612,主线推图!$P$313:$P$612)*OFFSET($C$1,MATCH(AD$12,$C$2:$C$7,0),MATCH($AD$11,$D$12:$G$12,0)) -> 3022.8 | AE14: =_xlfn.XLOOKUP(OFFSET($C$12,$I14,MATCH($AD$11,$D$12:$G$12,0)),巡逻产出!$B$311:$B$610,巡逻产出!$R$311:$R$610)*OFFSET($C$1,MATCH(AE$12,$C$2:$C$7,0),MATCH($AD$11,$D$12:$G$12,0)) -> 0 | AF14: =_xlfn.XLOOKUP(MAX(INT((OFFSET($C$12,$I14,MATCH($AD$11,$D$12:$G$12,0))-6)/10),1),组队产出!$B$25:$B$39,组队产出!$P$25:$P$39)*OFFSET($C$1,MATCH(AF$12,$C$2:$C$7,0),MATCH($AD$11,$D$12:$G$12,0)) -> 2164.8 | AG14: =竞技场!$G$3*OFFSET($C$1,MATCH(AG$12,$C$2:$C$7,0),MATCH($AD$11,$D$12:$G$12,0)) -> 3150 | AH14: =_xlfn.XLOOKUP(OFFSET($C$1,MATCH(AH$12,$C$2:$C$8,0),MATCH($AD$11,$D$12:$G$12,0)),竞技场!$J$10:$J$17,竞技场!$N$10:$N$17)+_xlfn.XLOOKUP(OFFSET($C$1,MATCH(AH$12,$C$2:$C$8,0),MATCH($AD$11,$D$12:$G$12,0)),竞技场!$J$21:$J$29,竞技场!$O$21:$O$29) -> 618.57143 | AI14: =任务!$G$6+任务!$G$9+IF(MOD(AC14,7)=0,任务!$N$9+任务!$O$6,0) -> 895 | AJ14: =公会!$U$11 -> 2766.6286 | AK14: =_xlfn.XLOOKUP(OFFSET($C$12,$I14,MATCH($AD$11,$D$12:$G$12,0)),巡逻产出!$B$311:$B$610,巡逻产出!$Q$311:$Q$610)*OFFSET($C$1,MATCH(AK$12,$C$2:$C$7,0),MATCH($AD$11,$D$12:$G$12,0)) -> 2085.408 | AM14: 2 | AN14: 396 | AO14: 564 | AP14: 801 | AQ14: 948
C15: 3 | D15: 27 | E15: 25 | F15: =E16 -> 30 | G15: =F17 -> 40 | I15: 3 | J15: =_xlfn.XLOOKUP(OFFSET($C$12,$I15,MATCH($J$11,$D$12:$G$12,0)),主线推图!$B$313:$B$612,主线推图!$P$313:$P$612)*OFFSET($C$1,MATCH(J$12,$C$2:$C$7,0),MATCH($J$11,$D$12:$G$12,0)) -> 1359 | K15: =_xlfn.XLOOKUP(OFFSET($C$12,$I15,MATCH($J$11,$D$12:$G$12,0)),巡逻产出!$B$311:$B$610,巡逻产出!$R$311:$R$610)*OFFSET($C$1,MATCH(K$12,$C$2:$C$7,0),MATCH($J$11,$D$12:$G$12,0)) -> 609.75 | L15: =_xlfn.XLOOKUP(MAX(INT((OFFSET($C$12,$I15,MATCH($J$11,$D$12:$G$12,0))-6)/10),1),组队产出!$B$25:$B$39,组队产出!$P$25:$P$39)*OFFSET($C$1,MATCH(L$12,$C$2:$C$7,0),MATCH($J$11,$D$12:$G$12,0)) -> 1076.4 | M15: =竞技场!$G$3*OFFSET($C$1,MATCH(M$12,$C$2:$C$7,0),MATCH($J$11,$D$12:$G$12,0)) -> 1050 | N15: =_xlfn.XLOOKUP(OFFSET($C$1,MATCH(N$12,$C$2:$C$8,0),MATCH($J$11,$D$12:$G$12,0)),竞技场!$J$10:$J$17,竞技场!$N$10:$N$17)+_xlfn.XLOOKUP(OFFSET($C$1,MATCH(N$12,$C$2:$C$8,0),MATCH($J$11,$D$12:$G$12,0)),竞技场!$J$21:$J$29,竞技场!$O$21:$O$29) -> 261.42857 | O15: =任务!$G$6+任务!$G$9+IF(MOD(I15,7)=0,任务!$N$9+任务!$O$6,0) -> 895 | P15: =公会!$U$11 -> 2766.6286 | Q15: =_xlfn.XLOOKUP(OFFSET($C$12,$I15,MATCH($J$11,$D$12:$G$12,0)),巡逻产出!$B$311:$B$610,巡逻产出!$Q$311:$Q$610)*OFFSET($C$1,MATCH(Q$12,$C$2:$C$7,0),MATCH($J$11,$D$12:$G$12,0)) -> 1586.16 | S15: 3 | T15: =_xlfn.XLOOKUP(OFFSET($C$12,$I15,MATCH($T$11,$D$12:$G$12,0)),主线推图!$B$313:$B$612,主线推图!$P$313:$P$612)*OFFSET($C$1,MATCH(T$12,$C$2:$C$7,0),MATCH($T$11,$D$12:$G$12,0)) -> 2053.5 | U15: =_xlfn.XLOOKUP(OFFSET($C$12,$I15,MATCH($T$11,$D$12:$G$12,0)),巡逻产出!$B$311:$B$610,巡逻产出!$R$311:$R$610)*OFFSET($C$1,MATCH(U$12,$C$2:$C$7,0),MATCH($T$11,$D$12:$G$12,0)) -> 1836.75 | V15: =_xlfn.XLOOKUP(MAX(INT((OFFSET($C$12,$I15,MATCH($T$11,$D$12:$G$12,0))-6)/10),1),组队产出!$B$25:$B$39,组队产出!$P$25:$P$39)*OFFSET($C$1,MATCH(V$12,$C$2:$C$7,0),MATCH($T$11,$D$12:$G$12,0)) -> 2164.8 | W15: =竞技场!$G$3*OFFSET($C$1,MATCH(W$12,$C$2:$C$7,0),MATCH($T$11,$D$12:$G$12,0)) -> 2100 | X15: =_xlfn.XLOOKUP(OFFSET($C$1,MATCH(X$12,$C$2:$C$8,0),MATCH($T$11,$D$12:$G$12,0)),竞技场!$J$10:$J$17,竞技场!$N$10:$N$17)+_xlfn.XLOOKUP(OFFSET($C$1,MATCH(X$12,$C$2:$C$8,0),MATCH($T$11,$D$12:$G$12,0)),竞技场!$J$21:$J$29,竞技场!$O$21:$O$29) -> 431.42857 | Y15: =任务!$G$6+任务!$G$9+IF(MOD(S15,7)=0,任务!$N$9+任务!$O$6,0) -> 895 | Z15: =公会!$U$11 -> 2766.6286 | AA15: =_xlfn.XLOOKUP(OFFSET($C$12,$I15,MATCH($T$11,$D$12:$G$12,0)),巡逻产出!$B$311:$B$610,巡逻产出!$Q$311:$Q$610)*OFFSET($C$1,MATCH(AA$12,$C$2:$C$7,0),MATCH($T$11,$D$12:$G$12,0)) -> 2077.608 | AC15: 3 | AD15: =_xlfn.XLOOKUP(OFFSET($C$12,$I15,MATCH($AD$11,$D$12:$G$12,0)),主线推图!$B$313:$B$612,主线推图!$P$313:$P$612)*OFFSET($C$1,MATCH(AD$12,$C$2:$C$7,0),MATCH($AD$11,$D$12:$G$12,0)) -> 3033.8 | AE15: =_xlfn.XLOOKUP(OFFSET($C$12,$I15,MATCH($AD$11,$D$12:$G$12,0)),巡逻产出!$B$311:$B$610,巡逻产出!$R$311:$R$610)*OFFSET($C$1,MATCH(AE$12,$C$2:$C$7,0),MATCH($AD$11,$D$12:$G$12,0)) -> 0 | AF15: =_xlfn.XLOOKUP(MAX(INT((OFFSET($C$12,$I15,MATCH($AD$11,$D$12:$G$12,0))-6)/10),1),组队产出!$B$25:$B$39,组队产出!$P$25:$P$39)*OFFSET($C$1,MATCH(AF$12,$C$2:$C$7,0),MATCH($AD$11,$D$12:$G$12,0)) -> 2176.8 | AG15: =竞技场!$G$3*OFFSET($C$1,MATCH(AG$12,$C$2:$C$7,0),MATCH($AD$11,$D$12:$G$12,0)) -> 3150 | AH15: =_xlfn.XLOOKUP(OFFSET($C$1,MATCH(AH$12,$C$2:$C$8,0),MATCH($AD$11,$D$12:$G$12,0)),竞技场!$J$10:$J$17,竞技场!$N$10:$N$17)+_xlfn.XLOOKUP(OFFSET($C$1,MATCH(AH$12,$C$2:$C$8,0),MATCH($AD$11,$D$12:$G$12,0)),竞技场!$J$21:$J$29,竞技场!$O$21:$O$29) -> 618.57143 | AI15: =任务!$G$6+任务!$G$9+IF(MOD(AC15,7)=0,任务!$N$9+任务!$O$6,0) -> 895 | AJ15: =公会!$U$11 -> 2766.6286 | AK15: =_xlfn.XLOOKUP(OFFSET($C$12,$I15,MATCH($AD$11,$D$12:$G$12,0)),巡逻产出!$B$311:$B$610,巡逻产出!$Q$311:$Q$610)*OFFSET($C$1,MATCH(AK$12,$C$2:$C$7,0),MATCH($AD$11,$D$12:$G$12,0)) -> 2093.208 | AM15: 3 | AN15: 625 | AO15: 768 | AP15: 1090 | AQ15: 1311
C16: 4 | D16: 35 | E16: 30 | F16: =E17 -> 35 | G16: =F18 -> 46 | I16: 4 | J16: =_xlfn.XLOOKUP(OFFSET($C$12,$I16,MATCH($J$11,$D$12:$G$12,0)),主线推图!$B$313:$B$612,主线推图!$P$313:$P$612)*OFFSET($C$1,MATCH(J$12,$C$2:$C$7,0),MATCH($J$11,$D$12:$G$12,0)) -> 1364 | K16: =_xlfn.XLOOKUP(OFFSET($C$12,$I16,MATCH($J$11,$D$12:$G$12,0)),巡逻产出!$B$311:$B$610,巡逻产出!$R$311:$R$610)*OFFSET($C$1,MATCH(K$12,$C$2:$C$7,0),MATCH($J$11,$D$12:$G$12,0)) -> 611 | L16: =_xlfn.XLOOKUP(MAX(INT((OFFSET($C$12,$I16,MATCH($J$11,$D$12:$G$12,0))-6)/10),1),组队产出!$B$25:$B$39,组队产出!$P$25:$P$39)*OFFSET($C$1,MATCH(L$12,$C$2:$C$7,0),MATCH($J$11,$D$12:$G$12,0)) -> 1076.4 | M16: =竞技场!$G$3*OFFSET($C$1,MATCH(M$12,$C$2:$C$7,0),MATCH($J$11,$D$12:$G$12,0)) -> 1050 | N16: =_xlfn.XLOOKUP(OFFSET($C$1,MATCH(N$12,$C$2:$C$8,0),MATCH($J$11,$D$12:$G$12,0)),竞技场!$J$10:$J$17,竞技场!$N$10:$N$17)+_xlfn.XLOOKUP(OFFSET($C$1,MATCH(N$12,$C$2:$C$8,0),MATCH($J$11,$D$12:$G$12,0)),竞技场!$J$21:$J$29,竞技场!$O$21:$O$29) -> 261.42857 | O16: =任务!$G$6+任务!$G$9+IF(MOD(I16,7)=0,任务!$N$9+任务!$O$6,0) -> 895 | P16: =公会!$U$11 -> 2766.6286 | Q16: =_xlfn.XLOOKUP(OFFSET($C$12,$I16,MATCH($J$11,$D$12:$G$12,0)),巡逻产出!$B$311:$B$610,巡逻产出!$Q$311:$Q$610)*OFFSET($C$1,MATCH(Q$12,$C$2:$C$7,0),MATCH($J$11,$D$12:$G$12,0)) -> 1592.16 | S16: 4 | T16: =_xlfn.XLOOKUP(OFFSET($C$12,$I16,MATCH($T$11,$D$12:$G$12,0)),主线推图!$B$313:$B$612,主线推图!$P$313:$P$612)*OFFSET($C$1,MATCH(T$12,$C$2:$C$7,0),MATCH($T$11,$D$12:$G$12,0)) -> 2061 | U16: =_xlfn.XLOOKUP(OFFSET($C$12,$I16,MATCH($T$11,$D$12:$G$12,0)),巡逻产出!$B$311:$B$610,巡逻产出!$R$311:$R$610)*OFFSET($C$1,MATCH(U$12,$C$2:$C$7,0),MATCH($T$11,$D$12:$G$12,0)) -> 1840.5 | V16: =_xlfn.XLOOKUP(MAX(INT((OFFSET($C$12,$I16,MATCH($T$11,$D$12:$G$12,0))-6)/10),1),组队产出!$B$25:$B$39,组队产出!$P$25:$P$39)*OFFSET($C$1,MATCH(V$12,$C$2:$C$7,0),MATCH($T$11,$D$12:$G$12,0)) -> 2164.8 | W16: =竞技场!$G$3*OFFSET($C$1,MATCH(W$12,$C$2:$C$7,0),MATCH($T$11,$D$12:$G$12,0)) -> 2100 | X16: =_xlfn.XLOOKUP(OFFSET($C$1,MATCH(X$12,$C$2:$C$8,0),MATCH($T$11,$D$12:$G$12,0)),竞技场!$J$10:$J$17,竞技场!$N$10:$N$17)+_xlfn.XLOOKUP(OFFSET($C$1,MATCH(X$12,$C$2:$C$8,0),MATCH($T$11,$D$12:$G$12,0)),竞技场!$J$21:$J$29,竞技场!$O$21:$O$29) -> 431.42857 | Y16: =任务!$G$6+任务!$G$9+IF(MOD(S16,7)=0,任务!$N$9+任务!$O$6,0) -> 895 | Z16: =公会!$U$11 -> 2766.6286 | AA16: =_xlfn.XLOOKUP(OFFSET($C$12,$I16,MATCH($T$11,$D$12:$G$12,0)),巡逻产出!$B$311:$B$610,巡逻产出!$Q$311:$Q$610)*OFFSET($C$1,MATCH(AA$12,$C$2:$C$7,0),MATCH($T$11,$D$12:$G$12,0)) -> 2085.408 | AC16: 4 | AD16: =_xlfn.XLOOKUP(OFFSET($C$12,$I16,MATCH($AD$11,$D$12:$G$12,0)),主线推图!$B$313:$B$612,主线推图!$P$313:$P$612)*OFFSET($C$1,MATCH(AD$12,$C$2:$C$7,0),MATCH($AD$11,$D$12:$G$12,0)) -> 3047 | AE16: =_xlfn.XLOOKUP(OFFSET($C$12,$I16,MATCH($AD$11,$D$12:$G$12,0)),巡逻产出!$B$311:$B$610,巡逻产出!$R$311:$R$610)*OFFSET($C$1,MATCH(AE$12,$C$2:$C$7,0),MATCH($AD$11,$D$12:$G$12,0)) -> 0 | AF16: =_xlfn.XLOOKUP(MAX(INT((OFFSET($C$12,$I16,MATCH($AD$11,$D$12:$G$12,0))-6)/10),1),组队产出!$B$25:$B$39,组队产出!$P$25:$P$39)*OFFSET($C$1,MATCH(AF$12,$C$2:$C$7,0),MATCH($AD$11,$D$12:$G$12,0)) -> 2188.8 | AG16: =竞技场!$G$3*OFFSET($C$1,MATCH(AG$12,$C$2:$C$7,0),MATCH($AD$11,$D$12:$G$12,0)) -> 3150 | AH16: =_xlfn.XLOOKUP(OFFSET($C$1,MATCH(AH$12,$C$2:$C$8,0),MATCH($AD$11,$D$12:$G$12,0)),竞技场!$J$10:$J$17,竞技场!$N$10:$N$17)+_xlfn.XLOOKUP(OFFSET($C$1,MATCH(AH$12,$C$2:$C$8,0),MATCH($AD$11,$D$12:$G$12,0)),竞技场!$J$21:$J$29,竞技场!$O$21:$O$29) -> 618.57143 | AI16: =任务!$G$6+任务!$G$9+IF(MOD(AC16,7)=0,任务!$N$9+任务!$O$6,0) -> 895 | AJ16: =公会!$U$11 -> 2766.6286 | AK16: =_xlfn.XLOOKUP(OFFSET($C$12,$I16,MATCH($AD$11,$D$12:$G$12,0)),巡逻产出!$B$311:$B$610,巡逻产出!$Q$311:$Q$610)*OFFSET($C$1,MATCH(AK$12,$C$2:$C$7,0),MATCH($AD$11,$D$12:$G$12,0)) -> 2102.568 | AM16: 4 | AN16: 882 | AO16: 1054 | AP16: 1478 | AQ16: 1772
C17: 5 | D17: 39 | E17: 35 | F17: =E18 -> 40 | G17: =F19 -> 55 | I17: 5 | J17: =_xlfn.XLOOKUP(OFFSET($C$12,$I17,MATCH($J$11,$D$12:$G$12,0)),主线推图!$B$313:$B$612,主线推图!$P$313:$P$612)*OFFSET($C$1,MATCH(J$12,$C$2:$C$7,0),MATCH($J$11,$D$12:$G$12,0)) -> 1369 | K17: =_xlfn.XLOOKUP(OFFSET($C$12,$I17,MATCH($J$11,$D$12:$G$12,0)),巡逻产出!$B$311:$B$610,巡逻产出!$R$311:$R$610)*OFFSET($C$1,MATCH(K$12,$C$2:$C$7,0),MATCH($J$11,$D$12:$G$12,0)) -> 612.25 | L17: =_xlfn.XLOOKUP(MAX(INT((OFFSET($C$12,$I17,MATCH($J$11,$D$12:$G$12,0))-6)/10),1),组队产出!$B$25:$B$39,组队产出!$P$25:$P$39)*OFFSET($C$1,MATCH(L$12,$C$2:$C$7,0),MATCH($J$11,$D$12:$G$12,0)) -> 1082.4 | M17: =竞技场!$G$3*OFFSET($C$1,MATCH(M$12,$C$2:$C$7,0),MATCH($J$11,$D$12:$G$12,0)) -> 1050 | N17: =_xlfn.XLOOKUP(OFFSET($C$1,MATCH(N$12,$C$2:$C$8,0),MATCH($J$11,$D$12:$G$12,0)),竞技场!$J$10:$J$17,竞技场!$N$10:$N$17)+_xlfn.XLOOKUP(OFFSET($C$1,MATCH(N$12,$C$2:$C$8,0),MATCH($J$11,$D$12:$G$12,0)),竞技场!$J$21:$J$29,竞技场!$O$21:$O$29) -> 261.42857 | O17: =任务!$G$6+任务!$G$9+IF(MOD(I17,7)=0,任务!$N$9+任务!$O$6,0) -> 895 | P17: =公会!$U$11 -> 2766.6286 | Q17: =_xlfn.XLOOKUP(OFFSET($C$12,$I17,MATCH($J$11,$D$12:$G$12,0)),巡逻产出!$B$311:$B$610,巡逻产出!$Q$311:$Q$610)*OFFSET($C$1,MATCH(Q$12,$C$2:$C$7,0),MATCH($J$11,$D$12:$G$12,0)) -> 1598.16 | S17: 5 | T17: =_xlfn.XLOOKUP(OFFSET($C$12,$I17,MATCH($T$11,$D$12:$G$12,0)),主线推图!$B$313:$B$612,主线推图!$P$313:$P$612)*OFFSET($C$1,MATCH(T$12,$C$2:$C$7,0),MATCH($T$11,$D$12:$G$12,0)) -> 2068.5 | U17: =_xlfn.XLOOKUP(OFFSET($C$12,$I17,MATCH($T$11,$D$12:$G$12,0)),巡逻产出!$B$311:$B$610,巡逻产出!$R$311:$R$610)*OFFSET($C$1,MATCH(U$12,$C$2:$C$7,0),MATCH($T$11,$D$12:$G$12,0)) -> 1844.25 | V17: =_xlfn.XLOOKUP(MAX(INT((OFFSET($C$12,$I17,MATCH($T$11,$D$12:$G$12,0))-6)/10),1),组队产出!$B$25:$B$39,组队产出!$P$25:$P$39)*OFFSET($C$1,MATCH(V$12,$C$2:$C$7,0),MATCH($T$11,$D$12:$G$12,0)) -> 2176.8 | W17: =竞技场!$G$3*OFFSET($C$1,MATCH(W$12,$C$2:$C$7,0),MATCH($T$11,$D$12:$G$12,0)) -> 2100 | X17: =_xlfn.XLOOKUP(OFFSET($C$1,MATCH(X$12,$C$2:$C$8,0),MATCH($T$11,$D$12:$G$12,0)),竞技场!$J$10:$J$17,竞技场!$N$10:$N$17)+_xlfn.XLOOKUP(OFFSET($C$1,MATCH(X$12,$C$2:$C$8,0),MATCH($T$11,$D$12:$G$12,0)),竞技场!$J$21:$J$29,竞技场!$O$21:$O$29) -> 431.42857 | Y17: =任务!$G$6+任务!$G$9+IF(MOD(S17,7)=0,任务!$N$9+任务!$O$6,0) -> 895 | Z17: =公会!$U$11 -> 2766.6286 | AA17: =_xlfn.XLOOKUP(OFFSET($C$12,$I17,MATCH($T$11,$D$12:$G$12,0)),巡逻产出!$B$311:$B$610,巡逻产出!$Q$311:$Q$610)*OFFSET($C$1,MATCH(AA$12,$C$2:$C$7,0),MATCH($T$11,$D$12:$G$12,0)) -> 2093.208 | AC17: 5 | AD17: =_xlfn.XLOOKUP(OFFSET($C$12,$I17,MATCH($AD$11,$D$12:$G$12,0)),主线推图!$B$313:$B$612,主线推图!$P$313:$P$612)*OFFSET($C$1,MATCH(AD$12,$C$2:$C$7,0),MATCH($AD$11,$D$12:$G$12,0)) -> 3066.8 | AE17: =_xlfn.XLOOKUP(OFFSET($C$12,$I17,MATCH($AD$11,$D$12:$G$12,0)),巡逻产出!$B$311:$B$610,巡逻产出!$R$311:$R$610)*OFFSET($C$1,MATCH(AE$12,$C$2:$C$7,0),MATCH($AD$11,$D$12:$G$12,0)) -> 0 | AF17: =_xlfn.XLOOKUP(MAX(INT((OFFSET($C$12,$I17,MATCH($AD$11,$D$12:$G$12,0))-6)/10),1),组队产出!$B$25:$B$39,组队产出!$P$25:$P$39)*OFFSET($C$1,MATCH(AF$12,$C$2:$C$7,0),MATCH($AD$11,$D$12:$G$12,0)) -> 2188.8 | AG17: =竞技场!$G$3*OFFSET($C$1,MATCH(AG$12,$C$2:$C$7,0),MATCH($AD$11,$D$12:$G$12,0)) -> 3150 | AH17: =_xlfn.XLOOKUP(OFFSET($C$1,MATCH(AH$12,$C$2:$C$8,0),MATCH($AD$11,$D$12:$G$12,0)),竞技场!$J$10:$J$17,竞技场!$N$10:$N$17)+_xlfn.XLOOKUP(OFFSET($C$1,MATCH(AH$12,$C$2:$C$8,0),MATCH($AD$11,$D$12:$G$12,0)),竞技场!$J$21:$J$29,竞技场!$O$21:$O$29) -> 618.57143 | AI17: =任务!$G$6+任务!$G$9+IF(MOD(AC17,7)=0,任务!$N$9+任务!$O$6,0) -> 895 | AJ17: =公会!$U$11 -> 2766.6286 | AK17: =_xlfn.XLOOKUP(OFFSET($C$12,$I17,MATCH($AD$11,$D$12:$G$12,0)),巡逻产出!$B$311:$B$610,巡逻产出!$Q$311:$Q$610)*OFFSET($C$1,MATCH(AK$12,$C$2:$C$7,0),MATCH($AD$11,$D$12:$G$12,0)) -> 2116.608 | AM17: 5 | AN17: 1045 | AO17: 1247 | AP17: 1761 | AQ17: 2130
C18: 6 | D18: 40 | E18: 40 | F18: =E19 -> 46 | G18: =F20 -> 57 | I18: 6 | J18: =_xlfn.XLOOKUP(OFFSET($C$12,$I18,MATCH($J$11,$D$12:$G$12,0)),主线推图!$B$313:$B$612,主线推图!$P$313:$P$612)*OFFSET($C$1,MATCH(J$12,$C$2:$C$7,0),MATCH($J$11,$D$12:$G$12,0)) -> 1374 | K18: =_xlfn.XLOOKUP(OFFSET($C$12,$I18,MATCH($J$11,$D$12:$G$12,0)),巡逻产出!$B$311:$B$610,巡逻产出!$R$311:$R$610)*OFFSET($C$1,MATCH(K$12,$C$2:$C$7,0),MATCH($J$11,$D$12:$G$12,0)) -> 613.5 | L18: =_xlfn.XLOOKUP(MAX(INT((OFFSET($C$12,$I18,MATCH($J$11,$D$12:$G$12,0))-6)/10),1),组队产出!$B$25:$B$39,组队产出!$P$25:$P$39)*OFFSET($C$1,MATCH(L$12,$C$2:$C$7,0),MATCH($J$11,$D$12:$G$12,0)) -> 1082.4 | M18: =竞技场!$G$3*OFFSET($C$1,MATCH(M$12,$C$2:$C$7,0),MATCH($J$11,$D$12:$G$12,0)) -> 1050 | N18: =_xlfn.XLOOKUP(OFFSET($C$1,MATCH(N$12,$C$2:$C$8,0),MATCH($J$11,$D$12:$G$12,0)),竞技场!$J$10:$J$17,竞技场!$N$10:$N$17)+_xlfn.XLOOKUP(OFFSET($C$1,MATCH(N$12,$C$2:$C$8,0),MATCH($J$11,$D$12:$G$12,0)),竞技场!$J$21:$J$29,竞技场!$O$21:$O$29) -> 261.42857 | O18: =任务!$G$6+任务!$G$9+IF(MOD(I18,7)=0,任务!$N$9+任务!$O$6,0) -> 895 | P18: =公会!$U$11 -> 2766.6286 | Q18: =_xlfn.XLOOKUP(OFFSET($C$12,$I18,MATCH($J$11,$D$12:$G$12,0)),巡逻产出!$B$311:$B$610,巡逻产出!$Q$311:$Q$610)*OFFSET($C$1,MATCH(Q$12,$C$2:$C$7,0),MATCH($J$11,$D$12:$G$12,0)) -> 1604.16 | S18: 6 | T18: =_xlfn.XLOOKUP(OFFSET($C$12,$I18,MATCH($T$11,$D$12:$G$12,0)),主线推图!$B$313:$B$612,主线推图!$P$313:$P$612)*OFFSET($C$1,MATCH(T$12,$C$2:$C$7,0),MATCH($T$11,$D$12:$G$12,0)) -> 2077.5 | U18: =_xlfn.XLOOKUP(OFFSET($C$12,$I18,MATCH($T$11,$D$12:$G$12,0)),巡逻产出!$B$311:$B$610,巡逻产出!$R$311:$R$610)*OFFSET($C$1,MATCH(U$12,$C$2:$C$7,0),MATCH($T$11,$D$12:$G$12,0)) -> 1848.75 | V18: =_xlfn.XLOOKUP(MAX(INT((OFFSET($C$12,$I18,MATCH($T$11,$D$12:$G$12,0))-6)/10),1),组队产出!$B$25:$B$39,组队产出!$P$25:$P$39)*OFFSET($C$1,MATCH(V$12,$C$2:$C$7,0),MATCH($T$11,$D$12:$G$12,0)) -> 2188.8 | W18: =竞技场!$G$3*OFFSET($C$1,MATCH(W$12,$C$2:$C$7,0),MATCH($T$11,$D$12:$G$12,0)) -> 2100 | X18: =_xlfn.XLOOKUP(OFFSET($C$1,MATCH(X$12,$C$2:$C$8,0),MATCH($T$11,$D$12:$G$12,0)),竞技场!$J$10:$J$17,竞技场!$N$10:$N$17)+_xlfn.XLOOKUP(OFFSET($C$1,MATCH(X$12,$C$2:$C$8,0),MATCH($T$11,$D$12:$G$12,0)),竞技场!$J$21:$J$29,竞技场!$O$21:$O$29) -> 431.42857 | Y18: =任务!$G$6+任务!$G$9+IF(MOD(S18,7)=0,任务!$N$9+任务!$O$6,0) -> 895 | Z18: =公会!$U$11 -> 2766.6286 | AA18: =_xlfn.XLOOKUP(OFFSET($C$12,$I18,MATCH($T$11,$D$12:$G$12,0)),巡逻产出!$B$311:$B$610,巡逻产出!$Q$311:$Q$610)*OFFSET($C$1,MATCH(AA$12,$C$2:$C$7,0),MATCH($T$11,$D$12:$G$12,0)) -> 2102.568 | AC18: 6 | AD18: =_xlfn.XLOOKUP(OFFSET($C$12,$I18,MATCH($AD$11,$D$12:$G$12,0)),主线推图!$B$313:$B$612,主线推图!$P$313:$P$612)*OFFSET($C$1,MATCH(AD$12,$C$2:$C$7,0),MATCH($AD$11,$D$12:$G$12,0)) -> 3071.2 | AE18: =_xlfn.XLOOKUP(OFFSET($C$12,$I18,MATCH($AD$11,$D$12:$G$12,0)),巡逻产出!$B$311:$B$610,巡逻产出!$R$311:$R$610)*OFFSET($C$1,MATCH(AE$12,$C$2:$C$7,0),MATCH($AD$11,$D$12:$G$12,0)) -> 0 | AF18: =_xlfn.XLOOKUP(MAX(INT((OFFSET($C$12,$I18,MATCH($AD$11,$D$12:$G$12,0))-6)/10),1),组队产出!$B$25:$B$39,组队产出!$P$25:$P$39)*OFFSET($C$1,MATCH(AF$12,$C$2:$C$7,0),MATCH($AD$11,$D$12:$G$12,0)) -> 2200.8 | AG18: =竞技场!$G$3*OFFSET($C$1,MATCH(AG$12,$C$2:$C$7,0),MATCH($AD$11,$D$12:$G$12,0)) -> 3150 | AH18: =_xlfn.XLOOKUP(OFFSET($C$1,MATCH(AH$12,$C$2:$C$8,0),MATCH($AD$11,$D$12:$G$12,0)),竞技场!$J$10:$J$17,竞技场!$N$10:$N$17)+_xlfn.XLOOKUP(OFFSET($C$1,MATCH(AH$12,$C$2:$C$8,0),MATCH($AD$11,$D$12:$G$12,0)),竞技场!$J$21:$J$29,竞技场!$O$21:$O$29) -> 618.57143 | AI18: =任务!$G$6+任务!$G$9+IF(MOD(AC18,7)=0,任务!$N$9+任务!$O$6,0) -> 895 | AJ18: =公会!$U$11 -> 2766.6286 | AK18: =_xlfn.XLOOKUP(OFFSET($C$12,$I18,MATCH($AD$11,$D$12:$G$12,0)),巡逻产出!$B$311:$B$610,巡逻产出!$Q$311:$Q$610)*OFFSET($C$1,MATCH(AK$12,$C$2:$C$7,0),MATCH($AD$11,$D$12:$G$12,0)) -> 2119.728 | AM18: 6 | AN18: 1208 | AO18: 1439 | AP18: 2039 | AQ18: 2481
C19: 7 | D19: 44 | E19: 46 | F19: 55 | G19: =F21 -> 60 | I19: 7 | J19: =_xlfn.XLOOKUP(OFFSET($C$12,$I19,MATCH($J$11,$D$12:$G$12,0)),主线推图!$B$313:$B$612,主线推图!$P$313:$P$612)*OFFSET($C$1,MATCH(J$12,$C$2:$C$7,0),MATCH($J$11,$D$12:$G$12,0)) -> 1379 | K19: =_xlfn.XLOOKUP(OFFSET($C$12,$I19,MATCH($J$11,$D$12:$G$12,0)),巡逻产出!$B$311:$B$610,巡逻产出!$R$311:$R$610)*OFFSET($C$1,MATCH(K$12,$C$2:$C$7,0),MATCH($J$11,$D$12:$G$12,0)) -> 614.75 | L19: =_xlfn.XLOOKUP(MAX(INT((OFFSET($C$12,$I19,MATCH($J$11,$D$12:$G$12,0))-6)/10),1),组队产出!$B$25:$B$39,组队产出!$P$25:$P$39)*OFFSET($C$1,MATCH(L$12,$C$2:$C$7,0),MATCH($J$11,$D$12:$G$12,0)) -> 1088.4 | M19: =竞技场!$G$3*OFFSET($C$1,MATCH(M$12,$C$2:$C$7,0),MATCH($J$11,$D$12:$G$12,0)) -> 1050 | N19: =_xlfn.XLOOKUP(OFFSET($C$1,MATCH(N$12,$C$2:$C$8,0),MATCH($J$11,$D$12:$G$12,0)),竞技场!$J$10:$J$17,竞技场!$N$10:$N$17)+_xlfn.XLOOKUP(OFFSET($C$1,MATCH(N$12,$C$2:$C$8,0),MATCH($J$11,$D$12:$G$12,0)),竞技场!$J$21:$J$29,竞技场!$O$21:$O$29) -> 261.42857 | O19: =任务!$G$6+任务!$G$9+IF(MOD(I19,7)=0,任务!$N$9+任务!$O$6,0) -> 3125 | P19: =公会!$U$11 -> 2766.6286 | Q19: =_xlfn.XLOOKUP(OFFSET($C$12,$I19,MATCH($J$11,$D$12:$G$12,0)),巡逻产出!$B$311:$B$610,巡逻产出!$Q$311:$Q$610)*OFFSET($C$1,MATCH(Q$12,$C$2:$C$7,0),MATCH($J$11,$D$12:$G$12,0)) -> 1610.16 | S19: 7 | T19: =_xlfn.XLOOKUP(OFFSET($C$12,$I19,MATCH($T$11,$D$12:$G$12,0)),主线推图!$B$313:$B$612,主线推图!$P$313:$P$612)*OFFSET($C$1,MATCH(T$12,$C$2:$C$7,0),MATCH($T$11,$D$12:$G$12,0)) -> 2091 | U19: =_xlfn.XLOOKUP(OFFSET($C$12,$I19,MATCH($T$11,$D$12:$G$12,0)),巡逻产出!$B$311:$B$610,巡逻产出!$R$311:$R$610)*OFFSET($C$1,MATCH(U$12,$C$2:$C$7,0),MATCH($T$11,$D$12:$G$12,0)) -> 1855.5 | V19: =_xlfn.XLOOKUP(MAX(INT((OFFSET($C$12,$I19,MATCH($T$11,$D$12:$G$12,0))-6)/10),1),组队产出!$B$25:$B$39,组队产出!$P$25:$P$39)*OFFSET($C$1,MATCH(V$12,$C$2:$C$7,0),MATCH($T$11,$D$12:$G$12,0)) -> 2188.8 | W19: =竞技场!$G$3*OFFSET($C$1,MATCH(W$12,$C$2:$C$7,0),MATCH($T$11,$D$12:$G$12,0)) -> 2100 | X19: =_xlfn.XLOOKUP(OFFSET($C$1,MATCH(X$12,$C$2:$C$8,0),MATCH($T$11,$D$12:$G$12,0)),竞技场!$J$10:$J$17,竞技场!$N$10:$N$17)+_xlfn.XLOOKUP(OFFSET($C$1,MATCH(X$12,$C$2:$C$8,0),MATCH($T$11,$D$12:$G$12,0)),竞技场!$J$21:$J$29,竞技场!$O$21:$O$29) -> 431.42857 | Y19: =任务!$G$6+任务!$G$9+IF(MOD(S19,7)=0,任务!$N$9+任务!$O$6,0) -> 3125 | Z19: =公会!$U$11 -> 2766.6286 | AA19: =_xlfn.XLOOKUP(OFFSET($C$12,$I19,MATCH($T$11,$D$12:$G$12,0)),巡逻产出!$B$311:$B$610,巡逻产出!$Q$311:$Q$610)*OFFSET($C$1,MATCH(AA$12,$C$2:$C$7,0),MATCH($T$11,$D$12:$G$12,0)) -> 2116.608 | AC19: 7 | AD19: =_xlfn.XLOOKUP(OFFSET($C$12,$I19,MATCH($AD$11,$D$12:$G$12,0)),主线推图!$B$313:$B$612,主线推图!$P$313:$P$612)*OFFSET($C$1,MATCH(AD$12,$C$2:$C$7,0),MATCH($AD$11,$D$12:$G$12,0)) -> 3077.8 | AE19: =_xlfn.XLOOKUP(OFFSET($C$12,$I19,MATCH($AD$11,$D$12:$G$12,0)),巡逻产出!$B$311:$B$610,巡逻产出!$R$311:$R$610)*OFFSET($C$1,MATCH(AE$12,$C$2:$C$7,0),MATCH($AD$11,$D$12:$G$12,0)) -> 0 | AF19: =_xlfn.XLOOKUP(MAX(INT((OFFSET($C$12,$I19,MATCH($AD$11,$D$12:$G$12,0))-6)/10),1),组队产出!$B$25:$B$39,组队产出!$P$25:$P$39)*OFFSET($C$1,MATCH(AF$12,$C$2:$C$7,0),MATCH($AD$11,$D$12:$G$12,0)) -> 2200.8 | AG19: =竞技场!$G$3*OFFSET($C$1,MATCH(AG$12,$C$2:$C$7,0),MATCH($AD$11,$D$12:$G$12,0)) -> 3150 | AH19: =_xlfn.XLOOKUP(OFFSET($C$1,MATCH(AH$12,$C$2:$C$8,0),MATCH($AD$11,$D$12:$G$12,0)),竞技场!$J$10:$J$17,竞技场!$N$10:$N$17)+_xlfn.XLOOKUP(OFFSET($C$1,MATCH(AH$12,$C$2:$C$8,0),MATCH($AD$11,$D$12:$G$12,0)),竞技场!$J$21:$J$29,竞技场!$O$21:$O$29) -> 618.57143 | AI19: =任务!$G$6+任务!$G$9+IF(MOD(AC19,7)=0,任务!$N$9+任务!$O$6,0) -> 3125 | AJ19: =公会!$U$11 -> 2766.6286 | AK19: =_xlfn.XLOOKUP(OFFSET($C$12,$I19,MATCH($AD$11,$D$12:$G$12,0)),巡逻产出!$B$311:$B$610,巡逻产出!$Q$311:$Q$610)*OFFSET($C$1,MATCH(AK$12,$C$2:$C$7,0),MATCH($AD$11,$D$12:$G$12,0)) -> 2124.408 | AM19: 7 | AN19: 1481 | AO19: 1742 | AP19: 2427 | AQ19: 2943
C20: 8 | D20: 46 | E20: =F19 -> 55 | F20: 57 | G20: 63 | I20: 8 | J20: =_xlfn.XLOOKUP(OFFSET($C$12,$I20,MATCH($J$11,$D$12:$G$12,0)),主线推图!$B$313:$B$612,主线推图!$P$313:$P$612)*OFFSET($C$1,MATCH(J$12,$C$2:$C$7,0),MATCH($J$11,$D$12:$G$12,0)) -> 1384 | K20: =_xlfn.XLOOKUP(OFFSET($C$12,$I20,MATCH($J$11,$D$12:$G$12,0)),巡逻产出!$B$311:$B$610,巡逻产出!$R$311:$R$610)*OFFSET($C$1,MATCH(K$12,$C$2:$C$7,0),MATCH($J$11,$D$12:$G$12,0)) -> 616 | L20: =_xlfn.XLOOKUP(MAX(INT((OFFSET($C$12,$I20,MATCH($J$11,$D$12:$G$12,0))-6)/10),1),组队产出!$B$25:$B$39,组队产出!$P$25:$P$39)*OFFSET($C$1,MATCH(L$12,$C$2:$C$7,0),MATCH($J$11,$D$12:$G$12,0)) -> 1088.4 | M20: =竞技场!$G$3*OFFSET($C$1,MATCH(M$12,$C$2:$C$7,0),MATCH($J$11,$D$12:$G$12,0)) -> 1050 | N20: =_xlfn.XLOOKUP(OFFSET($C$1,MATCH(N$12,$C$2:$C$8,0),MATCH($J$11,$D$12:$G$12,0)),竞技场!$J$10:$J$17,竞技场!$N$10:$N$17)+_xlfn.XLOOKUP(OFFSET($C$1,MATCH(N$12,$C$2:$C$8,0),MATCH($J$11,$D$12:$G$12,0)),竞技场!$J$21:$J$29,竞技场!$O$21:$O$29) -> 261.42857 | O20: =任务!$G$6+任务!$G$9+IF(MOD(I20,7)=0,任务!$N$9+任务!$O$6,0) -> 895 | P20: =公会!$U$11 -> 2766.6286 | Q20: =_xlfn.XLOOKUP(OFFSET($C$12,$I20,MATCH($J$11,$D$12:$G$12,0)),巡逻产出!$B$311:$B$610,巡逻产出!$Q$311:$Q$610)*OFFSET($C$1,MATCH(Q$12,$C$2:$C$7,0),MATCH($J$11,$D$12:$G$12,0)) -> 1616.16 | S20: 8 | T20: =_xlfn.XLOOKUP(OFFSET($C$12,$I20,MATCH($T$11,$D$12:$G$12,0)),主线推图!$B$313:$B$612,主线推图!$P$313:$P$612)*OFFSET($C$1,MATCH(T$12,$C$2:$C$7,0),MATCH($T$11,$D$12:$G$12,0)) -> 2094 | U20: =_xlfn.XLOOKUP(OFFSET($C$12,$I20,MATCH($T$11,$D$12:$G$12,0)),巡逻产出!$B$311:$B$610,巡逻产出!$R$311:$R$610)*OFFSET($C$1,MATCH(U$12,$C$2:$C$7,0),MATCH($T$11,$D$12:$G$12,0)) -> 1857 | V20: =_xlfn.XLOOKUP(MAX(INT((OFFSET($C$12,$I20,MATCH($T$11,$D$12:$G$12,0))-6)/10),1),组队产出!$B$25:$B$39,组队产出!$P$25:$P$39)*OFFSET($C$1,MATCH(V$12,$C$2:$C$7,0),MATCH($T$11,$D$12:$G$12,0)) -> 2200.8 | W20: =竞技场!$G$3*OFFSET($C$1,MATCH(W$12,$C$2:$C$7,0),MATCH($T$11,$D$12:$G$12,0)) -> 2100 | X20: =_xlfn.XLOOKUP(OFFSET($C$1,MATCH(X$12,$C$2:$C$8,0),MATCH($T$11,$D$12:$G$12,0)),竞技场!$J$10:$J$17,竞技场!$N$10:$N$17)+_xlfn.XLOOKUP(OFFSET($C$1,MATCH(X$12,$C$2:$C$8,0),MATCH($T$11,$D$12:$G$12,0)),竞技场!$J$21:$J$29,竞技场!$O$21:$O$29) -> 431.42857 | Y20: =任务!$G$6+任务!$G$9+IF(MOD(S20,7)=0,任务!$N$9+任务!$O$6,0) -> 895 | Z20: =公会!$U$11 -> 2766.6286 | AA20: =_xlfn.XLOOKUP(OFFSET($C$12,$I20,MATCH($T$11,$D$12:$G$12,0)),巡逻产出!$B$311:$B$610,巡逻产出!$Q$311:$Q$610)*OFFSET($C$1,MATCH(AA$12,$C$2:$C$7,0),MATCH($T$11,$D$12:$G$12,0)) -> 2119.728 | AC20: 8 | AD20: =_xlfn.XLOOKUP(OFFSET($C$12,$I20,MATCH($AD$11,$D$12:$G$12,0)),主线推图!$B$313:$B$612,主线推图!$P$313:$P$612)*OFFSET($C$1,MATCH(AD$12,$C$2:$C$7,0),MATCH($AD$11,$D$12:$G$12,0)) -> 3084.4 | AE20: =_xlfn.XLOOKUP(OFFSET($C$12,$I20,MATCH($AD$11,$D$12:$G$12,0)),巡逻产出!$B$311:$B$610,巡逻产出!$R$311:$R$610)*OFFSET($C$1,MATCH(AE$12,$C$2:$C$7,0),MATCH($AD$11,$D$12:$G$12,0)) -> 0 | AF20: =_xlfn.XLOOKUP(MAX(INT((OFFSET($C$12,$I20,MATCH($AD$11,$D$12:$G$12,0))-6)/10),1),组队产出!$B$25:$B$39,组队产出!$P$25:$P$39)*OFFSET($C$1,MATCH(AF$12,$C$2:$C$7,0),MATCH($AD$11,$D$12:$G$12,0)) -> 2200.8 | AG20: =竞技场!$G$3*OFFSET($C$1,MATCH(AG$12,$C$2:$C$7,0),MATCH($AD$11,$D$12:$G$12,0)) -> 3150 | AH20: =_xlfn.XLOOKUP(OFFSET($C$1,MATCH(AH$12,$C$2:$C$8,0),MATCH($AD$11,$D$12:$G$12,0)),竞技场!$J$10:$J$17,竞技场!$N$10:$N$17)+_xlfn.XLOOKUP(OFFSET($C$1,MATCH(AH$12,$C$2:$C$8,0),MATCH($AD$11,$D$12:$G$12,0)),竞技场!$J$21:$J$29,竞技场!$O$21:$O$29) -> 618.57143 | AI20: =任务!$G$6+任务!$G$9+IF(MOD(AC20,7)=0,任务!$N$9+任务!$O$6,0) -> 895 | AJ20: =公会!$U$11 -> 2766.6286 | AK20: =_xlfn.XLOOKUP(OFFSET($C$12,$I20,MATCH($AD$11,$D$12:$G$12,0)),巡逻产出!$B$311:$B$610,巡逻产出!$Q$311:$Q$610)*OFFSET($C$1,MATCH(AK$12,$C$2:$C$7,0),MATCH($AD$11,$D$12:$G$12,0)) -> 2129.088 | AM20: 8 | AN20: 1595 | AO20: 1885 | AP20: 2656 | AQ20: 3245
C21: 9 | D21: 47 | E21: =E20+2 -> 57 | F21: 60 | G21: 66 | I21: 9 | J21: =_xlfn.XLOOKUP(OFFSET($C$12,$I21,MATCH($J$11,$D$12:$G$12,0)),主线推图!$B$313:$B$612,主线推图!$P$313:$P$612)*OFFSET($C$1,MATCH(J$12,$C$2:$C$7,0),MATCH($J$11,$D$12:$G$12,0)) -> 1387 | K21: =_xlfn.XLOOKUP(OFFSET($C$12,$I21,MATCH($J$11,$D$12:$G$12,0)),巡逻产出!$B$311:$B$610,巡逻产出!$R$311:$R$610)*OFFSET($C$1,MATCH(K$12,$C$2:$C$7,0),MATCH($J$11,$D$12:$G$12,0)) -> 616.75 | L21: =_xlfn.XLOOKUP(MAX(INT((OFFSET($C$12,$I21,MATCH($J$11,$D$12:$G$12,0))-6)/10),1),组队产出!$B$25:$B$39,组队产出!$P$25:$P$39)*OFFSET($C$1,MATCH(L$12,$C$2:$C$7,0),MATCH($J$11,$D$12:$G$12,0)) -> 1094.4 | M21: =竞技场!$G$3*OFFSET($C$1,MATCH(M$12,$C$2:$C$7,0),MATCH($J$11,$D$12:$G$12,0)) -> 1050 | N21: =_xlfn.XLOOKUP(OFFSET($C$1,MATCH(N$12,$C$2:$C$8,0),MATCH($J$11,$D$12:$G$12,0)),竞技场!$J$10:$J$17,竞技场!$N$10:$N$17)+_xlfn.XLOOKUP(OFFSET($C$1,MATCH(N$12,$C$2:$C$8,0),MATCH($J$11,$D$12:$G$12,0)),竞技场!$J$21:$J$29,竞技场!$O$21:$O$29) -> 261.42857 | O21: =任务!$G$6+任务!$G$9+IF(MOD(I21,7)=0,任务!$N$9+任务!$O$6,0) -> 895 | P21: =公会!$U$11 -> 2766.6286 | Q21: =_xlfn.XLOOKUP(OFFSET($C$12,$I21,MATCH($J$11,$D$12:$G$12,0)),巡逻产出!$B$311:$B$610,巡逻产出!$Q$311:$Q$610)*OFFSET($C$1,MATCH(Q$12,$C$2:$C$7,0),MATCH($J$11,$D$12:$G$12,0)) -> 1619.76 | S21: 9 | T21: =_xlfn.XLOOKUP(OFFSET($C$12,$I21,MATCH($T$11,$D$12:$G$12,0)),主线推图!$B$313:$B$612,主线推图!$P$313:$P$612)*OFFSET($C$1,MATCH(T$12,$C$2:$C$7,0),MATCH($T$11,$D$12:$G$12,0)) -> 2098.5 | U21: =_xlfn.XLOOKUP(OFFSET($C$12,$I21,MATCH($T$11,$D$12:$G$12,0)),巡逻产出!$B$311:$B$610,巡逻产出!$R$311:$R$610)*OFFSET($C$1,MATCH(U$12,$C$2:$C$7,0),MATCH($T$11,$D$12:$G$12,0)) -> 1859.25 | V21: =_xlfn.XLOOKUP(MAX(INT((OFFSET($C$12,$I21,MATCH($T$11,$D$12:$G$12,0))-6)/10),1),组队产出!$B$25:$B$39,组队产出!$P$25:$P$39)*OFFSET($C$1,MATCH(V$12,$C$2:$C$7,0),MATCH($T$11,$D$12:$G$12,0)) -> 2200.8 | W21: =竞技场!$G$3*OFFSET($C$1,MATCH(W$12,$C$2:$C$7,0),MATCH($T$11,$D$12:$G$12,0)) -> 2100 | X21: =_xlfn.XLOOKUP(OFFSET($C$1,MATCH(X$12,$C$2:$C$8,0),MATCH($T$11,$D$12:$G$12,0)),竞技场!$J$10:$J$17,竞技场!$N$10:$N$17)+_xlfn.XLOOKUP(OFFSET($C$1,MATCH(X$12,$C$2:$C$8,0),MATCH($T$11,$D$12:$G$12,0)),竞技场!$J$21:$J$29,竞技场!$O$21:$O$29) -> 431.42857 | Y21: =任务!$G$6+任务!$G$9+IF(MOD(S21,7)=0,任务!$N$9+任务!$O$6,0) -> 895 | Z21: =公会!$U$11 -> 2766.6286 | AA21: =_xlfn.XLOOKUP(OFFSET($C$12,$I21,MATCH($T$11,$D$12:$G$12,0)),巡逻产出!$B$311:$B$610,巡逻产出!$Q$311:$Q$610)*OFFSET($C$1,MATCH(AA$12,$C$2:$C$7,0),MATCH($T$11,$D$12:$G$12,0)) -> 2124.408 | AC21: 9 | AD21: =_xlfn.XLOOKUP(OFFSET($C$12,$I21,MATCH($AD$11,$D$12:$G$12,0)),主线推图!$B$313:$B$612,主线推图!$P$313:$P$612)*OFFSET($C$1,MATCH(AD$12,$C$2:$C$7,0),MATCH($AD$11,$D$12:$G$12,0)) -> 3091 | AE21: =_xlfn.XLOOKUP(OFFSET($C$12,$I21,MATCH($AD$11,$D$12:$G$12,0)),巡逻产出!$B$311:$B$610,巡逻产出!$R$311:$R$610)*OFFSET($C$1,MATCH(AE$12,$C$2:$C$7,0),MATCH($AD$11,$D$12:$G$12,0)) -> 0 | AF21: =_xlfn.XLOOKUP(MAX(INT((OFFSET($C$12,$I21,MATCH($AD$11,$D$12:$G$12,0))-6)/10),1),组队产出!$B$25:$B$39,组队产出!$P$25:$P$39)*OFFSET($C$1,MATCH(AF$12,$C$2:$C$7,0),MATCH($AD$11,$D$12:$G$12,0)) -> 2212.8 | AG21: =竞技场!$G$3*OFFSET($C$1,MATCH(AG$12,$C$2:$C$7,0),MATCH($AD$11,$D$12:$G$12,0)) -> 3150 | AH21: =_xlfn.XLOOKUP(OFFSET($C$1,MATCH(AH$12,$C$2:$C$8,0),MATCH($AD$11,$D$12:$G$12,0)),竞技场!$J$10:$J$17,竞技场!$N$10:$N$17)+_xlfn.XLOOKUP(OFFSET($C$1,MATCH(AH$12,$C$2:$C$8,0),MATCH($AD$11,$D$12:$G$12,0)),竞技场!$J$21:$J$29,竞技场!$O$21:$O$29) -> 618.57143 | AI21: =任务!$G$6+任务!$G$9+IF(MOD(AC21,7)=0,任务!$N$9+任务!$O$6,0) -> 895 | AJ21: =公会!$U$11 -> 2766.6286 | AK21: =_xlfn.XLOOKUP(OFFSET($C$12,$I21,MATCH($AD$11,$D$12:$G$12,0)),巡逻产出!$B$311:$B$610,巡逻产出!$Q$311:$Q$610)*OFFSET($C$1,MATCH(AK$12,$C$2:$C$7,0),MATCH($AD$11,$D$12:$G$12,0)) -> 2133.768 | AM21: 9 | AN21: 1709 | AO21: 2028 | AP21: 2884 | AQ21: 3547
C22: 10 | D22: 48 | E22: =E21+2 -> 59 | F22: 63 | G22: 69 | I22: 10 | J22: =_xlfn.XLOOKUP(OFFSET($C$12,$I22,MATCH($J$11,$D$12:$G$12,0)),主线推图!$B$313:$B$612,主线推图!$P$313:$P$612)*OFFSET($C$1,MATCH(J$12,$C$2:$C$7,0),MATCH($J$11,$D$12:$G$12,0)) -> 1390 | K22: =_xlfn.XLOOKUP(OFFSET($C$12,$I22,MATCH($J$11,$D$12:$G$12,0)),巡逻产出!$B$311:$B$610,巡逻产出!$R$311:$R$610)*OFFSET($C$1,MATCH(K$12,$C$2:$C$7,0),MATCH($J$11,$D$12:$G$12,0)) -> 617.5 | L22: =_xlfn.XLOOKUP(MAX(INT((OFFSET($C$12,$I22,MATCH($J$11,$D$12:$G$12,0))-6)/10),1),组队产出!$B$25:$B$39,组队产出!$P$25:$P$39)*OFFSET($C$1,MATCH(L$12,$C$2:$C$7,0),MATCH($J$11,$D$12:$G$12,0)) -> 1094.4 | M22: =竞技场!$G$3*OFFSET($C$1,MATCH(M$12,$C$2:$C$7,0),MATCH($J$11,$D$12:$G$12,0)) -> 1050 | N22: =_xlfn.XLOOKUP(OFFSET($C$1,MATCH(N$12,$C$2:$C$8,0),MATCH($J$11,$D$12:$G$12,0)),竞技场!$J$10:$J$17,竞技场!$N$10:$N$17)+_xlfn.XLOOKUP(OFFSET($C$1,MATCH(N$12,$C$2:$C$8,0),MATCH($J$11,$D$12:$G$12,0)),竞技场!$J$21:$J$29,竞技场!$O$21:$O$29) -> 261.42857 | O22: =任务!$G$6+任务!$G$9+IF(MOD(I22,7)=0,任务!$N$9+任务!$O$6,0) -> 895 | P22: =公会!$U$11 -> 2766.6286 | Q22: =_xlfn.XLOOKUP(OFFSET($C$12,$I22,MATCH($J$11,$D$12:$G$12,0)),巡逻产出!$B$311:$B$610,巡逻产出!$Q$311:$Q$610)*OFFSET($C$1,MATCH(Q$12,$C$2:$C$7,0),MATCH($J$11,$D$12:$G$12,0)) -> 1623.36 | S22: 10 | T22: =_xlfn.XLOOKUP(OFFSET($C$12,$I22,MATCH($T$11,$D$12:$G$12,0)),主线推图!$B$313:$B$612,主线推图!$P$313:$P$612)*OFFSET($C$1,MATCH(T$12,$C$2:$C$7,0),MATCH($T$11,$D$12:$G$12,0)) -> 2103 | U22: =_xlfn.XLOOKUP(OFFSET($C$12,$I22,MATCH($T$11,$D$12:$G$12,0)),巡逻产出!$B$311:$B$610,巡逻产出!$R$311:$R$610)*OFFSET($C$1,MATCH(U$12,$C$2:$C$7,0),MATCH($T$11,$D$12:$G$12,0)) -> 1861.5 | V22: =_xlfn.XLOOKUP(MAX(INT((OFFSET($C$12,$I22,MATCH($T$11,$D$12:$G$12,0))-6)/10),1),组队产出!$B$25:$B$39,组队产出!$P$25:$P$39)*OFFSET($C$1,MATCH(V$12,$C$2:$C$7,0),MATCH($T$11,$D$12:$G$12,0)) -> 2200.8 | W22: =竞技场!$G$3*OFFSET($C$1,MATCH(W$12,$C$2:$C$7,0),MATCH($T$11,$D$12:$G$12,0)) -> 2100 | X22: =_xlfn.XLOOKUP(OFFSET($C$1,MATCH(X$12,$C$2:$C$8,0),MATCH($T$11,$D$12:$G$12,0)),竞技场!$J$10:$J$17,竞技场!$N$10:$N$17)+_xlfn.XLOOKUP(OFFSET($C$1,MATCH(X$12,$C$2:$C$8,0),MATCH($T$11,$D$12:$G$12,0)),竞技场!$J$21:$J$29,竞技场!$O$21:$O$29) -> 431.42857 | Y22: =任务!$G$6+任务!$G$9+IF(MOD(S22,7)=0,任务!$N$9+任务!$O$6,0) -> 895 | Z22: =公会!$U$11 -> 2766.6286 | AA22: =_xlfn.XLOOKUP(OFFSET($C$12,$I22,MATCH($T$11,$D$12:$G$12,0)),巡逻产出!$B$311:$B$610,巡逻产出!$Q$311:$Q$610)*OFFSET($C$1,MATCH(AA$12,$C$2:$C$7,0),MATCH($T$11,$D$12:$G$12,0)) -> 2129.088 | AC22: 10 | AD22: =_xlfn.XLOOKUP(OFFSET($C$12,$I22,MATCH($AD$11,$D$12:$G$12,0)),主线推图!$B$313:$B$612,主线推图!$P$313:$P$612)*OFFSET($C$1,MATCH(AD$12,$C$2:$C$7,0),MATCH($AD$11,$D$12:$G$12,0)) -> 3097.6 | AE22: =_xlfn.XLOOKUP(OFFSET($C$12,$I22,MATCH($AD$11,$D$12:$G$12,0)),巡逻产出!$B$311:$B$610,巡逻产出!$R$311:$R$610)*OFFSET($C$1,MATCH(AE$12,$C$2:$C$7,0),MATCH($AD$11,$D$12:$G$12,0)) -> 0 | AF22: =_xlfn.XLOOKUP(MAX(INT((OFFSET($C$12,$I22,MATCH($AD$11,$D$12:$G$12,0))-6)/10),1),组队产出!$B$25:$B$39,组队产出!$P$25:$P$39)*OFFSET($C$1,MATCH(AF$12,$C$2:$C$7,0),MATCH($AD$11,$D$12:$G$12,0)) -> 2212.8 | AG22: =竞技场!$G$3*OFFSET($C$1,MATCH(AG$12,$C$2:$C$7,0),MATCH($AD$11,$D$12:$G$12,0)) -> 3150 | AH22: =_xlfn.XLOOKUP(OFFSET($C$1,MATCH(AH$12,$C$2:$C$8,0),MATCH($AD$11,$D$12:$G$12,0)),竞技场!$J$10:$J$17,竞技场!$N$10:$N$17)+_xlfn.XLOOKUP(OFFSET($C$1,MATCH(AH$12,$C$2:$C$8,0),MATCH($AD$11,$D$12:$G$12,0)),竞技场!$J$21:$J$29,竞技场!$O$21:$O$29) -> 618.57143 | AI22: =任务!$G$6+任务!$G$9+IF(MOD(AC22,7)=0,任务!$N$9+任务!$O$6,0) -> 895 | AJ22: =公会!$U$11 -> 2766.6286 | AK22: =_xlfn.XLOOKUP(OFFSET($C$12,$I22,MATCH($AD$11,$D$12:$G$12,0)),巡逻产出!$B$311:$B$610,巡逻产出!$Q$311:$Q$610)*OFFSET($C$1,MATCH(AK$12,$C$2:$C$7,0),MATCH($AD$11,$D$12:$G$12,0)) -> 2138.448 | AM22: 10 | AN22: 1823 | AO22: 2171 | AP22: 3113 | AQ22: 3849
C23: 11 | D23: 50 | E23: =E22+2 -> 61 | F23: 66 | G23: 73 | I23: 11 | J23: =_xlfn.XLOOKUP(OFFSET($C$12,$I23,MATCH($J$11,$D$12:$G$12,0)),主线推图!$B$313:$B$612,主线推图!$P$313:$P$612)*OFFSET($C$1,MATCH(J$12,$C$2:$C$7,0),MATCH($J$11,$D$12:$G$12,0)) -> 1393 | K23: =_xlfn.XLOOKUP(OFFSET($C$12,$I23,MATCH($J$11,$D$12:$G$12,0)),巡逻产出!$B$311:$B$610,巡逻产出!$R$311:$R$610)*OFFSET($C$1,MATCH(K$12,$C$2:$C$7,0),MATCH($J$11,$D$12:$G$12,0)) -> 618.25 | L23: =_xlfn.XLOOKUP(MAX(INT((OFFSET($C$12,$I23,MATCH($J$11,$D$12:$G$12,0))-6)/10),1),组队产出!$B$25:$B$39,组队产出!$P$25:$P$39)*OFFSET($C$1,MATCH(L$12,$C$2:$C$7,0),MATCH($J$11,$D$12:$G$12,0)) -> 1094.4 | M23: =竞技场!$G$3*OFFSET($C$1,MATCH(M$12,$C$2:$C$7,0),MATCH($J$11,$D$12:$G$12,0)) -> 1050 | N23: =_xlfn.XLOOKUP(OFFSET($C$1,MATCH(N$12,$C$2:$C$8,0),MATCH($J$11,$D$12:$G$12,0)),竞技场!$J$10:$J$17,竞技场!$N$10:$N$17)+_xlfn.XLOOKUP(OFFSET($C$1,MATCH(N$12,$C$2:$C$8,0),MATCH($J$11,$D$12:$G$12,0)),竞技场!$J$21:$J$29,竞技场!$O$21:$O$29) -> 261.42857 | O23: =任务!$G$6+任务!$G$9+IF(MOD(I23,7)=0,任务!$N$9+任务!$O$6,0) -> 895 | P23: =公会!$U$11 -> 2766.6286 | Q23: =_xlfn.XLOOKUP(OFFSET($C$12,$I23,MATCH($J$11,$D$12:$G$12,0)),巡逻产出!$B$311:$B$610,巡逻产出!$Q$311:$Q$610)*OFFSET($C$1,MATCH(Q$12,$C$2:$C$7,0),MATCH($J$11,$D$12:$G$12,0)) -> 1626.96 | S23: 11 | T23: =_xlfn.XLOOKUP(OFFSET($C$12,$I23,MATCH($T$11,$D$12:$G$12,0)),主线推图!$B$313:$B$612,主线推图!$P$313:$P$612)*OFFSET($C$1,MATCH(T$12,$C$2:$C$7,0),MATCH($T$11,$D$12:$G$12,0)) -> 2107.5 | U23: =_xlfn.XLOOKUP(OFFSET($C$12,$I23,MATCH($T$11,$D$12:$G$12,0)),巡逻产出!$B$311:$B$610,巡逻产出!$R$311:$R$610)*OFFSET($C$1,MATCH(U$12,$C$2:$C$7,0),MATCH($T$11,$D$12:$G$12,0)) -> 1863.75 | V23: =_xlfn.XLOOKUP(MAX(INT((OFFSET($C$12,$I23,MATCH($T$11,$D$12:$G$12,0))-6)/10),1),组队产出!$B$25:$B$39,组队产出!$P$25:$P$39)*OFFSET($C$1,MATCH(V$12,$C$2:$C$7,0),MATCH($T$11,$D$12:$G$12,0)) -> 2212.8 | W23: =竞技场!$G$3*OFFSET($C$1,MATCH(W$12,$C$2:$C$7,0),MATCH($T$11,$D$12:$G$12,0)) -> 2100 | X23: =_xlfn.XLOOKUP(OFFSET($C$1,MATCH(X$12,$C$2:$C$8,0),MATCH($T$11,$D$12:$G$12,0)),竞技场!$J$10:$J$17,竞技场!$N$10:$N$17)+_xlfn.XLOOKUP(OFFSET($C$1,MATCH(X$12,$C$2:$C$8,0),MATCH($T$11,$D$12:$G$12,0)),竞技场!$J$21:$J$29,竞技场!$O$21:$O$29) -> 431.42857 | Y23: =任务!$G$6+任务!$G$9+IF(MOD(S23,7)=0,任务!$N$9+任务!$O$6,0) -> 895 | Z23: =公会!$U$11 -> 2766.6286 | AA23: =_xlfn.XLOOKUP(OFFSET($C$12,$I23,MATCH($T$11,$D$12:$G$12,0)),巡逻产出!$B$311:$B$610,巡逻产出!$Q$311:$Q$610)*OFFSET($C$1,MATCH(AA$12,$C$2:$C$7,0),MATCH($T$11,$D$12:$G$12,0)) -> 2133.768 | AC23: 11 | AD23: =_xlfn.XLOOKUP(OFFSET($C$12,$I23,MATCH($AD$11,$D$12:$G$12,0)),主线推图!$B$313:$B$612,主线推图!$P$313:$P$612)*OFFSET($C$1,MATCH(AD$12,$C$2:$C$7,0),MATCH($AD$11,$D$12:$G$12,0)) -> 3106.4 | AE23: =_xlfn.XLOOKUP(OFFSET($C$12,$I23,MATCH($AD$11,$D$12:$G$12,0)),巡逻产出!$B$311:$B$610,巡逻产出!$R$311:$R$610)*OFFSET($C$1,MATCH(AE$12,$C$2:$C$7,0),MATCH($AD$11,$D$12:$G$12,0)) -> 0 | AF23: =_xlfn.XLOOKUP(MAX(INT((OFFSET($C$12,$I23,MATCH($AD$11,$D$12:$G$12,0))-6)/10),1),组队产出!$B$25:$B$39,组队产出!$P$25:$P$39)*OFFSET($C$1,MATCH(AF$12,$C$2:$C$7,0),MATCH($AD$11,$D$12:$G$12,0)) -> 2212.8 | AG23: =竞技场!$G$3*OFFSET($C$1,MATCH(AG$12,$C$2:$C$7,0),MATCH($AD$11,$D$12:$G$12,0)) -> 3150 | AH23: =_xlfn.XLOOKUP(OFFSET($C$1,MATCH(AH$12,$C$2:$C$8,0),MATCH($AD$11,$D$12:$G$12,0)),竞技场!$J$10:$J$17,竞技场!$N$10:$N$17)+_xlfn.XLOOKUP(OFFSET($C$1,MATCH(AH$12,$C$2:$C$8,0),MATCH($AD$11,$D$12:$G$12,0)),竞技场!$J$21:$J$29,竞技场!$O$21:$O$29) -> 618.57143 | AI23: =任务!$G$6+任务!$G$9+IF(MOD(AC23,7)=0,任务!$N$9+任务!$O$6,0) -> 895 | AJ23: =公会!$U$11 -> 2766.6286 | AK23: =_xlfn.XLOOKUP(OFFSET($C$12,$I23,MATCH($AD$11,$D$12:$G$12,0)),巡逻产出!$B$311:$B$610,巡逻产出!$Q$311:$Q$610)*OFFSET($C$1,MATCH(AK$12,$C$2:$C$7,0),MATCH($AD$11,$D$12:$G$12,0)) -> 2144.688 | AM23: 11 | AN23: 1936 | AO23: 2314 | AP23: 3341 | AQ23: 4151
C24: 12 | D24: 52 | E24: =E23+2 -> 63 | F24: 69 | G24: 75 | I24: 12 | J24: =_xlfn.XLOOKUP(OFFSET($C$12,$I24,MATCH($J$11,$D$12:$G$12,0)),主线推图!$B$313:$B$612,主线推图!$P$313:$P$612)*OFFSET($C$1,MATCH(J$12,$C$2:$C$7,0),MATCH($J$11,$D$12:$G$12,0)) -> 1396 | K24: =_xlfn.XLOOKUP(OFFSET($C$12,$I24,MATCH($J$11,$D$12:$G$12,0)),巡逻产出!$B$311:$B$610,巡逻产出!$R$311:$R$610)*OFFSET($C$1,MATCH(K$12,$C$2:$C$7,0),MATCH($J$11,$D$12:$G$12,0)) -> 619 | L24: =_xlfn.XLOOKUP(MAX(INT((OFFSET($C$12,$I24,MATCH($J$11,$D$12:$G$12,0))-6)/10),1),组队产出!$B$25:$B$39,组队产出!$P$25:$P$39)*OFFSET($C$1,MATCH(L$12,$C$2:$C$7,0),MATCH($J$11,$D$12:$G$12,0)) -> 1100.4 | M24: =竞技场!$G$3*OFFSET($C$1,MATCH(M$12,$C$2:$C$7,0),MATCH($J$11,$D$12:$G$12,0)) -> 1050 | N24: =_xlfn.XLOOKUP(OFFSET($C$1,MATCH(N$12,$C$2:$C$8,0),MATCH($J$11,$D$12:$G$12,0)),竞技场!$J$10:$J$17,竞技场!$N$10:$N$17)+_xlfn.XLOOKUP(OFFSET($C$1,MATCH(N$12,$C$2:$C$8,0),MATCH($J$11,$D$12:$G$12,0)),竞技场!$J$21:$J$29,竞技场!$O$21:$O$29) -> 261.42857 | O24: =任务!$G$6+任务!$G$9+IF(MOD(I24,7)=0,任务!$N$9+任务!$O$6,0) -> 895 | P24: =公会!$U$11 -> 2766.6286 | Q24: =_xlfn.XLOOKUP(OFFSET($C$12,$I24,MATCH($J$11,$D$12:$G$12,0)),巡逻产出!$B$311:$B$610,巡逻产出!$Q$311:$Q$610)*OFFSET($C$1,MATCH(Q$12,$C$2:$C$7,0),MATCH($J$11,$D$12:$G$12,0)) -> 1630.56 | S24: 12 | T24: =_xlfn.XLOOKUP(OFFSET($C$12,$I24,MATCH($T$11,$D$12:$G$12,0)),主线推图!$B$313:$B$612,主线推图!$P$313:$P$612)*OFFSET($C$1,MATCH(T$12,$C$2:$C$7,0),MATCH($T$11,$D$12:$G$12,0)) -> 2112 | U24: =_xlfn.XLOOKUP(OFFSET($C$12,$I24,MATCH($T$11,$D$12:$G$12,0)),巡逻产出!$B$311:$B$610,巡逻产出!$R$311:$R$610)*OFFSET($C$1,MATCH(U$12,$C$2:$C$7,0),MATCH($T$11,$D$12:$G$12,0)) -> 1866 | V24: =_xlfn.XLOOKUP(MAX(INT((OFFSET($C$12,$I24,MATCH($T$11,$D$12:$G$12,0))-6)/10),1),组队产出!$B$25:$B$39,组队产出!$P$25:$P$39)*OFFSET($C$1,MATCH(V$12,$C$2:$C$7,0),MATCH($T$11,$D$12:$G$12,0)) -> 2212.8 | W24: =竞技场!$G$3*OFFSET($C$1,MATCH(W$12,$C$2:$C$7,0),MATCH($T$11,$D$12:$G$12,0)) -> 2100 | X24: =_xlfn.XLOOKUP(OFFSET($C$1,MATCH(X$12,$C$2:$C$8,0),MATCH($T$11,$D$12:$G$12,0)),竞技场!$J$10:$J$17,竞技场!$N$10:$N$17)+_xlfn.XLOOKUP(OFFSET($C$1,MATCH(X$12,$C$2:$C$8,0),MATCH($T$11,$D$12:$G$12,0)),竞技场!$J$21:$J$29,竞技场!$O$21:$O$29) -> 431.42857 | Y24: =任务!$G$6+任务!$G$9+IF(MOD(S24,7)=0,任务!$N$9+任务!$O$6,0) -> 895 | Z24: =公会!$U$11 -> 2766.6286 | AA24: =_xlfn.XLOOKUP(OFFSET($C$12,$I24,MATCH($T$11,$D$12:$G$12,0)),巡逻产出!$B$311:$B$610,巡逻产出!$Q$311:$Q$610)*OFFSET($C$1,MATCH(AA$12,$C$2:$C$7,0),MATCH($T$11,$D$12:$G$12,0)) -> 2138.448 | AC24: 12 | AD24: =_xlfn.XLOOKUP(OFFSET($C$12,$I24,MATCH($AD$11,$D$12:$G$12,0)),主线推图!$B$313:$B$612,主线推图!$P$313:$P$612)*OFFSET($C$1,MATCH(AD$12,$C$2:$C$7,0),MATCH($AD$11,$D$12:$G$12,0)) -> 3110.8 | AE24: =_xlfn.XLOOKUP(OFFSET($C$12,$I24,MATCH($AD$11,$D$12:$G$12,0)),巡逻产出!$B$311:$B$610,巡逻产出!$R$311:$R$610)*OFFSET($C$1,MATCH(AE$12,$C$2:$C$7,0),MATCH($AD$11,$D$12:$G$12,0)) -> 0 | AF24: =_xlfn.XLOOKUP(MAX(INT((OFFSET($C$12,$I24,MATCH($AD$11,$D$12:$G$12,0))-6)/10),1),组队产出!$B$25:$B$39,组队产出!$P$25:$P$39)*OFFSET($C$1,MATCH(AF$12,$C$2:$C$7,0),MATCH($AD$11,$D$12:$G$12,0)) -> 2212.8 | AG24: =竞技场!$G$3*OFFSET($C$1,MATCH(AG$12,$C$2:$C$7,0),MATCH($AD$11,$D$12:$G$12,0)) -> 3150 | AH24: =_xlfn.XLOOKUP(OFFSET($C$1,MATCH(AH$12,$C$2:$C$8,0),MATCH($AD$11,$D$12:$G$12,0)),竞技场!$J$10:$J$17,竞技场!$N$10:$N$17)+_xlfn.XLOOKUP(OFFSET($C$1,MATCH(AH$12,$C$2:$C$8,0),MATCH($AD$11,$D$12:$G$12,0)),竞技场!$J$21:$J$29,竞技场!$O$21:$O$29) -> 618.57143 | AI24: =任务!$G$6+任务!$G$9+IF(MOD(AC24,7)=0,任务!$N$9+任务!$O$6,0) -> 895 | AJ24: =公会!$U$11 -> 2766.6286 | AK24: =_xlfn.XLOOKUP(OFFSET($C$12,$I24,MATCH($AD$11,$D$12:$G$12,0)),巡逻产出!$B$311:$B$610,巡逻产出!$Q$311:$Q$610)*OFFSET($C$1,MATCH(AK$12,$C$2:$C$7,0),MATCH($AD$11,$D$12:$G$12,0)) -> 2147.808 | AM24: 12 | AN24: 2050 | AO24: 2457 | AP24: 3570 | AQ24: 4453
C25: 13 | D25: 53 | E25: =E24+2 -> 65 | F25: 71 | G25: 77 | I25: 13 | J25: =_xlfn.XLOOKUP(OFFSET($C$12,$I25,MATCH($J$11,$D$12:$G$12,0)),主线推图!$B$313:$B$612,主线推图!$P$313:$P$612)*OFFSET($C$1,MATCH(J$12,$C$2:$C$7,0),MATCH($J$11,$D$12:$G$12,0)) -> 1399 | K25: =_xlfn.XLOOKUP(OFFSET($C$12,$I25,MATCH($J$11,$D$12:$G$12,0)),巡逻产出!$B$311:$B$610,巡逻产出!$R$311:$R$610)*OFFSET($C$1,MATCH(K$12,$C$2:$C$7,0),MATCH($J$11,$D$12:$G$12,0)) -> 619.75 | L25: =_xlfn.XLOOKUP(MAX(INT((OFFSET($C$12,$I25,MATCH($J$11,$D$12:$G$12,0))-6)/10),1),组队产出!$B$25:$B$39,组队产出!$P$25:$P$39)*OFFSET($C$1,MATCH(L$12,$C$2:$C$7,0),MATCH($J$11,$D$12:$G$12,0)) -> 1100.4 | M25: =竞技场!$G$3*OFFSET($C$1,MATCH(M$12,$C$2:$C$7,0),MATCH($J$11,$D$12:$G$12,0)) -> 1050 | N25: =_xlfn.XLOOKUP(OFFSET($C$1,MATCH(N$12,$C$2:$C$8,0),MATCH($J$11,$D$12:$G$12,0)),竞技场!$J$10:$J$17,竞技场!$N$10:$N$17)+_xlfn.XLOOKUP(OFFSET($C$1,MATCH(N$12,$C$2:$C$8,0),MATCH($J$11,$D$12:$G$12,0)),竞技场!$J$21:$J$29,竞技场!$O$21:$O$29) -> 261.42857 | O25: =任务!$G$6+任务!$G$9+IF(MOD(I25,7)=0,任务!$N$9+任务!$O$6,0) -> 895 | P25: =公会!$U$11 -> 2766.6286 | Q25: =_xlfn.XLOOKUP(OFFSET($C$12,$I25,MATCH($J$11,$D$12:$G$12,0)),巡逻产出!$B$311:$B$610,巡逻产出!$Q$311:$Q$610)*OFFSET($C$1,MATCH(Q$12,$C$2:$C$7,0),MATCH($J$11,$D$12:$G$12,0)) -> 1634.16 | S25: 13 | T25: =_xlfn.XLOOKUP(OFFSET($C$12,$I25,MATCH($T$11,$D$12:$G$12,0)),主线推图!$B$313:$B$612,主线推图!$P$313:$P$612)*OFFSET($C$1,MATCH(T$12,$C$2:$C$7,0),MATCH($T$11,$D$12:$G$12,0)) -> 2115 | U25: =_xlfn.XLOOKUP(OFFSET($C$12,$I25,MATCH($T$11,$D$12:$G$12,0)),巡逻产出!$B$311:$B$610,巡逻产出!$R$311:$R$610)*OFFSET($C$1,MATCH(U$12,$C$2:$C$7,0),MATCH($T$11,$D$12:$G$12,0)) -> 1867.5 | V25: =_xlfn.XLOOKUP(MAX(INT((OFFSET($C$12,$I25,MATCH($T$11,$D$12:$G$12,0))-6)/10),1),组队产出!$B$25:$B$39,组队产出!$P$25:$P$39)*OFFSET($C$1,MATCH(V$12,$C$2:$C$7,0),MATCH($T$11,$D$12:$G$12,0)) -> 2212.8 | W25: =竞技场!$G$3*OFFSET($C$1,MATCH(W$12,$C$2:$C$7,0),MATCH($T$11,$D$12:$G$12,0)) -> 2100 | X25: =_xlfn.XLOOKUP(OFFSET($C$1,MATCH(X$12,$C$2:$C$8,0),MATCH($T$11,$D$12:$G$12,0)),竞技场!$J$10:$J$17,竞技场!$N$10:$N$17)+_xlfn.XLOOKUP(OFFSET($C$1,MATCH(X$12,$C$2:$C$8,0),MATCH($T$11,$D$12:$G$12,0)),竞技场!$J$21:$J$29,竞技场!$O$21:$O$29) -> 431.42857 | Y25: =任务!$G$6+任务!$G$9+IF(MOD(S25,7)=0,任务!$N$9+任务!$O$6,0) -> 895 | Z25: =公会!$U$11 -> 2766.6286 | AA25: =_xlfn.XLOOKUP(OFFSET($C$12,$I25,MATCH($T$11,$D$12:$G$12,0)),巡逻产出!$B$311:$B$610,巡逻产出!$Q$311:$Q$610)*OFFSET($C$1,MATCH(AA$12,$C$2:$C$7,0),MATCH($T$11,$D$12:$G$12,0)) -> 2141.568 | AC25: 13 | AD25: =_xlfn.XLOOKUP(OFFSET($C$12,$I25,MATCH($AD$11,$D$12:$G$12,0)),主线推图!$B$313:$B$612,主线推图!$P$313:$P$612)*OFFSET($C$1,MATCH(AD$12,$C$2:$C$7,0),MATCH($AD$11,$D$12:$G$12,0)) -> 3115.2 | AE25: =_xlfn.XLOOKUP(OFFSET($C$12,$I25,MATCH($AD$11,$D$12:$G$12,0)),巡逻产出!$B$311:$B$610,巡逻产出!$R$311:$R$610)*OFFSET($C$1,MATCH(AE$12,$C$2:$C$7,0),MATCH($AD$11,$D$12:$G$12,0)) -> 0 | AF25: =_xlfn.XLOOKUP(MAX(INT((OFFSET($C$12,$I25,MATCH($AD$11,$D$12:$G$12,0))-6)/10),1),组队产出!$B$25:$B$39,组队产出!$P$25:$P$39)*OFFSET($C$1,MATCH(AF$12,$C$2:$C$7,0),MATCH($AD$11,$D$12:$G$12,0)) -> 2224.8 | AG25: =竞技场!$G$3*OFFSET($C$1,MATCH(AG$12,$C$2:$C$7,0),MATCH($AD$11,$D$12:$G$12,0)) -> 3150 | AH25: =_xlfn.XLOOKUP(OFFSET($C$1,MATCH(AH$12,$C$2:$C$8,0),MATCH($AD$11,$D$12:$G$12,0)),竞技场!$J$10:$J$17,竞技场!$N$10:$N$17)+_xlfn.XLOOKUP(OFFSET($C$1,MATCH(AH$12,$C$2:$C$8,0),MATCH($AD$11,$D$12:$G$12,0)),竞技场!$J$21:$J$29,竞技场!$O$21:$O$29) -> 618.57143 | AI25: =任务!$G$6+任务!$G$9+IF(MOD(AC25,7)=0,任务!$N$9+任务!$O$6,0) -> 895 | AJ25: =公会!$U$11 -> 2766.6286 | AK25: =_xlfn.XLOOKUP(OFFSET($C$12,$I25,MATCH($AD$11,$D$12:$G$12,0)),巡逻产出!$B$311:$B$610,巡逻产出!$Q$311:$Q$610)*OFFSET($C$1,MATCH(AK$12,$C$2:$C$7,0),MATCH($AD$11,$D$12:$G$12,0)) -> 2150.928 | AM25: 13 | AN25: 2164 | AO25: 2600 | AP25: 3798 | AQ25: 4755
