Workbook

Sheet 说明
A1: 载具养成
A3: 说明
C5: 载具强化与零件
D6: 载具属性=载具强化（耐久）+零件升级（攻击力/耐久），总坑深见「载具属性」
D7: 零件升级消耗【零件碎片】+【金币】；零件品质 史诗/传说/神话/创世，碎片价值200/400/800/1600钻
D8: 零件抽取产出见「载具产出」，各分层拿到的零件见「载具预期」
D9: 开放：配置为开服第22天+第60章（「养成规划」写的29天+50关已过时）
C11: 载具技能
D12: 零件技能（耐久、反伤、半场增伤、护盾等）见「载具属性」G519起
C16: 关联配置
D18: 配置 | E18: 字段 | F18: 值 | G18: 说明
D19: Z_载具养成_vehicle_data | G19: *强化、零件、技能
D20: D_道具_item_data | G20: *零件、碎片道具
G22: *预留最后一行
A24: 本页结束

Sheet 养成规划
A1: 养成属性
C3: 属性规划
D5: 功能开启
E6: 29天+50关
A21: 本页结束

Sheet 载具属性
A1: 设计思路
C3: 属性规划
D5: 属性总览 | E5: 载具耐久 | F5: 攻击力
D6: 载具强化 | E6: =SUM(F98:F497) -> 38950
D7: 零件升级 | E7: {=SUMPRODUCT(L30:O30,$L$93:$O$93)} -> 25200 | F7: {=SUMPRODUCT(P30:S30,P93:S93)} -> 9720
F9: =_xlfn.XLOOKUP(F10,价值表!$F:$F,价值表!$H:$H) -> 1 | G9: =_xlfn.XLOOKUP(G10,价值表!$F:$F,价值表!$H:$H) -> 0.05 | H9: =_xlfn.XLOOKUP(H10,价值表!$F:$F,价值表!$H:$H) -> 200 | I9: =_xlfn.XLOOKUP(I10,价值表!$F:$F,价值表!$H:$H) -> 400 | J9: =_xlfn.XLOOKUP(J10,价值表!$F:$F,价值表!$H:$H) -> 800 | K9: =_xlfn.XLOOKUP(K10,价值表!$F:$F,价值表!$H:$H) -> 1600
D10: 总坑深 | E10: 数量 | F10: 零件 | G10: 金币 | H10: 史诗零件碎片 | I10: 传说零件碎片 | J10: 神话零件碎片 | K10: 创世零件碎片 | L10: 总坑深
D11: 载具强化 | E11: 1 | F11: =SUM(H98:H497)*F9 -> 1024950 | L11: =SUM(F11:K11)*E11 -> 1024950
D12: 史诗零件升级 | E12: 3 | G12: =SUM(H33:H92)*G9 -> 10841.25 | H12: =SUM($F$33:$F$92)*H$9 -> 1211000 | L12: =SUM(F12:K12)*E12 -> 3665523.8
D13: 传说零件升级 | E13: 4 | G13: =SUM(I33:I92)*G9 -> 18068.75 | I13: =SUM($F$33:$F$92)*I$9 -> 2422000 | L13: =SUM(F13:K13)*E13 -> 9760275
D14: 神话零件升级 | E14: 6 | G14: =SUM(J33:J92)*G9 -> 28910 | J14: =SUM($F$33:$F$92)*J$9 -> 4844000 | L14: =SUM(F14:K14)*E14 -> 29237460
D15: 创世零件升级 | E15: 8 | G15: =SUM(K33:K92)*G9 -> 43365 | K15: =SUM($F$33:$F$92)*K$9 -> 9688000 | L15: =SUM(F15:K15)*E15 -> 77850920
A26: 载具养成数值和消耗
C28: 养成数值
F30: *升下级消耗 | H30: *升下级消耗 | L30: 2 | M30: 2 | N30: 2 | O30: 2 | P30: 1 | Q30: 2 | R30: 4 | S30: 6
H31: 金币消耗 | L31: 耐久加成 | P31: 攻击加成
D32: 载具零件 | E32: 等级 | F32: 升级消耗 | G32: 升级总消耗 | H32: 史诗零件 | I32: 传说零件 | J32: 神话零件 | K32: 创世零件 | L32: 史诗零件 | M32: 传说零件 | N32: 神话零件 | O32: 创世零件 | P32: 史诗零件 | Q32: 传说零件 | R32: 神话零件 | S32: 创世零件
D33: 零件 | E33: 0 | F33: 10 | G33: =SUM($F$33:F33) -> 10
D34: 零件 | E34: =E33+1 -> 1 | F34: 5 | G34: =SUM($F$33:F34) -> 15 | H34: 1500 | I34: 2500 | J34: 4000 | K34: 6000 | L34: 30 | M34: 45 | N34: 60 | O34: 75 | P34: 6 | Q34: 9 | R34: 12 | S34: 15 | U34: ="[{2,"&H34&"}]" -> [{2,1500}] | V34: ="[{2,"&I34&"}]" -> [{2,2500}] | W34: ="[{2,"&J34&"}]" -> [{2,4000}] | X34: ="[{2,"&K34&"}]" -> [{2,6000}]
D35: 零件 | E35: =E34+1 -> 2 | F35: 5 | G35: =SUM($F$33:F35) -> 20 | H35: =H34+75 -> 1575 | I35: =I34+125 -> 2625 | J35: =J34+200 -> 4200 | K35: =K34+300 -> 6300 | L35: =L$34*$E35 -> 60 | M35: =M$34*$E35 -> 90 | N35: =N$34*$E35 -> 120 | O35: =O$34*$E35 -> 150 | P35: =P$34*$E35 -> 12 | Q35: =Q$34*$E35 -> 18 | R35: =R$34*$E35 -> 24 | S35: =S$34*$E35 -> 30 | U35: ="[{2,"&H35&"}]" -> [{2,1575}] | V35: ="[{2,"&I35&"}]" -> [{2,2625}] | W35: ="[{2,"&J35&"}]" -> [{2,4200}] | X35: ="[{2,"&K35&"}]" -> [{2,6300}]
D36: 零件 | E36: =E35+1 -> 3 | F36: 5 | G36: =SUM($F$33:F36) -> 25 | H36: =H35+75 -> 1650 | I36: =I35+125 -> 2750 | J36: =J35+200 -> 4400 | K36: =K35+300 -> 6600 | L36: =L$34*$E36 -> 90 | M36: =M$34*$E36 -> 135 | N36: =N$34*$E36 -> 180 | O36: =O$34*$E36 -> 225 | P36: =P$34*$E36 -> 18 | Q36: =Q$34*$E36 -> 27 | R36: =R$34*$E36 -> 36 | S36: =S$34*$E36 -> 45 | U36: ="[{2,"&H36&"}]" -> [{2,1650}] | V36: ="[{2,"&I36&"}]" -> [{2,2750}] | W36: ="[{2,"&J36&"}]" -> [{2,4400}] | X36: ="[{2,"&K36&"}]" -> [{2,6600}]
D37: 零件 | E37: =E36+1 -> 4 | F37: 5 | G37: =SUM($F$33:F37) -> 30 | H37: =H36+75 -> 1725 | I37: =I36+125 -> 2875 | J37: =J36+200 -> 4600 | K37: =K36+300 -> 6900 | L37: =L$34*$E37 -> 120 | M37: =M$34*$E37 -> 180 | N37: =N$34*$E37 -> 240 | O37: =O$34*$E37 -> 300 | P37: =P$34*$E37 -> 24 | Q37: =Q$34*$E37 -> 36 | R37: =R$34*$E37 -> 48 | S37: =S$34*$E37 -> 60 | U37: ="[{2,"&H37&"}]" -> [{2,1725}] | V37: ="[{2,"&I37&"}]" -> [{2,2875}] | W37: ="[{2,"&J37&"}]" -> [{2,4600}] | X37: ="[{2,"&K37&"}]" -> [{2,6900}]
D38: 零件 | E38: =E37+1 -> 5 | F38: 10 | G38: =SUM($F$33:F38) -> 40 | H38: =H37+75 -> 1800 | I38: =I37+125 -> 3000 | J38: =J37+200 -> 4800 | K38: =K37+300 -> 7200 | L38: =L$34*$E38 -> 150 | M38: =M$34*$E38 -> 225 | N38: =N$34*$E38 -> 300 | O38: =O$34*$E38 -> 375 | P38: =P$34*$E38 -> 30 | Q38: =Q$34*$E38 -> 45 | R38: =R$34*$E38 -> 60 | S38: =S$34*$E38 -> 75 | U38: ="[{2,"&H38&"}]" -> [{2,1800}] | V38: ="[{2,"&I38&"}]" -> [{2,3000}] | W38: ="[{2,"&J38&"}]" -> [{2,4800}] | X38: ="[{2,"&K38&"}]" -> [{2,7200}]
D39: 零件 | E39: =E38+1 -> 6 | F39: 10 | G39: =SUM($F$33:F39) -> 50 | H39: =H38+75 -> 1875 | I39: =I38+125 -> 3125 | J39: =J38+200 -> 5000 | K39: =K38+300 -> 7500 | L39: =L$34*$E39 -> 180 | M39: =M$34*$E39 -> 270 | N39: =N$34*$E39 -> 360 | O39: =O$34*$E39 -> 450 | P39: =P$34*$E39 -> 36 | Q39: =Q$34*$E39 -> 54 | R39: =R$34*$E39 -> 72 | S39: =S$34*$E39 -> 90 | U39: ="[{2,"&H39&"}]" -> [{2,1875}] | V39: ="[{2,"&I39&"}]" -> [{2,3125}] | W39: ="[{2,"&J39&"}]" -> [{2,5000}] | X39: ="[{2,"&K39&"}]" -> [{2,7500}]
D40: 零件 | E40: =E39+1 -> 7 | F40: 10 | G40: =SUM($F$33:F40) -> 60 | H40: =H39+75 -> 1950 | I40: =I39+125 -> 3250 | J40: =J39+200 -> 5200 | K40: =K39+300 -> 7800 | L40: =L$34*$E40 -> 210 | M40: =M$34*$E40 -> 315 | N40: =N$34*$E40 -> 420 | O40: =O$34*$E40 -> 525 | P40: =P$34*$E40 -> 42 | Q40: =Q$34*$E40 -> 63 | R40: =R$34*$E40 -> 84 | S40: =S$34*$E40 -> 105 | U40: ="[{2,"&H40&"}]" -> [{2,1950}] | V40: ="[{2,"&I40&"}]" -> [{2,3250}] | W40: ="[{2,"&J40&"}]" -> [{2,5200}] | X40: ="[{2,"&K40&"}]" -> [{2,7800}]
D41: 零件 | E41: =E40+1 -> 8 | F41: 10 | G41: =SUM($F$33:F41) -> 70 | H41: =H40+75 -> 2025 | I41: =I40+125 -> 3375 | J41: =J40+200 -> 5400 | K41: =K40+300 -> 8100 | L41: =L$34*$E41 -> 240 | M41: =M$34*$E41 -> 360 | N41: =N$34*$E41 -> 480 | O41: =O$34*$E41 -> 600 | P41: =P$34*$E41 -> 48 | Q41: =Q$34*$E41 -> 72 | R41: =R$34*$E41 -> 96 | S41: =S$34*$E41 -> 120 | U41: ="[{2,"&H41&"}]" -> [{2,2025}] | V41: ="[{2,"&I41&"}]" -> [{2,3375}] | W41: ="[{2,"&J41&"}]" -> [{2,5400}] | X41: ="[{2,"&K41&"}]" -> [{2,8100}]
D42: 零件 | E42: =E41+1 -> 9 | F42: 10 | G42: =SUM($F$33:F42) -> 80 | H42: =H41+75 -> 2100 | I42: =I41+125 -> 3500 | J42: =J41+200 -> 5600 | K42: =K41+300 -> 8400 | L42: =L$34*$E42 -> 270 | M42: =M$34*$E42 -> 405 | N42: =N$34*$E42 -> 540 | O42: =O$34*$E42 -> 675 | P42: =P$34*$E42 -> 54 | Q42: =Q$34*$E42 -> 81 | R42: =R$34*$E42 -> 108 | S42: =S$34*$E42 -> 135 | U42: ="[{2,"&H42&"}]" -> [{2,2100}] | V42: ="[{2,"&I42&"}]" -> [{2,3500}] | W42: ="[{2,"&J42&"}]" -> [{2,5600}] | X42: ="[{2,"&K42&"}]" -> [{2,8400}]
D43: 零件 | E43: =E42+1 -> 10 | F43: 25 | G43: =SUM($F$33:F43) -> 105 | H43: =H42+75 -> 2175 | I43: =I42+125 -> 3625 | J43: =J42+200 -> 5800 | K43: =K42+300 -> 8700 | L43: =L$34*$E43 -> 300 | M43: =M$34*$E43 -> 450 | N43: =N$34*$E43 -> 600 | O43: =O$34*$E43 -> 750 | P43: =P$34*$E43 -> 60 | Q43: =Q$34*$E43 -> 90 | R43: =R$34*$E43 -> 120 | S43: =S$34*$E43 -> 150 | U43: ="[{2,"&H43&"}]" -> [{2,2175}] | V43: ="[{2,"&I43&"}]" -> [{2,3625}] | W43: ="[{2,"&J43&"}]" -> [{2,5800}] | X43: ="[{2,"&K43&"}]" -> [{2,8700}]
D44: 零件 | E44: =E43+1 -> 11 | F44: 25 | G44: =SUM($F$33:F44) -> 130 | H44: =H43+75 -> 2250 | I44: =I43+125 -> 3750 | J44: =J43+200 -> 6000 | K44: =K43+300 -> 9000 | L44: =L$34*$E44 -> 330 | M44: =M$34*$E44 -> 495 | N44: =N$34*$E44 -> 660 | O44: =O$34*$E44 -> 825 | P44: =P$34*$E44 -> 66 | Q44: =Q$34*$E44 -> 99 | R44: =R$34*$E44 -> 132 | S44: =S$34*$E44 -> 165 | U44: ="[{2,"&H44&"}]" -> [{2,2250}] | V44: ="[{2,"&I44&"}]" -> [{2,3750}] | W44: ="[{2,"&J44&"}]" -> [{2,6000}] | X44: ="[{2,"&K44&"}]" -> [{2,9000}]
D45: 零件 | E45: =E44+1 -> 12 | F45: 25 | G45: =SUM($F$33:F45) -> 155 | H45: =H44+75 -> 2325 | I45: =I44+125 -> 3875 | J45: =J44+200 -> 6200 | K45: =K44+300 -> 9300 | L45: =L$34*$E45 -> 360 | M45: =M$34*$E45 -> 540 | N45: =N$34*$E45 -> 720 | O45: =O$34*$E45 -> 900 | P45: =P$34*$E45 -> 72 | Q45: =Q$34*$E45 -> 108 | R45: =R$34*$E45 -> 144 | S45: =S$34*$E45 -> 180 | U45: ="[{2,"&H45&"}]" -> [{2,2325}] | V45: ="[{2,"&I45&"}]" -> [{2,3875}] | W45: ="[{2,"&J45&"}]" -> [{2,6200}] | X45: ="[{2,"&K45&"}]" -> [{2,9300}]
D46: 零件 | E46: =E45+1 -> 13 | F46: 25 | G46: =SUM($F$33:F46) -> 180 | H46: =H45+75 -> 2400 | I46: =I45+125 -> 4000 | J46: =J45+200 -> 6400 | K46: =K45+300 -> 9600 | L46: =L$34*$E46 -> 390 | M46: =M$34*$E46 -> 585 | N46: =N$34*$E46 -> 780 | O46: =O$34*$E46 -> 975 | P46: =P$34*$E46 -> 78 | Q46: =Q$34*$E46 -> 117 | R46: =R$34*$E46 -> 156 | S46: =S$34*$E46 -> 195 | U46: ="[{2,"&H46&"}]" -> [{2,2400}] | V46: ="[{2,"&I46&"}]" -> [{2,4000}] | W46: ="[{2,"&J46&"}]" -> [{2,6400}] | X46: ="[{2,"&K46&"}]" -> [{2,9600}]
... D92: 零件 | E92: =E91+1 -> 59 | F92: 210 | G92: =SUM($F$33:F92) -> 6055 | H92: =H91+75 -> 5850 | I92: =I91+125 -> 9750 | J92: =J91+200 -> 15600 | K92: =K91+300 -> 23400 | L92: =L$34*$E92 -> 1770 | M92: =M$34*$E92 -> 2655 | N92: =N$34*$E92 -> 3540 | O92: =O$34*$E92 -> 4425 | P92: =P$34*$E92 -> 354 | Q92: =Q$34*$E92 -> 531 | R92: =R$34*$E92 -> 708 | S92: =S$34*$E92 -> 885 | U92: ="[{2,"&H92&"}]" -> [{2,5850}] | V92: ="[{2,"&I92&"}]" -> [{2,9750}] | W92: ="[{2,"&J92&"}]" -> [{2,15600}] | X92: ="[{2,"&K92&"}]" -> [{2,23400}]
D93: 零件 | E93: =E92+1 -> 60 | L93: =L$34*$E93 -> 1800 | M93: =M$34*$E93 -> 2700 | N93: =N$34*$E93 -> 3600 | O93: =O$34*$E93 -> 4500 | P93: =P$34*$E93 -> 360 | Q93: =Q$34*$E93 -> 540 | R93: =R$34*$E93 -> 720 | S93: =S$34*$E93 -> 900
H96: 零件消耗
D97: 载具零件 | E97: 等级 | F97: 耐久加成 | G97: 当前耐久 | H97: 零件消耗 | I97: 零件总消耗
D98: 载具 | E98: 1 | I98: =SUM($H$98:H98) -> 0 | J98: ="[{max_hp,"&F98&"}]" -> [{max_hp,}] | K98: ="[{63,"&H98&"}]" -> [{63,}]
D99: 载具 | E99: =E98+1 -> 2 | F99: =G99-G98 -> 50 | G99: 50 | H99: 100 | I99: =SUM($H$98:H99) -> 100 | J99: ="[{max_hp,"&F99&"}]" -> [{max_hp,50}] | K99: ="[{63,"&H99&"}]" -> [{63,100}]
D100: 载具 | E100: =E99+1 -> 3 | F100: =G100-G99 -> 50 | G100: 100 | H100: 100 | I100: =SUM($H$98:H100) -> 200 | J100: ="[{max_hp,"&F100&"}]" -> [{max_hp,50}] | K100: ="[{63,"&H100&"}]" -> [{63,100}]
D101: 载具 | E101: =E100+1 -> 4 | F101: =G101-G100 -> 50 | G101: 150 | H101: 100 | I101: =SUM($H$98:H101) -> 300 | J101: ="[{max_hp,"&F101&"}]" -> [{max_hp,50}] | K101: ="[{63,"&H101&"}]" -> [{63,100}]
D102: 载具 | E102: =E101+1 -> 5 | F102: =G102-G101 -> 50 | G102: 200 | H102: 100 | I102: =SUM($H$98:H102) -> 400 | J102: ="[{max_hp,"&F102&"}]" -> [{max_hp,50}] | K102: ="[{63,"&H102&"}]" -> [{63,100}]
D103: 载具 | E103: =E102+1 -> 6 | F103: =G103-G102 -> 50 | G103: 250 | H103: 150 | I103: =SUM($H$98:H103) -> 550 | J103: ="[{max_hp,"&F103&"}]" -> [{max_hp,50}] | K103: ="[{63,"&H103&"}]" -> [{63,150}]
D104: 载具 | E104: =E103+1 -> 7 | F104: =G104-G103 -> 50 | G104: 300 | H104: 150 | I104: =SUM($H$98:H104) -> 700 | J104: ="[{max_hp,"&F104&"}]" -> [{max_hp,50}] | K104: ="[{63,"&H104&"}]" -> [{63,150}]
D105: 载具 | E105: =E104+1 -> 8 | F105: =G105-G104 -> 50 | G105: 350 | H105: 150 | I105: =SUM($H$98:H105) -> 850 | J105: ="[{max_hp,"&F105&"}]" -> [{max_hp,50}] | K105: ="[{63,"&H105&"}]" -> [{63,150}]
D106: 载具 | E106: =E105+1 -> 9 | F106: =G106-G105 -> 50 | G106: 400 | H106: 150 | I106: =SUM($H$98:H106) -> 1000 | J106: ="[{max_hp,"&F106&"}]" -> [{max_hp,50}] | K106: ="[{63,"&H106&"}]" -> [{63,150}]
D107: 载具 | E107: =E106+1 -> 10 | F107: =G107-G106 -> 50 | G107: 450 | H107: 200 | I107: =SUM($H$98:H107) -> 1200 | J107: ="[{max_hp,"&F107&"}]" -> [{max_hp,50}] | K107: ="[{63,"&H107&"}]" -> [{63,200}]
D108: 载具 | E108: =E107+1 -> 11 | F108: =G108-G107 -> 50 | G108: 500 | H108: 200 | I108: =SUM($H$98:H108) -> 1400 | J108: ="[{max_hp,"&F108&"}]" -> [{max_hp,50}] | K108: ="[{63,"&H108&"}]" -> [{63,200}]
D109: 载具 | E109: =E108+1 -> 12 | F109: =G109-G108 -> 50 | G109: 550 | H109: 200 | I109: =SUM($H$98:H109) -> 1600 | J109: ="[{max_hp,"&F109&"}]" -> [{max_hp,50}] | K109: ="[{63,"&H109&"}]" -> [{63,200}]
D110: 载具 | E110: =E109+1 -> 13 | F110: =G110-G109 -> 50 | G110: 600 | H110: 200 | I110: =SUM($H$98:H110) -> 1800 | J110: ="[{max_hp,"&F110&"}]" -> [{max_hp,50}] | K110: ="[{63,"&H110&"}]" -> [{63,200}]
... D497: 载具 | E497: =E496+1 -> 400 | F497: =G497-G496 -> 145 | G497: 38950 | H497: 5050 | I497: =SUM($H$98:H497) -> 1024950 | J497: ="[{max_hp,"&F497&"}]" -> [{max_hp,145}] | K497: ="[{63,"&H497&"}]" -> [{63,5050}]
C500: 强化数值
D503: 招募释放 | E503: 招募释放 | F503: 等级 | G503: 效果 | J503: 参数 | K503: 质变属性
D504: 1 | E504: =OFFSET(载具产出!$F$19,D504,0) -> 硬硬护板 | F504: 1 | G504: =SUBSTITUTE(_xlfn.XLOOKUP(E504,载具产出!$F$19:$F$40,载具产出!$N$19:$N$40),"%d",J504)&IF(K504="","",","&K504) -> 载具护盾+100 | J504: 100
D505: 1 | E505: =OFFSET(载具产出!$F$19,D505,0) -> 硬硬护板 | F505: 5 | G505: =SUBSTITUTE(_xlfn.XLOOKUP(E505,载具产出!$F$19:$F$40,载具产出!$N$19:$N$40),"%d",J505)&IF(K505="","",","&K505) -> 载具护盾+200 | J505: 200
D506: 1 | E506: =OFFSET(载具产出!$F$19,D506,0) -> 硬硬护板 | F506: 10 | G506: =SUBSTITUTE(_xlfn.XLOOKUP(E506,载具产出!$F$19:$F$40,载具产出!$N$19:$N$40),"%d",J506)&IF(K506="","",","&K506) -> 载具护盾+300 | J506: 300
D507: 1 | E507: =OFFSET(载具产出!$F$19,D507,0) -> 硬硬护板 | F507: 15 | G507: =SUBSTITUTE(_xlfn.XLOOKUP(E507,载具产出!$F$19:$F$40,载具产出!$N$19:$N$40),"%d",J507)&IF(K507="","",","&K507) -> 载具护盾+400 | J507: 400
D508: 1 | E508: =OFFSET(载具产出!$F$19,D508,0) -> 硬硬护板 | F508: 20 | G508: =SUBSTITUTE(_xlfn.XLOOKUP(E508,载具产出!$F$19:$F$40,载具产出!$N$19:$N$40),"%d",J508)&IF(K508="","",","&K508) -> 载具护盾+500 | J508: 500
D509: 1 | E509: =OFFSET(载具产出!$F$19,D509,0) -> 硬硬护板 | F509: 25 | G509: =SUBSTITUTE(_xlfn.XLOOKUP(E509,载具产出!$F$19:$F$40,载具产出!$N$19:$N$40),"%d",J509)&IF(K509="","",","&K509) -> 载具护盾+600 | J509: 600
D510: 1 | E510: =OFFSET(载具产出!$F$19,D510,0) -> 硬硬护板 | F510: 30 | G510: =SUBSTITUTE(_xlfn.XLOOKUP(E510,载具产出!$F$19:$F$40,载具产出!$N$19:$N$40),"%d",J510)&IF(K510="","",","&K510) -> 载具护盾+700 | J510: 700
D511: 1 | E511: =OFFSET(载具产出!$F$19,D511,0) -> 硬硬护板 | F511: 35 | G511: =SUBSTITUTE(_xlfn.XLOOKUP(E511,载具产出!$F$19:$F$40,载具产出!$N$19:$N$40),"%d",J511)&IF(K511="","",","&K511) -> 载具护盾+800 | J511: 800
D512: 1 | E512: =OFFSET(载具产出!$F$19,D512,0) -> 硬硬护板 | F512: 40 | G512: =SUBSTITUTE(_xlfn.XLOOKUP(E512,载具产出!$F$19:$F$40,载具产出!$N$19:$N$40),"%d",J512)&IF(K512="","",","&K512) -> 载具护盾+900 | J512: 900
D513: 1 | E513: =OFFSET(载具产出!$F$19,D513,0) -> 硬硬护板 | F513: 45 | G513: =SUBSTITUTE(_xlfn.XLOOKUP(E513,载具产出!$F$19:$F$40,载具产出!$N$19:$N$40),"%d",J513)&IF(K513="","",","&K513) -> 载具护盾+1000 | J513: 1000
D514: 1 | E514: =OFFSET(载具产出!$F$19,D514,0) -> 硬硬护板 | F514: 50 | G514: =SUBSTITUTE(_xlfn.XLOOKUP(E514,载具产出!$F$19:$F$40,载具产出!$N$19:$N$40),"%d",J514)&IF(K514="","",","&K514) -> 载具护盾+1100 | J514: 1100
D515: 1 | E515: =OFFSET(载具产出!$F$19,D515,0) -> 硬硬护板 | F515: 55 | G515: =SUBSTITUTE(_xlfn.XLOOKUP(E515,载具产出!$F$19:$F$40,载具产出!$N$19:$N$40),"%d",J515)&IF(K515="","",","&K515) -> 载具护盾+1200 | J515: 1200
D516: 1 | E516: =OFFSET(载具产出!$F$19,D516,0) -> 硬硬护板 | F516: 60 | G516: =SUBSTITUTE(_xlfn.XLOOKUP(E516,载具产出!$F$19:$F$40,载具产出!$N$19:$N$40),"%d",J516)&IF(K516="","",","&K516) -> 载具护盾+1300 | J516: 1300
D517: =IF(F516=60,D516+1,D516) -> 2 | E517: =OFFSET(载具产出!$F$19,D517,0) -> 厚到离谱壳 | F517: =F504 -> 1 | G517: =SUBSTITUTE(_xlfn.XLOOKUP(E517,载具产出!$F$19:$F$40,载具产出!$N$19:$N$40),"%d",J517)&IF(K517="","",","&K517) -> 载具耐久+120 | J517: 120
D518: =IF(F517=60,D517+1,D517) -> 2 | E518: =OFFSET(载具产出!$F$19,D518,0) -> 厚到离谱壳 | F518: =F505 -> 5 | G518: =SUBSTITUTE(_xlfn.XLOOKUP(E518,载具产出!$F$19:$F$40,载具产出!$N$19:$N$40),"%d",J518)&IF(K518="","",","&K518) -> 载具耐久+240 | J518: 240
D519: =IF(F518=60,D518+1,D518) -> 2 | E519: =OFFSET(载具产出!$F$19,D519,0) -> 厚到离谱壳 | F519: =F506 -> 10 | G519: =SUBSTITUTE(_xlfn.XLOOKUP(E519,载具产出!$F$19:$F$40,载具产出!$N$19:$N$40),"%d",J519)&IF(K519="","",","&K519) -> 载具耐久+360,受到伤害-1 | J519: 360 | K519: 受到伤害-1
D520: =IF(F519=60,D519+1,D519) -> 2 | E520: =OFFSET(载具产出!$F$19,D520,0) -> 厚到离谱壳 | F520: =F507 -> 15 | G520: =SUBSTITUTE(_xlfn.XLOOKUP(E520,载具产出!$F$19:$F$40,载具产出!$N$19:$N$40),"%d",J520)&IF(K520="","",","&K520) -> 载具耐久+480,受到伤害-1 | J520: 480 | K520: 受到伤害-1
D521: =IF(F520=60,D520+1,D520) -> 2 | E521: =OFFSET(载具产出!$F$19,D521,0) -> 厚到离谱壳 | F521: =F508 -> 20 | G521: =SUBSTITUTE(_xlfn.XLOOKUP(E521,载具产出!$F$19:$F$40,载具产出!$N$19:$N$40),"%d",J521)&IF(K521="","",","&K521) -> 载具耐久+600,受到伤害-2 | J521: 600 | K521: 受到伤害-2
D522: =IF(F521=60,D521+1,D521) -> 2 | E522: =OFFSET(载具产出!$F$19,D522,0) -> 厚到离谱壳 | F522: =F509 -> 25 | G522: =SUBSTITUTE(_xlfn.XLOOKUP(E522,载具产出!$F$19:$F$40,载具产出!$N$19:$N$40),"%d",J522)&IF(K522="","",","&K522) -> 载具耐久+720,受到伤害-2 | J522: 720 | K522: 受到伤害-2
D523: =IF(F522=60,D522+1,D522) -> 2 | E523: =OFFSET(载具产出!$F$19,D523,0) -> 厚到离谱壳 | F523: =F510 -> 30 | G523: =SUBSTITUTE(_xlfn.XLOOKUP(E523,载具产出!$F$19:$F$40,载具产出!$N$19:$N$40),"%d",J523)&IF(K523="","",","&K523) -> 载具耐久+840,受到伤害-3 | J523: 840 | K523: 受到伤害-3
D524: =IF(F523=60,D523+1,D523) -> 2 | E524: =OFFSET(载具产出!$F$19,D524,0) -> 厚到离谱壳 | F524: =F511 -> 35 | G524: =SUBSTITUTE(_xlfn.XLOOKUP(E524,载具产出!$F$19:$F$40,载具产出!$N$19:$N$40),"%d",J524)&IF(K524="","",","&K524) -> 载具耐久+960,受到伤害-3 | J524: 960 | K524: 受到伤害-3
D525: =IF(F524=60,D524+1,D524) -> 2 | E525: =OFFSET(载具产出!$F$19,D525,0) -> 厚到离谱壳 | F525: =F512 -> 40 | G525: =SUBSTITUTE(_xlfn.XLOOKUP(E525,载具产出!$F$19:$F$40,载具产出!$N$19:$N$40),"%d",J525)&IF(K525="","",","&K525) -> 载具耐久+1080,受到伤害-4 | J525: 1080 | K525: 受到伤害-4
D526: =IF(F525=60,D525+1,D525) -> 2 | E526: =OFFSET(载具产出!$F$19,D526,0) -> 厚到离谱壳 | F526: =F513 -> 45 | G526: =SUBSTITUTE(_xlfn.XLOOKUP(E526,载具产出!$F$19:$F$40,载具产出!$N$19:$N$40),"%d",J526)&IF(K526="","",","&K526) -> 载具耐久+1200,受到伤害-4 | J526: 1200 | K526: 受到伤害-4
D527: =IF(F526=60,D526+1,D526) -> 2 | E527: =OFFSET(载具产出!$F$19,D527,0) -> 厚到离谱壳 | F527: =F514 -> 50 | G527: =SUBSTITUTE(_xlfn.XLOOKUP(E527,载具产出!$F$19:$F$40,载具产出!$N$19:$N$40),"%d",J527)&IF(K527="","",","&K527) -> 载具耐久+1320,受到伤害-5 | J527: 1320 | K527: 受到伤害-5
D528: =IF(F527=60,D527+1,D527) -> 2 | E528: =OFFSET(载具产出!$F$19,D528,0) -> 厚到离谱壳 | F528: =F515 -> 55 | G528: =SUBSTITUTE(_xlfn.XLOOKUP(E528,载具产出!$F$19:$F$40,载具产出!$N$19:$N$40),"%d",J528)&IF(K528="","",","&K528) -> 载具耐久+1440,受到伤害-5 | J528: 1440 | K528: 受到伤害-5
D529: =IF(F528=60,D528+1,D528) -> 2 | E529: =OFFSET(载具产出!$F$19,D529,0) -> 厚到离谱壳 | F529: =F516 -> 60 | G529: =SUBSTITUTE(_xlfn.XLOOKUP(E529,载具产出!$F$19:$F$40,载具产出!$N$19:$N$40),"%d",J529)&IF(K529="","",","&K529) -> 载具耐久+1560,受到伤害-6 | J529: 1560 | K529: 受到伤害-6
D530: =IF(F529=60,D529+1,D529) -> 3 | E530: =OFFSET(载具产出!$F$19,D530,0) -> 你打你疼板 | F530: =F517 -> 1 | G530: =SUBSTITUTE(_xlfn.XLOOKUP(E530,载具产出!$F$19:$F$40,载具产出!$N$19:$N$40),"%d",J530)&IF(K530="","",","&K530) -> 载具对攻击者造成队长100%的伤害 | J530: 100
D531: =IF(F530=60,D530+1,D530) -> 3 | E531: =OFFSET(载具产出!$F$19,D531,0) -> 你打你疼板 | F531: =F518 -> 5 | G531: =SUBSTITUTE(_xlfn.XLOOKUP(E531,载具产出!$F$19:$F$40,载具产出!$N$19:$N$40),"%d",J531)&IF(K531="","",","&K531) -> 载具对攻击者造成队长120%的伤害 | J531: 120
D532: =IF(F531=60,D531+1,D531) -> 3 | E532: =OFFSET(载具产出!$F$19,D532,0) -> 你打你疼板 | F532: =F519 -> 10 | G532: =SUBSTITUTE(_xlfn.XLOOKUP(E532,载具产出!$F$19:$F$40,载具产出!$N$19:$N$40),"%d",J532)&IF(K532="","",","&K532) -> 载具对攻击者造成队长140%的伤害,缩短咻咻锤0.1秒技能冷却 | J532: 140 | K532: 缩短咻咻锤0.1秒技能冷却
D533: =IF(F532=60,D532+1,D532) -> 3 | E533: =OFFSET(载具产出!$F$19,D533,0) -> 你打你疼板 | F533: =F520 -> 15 | G533: =SUBSTITUTE(_xlfn.XLOOKUP(E533,载具产出!$F$19:$F$40,载具产出!$N$19:$N$40),"%d",J533)&IF(K533="","",","&K533) -> 载具对攻击者造成队长160%的伤害,缩短咻咻锤0.1秒技能冷却 | J533: 160 | K533: 缩短咻咻锤0.1秒技能冷却
D534: =IF(F533=60,D533+1,D533) -> 3 | E534: =OFFSET(载具产出!$F$19,D534,0) -> 你打你疼板 | F534: =F521 -> 20 | G534: =SUBSTITUTE(_xlfn.XLOOKUP(E534,载具产出!$F$19:$F$40,载具产出!$N$19:$N$40),"%d",J534)&IF(K534="","",","&K534) -> 载具对攻击者造成队长180%的伤害,缩短咻咻锤0.2秒技能冷却 | J534: 180 | K534: 缩短咻咻锤0.2秒技能冷却
D535: =IF(F534=60,D534+1,D534) -> 3 | E535: =OFFSET(载具产出!$F$19,D535,0) -> 你打你疼板 | F535: =F522 -> 25 | G535: =SUBSTITUTE(_xlfn.XLOOKUP(E535,载具产出!$F$19:$F$40,载具产出!$N$19:$N$40),"%d",J535)&IF(K535="","",","&K535) -> 载具对攻击者造成队长200%的伤害,缩短咻咻锤0.2秒技能冷却 | J535: 200 | K535: 缩短咻咻锤0.2秒技能冷却
D536: =IF(F535=60,D535+1,D535) -> 3 | E536: =OFFSET(载具产出!$F$19,D536,0) -> 你打你疼板 | F536: =F523 -> 30 | G536: =SUBSTITUTE(_xlfn.XLOOKUP(E536,载具产出!$F$19:$F$40,载具产出!$N$19:$N$40),"%d",J536)&IF(K536="","",","&K536) -> 载具对攻击者造成队长220%的伤害,缩短咻咻锤0.3秒技能冷却 | J536: 220 | K536: 缩短咻咻锤0.3秒技能冷却
D537: =IF(F536=60,D536+1,D536) -> 3 | E537: =OFFSET(载具产出!$F$19,D537,0) -> 你打你疼板 | F537: =F524 -> 35 | G537: =SUBSTITUTE(_xlfn.XLOOKUP(E537,载具产出!$F$19:$F$40,载具产出!$N$19:$N$40),"%d",J537)&IF(K537="","",","&K537) -> 载具对攻击者造成队长240%的伤害,缩短咻咻锤0.3秒技能冷却 | J537: 240 | K537: 缩短咻咻锤0.3秒技能冷却
D538: =IF(F537=60,D537+1,D537) -> 3 | E538: =OFFSET(载具产出!$F$19,D538,0) -> 你打你疼板 | F538: =F525 -> 40 | G538: =SUBSTITUTE(_xlfn.XLOOKUP(E538,载具产出!$F$19:$F$40,载具产出!$N$19:$N$40),"%d",J538)&IF(K538="","",","&K538) -> 载具对攻击者造成队长260%的伤害,缩短咻咻锤0.4秒技能冷却 | J538: 260 | K538: 缩短咻咻锤0.4秒技能冷却
D539: =IF(F538=60,D538+1,D538) -> 3 | E539: =OFFSET(载具产出!$F$19,D539,0) -> 你打你疼板 | F539: =F526 -> 45 | G539: =SUBSTITUTE(_xlfn.XLOOKUP(E539,载具产出!$F$19:$F$40,载具产出!$N$19:$N$40),"%d",J539)&IF(K539="","",","&K539) -> 载具对攻击者造成队长280%的伤害,缩短咻咻锤0.4秒技能冷却 | J539: 280 | K539: 缩短咻咻锤0.4秒技能冷却
D540: =IF(F539=60,D539+1,D539) -> 3 | E540: =OFFSET(载具产出!$F$19,D540,0) -> 你打你疼板 | F540: =F527 -> 50 | G540: =SUBSTITUTE(_xlfn.XLOOKUP(E540,载具产出!$F$19:$F$40,载具产出!$N$19:$N$40),"%d",J540)&IF(K540="","",","&K540) -> 载具对攻击者造成队长300%的伤害,缩短咻咻锤0.5秒技能冷却 | J540: 300 | K540: 缩短咻咻锤0.5秒技能冷却
D541: =IF(F540=60,D540+1,D540) -> 3 | E541: =OFFSET(载具产出!$F$19,D541,0) -> 你打你疼板 | F541: =F528 -> 55 | G541: =SUBSTITUTE(_xlfn.XLOOKUP(E541,载具产出!$F$19:$F$40,载具产出!$N$19:$N$40),"%d",J541)&IF(K541="","",","&K541) -> 载具对攻击者造成队长320%的伤害,缩短咻咻锤0.5秒技能冷却 | J541: 320 | K541: 缩短咻咻锤0.5秒技能冷却
D542: =IF(F541=60,D541+1,D541) -> 3 | E542: =OFFSET(载具产出!$F$19,D542,0) -> 你打你疼板 | F542: =F529 -> 60 | G542: =SUBSTITUTE(_xlfn.XLOOKUP(E542,载具产出!$F$19:$F$40,载具产出!$N$19:$N$40),"%d",J542)&IF(K542="","",","&K542) -> 载具对攻击者造成队长340%的伤害,缩短咻咻锤0.6秒技能冷却 | J542: 340 | K542: 缩短咻咻锤0.6秒技能冷却
D543: =IF(F542=60,D542+1,D542) -> 4 | E543: =OFFSET(载具产出!$F$19,D543,0) -> 半场增伤钮 | F543: =F530 -> 1 | G543: =SUBSTITUTE(_xlfn.XLOOKUP(E543,载具产出!$F$19:$F$40,载具产出!$N$19:$N$40),"%d",J543)&IF(K543="","",","&K543) -> 对半场内怪物伤害增加5% | J543: 5
D544: =IF(F543=60,D543+1,D543) -> 4 | E544: =OFFSET(载具产出!$F$19,D544,0) -> 半场增伤钮 | F544: =F531 -> 5 | G544: =SUBSTITUTE(_xlfn.XLOOKUP(E544,载具产出!$F$19:$F$40,载具产出!$N$19:$N$40),"%d",J544)&IF(K544="","",","&K544) -> 对半场内怪物伤害增加10% | J544: 10
D545: =IF(F544=60,D544+1,D544) -> 4 | E545: =OFFSET(载具产出!$F$19,D545,0) -> 半场增伤钮 | F545: =F532 -> 10 | G545: =SUBSTITUTE(_xlfn.XLOOKUP(E545,载具产出!$F$19:$F$40,载具产出!$N$19:$N$40),"%d",J545)&IF(K545="","",","&K545) -> 对半场内怪物伤害增加15% | J545: 15
D546: =IF(F545=60,D545+1,D545) -> 4 | E546: =OFFSET(载具产出!$F$19,D546,0) -> 半场增伤钮 | F546: =F533 -> 15 | G546: =SUBSTITUTE(_xlfn.XLOOKUP(E546,载具产出!$F$19:$F$40,载具产出!$N$19:$N$40),"%d",J546)&IF(K546="","",","&K546) -> 对半场内怪物伤害增加20% | J546: 20
D547: =IF(F546=60,D546+1,D546) -> 4 | E547: =OFFSET(载具产出!$F$19,D547,0) -> 半场增伤钮 | F547: =F534 -> 20 | G547: =SUBSTITUTE(_xlfn.XLOOKUP(E547,载具产出!$F$19:$F$40,载具产出!$N$19:$N$40),"%d",J547)&IF(K547="","",","&K547) -> 对半场内怪物伤害增加25% | J547: 25
D548: =IF(F547=60,D547+1,D547) -> 4 | E548: =OFFSET(载具产出!$F$19,D548,0) -> 半场增伤钮 | F548: =F535 -> 25 | G548: =SUBSTITUTE(_xlfn.XLOOKUP(E548,载具产出!$F$19:$F$40,载具产出!$N$19:$N$40),"%d",J548)&IF(K548="","",","&K548) -> 对半场内怪物伤害增加30% | J548: 30
D549: =IF(F548=60,D548+1,D548) -> 4 | E549: =OFFSET(载具产出!$F$19,D549,0) -> 半场增伤钮 | F549: =F536 -> 30 | G549: =SUBSTITUTE(_xlfn.XLOOKUP(E549,载具产出!$F$19:$F$40,载具产出!$N$19:$N$40),"%d",J549)&IF(K549="","",","&K549) -> 对半场内怪物伤害增加35% | J549: 35
D550: =IF(F549=60,D549+1,D549) -> 4 | E550: =OFFSET(载具产出!$F$19,D550,0) -> 半场增伤钮 | F550: =F537 -> 35 | G550: =SUBSTITUTE(_xlfn.XLOOKUP(E550,载具产出!$F$19:$F$40,载具产出!$N$19:$N$40),"%d",J550)&IF(K550="","",","&K550) -> 对半场内怪物伤害增加40% | J550: 40
D551: =IF(F550=60,D550+1,D550) -> 4 | E551: =OFFSET(载具产出!$F$19,D551,0) -> 半场增伤钮 | F551: =F538 -> 40 | G551: =SUBSTITUTE(_xlfn.XLOOKUP(E551,载具产出!$F$19:$F$40,载具产出!$N$19:$N$40),"%d",J551)&IF(K551="","",","&K551) -> 对半场内怪物伤害增加45% | J551: 45
D552: =IF(F551=60,D551+1,D551) -> 4 | E552: =OFFSET(载具产出!$F$19,D552,0) -> 半场增伤钮 | F552: =F539 -> 45 | G552: =SUBSTITUTE(_xlfn.XLOOKUP(E552,载具产出!$F$19:$F$40,载具产出!$N$19:$N$40),"%d",J552)&IF(K552="","",","&K552) -> 对半场内怪物伤害增加50% | J552: 50
...

Sheet 载具产出
A1: 设计思路
C3: 载具抽卡
D6: 道具 | E6: 价值 | F6: 数量
D7: 零件 | E7: 1
D8: 零件核心 | E8: 150
D9: 史诗零件 | E9: 2000 | F9: 3 | G9: 4
D10: 传说零件 | E10: =E9*2 -> 4000 | F10: 4 | G10: 5
D11: 神话零件 | E11: =E10*2 -> 8000 | F11: 6 | G11: 6
D12: 创世零件 | E12: =E11*2 -> 16000 | F12: 8 | G12: 4
D13: 史诗零件碎片 | E13: =E9/10 -> 200
D14: 传说零件碎片 | E14: =E10/10 -> 400
D15: 神话零件碎片 | E15: =E11/10 -> 800
D16: 创世零件碎片 | E16: =E12/10 -> 1600
D19: 招募阶段 | E19: 招募所需次数 | F19: 招募释放 | G19: 载具品质 | H19: 类别 | I19: 非R | J19: 小R | K19: 中R | L19: 大R | M19: 预期关卡 | N19: 预期
D20: 1 | E20: 10 | F20: 硬硬护板 | G20: 3 | H20: 抵抗 | I20: =MAX($E20-30,0)/OFFSET($E$71,MATCH(I$19,$I$19:$L$19,0),0)+28 -> 28 | J20: =MAX($E20-80,0)/OFFSET($E$71,MATCH(J$19,$I$19:$L$19,0),0)+28 -> 28 | K20: =MAX($E20-30,0)/OFFSET($E$71,MATCH(K$19,$I$19:$L$19,0),0)+28 -> 28 | L20: =MAX($E20-30,0)/OFFSET($E$71,MATCH(L$19,$I$19:$L$19,0),0)+28 -> 28 | M20: =_xlfn.XLOOKUP(INT(K20),载具预期!D:D,载具预期!G:G) -> 84 | N20: 载具护盾+%d
D21: 2 | E21: 10 | F21: 厚到离谱壳 | G21: 3 | H21: 抵抗 | I21: =MAX($E21-30,0)/OFFSET($E$71,MATCH(I$19,$I$19:$L$19,0),0)+28 -> 28 | J21: =MAX($E21-30,0)/OFFSET($E$71,MATCH(J$19,$I$19:$L$19,0),0)+28 -> 28 | K21: =MAX($E21-30,0)/OFFSET($E$71,MATCH(K$19,$I$19:$L$19,0),0)+28 -> 28 | L21: =MAX($E21-30,0)/OFFSET($E$71,MATCH(L$19,$I$19:$L$19,0),0)+28 -> 28 | M21: =_xlfn.XLOOKUP(INT(K21),载具预期!D:D,载具预期!G:G) -> 84 | N21: 载具耐久+%d
D22: 3 | E22: 20 | F22: 你打你疼板 | G22: 3 | H22: 反击 | I22: =MAX($E22-30,0)/OFFSET($E$71,MATCH(I$19,$I$19:$L$19,0),0)+28 -> 28 | J22: =MAX($E22-30,0)/OFFSET($E$71,MATCH(J$19,$I$19:$L$19,0),0)+28 -> 28 | K22: =MAX($E22-30,0)/OFFSET($E$71,MATCH(K$19,$I$19:$L$19,0),0)+28 -> 28 | L22: =MAX($E22-30,0)/OFFSET($E$71,MATCH(L$19,$I$19:$L$19,0),0)+28 -> 28 | M22: =_xlfn.XLOOKUP(INT(K22),载具预期!D:D,载具预期!G:G) -> 84 | N22: 载具对攻击者造成队长%d%的伤害
C23: 1 | D23: 4 | E23: 30 | F23: 半场增伤钮 | G23: 4 | H23: 压制 | I23: =MAX($E23-30,0)/OFFSET($E$71,MATCH(I$19,$I$19:$L$19,0),0)+28 -> 28 | J23: =MAX($E23-30,0)/OFFSET($E$71,MATCH(J$19,$I$19:$L$19,0),0)+28 -> 28 | K23: =MAX($E23-30,0)/OFFSET($E$71,MATCH(K$19,$I$19:$L$19,0),0)+28 -> 28 | L23: =MAX($E23-30,0)/OFFSET($E$71,MATCH(L$19,$I$19:$L$19,0),0)+28 -> 28 | M23: =_xlfn.XLOOKUP(INT(K23),载具预期!D:D,载具预期!G:G) -> 84 | N23: 对半场内怪物伤害增加%d%
D24: 5 | E24: 40 | F24: 小弟补个胎 | G24: 4 | H24: 抵抗 | I24: =MAX($E24-30,0)/OFFSET($E$71,MATCH(I$19,$I$19:$L$19,0),0)+28 -> 30 | J24: =MAX($E24-30,0)/OFFSET($E$71,MATCH(J$19,$I$19:$L$19,0),0)+28 -> 29.346154 | K24: =MAX($E24-30,0)/OFFSET($E$71,MATCH(K$19,$I$19:$L$19,0),0)+28 -> 28.850202 | L24: =MAX($E24-30,0)/OFFSET($E$71,MATCH(L$19,$I$19:$L$19,0),0)+28 -> 28.269923 | M24: =_xlfn.XLOOKUP(INT(K24),载具预期!D:D,载具预期!G:G) -> 84 | N24: 每次召唤召唤物获得%d点耐久
D25: 6 | E25: 60 | F25: 波波套盾机 | G25: 4 | H25: 抵抗 | I25: =MAX($E25-30,0)/OFFSET($E$71,MATCH(I$19,$I$19:$L$19,0),0)+28 -> 34 | J25: =MAX($E25-30,0)/OFFSET($E$71,MATCH(J$19,$I$19:$L$19,0),0)+28 -> 32.038462 | K25: =MAX($E25-30,0)/OFFSET($E$71,MATCH(K$19,$I$19:$L$19,0),0)+28 -> 30.550607 | L25: =MAX($E25-30,0)/OFFSET($E$71,MATCH(L$19,$I$19:$L$19,0),0)+28 -> 28.809769 | M25: =_xlfn.XLOOKUP(INT(K25),载具预期!D:D,载具预期!G:G) -> 86 | N25: 每个波次开始时，载具获得%d点护盾
D26: 7 | E26: 80 | F26: 漏电小线圈 | G26: 4 | H26: 反击 | I26: =MAX($E26-30,0)/OFFSET($E$71,MATCH(I$19,$I$19:$L$19,0),0)+28 -> 38 | J26: =MAX($E26-30,0)/OFFSET($E$71,MATCH(J$19,$I$19:$L$19,0),0)+28 -> 34.730769 | K26: =MAX($E26-30,0)/OFFSET($E$71,MATCH(K$19,$I$19:$L$19,0),0)+28 -> 32.251012 | L26: =MAX($E26-30,0)/OFFSET($E$71,MATCH(L$19,$I$19:$L$19,0),0)+28 -> 29.349614 | M26: =_xlfn.XLOOKUP(INT(K26),载具预期!D:D,载具预期!G:G) -> 88 | N26: 载具每损失20%生命，电击附近敌人造成%d%伤害
D27: 8 | E27: 120 | F27: 前三波按钮 | G27: 5 | H27: 压制 | I27: =MAX($E27-30,0)/OFFSET($E$71,MATCH(I$19,$I$19:$L$19,0),0)+28 -> 46 | J27: =MAX($E27-30,0)/OFFSET($E$71,MATCH(J$19,$I$19:$L$19,0),0)+28 -> 40.115385 | K27: =MAX($E27-30,0)/OFFSET($E$71,MATCH(K$19,$I$19:$L$19,0),0)+28 -> 35.651822 | L27: =MAX($E27-30,0)/OFFSET($E$71,MATCH(L$19,$I$19:$L$19,0),0)+28 -> 30.429306 | M27: =_xlfn.XLOOKUP(INT(K27),载具预期!D:D,载具预期!G:G) -> 91 | N27: 梦灵对前三波怪物伤害+%d%
D28: 9 | E28: 140 | F28: 暴击放大镜 | G28: 5 | H28: 压制 | I28: =MAX($E28-30,0)/OFFSET($E$71,MATCH(I$19,$I$19:$L$19,0),0)+28 -> 50 | J28: =MAX($E28-30,0)/OFFSET($E$71,MATCH(J$19,$I$19:$L$19,0),0)+28 -> 42.807692 | K28: =MAX($E28-30,0)/OFFSET($E$71,MATCH(K$19,$I$19:$L$19,0),0)+28 -> 37.352227 | L28: =MAX($E28-30,0)/OFFSET($E$71,MATCH(L$19,$I$19:$L$19,0),0)+28 -> 30.969152 | M28: =_xlfn.XLOOKUP(INT(K28),载具预期!D:D,载具预期!G:G) -> 93 | N28: 暴击伤害+%d%
D29: 10 | E29: 160 | F29: 挨打充电宝 | G29: 5 | H29: 抵抗 | I29: =MAX($E29-30,0)/OFFSET($E$71,MATCH(I$19,$I$19:$L$19,0),0)+28 -> 54 | J29: =MAX($E29-30,0)/OFFSET($E$71,MATCH(J$19,$I$19:$L$19,0),0)+28 -> 45.5 | K29: =MAX($E29-30,0)/OFFSET($E$71,MATCH(K$19,$I$19:$L$19,0),0)+28 -> 39.052632 | L29: =MAX($E29-30,0)/OFFSET($E$71,MATCH(L$19,$I$19:$L$19,0),0)+28 -> 31.508997 | M29: =_xlfn.XLOOKUP(INT(K29),载具预期!D:D,载具预期!G:G) -> 95 | N29: 载具受到攻击时，梦灵充能冷却缩减+%d%
D30: 11 | E30: 180 | F30: 快修小泵 | G30: 5 | H30: 抵抗 | I30: =MAX($E30-30,0)/OFFSET($E$71,MATCH(I$19,$I$19:$L$19,0),0)+28 -> 58 | J30: =MAX($E30-30,0)/OFFSET($E$71,MATCH(J$19,$I$19:$L$19,0),0)+28 -> 48.192308 | K30: =MAX($E30-30,0)/OFFSET($E$71,MATCH(K$19,$I$19:$L$19,0),0)+28 -> 40.753036 | L30: =MAX($E30-30,0)/OFFSET($E$71,MATCH(L$19,$I$19:$L$19,0),0)+28 -> 32.048843 | M30: =_xlfn.XLOOKUP(INT(K30),载具预期!D:D,载具预期!G:G) -> 96 | N30: 当城墙血量低于30%时，持续修复%d血量
D31: 12 | E31: 200 | F31: 打我会晕钉 | G31: 5 | H31: 反击 | I31: =MAX($E31-30,0)/OFFSET($E$71,MATCH(I$19,$I$19:$L$19,0),0)+28 -> 62 | J31: =MAX($E31-30,0)/OFFSET($E$71,MATCH(J$19,$I$19:$L$19,0),0)+28 -> 50.884615 | K31: =MAX($E31-30,0)/OFFSET($E$71,MATCH(K$19,$I$19:$L$19,0),0)+28 -> 42.453441 | L31: =MAX($E31-30,0)/OFFSET($E$71,MATCH(L$19,$I$19:$L$19,0),0)+28 -> 32.588689 | M31: =_xlfn.XLOOKUP(INT(K31),载具预期!D:D,载具预期!G:G) -> 98 | N31: 载具受攻击有%d%概率使攻击者眩晕2秒
D32: 13 | E32: 220 | F32: 越打越疼贴 | G32: 5 | H32: 反击 | I32: =MAX($E32-30,0)/OFFSET($E$71,MATCH(I$19,$I$19:$L$19,0),0)+28 -> 66 | J32: =MAX($E32-30,0)/OFFSET($E$71,MATCH(J$19,$I$19:$L$19,0),0)+28 -> 53.576923 | K32: =MAX($E32-30,0)/OFFSET($E$71,MATCH(K$19,$I$19:$L$19,0),0)+28 -> 44.153846 | L32: =MAX($E32-30,0)/OFFSET($E$71,MATCH(L$19,$I$19:$L$19,0),0)+28 -> 33.128535 | M32: =_xlfn.XLOOKUP(INT(K32),载具预期!D:D,载具预期!G:G) -> 100 | N32: 怪物攻击城墙后，受到伤害+%d%
D33: 14 | E33: 240 | F33: 爆爆火花塞 | G33: 6 | H33: 压制 | I33: =MAX($E33-30,0)/OFFSET($E$71,MATCH(I$19,$I$19:$L$19,0),0)+28 -> 70 | J33: =MAX($E33-30,0)/OFFSET($E$71,MATCH(J$19,$I$19:$L$19,0),0)+28 -> 56.269231 | K33: =MAX($E33-30,0)/OFFSET($E$71,MATCH(K$19,$I$19:$L$19,0),0)+28 -> 45.854251 | L33: =MAX($E33-30,0)/OFFSET($E$71,MATCH(L$19,$I$19:$L$19,0),0)+28 -> 33.66838 | M33: =_xlfn.XLOOKUP(INT(K33),载具预期!D:D,载具预期!G:G) -> 101 | N33: 攻击有10%概率造成%d%范围伤害
D34: 15 | E34: 360 | F34: 三下蓄力阀 | G34: 6 | H34: 压制 | I34: =MAX($E34-30,0)/OFFSET($E$71,MATCH(I$19,$I$19:$L$19,0),0)+28 -> 94 | J34: =MAX($E34-30,0)/OFFSET($E$71,MATCH(J$19,$I$19:$L$19,0),0)+28 -> 72.423077 | K34: =MAX($E34-30,0)/OFFSET($E$71,MATCH(K$19,$I$19:$L$19,0),0)+28 -> 56.05668 | L34: =MAX($E34-30,0)/OFFSET($E$71,MATCH(L$19,$I$19:$L$19,0),0)+28 -> 36.907455 | M34: =_xlfn.XLOOKUP(INT(K34),载具预期!D:D,载具预期!G:G) -> 112 | N34: 每充能3次，下一次造成额外%d%伤害，持续5秒
D35: 16 | E35: 480 | F35: 毒火加班芯 | G35: 6 | H35: 压制 | I35: =MAX($E35-30,0)/OFFSET($E$71,MATCH(I$19,$I$19:$L$19,0),0)+28 -> 118 | J35: =MAX($E35-30,0)/OFFSET($E$71,MATCH(J$19,$I$19:$L$19,0),0)+28 -> 88.576923 | K35: =MAX($E35-30,0)/OFFSET($E$71,MATCH(K$19,$I$19:$L$19,0),0)+28 -> 66.259109 | L35: =MAX($E35-30,0)/OFFSET($E$71,MATCH(L$19,$I$19:$L$19,0),0)+28 -> 40.14653 | M35: =_xlfn.XLOOKUP(INT(K35),载具预期!D:D,载具预期!G:G) -> 121 | N35: 梦灵持续伤害有30%概率最终伤害+%d%
D36: 17 | E36: =E35+80 -> 560 | F36: 残血补刀镜 | G36: 6 | H36: 压制 | I36: =MAX($E36-30,0)/OFFSET($E$71,MATCH(I$19,$I$19:$L$19,0),0)+28 -> 134 | J36: =MAX($E36-30,0)/OFFSET($E$71,MATCH(J$19,$I$19:$L$19,0),0)+28 -> 99.346154 | K36: =MAX($E36-30,0)/OFFSET($E$71,MATCH(K$19,$I$19:$L$19,0),0)+28 -> 73.060729 | L36: =MAX($E36-30,0)/OFFSET($E$71,MATCH(L$19,$I$19:$L$19,0),0)+28 -> 42.305913 | M36: =_xlfn.XLOOKUP(INT(K36),载具预期!D:D,载具预期!G:G) -> 124 | N36: 梦灵对低于50%怪物血量，造成额外%d%伤害
D37: 18 | E37: 600 | F37: 不许死保险 | G37: 6 | H37: 抵抗 | I37: =MAX($E37-30,0)/OFFSET($E$71,MATCH(I$19,$I$19:$L$19,0),0)+28 -> 142 | J37: =MAX($E37-30,0)/OFFSET($E$71,MATCH(J$19,$I$19:$L$19,0),0)+28 -> 104.73077 | K37: =MAX($E37-30,0)/OFFSET($E$71,MATCH(K$19,$I$19:$L$19,0),0)+28 -> 76.461538 | L37: =MAX($E37-30,0)/OFFSET($E$71,MATCH(L$19,$I$19:$L$19,0),0)+28 -> 43.385604 | M37: =_xlfn.XLOOKUP(INT(K37),载具预期!D:D,载具预期!G:G) -> 126 | N37: 受到致命伤害，免疫所有受到的伤害，持续%d秒
D38: 19 | E38: 800 | F38: 越残越猛芯 | G38: 6 | H38: 反击 | I38: =MAX($E38-30,0)/OFFSET($E$71,MATCH(I$19,$I$19:$L$19,0),0)+28 -> 182 | J38: =MAX($E38-30,0)/OFFSET($E$71,MATCH(J$19,$I$19:$L$19,0),0)+28 -> 131.65385 | K38: =MAX($E38-30,0)/OFFSET($E$71,MATCH(K$19,$I$19:$L$19,0),0)+28 -> 93.465587 | L38: =MAX($E38-30,0)/OFFSET($E$71,MATCH(L$19,$I$19:$L$19,0),0)+28 -> 48.784062 | M38: =_xlfn.XLOOKUP(INT(K38),载具预期!D:D,载具预期!G:G) -> 134 | N38: 载具生命每降低10%，所有梦灵最终伤害+%d%
D39: 20 | E39: 1000 | F39: 乖乖减伤器 | G39: 6 | H39: 抵抗 | I39: =MAX($E39-30,0)/OFFSET($E$71,MATCH(I$19,$I$19:$L$19,0),0)+28 -> 222 | J39: =MAX($E39-30,0)/OFFSET($E$71,MATCH(J$19,$I$19:$L$19,0),0)+28 -> 158.57692 | K39: =MAX($E39-30,0)/OFFSET($E$71,MATCH(K$19,$I$19:$L$19,0),0)+28 -> 110.46964 | L39: =MAX($E39-30,0)/OFFSET($E$71,MATCH(L$19,$I$19:$L$19,0),0)+28 -> 54.182519 | M39: =_xlfn.XLOOKUP(INT(K39),载具预期!D:D,载具预期!G:G) -> 143 | N39: 怪物受到控制/魅惑后，造成伤害降低%d%
D40: 21 | E40: 1200 | F40: 套装快进芯 | G40: 6 | H40: 反击 | I40: =MAX($E40-30,0)/OFFSET($E$71,MATCH(I$19,$I$19:$L$19,0),0)+28 -> 262 | J40: =MAX($E40-30,0)/OFFSET($E$71,MATCH(J$19,$I$19:$L$19,0),0)+28 -> 185.5 | K40: =MAX($E40-30,0)/OFFSET($E$71,MATCH(K$19,$I$19:$L$19,0),0)+28 -> 127.47368 | L40: =MAX($E40-30,0)/OFFSET($E$71,MATCH(L$19,$I$19:$L$19,0),0)+28 -> 59.580977 | M40: =_xlfn.XLOOKUP(INT(K40),载具预期!D:D,载具预期!G:G) -> 151 | N40: 载具的套装效果-15%冷却，伤害+%d%
D42: #结构：碎片比例越来越低，本体比例越来越高
C43: =144-60 -> 84 | E43: =SUM(E45:E55) -> 1 | F43: =SUM(F45:F55) -> 1 | G43: =SUM(G45:G55) -> 1 | H43: =SUM(H45:H55) -> 1 | I43: =SUM(I45:I55) -> 1 | J43: =SUM(J45:J55) -> 1 | K43: =SUM(K45:K55) -> 1 | L43: =SUM(L45:L55) -> 1
C44: =C43/4 -> 21 | D44: 抽奖等级 | E44: 1 | F44: 2 | G44: 3 | H44: 4 | I44: 5 | J44: 6 | K44: 7 | L44: 8 | M44: 价值 | N44: 数量
D45: 史诗零件 | E45: 0.15 | F45: 0.15 | G45: 0.15 | H45: 0.15 | I45: 0.15 | J45: 0.15 | K45: 0.15 | L45: 0.15 | M45: =_xlfn.XLOOKUP(D45,$D$6:$D$16,$E$6:$E$16)*N45 -> 2000 | N45: 1
D46: 传说零件 | E46: 0.023 | F46: =F47*2 -> 0.024 | G46: =G47*2 -> 0.028 | H46: =H47*2 -> 0.032 | I46: =I47*2 -> 0.036 | J46: =J47*2 -> 0.04 | K46: =K47*2 -> 0.044 | L46: =L47*2 -> 0.048 | M46: =_xlfn.XLOOKUP(D46,$D$6:$D$16,$E$6:$E$16)*N46 -> 4000 | N46: 1
D47: 神话零件 | F47: 0.012 | G47: 0.014 | H47: 0.016 | I47: 0.018 | J47: 0.02 | K47: 0.022 | L47: 0.024 | M47: =_xlfn.XLOOKUP(D47,$D$6:$D$16,$E$6:$E$16)*N47 -> 8000 | N47: 1
D48: 创世零件 | H48: 0.004 | I48: =H48+0.0005 -> 0.0045 | J48: =I48+0.0005 -> 0.005 | K48: =J48+0.0005 -> 0.0055 | L48: =K48+0.0005 -> 0.006 | M48: =_xlfn.XLOOKUP(D48,$D$6:$D$16,$E$6:$E$16)*N48 -> 16000 | N48: 1
D49: 史诗零件碎片 | E49: 0.5 | F49: =1-SUM(F50:F55)-SUM(F45:F48) -> 0.371 | G49: =1-SUM(G50:G55)-SUM(G45:G48) -> 0.36 | H49: =1-SUM(H50:H55)-SUM(H45:H48) -> 0.264 | I49: =1-SUM(I50:I55)-SUM(I45:I48) -> 0.244 | J49: =1-SUM(J50:J55)-SUM(J45:J48) -> 0.224 | K49: =1-SUM(K50:K55)-SUM(K45:K48) -> 0.204 | L49: =1-SUM(L50:L55)-SUM(L45:L48) -> 0.184 | M49: =_xlfn.XLOOKUP(D49,$D$6:$D$16,$E$6:$E$16)*N49 -> 600 | N49: 3
D50: 传说零件碎片 | E50: 0.25 | F50: =E50 -> 0.25 | G50: 0.25 | H50: 0.25 | I50: 0.25 | J50: 0.25 | K50: 0.25 | L50: 0.25 | M50: =_xlfn.XLOOKUP(D50,$D$6:$D$16,$E$6:$E$16)*N50 -> 800 | N50: 2
D51: 神话零件碎片 | F51: 0.124 | G51: =F51+0.6% -> 0.13 | H51: =G51+0.6% -> 0.136 | I51: =H51+0.6% -> 0.142 | J51: =I51+0.6% -> 0.148 | K51: =J51+0.6% -> 0.154 | L51: =K51+0.6% -> 0.16 | M51: =_xlfn.XLOOKUP(D51,$D$6:$D$16,$E$6:$E$16)*N51 -> 1600 | N51: 2
D52: 创世零件碎片 | H52: 0.096 | I52: =H52+0.006 -> 0.102 | J52: =I52+0.006 -> 0.108 | K52: =J52+0.006 -> 0.114 | L52: =K52+0.006 -> 0.12 | M52: =_xlfn.XLOOKUP(D52,$D$6:$D$16,$E$6:$E$16)*N52 -> 1600 | N52: 1
D53: 零件 | E53: 0.042 | F53: 0.031 | G53: 0.025 | M53: =_xlfn.XLOOKUP(D53,$D$6:$D$16,$E$6:$E$16)*N53 -> 50 | N53: 50
D54: 零件 | E54: 0.03 | F54: 0.033 | G54: 0.038 | H54: 0.047 | I54: 0.0485 | J54: 0.05 | K54: 0.0515 | L54: 0.053 | M54: =_xlfn.XLOOKUP(D54,$D$6:$D$16,$E$6:$E$16)*N54 -> 100 | N54: 100
D55: 零件 | E55: 0.005 | F55: 0.005 | G55: 0.005 | H55: 0.005 | I55: 0.005 | J55: 0.005 | K55: 0.005 | L55: 0.005 | M55: =_xlfn.XLOOKUP(D55,$D$6:$D$16,$E$6:$E$16)*N55 -> 150 | N55: 150
D56: 价值 | E56: {=SUMPRODUCT(E$45:E$55,$M$45:$M$55)} -> 897.85 | F56: {=SUMPRODUCT(F$45:F$55,$M$45:$M$55)} -> 1118.6 | G56: {=SUMPRODUCT(G$45:G$55,$M$45:$M$55)} -> 1153.8 | H56: {=SUMPRODUCT(H$45:H$55,$M$45:$M$55)} -> 1355.05 | I56: {=SUMPRODUCT(I$45:I$55,$M$45:$M$55)} -> 1402.4 | J56: {=SUMPRODUCT(J$45:J$55,$M$45:$M$55)} -> 1449.75 | K56: {=SUMPRODUCT(K$45:K$55,$M$45:$M$55)} -> 1497.1 | L56: {=SUMPRODUCT(L$45:L$55,$M$45:$M$55)} -> 1544.45
E57: {=SUMPRODUCT(E53:E55,$M$53:$M$55)} -> 5.85 | F57: {=SUMPRODUCT(F53:F55,$M$53:$M$55)} -> 5.6 | G57: {=SUMPRODUCT(G53:G55,$M$53:$M$55)} -> 5.8 | H57: {=SUMPRODUCT(H53:H55,$M$53:$M$55)} -> 5.45 | I57: {=SUMPRODUCT(I53:I55,$M$53:$M$55)} -> 5.6 | J57: {=SUMPRODUCT(J53:J55,$M$53:$M$55)} -> 5.75 | K57: {=SUMPRODUCT(K53:K55,$M$53:$M$55)} -> 5.9 | L57: {=SUMPRODUCT(L53:L55,$M$53:$M$55)} -> 6.05
F58: =_xlfn.XLOOKUP(F59,价值表!$F:$F,价值表!$H:$H) -> 2000 | G58: =_xlfn.XLOOKUP(G59,价值表!$F:$F,价值表!$H:$H) -> 4000 | H58: =_xlfn.XLOOKUP(H59,价值表!$F:$F,价值表!$H:$H) -> 8000 | I58: =_xlfn.XLOOKUP(I59,价值表!$F:$F,价值表!$H:$H) -> 16000 | J58: =_xlfn.XLOOKUP(J59,价值表!$F:$F,价值表!$H:$H) -> 200 | K58: =_xlfn.XLOOKUP(K59,价值表!$F:$F,价值表!$H:$H) -> 400 | L58: =_xlfn.XLOOKUP(L59,价值表!$F:$F,价值表!$H:$H) -> 800 | M58: =_xlfn.XLOOKUP(M59,价值表!$F:$F,价值表!$H:$H) -> 1600 | N58: =_xlfn.XLOOKUP(N59,价值表!$F:$F,价值表!$H:$H) -> 1 | R58: 3 | S58: 4 | T58: 6 | U58: 8
D59: 抽奖等级 | E59: exp | F59: 史诗零件 | G59: 传说零件 | H59: 神话零件 | I59: 创世零件 | J59: 史诗零件碎片 | K59: 传说零件碎片 | L59: 神话零件碎片 | M59: 创世零件碎片 | N59: 零件 | O59: 总产出 | P59: 性价比 | R59: 史诗零件 | S59: 传说零件 | T59: 神话零件 | U59: 创世零件
D60: 1 | E60: 300 | F60: =OFFSET($D$44,MATCH(F$59,$D$45:$D$55,0),MATCH($D60,$E$44:$L$44,0))*($E60-SUM($E59:$E59))/10*OFFSET($N$44,MATCH(F$59,$D$45:$D$55,0),0) -> 4.5 | G60: =OFFSET($D$44,MATCH(G$59,$D$45:$D$55,0),MATCH($D60,$E$44:$L$44,0))*($E60-SUM($E59:$E59))/10*OFFSET($N$44,MATCH(G$59,$D$45:$D$55,0),0) -> 0.69 | H60: =OFFSET($D$44,MATCH(H$59,$D$45:$D$55,0),MATCH($D60,$E$44:$L$44,0))*($E60-SUM($E59:$E59))/10*OFFSET($N$44,MATCH(H$59,$D$45:$D$55,0),0) -> 0 | I60: =OFFSET($D$44,MATCH(I$59,$D$45:$D$55,0),MATCH($D60,$E$44:$L$44,0))*($E60-SUM($E59:$E59))/10*OFFSET($N$44,MATCH(I$59,$D$45:$D$55,0),0) -> 0 | J60: =OFFSET($D$44,MATCH(J$59,$D$45:$D$55,0),MATCH($D60,$E$44:$L$44,0))*($E60-SUM($E59:$E59))/10*OFFSET($N$44,MATCH(J$59,$D$45:$D$55,0),0) -> 45 | K60: =OFFSET($D$44,MATCH(K$59,$D$45:$D$55,0),MATCH($D60,$E$44:$L$44,0))*($E60-SUM($E59:$E59))/10*OFFSET($N$44,MATCH(K$59,$D$45:$D$55,0),0) -> 15 | L60: =OFFSET($D$44,MATCH(L$59,$D$45:$D$55,0),MATCH($D60,$E$44:$L$44,0))*($E60-SUM($E59:$E59))/10*OFFSET($N$44,MATCH(L$59,$D$45:$D$55,0),0) -> 0 | M60: =OFFSET($D$44,MATCH(M$59,$D$45:$D$55,0),MATCH($D60,$E$44:$L$44,0))*($E60-SUM($E59:$E59))/10*OFFSET($N$44,MATCH(M$59,$D$45:$D$55,0),0) -> 0 | N60: =OFFSET($D$53,0,D60)*$N$53*E60/10+OFFSET($D$54,0,D60)*$N$54*E60/10+OFFSET($D$55,0,D60)*$N$55*E60/10 -> 175.5 | O60: {=SUMPRODUCT($F60:$N60,$F$58:$N$58)} -> 26935.5 | P60: =O60/(E60/10*$E$8) -> 5.9856667 | R60: =IFERROR(MATCH((F60*10+J60)/R$58,载具属性!$G$33:$G$92,1),0) -> 5 | S60: =IFERROR(MATCH((G60*10+K60)/S$58,载具属性!$G$33:$G$92,1),0) -> 0 | T60: =IFERROR(MATCH((H60*10+L60)/T$58,载具属性!$G$33:$G$92,1),0) -> 0 | U60: =IFERROR(MATCH((I60*10+M60)/U$58,载具属性!$G$33:$G$92,1),0) -> 0 | V60: =J60/(F60*10+J60) -> 0.5 | W60: =K60/(G60*10+K60) -> 0.68493151
D61: 2 | E61: 600 | F61: =OFFSET($D$44,MATCH(F$59,$D$45:$D$55,0),MATCH($D61,$E$44:$L$44,0))*($E61-SUM($E60:$E60))/10*OFFSET($N$44,MATCH(F$59,$D$45:$D$55,0),0)+SUM(F$60:F60)-SUM(F$59:F59) -> 9 | G61: =OFFSET($D$44,MATCH(G$59,$D$45:$D$55,0),MATCH($D61,$E$44:$L$44,0))*($E61-SUM($E60:$E60))/10*OFFSET($N$44,MATCH(G$59,$D$45:$D$55,0),0)+SUM(G$60:G60)-SUM(G$59:G59) -> 1.41 | H61: =OFFSET($D$44,MATCH(H$59,$D$45:$D$55,0),MATCH($D61,$E$44:$L$44,0))*($E61-SUM($E60:$E60))/10*OFFSET($N$44,MATCH(H$59,$D$45:$D$55,0),0)+SUM(H$60:H60)-SUM(H$59:H59) -> 0.36 | I61: =OFFSET($D$44,MATCH(I$59,$D$45:$D$55,0),MATCH($D61,$E$44:$L$44,0))*($E61-SUM($E60:$E60))/10*OFFSET($N$44,MATCH(I$59,$D$45:$D$55,0),0)+SUM(I$60:I60)-SUM(I$59:I59) -> 0 | J61: =OFFSET($D$44,MATCH(J$59,$D$45:$D$55,0),MATCH($D61,$E$44:$L$44,0))*($E61-SUM($E60:$E60))/10*OFFSET($N$44,MATCH(J$59,$D$45:$D$55,0),0)+SUM(J$60:J60)-SUM(J$59:J59) -> 78.39 | K61: =OFFSET($D$44,MATCH(K$59,$D$45:$D$55,0),MATCH($D61,$E$44:$L$44,0))*($E61-SUM($E60:$E60))/10*OFFSET($N$44,MATCH(K$59,$D$45:$D$55,0),0)+SUM(K$60:K60)-SUM(K$59:K59) -> 30 | L61: =OFFSET($D$44,MATCH(L$59,$D$45:$D$55,0),MATCH($D61,$E$44:$L$44,0))*($E61-SUM($E60:$E60))/10*OFFSET($N$44,MATCH(L$59,$D$45:$D$55,0),0)+SUM(L$60:L60)-SUM(L$59:L59) -> 7.44 | M61: =OFFSET($D$44,MATCH(M$59,$D$45:$D$55,0),MATCH($D61,$E$44:$L$44,0))*($E61-SUM($E60:$E60))/10*OFFSET($N$44,MATCH(M$59,$D$45:$D$55,0),0)+SUM(M$60:M60)-SUM(M$59:M59) -> 0 | N61: =OFFSET($D$53,0,D61)*$N$53*E61/10+OFFSET($D$54,0,D61)*$N$54*E61/10+OFFSET($D$55,0,D61)*$N$55*E61/10 -> 336 | O61: {=SUMPRODUCT($F61:$N61,$F$58:$N$58)} -> 60486 | P61: =O61/(E61/10*$E$8) -> 6.7206667 | R61: =IFERROR(MATCH((F61*10+J61)/R$58,载具属性!$G$33:$G$92,1),0) -> 7 | S61: =IFERROR(MATCH((G61*10+K61)/S$58,载具属性!$G$33:$G$92,1),0) -> 1 | T61: =IFERROR(MATCH((H61*10+L61)/T$58,载具属性!$G$33:$G$92,1),0) -> 0 | U61: =IFERROR(MATCH((I61*10+M61)/U$58,载具属性!$G$33:$G$92,1),0) -> 0 | V61: =J61/(F61*10+J61) -> 0.46552646 | W61: =K61/(G61*10+K61) -> 0.68027211 | X61: =L61/(H61*10+L61) -> 0.67391304
D62: 3 | E62: 1200 | F62: =OFFSET($D$44,MATCH(F$59,$D$45:$D$55,0),MATCH($D62,$E$44:$L$44,0))*($E62-SUM($E61:$E61))/10*OFFSET($N$44,MATCH(F$59,$D$45:$D$55,0),0)+SUM(F$60:F61)-SUM(F$59:F60) -> 18 | G62: =OFFSET($D$44,MATCH(G$59,$D$45:$D$55,0),MATCH($D62,$E$44:$L$44,0))*($E62-SUM($E61:$E61))/10*OFFSET($N$44,MATCH(G$59,$D$45:$D$55,0),0)+SUM(G$60:G61)-SUM(G$59:G60) -> 3.09 | H62: =OFFSET($D$44,MATCH(H$59,$D$45:$D$55,0),MATCH($D62,$E$44:$L$44,0))*($E62-SUM($E61:$E61))/10*OFFSET($N$44,MATCH(H$59,$D$45:$D$55,0),0)+SUM(H$60:H61)-SUM(H$59:H60) -> 1.2 | I62: =OFFSET($D$44,MATCH(I$59,$D$45:$D$55,0),MATCH($D62,$E$44:$L$44,0))*($E62-SUM($E61:$E61))/10*OFFSET($N$44,MATCH(I$59,$D$45:$D$55,0),0)+SUM(I$60:I61)-SUM(I$59:I60) -> 0 | J62: =OFFSET($D$44,MATCH(J$59,$D$45:$D$55,0),MATCH($D62,$E$44:$L$44,0))*($E62-SUM($E61:$E61))/10*OFFSET($N$44,MATCH(J$59,$D$45:$D$55,0),0)+SUM(J$60:J61)-SUM(J$59:J60) -> 143.19 | K62: =OFFSET($D$44,MATCH(K$59,$D$45:$D$55,0),MATCH($D62,$E$44:$L$44,0))*($E62-SUM($E61:$E61))/10*OFFSET($N$44,MATCH(K$59,$D$45:$D$55,0),0)+SUM(K$60:K61)-SUM(K$59:K60) -> 60 | L62: =OFFSET($D$44,MATCH(L$59,$D$45:$D$55,0),MATCH($D62,$E$44:$L$44,0))*($E62-SUM($E61:$E61))/10*OFFSET($N$44,MATCH(L$59,$D$45:$D$55,0),0)+SUM(L$60:L61)-SUM(L$59:L60) -> 23.04 | M62: =OFFSET($D$44,MATCH(M$59,$D$45:$D$55,0),MATCH($D62,$E$44:$L$44,0))*($E62-SUM($E61:$E61))/10*OFFSET($N$44,MATCH(M$59,$D$45:$D$55,0),0)+SUM(M$60:M61)-SUM(M$59:M60) -> 0 | N62: =OFFSET($D$53,0,D62)*$N$53*E62/10+OFFSET($D$54,0,D62)*$N$54*E62/10+OFFSET($D$55,0,D62)*$N$55*E62/10 -> 696 | O62: {=SUMPRODUCT($F62:$N62,$F$58:$N$58)} -> 129726 | P62: =O62/(E62/10*$E$8) -> 7.207 | R62: =IFERROR(MATCH((F62*10+J62)/R$58,载具属性!$G$33:$G$92,1),0) -> 11 | S62: =IFERROR(MATCH((G62*10+K62)/S$58,载具属性!$G$33:$G$92,1),0) -> 3 | T62: =IFERROR(MATCH((H62*10+L62)/T$58,载具属性!$G$33:$G$92,1),0) -> 0 | U62: =IFERROR(MATCH((I62*10+M62)/U$58,载具属性!$G$33:$G$92,1),0) -> 0 | V62: =J62/(F62*10+J62) -> 0.44305207 | W62: =K62/(G62*10+K62) -> 0.66006601 | X62: =L62/(H62*10+L62) -> 0.65753425
D63: 4 | E63: 2400 | F63: =OFFSET($D$44,MATCH(F$59,$D$45:$D$55,0),MATCH($D63,$E$44:$L$44,0))*($E63-SUM($E62:$E62))/10*OFFSET($N$44,MATCH(F$59,$D$45:$D$55,0),0)+SUM(F$60:F62)-SUM(F$59:F61) -> 36 | G63: =OFFSET($D$44,MATCH(G$59,$D$45:$D$55,0),MATCH($D63,$E$44:$L$44,0))*($E63-SUM($E62:$E62))/10*OFFSET($N$44,MATCH(G$59,$D$45:$D$55,0),0)+SUM(G$60:G62)-SUM(G$59:G61) -> 6.93 | H63: =OFFSET($D$44,MATCH(H$59,$D$45:$D$55,0),MATCH($D63,$E$44:$L$44,0))*($E63-SUM($E62:$E62))/10*OFFSET($N$44,MATCH(H$59,$D$45:$D$55,0),0)+SUM(H$60:H62)-SUM(H$59:H61) -> 3.12 | I63: =OFFSET($D$44,MATCH(I$59,$D$45:$D$55,0),MATCH($D63,$E$44:$L$44,0))*($E63-SUM($E62:$E62))/10*OFFSET($N$44,MATCH(I$59,$D$45:$D$55,0),0)+SUM(I$60:I62)-SUM(I$59:I61) -> 0.48 | J63: =OFFSET($D$44,MATCH(J$59,$D$45:$D$55,0),MATCH($D63,$E$44:$L$44,0))*($E63-SUM($E62:$E62))/10*OFFSET($N$44,MATCH(J$59,$D$45:$D$55,0),0)+SUM(J$60:J62)-SUM(J$59:J61) -> 238.23 | K63: =OFFSET($D$44,MATCH(K$59,$D$45:$D$55,0),MATCH($D63,$E$44:$L$44,0))*($E63-SUM($E62:$E62))/10*OFFSET($N$44,MATCH(K$59,$D$45:$D$55,0),0)+SUM(K$60:K62)-SUM(K$59:K61) -> 120 | L63: =OFFSET($D$44,MATCH(L$59,$D$45:$D$55,0),MATCH($D63,$E$44:$L$44,0))*($E63-SUM($E62:$E62))/10*OFFSET($N$44,MATCH(L$59,$D$45:$D$55,0),0)+SUM(L$60:L62)-SUM(L$59:L61) -> 55.68 | M63: =OFFSET($D$44,MATCH(M$59,$D$45:$D$55,0),MATCH($D63,$E$44:$L$44,0))*($E63-SUM($E62:$E62))/10*OFFSET($N$44,MATCH(M$59,$D$45:$D$55,0),0)+SUM(M$60:M62)-SUM(M$59:M61) -> 11.52 | N63: =OFFSET($D$53,0,D63)*$N$53*E63/10+OFFSET($D$54,0,D63)*$N$54*E63/10+OFFSET($D$55,0,D63)*$N$55*E63/10 -> 1308 | O63: {=SUMPRODUCT($F63:$N63,$F$58:$N$58)} -> 292290 | P63: =O63/(E63/10*$E$8) -> 8.1191667 | R63: =IFERROR(MATCH((F63*10+J63)/R$58,载具属性!$G$33:$G$92,1),0) -> 14 | S63: =IFERROR(MATCH((G63*10+K63)/S$58,载具属性!$G$33:$G$92,1),0) -> 6 | T63: =IFERROR(MATCH((H63*10+L63)/T$58,载具属性!$G$33:$G$92,1),0) -> 1 | U63: =IFERROR(MATCH((I63*10+M63)/U$58,载具属性!$G$33:$G$92,1),0) -> 0 | V63: =J63/(F63*10+J63) -> 0.39822476 | W63: =K63/(G63*10+K63) -> 0.63391442 | X63: =L63/(H63*10+L63) -> 0.64088398 | Y63: =M63/(I63*10+M63) -> 0.70588235
D64: 5 | E64: 6000 | F64: =OFFSET($D$44,MATCH(F$59,$D$45:$D$55,0),MATCH($D64,$E$44:$L$44,0))*($E64-SUM($E63:$E63))/10*OFFSET($N$44,MATCH(F$59,$D$45:$D$55,0),0)+SUM(F$60:F63)-SUM(F$59:F62) -> 90 | G64: =OFFSET($D$44,MATCH(G$59,$D$45:$D$55,0),MATCH($D64,$E$44:$L$44,0))*($E64-SUM($E63:$E63))/10*OFFSET($N$44,MATCH(G$59,$D$45:$D$55,0),0)+SUM(G$60:G63)-SUM(G$59:G62) -> 19.89 | H64: =OFFSET($D$44,MATCH(H$59,$D$45:$D$55,0),MATCH($D64,$E$44:$L$44,0))*($E64-SUM($E63:$E63))/10*OFFSET($N$44,MATCH(H$59,$D$45:$D$55,0),0)+SUM(H$60:H63)-SUM(H$59:H62) -> 9.6 | I64: =OFFSET($D$44,MATCH(I$59,$D$45:$D$55,0),MATCH($D64,$E$44:$L$44,0))*($E64-SUM($E63:$E63))/10*OFFSET($N$44,MATCH(I$59,$D$45:$D$55,0),0)+SUM(I$60:I63)-SUM(I$59:I62) -> 2.1 | J64: =OFFSET($D$44,MATCH(J$59,$D$45:$D$55,0),MATCH($D64,$E$44:$L$44,0))*($E64-SUM($E63:$E63))/10*OFFSET($N$44,MATCH(J$59,$D$45:$D$55,0),0)+SUM(J$60:J63)-SUM(J$59:J62) -> 501.75 | K64: =OFFSET($D$44,MATCH(K$59,$D$45:$D$55,0),MATCH($D64,$E$44:$L$44,0))*($E64-SUM($E63:$E63))/10*OFFSET($N$44,MATCH(K$59,$D$45:$D$55,0),0)+SUM(K$60:K63)-SUM(K$59:K62) -> 300 | L64: =OFFSET($D$44,MATCH(L$59,$D$45:$D$55,0),MATCH($D64,$E$44:$L$44,0))*($E64-SUM($E63:$E63))/10*OFFSET($N$44,MATCH(L$59,$D$45:$D$55,0),0)+SUM(L$60:L63)-SUM(L$59:L62) -> 157.92 | M64: =OFFSET($D$44,MATCH(M$59,$D$45:$D$55,0),MATCH($D64,$E$44:$L$44,0))*($E64-SUM($E63:$E63))/10*OFFSET($N$44,MATCH(M$59,$D$45:$D$55,0),0)+SUM(M$60:M63)-SUM(M$59:M62) -> 48.24 | N64: =OFFSET($D$53,0,D64)*$N$53*E64/10+OFFSET($D$54,0,D64)*$N$54*E64/10+OFFSET($D$55,0,D64)*$N$55*E64/10 -> 3360 | O64: {=SUMPRODUCT($F64:$N64,$F$58:$N$58)} -> 797190 | P64: =O64/(E64/10*$E$8) -> 8.8576667 | R64: =IFERROR(MATCH((F64*10+J64)/R$58,载具属性!$G$33:$G$92,1),0) -> 20 | S64: =IFERROR(MATCH((G64*10+K64)/S$58,载具属性!$G$33:$G$92,1),0) -> 11 | T64: =IFERROR(MATCH((H64*10+L64)/T$58,载具属性!$G$33:$G$92,1),0) -> 6 | U64: =IFERROR(MATCH((I64*10+M64)/U$58,载具属性!$G$33:$G$92,1),0) -> 0 | V64: =J64/(F64*10+J64) -> 0.35794543 | W64: =K64/(G64*10+K64) -> 0.60132291 | X64: =L64/(H64*10+L64) -> 0.62192817 | Y64: =M64/(I64*10+M64) -> 0.69670711
D65: 6 | E65: 14400 | F65: =OFFSET($D$44,MATCH(F$59,$D$45:$D$55,0),MATCH($D65,$E$44:$L$44,0))*($E65-SUM($E64:$E64))/10*OFFSET($N$44,MATCH(F$59,$D$45:$D$55,0),0)+SUM(F$60:F64)-SUM(F$59:F63) -> 216 | G65: =OFFSET($D$44,MATCH(G$59,$D$45:$D$55,0),MATCH($D65,$E$44:$L$44,0))*($E65-SUM($E64:$E64))/10*OFFSET($N$44,MATCH(G$59,$D$45:$D$55,0),0)+SUM(G$60:G64)-SUM(G$59:G63) -> 53.49 | H65: =OFFSET($D$44,MATCH(H$59,$D$45:$D$55,0),MATCH($D65,$E$44:$L$44,0))*($E65-SUM($E64:$E64))/10*OFFSET($N$44,MATCH(H$59,$D$45:$D$55,0),0)+SUM(H$60:H64)-SUM(H$59:H63) -> 26.4 | I65: =OFFSET($D$44,MATCH(I$59,$D$45:$D$55,0),MATCH($D65,$E$44:$L$44,0))*($E65-SUM($E64:$E64))/10*OFFSET($N$44,MATCH(I$59,$D$45:$D$55,0),0)+SUM(I$60:I64)-SUM(I$59:I63) -> 6.3 | J65: =OFFSET($D$44,MATCH(J$59,$D$45:$D$55,0),MATCH($D65,$E$44:$L$44,0))*($E65-SUM($E64:$E64))/10*OFFSET($N$44,MATCH(J$59,$D$45:$D$55,0),0)+SUM(J$60:J64)-SUM(J$59:J63) -> 1066.23 | K65: =OFFSET($D$44,MATCH(K$59,$D$45:$D$55,0),MATCH($D65,$E$44:$L$44,0))*($E65-SUM($E64:$E64))/10*OFFSET($N$44,MATCH(K$59,$D$45:$D$55,0),0)+SUM(K$60:K64)-SUM(K$59:K63) -> 720 | L65: =OFFSET($D$44,MATCH(L$59,$D$45:$D$55,0),MATCH($D65,$E$44:$L$44,0))*($E65-SUM($E64:$E64))/10*OFFSET($N$44,MATCH(L$59,$D$45:$D$55,0),0)+SUM(L$60:L64)-SUM(L$59:L63) -> 406.56 | M65: =OFFSET($D$44,MATCH(M$59,$D$45:$D$55,0),MATCH($D65,$E$44:$L$44,0))*($E65-SUM($E64:$E64))/10*OFFSET($N$44,MATCH(M$59,$D$45:$D$55,0),0)+SUM(M$60:M64)-SUM(M$59:M63) -> 138.96 | N65: =OFFSET($D$53,0,D65)*$N$53*E65/10+OFFSET($D$54,0,D65)*$N$54*E65/10+OFFSET($D$55,0,D65)*$N$55*E65/10 -> 8280 | O65: {=SUMPRODUCT($F65:$N65,$F$58:$N$58)} -> 2015070 | P65: =O65/(E65/10*$E$8) -> 9.3290278 | R65: =IFERROR(MATCH((F65*10+J65)/R$58,载具属性!$G$33:$G$92,1),0) -> 28 | S65: =IFERROR(MATCH((G65*10+K65)/S$58,载具属性!$G$33:$G$92,1),0) -> 17 | T65: =IFERROR(MATCH((H65*10+L65)/T$58,载具属性!$G$33:$G$92,1),0) -> 11 | U65: =IFERROR(MATCH((I65*10+M65)/U$58,载具属性!$G$33:$G$92,1),0) -> 4 | V65: =J65/(F65*10+J65) -> 0.33048791 | W65: =K65/(G65*10+K65) -> 0.5737509 | X65: =L65/(H65*10+L65) -> 0.60629921 | Y65: =M65/(I65*10+M65) -> 0.68805704
D66: 7 | E66: 36000 | F66: =OFFSET($D$44,MATCH(F$59,$D$45:$D$55,0),MATCH($D66,$E$44:$L$44,0))*($E66-SUM($E65:$E65))/10*OFFSET($N$44,MATCH(F$59,$D$45:$D$55,0),0)+SUM(F$60:F65)-SUM(F$59:F64) -> 540 | G66: =OFFSET($D$44,MATCH(G$59,$D$45:$D$55,0),MATCH($D66,$E$44:$L$44,0))*($E66-SUM($E65:$E65))/10*OFFSET($N$44,MATCH(G$59,$D$45:$D$55,0),0)+SUM(G$60:G65)-SUM(G$59:G64) -> 148.53 | H66: =OFFSET($D$44,MATCH(H$59,$D$45:$D$55,0),MATCH($D66,$E$44:$L$44,0))*($E66-SUM($E65:$E65))/10*OFFSET($N$44,MATCH(H$59,$D$45:$D$55,0),0)+SUM(H$60:H65)-SUM(H$59:H64) -> 73.92 | I66: =OFFSET($D$44,MATCH(I$59,$D$45:$D$55,0),MATCH($D66,$E$44:$L$44,0))*($E66-SUM($E65:$E65))/10*OFFSET($N$44,MATCH(I$59,$D$45:$D$55,0),0)+SUM(I$60:I65)-SUM(I$59:I64) -> 18.18 | J66: =OFFSET($D$44,MATCH(J$59,$D$45:$D$55,0),MATCH($D66,$E$44:$L$44,0))*($E66-SUM($E65:$E65))/10*OFFSET($N$44,MATCH(J$59,$D$45:$D$55,0),0)+SUM(J$60:J65)-SUM(J$59:J64) -> 2388.15 | K66: =OFFSET($D$44,MATCH(K$59,$D$45:$D$55,0),MATCH($D66,$E$44:$L$44,0))*($E66-SUM($E65:$E65))/10*OFFSET($N$44,MATCH(K$59,$D$45:$D$55,0),0)+SUM(K$60:K65)-SUM(K$59:K64) -> 1800 | L66: =OFFSET($D$44,MATCH(L$59,$D$45:$D$55,0),MATCH($D66,$E$44:$L$44,0))*($E66-SUM($E65:$E65))/10*OFFSET($N$44,MATCH(L$59,$D$45:$D$55,0),0)+SUM(L$60:L65)-SUM(L$59:L64) -> 1071.84 | M66: =OFFSET($D$44,MATCH(M$59,$D$45:$D$55,0),MATCH($D66,$E$44:$L$44,0))*($E66-SUM($E65:$E65))/10*OFFSET($N$44,MATCH(M$59,$D$45:$D$55,0),0)+SUM(M$60:M65)-SUM(M$59:M64) -> 385.2 | N66: =OFFSET($D$53,0,D66)*$N$53*E66/10+OFFSET($D$54,0,D66)*$N$54*E66/10+OFFSET($D$55,0,D66)*$N$55*E66/10 -> 21240 | O66: {=SUMPRODUCT($F66:$N66,$F$58:$N$58)} -> 5249022 | P66: =O66/(E66/10*$E$8) -> 9.7204111 | R66: =IFERROR(MATCH((F66*10+J66)/R$58,载具属性!$G$33:$G$92,1),0) -> 40 | S66: =IFERROR(MATCH((G66*10+K66)/S$58,载具属性!$G$33:$G$92,1),0) -> 25 | T66: =IFERROR(MATCH((H66*10+L66)/T$58,载具属性!$G$33:$G$92,1),0) -> 16 | U66: =IFERROR(MATCH((I66*10+M66)/U$58,载具属性!$G$33:$G$92,1),0) -> 9 | V66: =J66/(F66*10+J66) -> 0.30663893 | W66: =K66/(G66*10+K66) -> 0.54789517 | X66: =L66/(H66*10+L66) -> 0.59183673 | Y66: =M66/(I66*10+M66) -> 0.67936508
D67: 8 | E67: 80000 | F67: =OFFSET($D$44,MATCH(F$59,$D$45:$D$55,0),MATCH($D67,$E$44:$L$44,0))*($E67-SUM($E66:$E66))/10*OFFSET($N$44,MATCH(F$59,$D$45:$D$55,0),0)+SUM(F$60:F66)-SUM(F$59:F65) -> 1200 | G67: =OFFSET($D$44,MATCH(G$59,$D$45:$D$55,0),MATCH($D67,$E$44:$L$44,0))*($E67-SUM($E66:$E66))/10*OFFSET($N$44,MATCH(G$59,$D$45:$D$55,0),0)+SUM(G$60:G66)-SUM(G$59:G65) -> 359.73 | H67: =OFFSET($D$44,MATCH(H$59,$D$45:$D$55,0),MATCH($D67,$E$44:$L$44,0))*($E67-SUM($E66:$E66))/10*OFFSET($N$44,MATCH(H$59,$D$45:$D$55,0),0)+SUM(H$60:H66)-SUM(H$59:H65) -> 179.52 | I67: =OFFSET($D$44,MATCH(I$59,$D$45:$D$55,0),MATCH($D67,$E$44:$L$44,0))*($E67-SUM($E66:$E66))/10*OFFSET($N$44,MATCH(I$59,$D$45:$D$55,0),0)+SUM(I$60:I66)-SUM(I$59:I65) -> 44.58 | J67: =OFFSET($D$44,MATCH(J$59,$D$45:$D$55,0),MATCH($D67,$E$44:$L$44,0))*($E67-SUM($E66:$E66))/10*OFFSET($N$44,MATCH(J$59,$D$45:$D$55,0),0)+SUM(J$60:J66)-SUM(J$59:J65) -> 4816.95 | K67: =OFFSET($D$44,MATCH(K$59,$D$45:$D$55,0),MATCH($D67,$E$44:$L$44,0))*($E67-SUM($E66:$E66))/10*OFFSET($N$44,MATCH(K$59,$D$45:$D$55,0),0)+SUM(K$60:K66)-SUM(K$59:K65) -> 4000 | L67: =OFFSET($D$44,MATCH(L$59,$D$45:$D$55,0),MATCH($D67,$E$44:$L$44,0))*($E67-SUM($E66:$E66))/10*OFFSET($N$44,MATCH(L$59,$D$45:$D$55,0),0)+SUM(L$60:L66)-SUM(L$59:L65) -> 2479.84 | M67: =OFFSET($D$44,MATCH(M$59,$D$45:$D$55,0),MATCH($D67,$E$44:$L$44,0))*($E67-SUM($E66:$E66))/10*OFFSET($N$44,MATCH(M$59,$D$45:$D$55,0),0)+SUM(M$60:M66)-SUM(M$59:M65) -> 913.2 | N67: =OFFSET($D$53,0,D67)*$N$53*E67/10+OFFSET($D$54,0,D67)*$N$54*E67/10+OFFSET($D$55,0,D67)*$N$55*E67/10 -> 48400 | O67: {=SUMPRODUCT($F67:$N67,$F$58:$N$58)} -> 12045142 | P67: =O67/(E67/10*$E$8) -> 10.037618 | R67: =IFERROR(MATCH((F67*10+J67)/R$58,载具属性!$G$33:$G$92,1),0) -> 57 | S67: =IFERROR(MATCH((G67*10+K67)/S$58,载具属性!$G$33:$G$92,1),0) -> 35 | T67: =IFERROR(MATCH((H67*10+L67)/T$58,载具属性!$G$33:$G$92,1),0) -> 23 | U67: =IFERROR(MATCH((I67*10+M67)/U$58,载具属性!$G$33:$G$92,1),0) -> 13 | V67: =J67/(F67*10+J67) -> 0.28643422 | W67: =K67/(G67*10+K67) -> 0.52650284 | X67: =L67/(H67*10+L67) -> 0.5800741 | Y67: =M67/(I67*10+M67) -> 0.67196468
C69: 载具总产出
J70: 1 | K70: 2 | L70: 3 | M70: 4 | N70: 5 | O70: 6 | P70: 7 | Q70: 8 | S70: 1 | T70: [{1,1,[800100041]}] | U70: [{1,1,[800100041]}],[{6,6,[800100042]}],[{12,12,[800100043]}],[{24,24,[800100044]}]
D71: 玩家层级 | E71: 每日产出 | F71: 预留 | J71: =E45*10000 -> 1500 | K71: =F45*10000 -> 1500 | L71: =G45*10000 -> 1500 | M71: =H45*10000 -> 1500 | N71: =I45*10000 -> 1500 | O71: =J45*10000 -> 1500 | P71: =K45*10000 -> 1500 | Q71: =L45*10000 -> 1500 | S71: 6 | T71: [{6,6,[800100042]}] | U71: [{8,8,[800100045]}],[{16,16,[800100046]}],[{24,24,[800100047]}]
D72: 非R | E72: =$H$395*2+F72 -> 5 | F72: 3 | J72: =E46*10000 -> 230 | K72: =F46*10000 -> 240 | L72: =G46*10000 -> 280 | M72: =H46*10000 -> 320 | N72: =I46*10000 -> 360 | O72: =J46*10000 -> 400 | P72: =K46*10000 -> 440 | Q72: =L46*10000 -> 480 | S72: 12 | T72: [{12,12,[800100043]}] | U72: [{7,7,[800100048]}],[{28,28,[800100049]}],[{42,42,[800100050]}],[{63,63,[800100051]}],[{84,84,[800100052]}],[{103,103,[800100053]}]
D73: 小R | E73: =$H$395*2+$E$89/14+F73 -> 7.4285714 | F73: 4 | J73: =E47*10000 -> 0 | K73: =F47*10000 -> 120 | L73: =G47*10000 -> 140 | M73: =H47*10000 -> 160 | N73: =I47*10000 -> 180 | O73: =J47*10000 -> 200 | P73: =K47*10000 -> 220 | Q73: =L47*10000 -> 240 | S73: 24 | T73: [{24,24,[800100044]}] | U73: [{5,5,[800100054]}],[{85,85,[800100055]}],[{165,165,[800100056]}],[{245,245,[800100057]}]
D74: 中R | E74: {=$H$395*2+$E$89/14+SUMPRODUCT($E$96:$E$97,$G$96:$G$97)/30+F74} -> 11.761905 | F74: 6 | J74: =E48*10000 -> 0 | K74: =F48*10000 -> 0 | L74: =G48*10000 -> 0 | M74: =H48*10000 -> 40 | N74: =I48*10000 -> 45 | O74: =J48*10000 -> 50 | P74: =K48*10000 -> 55 | Q74: =L48*10000 -> 60 | S74: 8 | T74: [{8,8,[800100045]}] | U74: [{1,1,[800100058]}],[{203,203,[800100059]}],[{406,406,[800100060]}],[{609,609,[800100061]}]
D75: 大R | E75: {=$H$395*2+$E$89/14+SUMPRODUCT($E$96:$E$97,$G$96:$G$97)/30+SUMPRODUCT($E$95,$G$95)/7+SUMPRODUCT($E$94,$G$94)+F75} -> 37.047619 | F75: 12 | J75: =E49*10000 -> 5000 | K75: =F49*10000 -> 3710 | L75: =G49*10000 -> 3600 | M75: =H49*10000 -> 2640 | N75: =I49*10000 -> 2440 | O75: =J49*10000 -> 2240 | P75: =K49*10000 -> 2040 | Q75: =L49*10000 -> 1840 | S75: 16 | T75: [{16,16,[800100046]}]
J76: =E50*10000 -> 2500 | K76: =F50*10000 -> 2500 | L76: =G50*10000 -> 2500 | M76: =H50*10000 -> 2500 | N76: =I50*10000 -> 2500 | O76: =J50*10000 -> 2500 | P76: =K50*10000 -> 2500 | Q76: =L50*10000 -> 2500 | S76: 24 | T76: [{24,24,[800100047]}]
J77: =E51*10000 -> 0 | K77: =F51*10000 -> 1240 | L77: =G51*10000 -> 1300 | M77: =H51*10000 -> 1360 | N77: =I51*10000 -> 1420 | O77: =J51*10000 -> 1480 | P77: =K51*10000 -> 1540 | Q77: =L51*10000 -> 1600 | S77: 7 | T77: [{7,7,[800100048]}]
D78: 每日产出 | E78: 载具玩法 | F78: 载具抽奖 | J78: =E52*10000 -> 0 | K78: =F52*10000 -> 0 | L78: =G52*10000 -> 0 | M78: =H52*10000 -> 960 | N78: =I52*10000 -> 1020 | O78: =J52*10000 -> 1080 | P78: =K52*10000 -> 1140 | Q78: =L52*10000 -> 1200 | S78: 28 | T78: [{28,28,[800100049]}]
D79: 史诗零件 | E79: =MAX(OFFSET(载具预期!$AE$36:$AE$306,0,MATCH($D79,$D$79:$D$82,0)-1))/MAX(OFFSET(载具预期!$AO$36:$AO$306,0,MATCH($D79,$D$79:$D$82,0)-1)) -> 0.21055275 | F79: =MAX(OFFSET(载具预期!$AK$36:$AK$306,0,MATCH($D79,$D$79:$D$82,0)-1))/MAX(OFFSET(载具预期!$AO$36:$AO$306,0,MATCH($D79,$D$79:$D$82,0)-1)) -> 0.78944725 | J79: =E53*10000 -> 420 | K79: =F53*10000 -> 310 | L79: =G53*10000 -> 250 | M79: =H53*10000 -> 0 | N79: =I53*10000 -> 0 | O79: =J53*10000 -> 0 | P79: =K53*10000 -> 0 | Q79: =L53*10000 -> 0 | S79: 42 | T79: [{42,42,[800100050]}]
D80: 传说零件 | E80: =MAX(OFFSET(载具预期!$AE$36:$AE$306,0,MATCH($D80,$D$79:$D$82,0)-1))/MAX(OFFSET(载具预期!$AO$36:$AO$306,0,MATCH($D80,$D$79:$D$82,0)-1)) -> 0.41358664 | F80: =MAX(OFFSET(载具预期!$AK$36:$AK$306,0,MATCH($D80,$D$79:$D$82,0)-1))/MAX(OFFSET(载具预期!$AO$36:$AO$306,0,MATCH($D80,$D$79:$D$82,0)-1)) -> 0.58641336 | J80: =E54*10000 -> 300 | K80: =F54*10000 -> 330 | L80: =G54*10000 -> 380 | M80: =H54*10000 -> 470 | N80: =I54*10000 -> 485 | O80: =J54*10000 -> 500 | P80: =K54*10000 -> 515 | Q80: =L54*10000 -> 530 | S80: 63 | T80: [{63,63,[800100051]}]
D81: 神话零件 | E81: =MAX(OFFSET(载具预期!$AE$36:$AE$306,0,MATCH($D81,$D$79:$D$82,0)-1))/MAX(OFFSET(载具预期!$AO$36:$AO$306,0,MATCH($D81,$D$79:$D$82,0)-1)) -> 0.33237969 | F81: =MAX(OFFSET(载具预期!$AK$36:$AK$306,0,MATCH($D81,$D$79:$D$82,0)-1))/MAX(OFFSET(载具预期!$AO$36:$AO$306,0,MATCH($D81,$D$79:$D$82,0)-1)) -> 0.66762031 | J81: =E55*10000 -> 50 | K81: =F55*10000 -> 50 | L81: =G55*10000 -> 50 | M81: =H55*10000 -> 50 | N81: =I55*10000 -> 50 | O81: =J55*10000 -> 50 | P81: =K55*10000 -> 50 | Q81: =L55*10000 -> 50 | S81: 84 | T81: [{84,84,[800100052]}]
D82: 创世零件 | E82: =MAX(OFFSET(载具预期!$AE$36:$AE$306,0,MATCH($D82,$D$79:$D$82,0)-1))/MAX(OFFSET(载具预期!$AO$36:$AO$306,0,MATCH($D82,$D$79:$D$82,0)-1)) -> 0.049250208 | F82: =MAX(OFFSET(载具预期!$AK$36:$AK$306,0,MATCH($D82,$D$79:$D$82,0)-1))/MAX(OFFSET(载具预期!$AO$36:$AO$306,0,MATCH($D82,$D$79:$D$82,0)-1)) -> 0.95074979 | S82: 103 | T82: [{103,103,[800100053]}]
S83: 5 | T83: [{5,5,[800100054]}]
S84: 85 | T84: [{85,85,[800100055]}]
S85: 165 | T85: [{165,165,[800100056]}]
S86: 245 | T86: [{245,245,[800100057]}]
D87: 载具战令 | S87: 1 | T87: [{1,1,[800100058]}]
D88: 战令礼包 | E88: 数量 | S88: 203 | T88: [{203,203,[800100059]}]
D89: 零件核心 | E89: 20 | O89: {=SUMPRODUCT('[1]2.0大富翁抽奖'!O3:O6,'[1]2.0大富翁抽奖'!P3:P6)} -> 11400 | S89: 406 | T89: [{406,406,[800100060]}]
D90: 秘藏摇杆 | E90: 49 | S90: 609 | T90: [{609,609,[800100061]}]
D92: {=SUMPRODUCT(E94:E97,G94:G97)} -> 115
D93: 日周月礼包 | E93: 数量 | F93: 价格 | G93: 限购 | H93: 折扣
D94: 日礼包 | E94: 3 | F94: 225 | G94: 5 | H94: =F94/(E94*$E$8)*10&"折" -> 5折
D95: 周礼包 | E95: 10 | F95: 600 | G95: 3 | H95: =F95/(E95*$E$8)*10&"折" -> 4折
D96: 月礼包 | E96: 10 | F96: 450 | G96: 3 | H96: =F96/(E96*$E$8)*10&"折" -> 3折
D97: 月礼包 | E97: 20 | F97: 1200 | G97: 2 | H97: =F97/(E97*$E$8)*10&"折" -> 4折
E100: 中R | F100: =980/30 -> 32.666667
E101: 大R | F101: =F94*G94+F95*G95/7+(F96*G96+F97*G97)/30 -> 1507.1429
C105: 载具关卡产出
D107: 每日次数
D108: 1
E110: 中R | F110: 每日产出 | G110: =_xlfn.XLOOKUP(G111,价值表!$F:$F,价值表!$H:$H) -> 1 | H110: =_xlfn.XLOOKUP(H111,价值表!$F:$F,价值表!$H:$H) -> 150 | I110: =_xlfn.XLOOKUP(I111,价值表!$F:$F,价值表!$H:$H) -> 0.05 | J110: =_xlfn.XLOOKUP(J111,价值表!$F:$F,价值表!$H:$H) -> 200 | K110: =_xlfn.XLOOKUP(K111,价值表!$F:$F,价值表!$H:$H) -> 400 | L110: =_xlfn.XLOOKUP(L111,价值表!$F:$F,价值表!$H:$H) -> 800 | M110: =_xlfn.XLOOKUP(M111,价值表!$F:$F,价值表!$H:$H) -> 1600
D111: 关卡数 | E111: 解锁等级 | F111: 预期天数 | G111: 零件 | H111: 零件核心 | I111: 金币 | J111: 史诗零件碎片 | K111: 传说零件碎片 | L111: 神话零件碎片 | M111: 创世零件碎片 | N111: 零件价值 | O111: 材料价值
D112: 精良Ⅰ | E112: 45 | F112: =MATCH(E112,OFFSET(载具预期!$D$7:$D$306,0,MATCH($E$110,载具预期!$E$6:$H$6,0)),1) -> 4 | G112: =SUMIF($D$156:$D$395,$D112,G$156:G$395)*$D$108 -> 700 | H112: =SUMIF($D$156:$D$395,$D112,H$156:H$395)*$D$108 -> 1 | I112: =SUMIF($D$156:$D$395,$D112,I$156:I$395)*$D$108 -> 3000 | J112: =SUMIF($D$156:$D$395,$D112,O$156:O$395)*SUMIF($D$156:$D$395,$D112,$N$156:$N$395)*$D$108+SUMIF($D$156:$D$395,$D112,J$156:J$395)*$D$108 -> 25 | K112: =SUMIF($D$156:$D$395,$D112,P$156:P$395)*SUMIF($D$156:$D$395,$D112,$N$156:$N$395)*$D$108+SUMIF($D$156:$D$395,$D112,K$156:K$395)*$D$108 -> 0 | L112: =SUMIF($D$156:$D$395,$D112,Q$156:Q$395)*SUMIF($D$156:$D$395,$D112,$N$156:$N$395)*$D$108+SUMIF($D$156:$D$395,$D112,L$156:L$395)*$D$108 -> 0 | M112: =SUMIF($D$156:$D$395,$D112,R$156:R$395)*SUMIF($D$156:$D$395,$D112,$N$156:$N$395)*$D$108+SUMIF($D$156:$D$395,$D112,M$156:M$395)*$D$108 -> 0 | N112: {=SUMPRODUCT(J112:M112,$J$110:$M$110)} -> 5000 | O112: {=SUMPRODUCT(G112:I112,$G$110:$I$110)} -> 1000 | P112: =SUM(J112:M112) -> 25 | R112: =N112 -> 5000
D113: 精良Ⅱ | E113: 55 | F113: =MATCH(E113,OFFSET(载具预期!$D$7:$D$306,0,MATCH($E$110,载具预期!$E$6:$H$6,0)),1) -> 8 | G113: =SUMIF($D$156:$D$395,$D113,G$156:G$395)*$D$108 -> 735 | H113: =SUMIF($D$156:$D$395,$D113,H$156:H$395)*$D$108 -> 1 | I113: =SUMIF($D$156:$D$395,$D113,I$156:I$395)*$D$108 -> 3250 | J113: =SUMIF($D$156:$D$395,$D113,O$156:O$395)*SUMIF($D$156:$D$395,$D113,$N$156:$N$395)*$D$108+SUMIF($D$156:$D$395,$D113,J$156:J$395)*$D$108 -> 14.6 | K113: =SUMIF($D$156:$D$395,$D113,P$156:P$395)*SUMIF($D$156:$D$395,$D113,$N$156:$N$395)*$D$108+SUMIF($D$156:$D$395,$D113,K$156:K$395)*$D$108 -> 5.4 | L113: =SUMIF($D$156:$D$395,$D113,Q$156:Q$395)*SUMIF($D$156:$D$395,$D113,$N$156:$N$395)*$D$108+SUMIF($D$156:$D$395,$D113,L$156:L$395)*$D$108 -> 0 | M113: =SUMIF($D$156:$D$395,$D113,R$156:R$395)*SUMIF($D$156:$D$395,$D113,$N$156:$N$395)*$D$108+SUMIF($D$156:$D$395,$D113,M$156:M$395)*$D$108 -> 0 | N113: {=SUMPRODUCT(J113:M113,$J$110:$M$110)} -> 5080 | O113: {=SUMPRODUCT(G113:I113,$G$110:$I$110)} -> 1047.5 | P113: =SUM(J113:M113) -> 20 | R113: =N113-N112 -> 80
D114: 精良Ⅲ | E114: 65 | F114: =MATCH(E114,OFFSET(载具预期!$D$7:$D$306,0,MATCH($E$110,载具预期!$E$6:$H$6,0)),1) -> 11 | G114: =SUMIF($D$156:$D$395,$D114,G$156:G$395)*$D$108 -> 770 | H114: =SUMIF($D$156:$D$395,$D114,H$156:H$395)*$D$108 -> 1 | I114: =SUMIF($D$156:$D$395,$D114,I$156:I$395)*$D$108 -> 3500 | J114: =SUMIF($D$156:$D$395,$D114,O$156:O$395)*SUMIF($D$156:$D$395,$D114,$N$156:$N$395)*$D$108+SUMIF($D$156:$D$395,$D114,J$156:J$395)*$D$108 -> 15 | K114: =SUMIF($D$156:$D$395,$D114,P$156:P$395)*SUMIF($D$156:$D$395,$D114,$N$156:$N$395)*$D$108+SUMIF($D$156:$D$395,$D114,K$156:K$395)*$D$108 -> 7 | L114: =SUMIF($D$156:$D$395,$D114,Q$156:Q$395)*SUMIF($D$156:$D$395,$D114,$N$156:$N$395)*$D$108+SUMIF($D$156:$D$395,$D114,L$156:L$395)*$D$108 -> 0 | M114: =SUMIF($D$156:$D$395,$D114,R$156:R$395)*SUMIF($D$156:$D$395,$D114,$N$156:$N$395)*$D$108+SUMIF($D$156:$D$395,$D114,M$156:M$395)*$D$108 -> 0 | N114: {=SUMPRODUCT(J114:M114,$J$110:$M$110)} -> 5800 | O114: {=SUMPRODUCT(G114:I114,$G$110:$I$110)} -> 1095 | P114: =SUM(J114:M114) -> 22 | R114: =N114-N113 -> 720
D115: 精良Ⅳ | E115: 75 | F115: =MATCH(E115,OFFSET(载具预期!$D$7:$D$306,0,MATCH($E$110,载具预期!$E$6:$H$6,0)),1) -> 19 | G115: =SUMIF($D$156:$D$395,$D115,G$156:G$395)*$D$108 -> 805 | H115: =SUMIF($D$156:$D$395,$D115,H$156:H$395)*$D$108 -> 1 | I115: =SUMIF($D$156:$D$395,$D115,I$156:I$395)*$D$108 -> 3750 | J115: =SUMIF($D$156:$D$395,$D115,O$156:O$395)*SUMIF($D$156:$D$395,$D115,$N$156:$N$395)*$D$108+SUMIF($D$156:$D$395,$D115,J$156:J$395)*$D$108 -> 13.4 | K115: =SUMIF($D$156:$D$395,$D115,P$156:P$395)*SUMIF($D$156:$D$395,$D115,$N$156:$N$395)*$D$108+SUMIF($D$156:$D$395,$D115,K$156:K$395)*$D$108 -> 9.6 | L115: =SUMIF($D$156:$D$395,$D115,Q$156:Q$395)*SUMIF($D$156:$D$395,$D115,$N$156:$N$395)*$D$108+SUMIF($D$156:$D$395,$D115,L$156:L$395)*$D$108 -> 0 | M115: =SUMIF($D$156:$D$395,$D115,R$156:R$395)*SUMIF($D$156:$D$395,$D115,$N$156:$N$395)*$D$108+SUMIF($D$156:$D$395,$D115,M$156:M$395)*$D$108 -> 0 | N115: {=SUMPRODUCT(J115:M115,$J$110:$M$110)} -> 6520 | O115: {=SUMPRODUCT(G115:I115,$G$110:$I$110)} -> 1142.5 | P115: =SUM(J115:M115) -> 23 | R115: =N115-N114 -> 720
...

Sheet 载具预期
A1: 设计思路
C3: 载具抽卡
S4: =MATCH(OFFSET($D36,0,MATCH($D$5,$E$6:$H$6,0)),载具产出!$E$112:$E$151,1) -> 5
D5: 中R | F5: 产出占比 | J5: 补发模块 | K5: =_xlfn.XLOOKUP(K6,价值表!$F:$F,价值表!$E:$E) -> 62 | L5: =_xlfn.XLOOKUP(L6,价值表!$F:$F,价值表!$E:$E) -> 63 | M5: =_xlfn.XLOOKUP(M6,价值表!$F:$F,价值表!$E:$E) -> 2 | N5: =_xlfn.XLOOKUP(N6,价值表!$F:$F,价值表!$E:$E) -> 6030001 | O5: =_xlfn.XLOOKUP(O6,价值表!$F:$F,价值表!$E:$E) -> 6030002 | P5: =_xlfn.XLOOKUP(P6,价值表!$F:$F,价值表!$E:$E) -> 6030003 | Q5: =_xlfn.XLOOKUP(Q6,价值表!$F:$F,价值表!$E:$E) -> 6030004 | T5: 产出 | AE5: 载具玩法 | AI5: 抽奖产出 | AK5: 载具抽奖 | AO5: 总产出 | AS5: 等级预期
D6: 天数 | E6: 非R | F6: 小R | G6: 中R | H6: 大R | I6: 超R | J6: 补发关卡 | K6: 零件核心 | L6: 零件 | M6: 金币 | N6: 史诗零件碎片 | O6: 传说零件碎片 | P6: 神话零件碎片 | Q6: 创世零件碎片 | R6: 碾压 | S6: 关卡 | T6: 零件 | U6: 零件核心 | V6: 金币 | W6: 城墙血量 | X6: 强化 | Y6: 升星 | Z6: 城墙练度 | AA6: 史诗零件碎片 | AB6: 传说零件碎片 | AC6: 神话零件碎片 | AD6: 创世零件碎片 | AE6: 史诗零件碎片 | AF6: 传说零件碎片 | AG6: 神话零件碎片 | AH6: 创世零件碎片 | AI6: 零件核心 | AJ6: 卡池等级 | AK6: 史诗零件碎片 | AL6: 传说零件碎片 | AM6: 神话零件碎片 | AN6: 创世零件碎片 | AO6: 史诗零件碎片 | AP6: 传说零件碎片 | AQ6: 神话零件碎片 | AR6: 创世零件碎片 | AS6: 史诗零件 | AT6: 传说零件 | AU6: 神话零件 | AV6: 创世零件
D7: 1 | E7: 12 | F7: 16 | G7: 20 | H7: 25
D8: 2 | E8: 18 | F8: 24 | G8: 30 | H8: 37
D9: 3 | E9: 23 | F9: 29 | G9: 35 | H9: 43
D10: 4 | E10: 26 | F10: 34 | G10: 42 | H10: 52
D11: 5 | E11: 29 | F11: 38 | G11: 46 | H11: 57
D12: 6 | E12: 31 | F12: 41 | G12: 49 | H12: 61
D13: 7 | E13: 33 | F13: 44 | G13: 52 | H13: 65
D14: 8 | E14: 36 | F14: 47 | G14: 55 | H14: 68
D15: 9 | E15: 39 | F15: 49 | G15: 58 | H15: 72
D16: 10 | E16: 41 | F16: 52 | G16: 61 | H16: 76
D17: 11 | E17: 43 | F17: 54 | G17: 64 | H17: 80
D18: 12 | E18: 45 | F18: 56 | G18: 66 | H18: 82
... D35: 29 | E35: 65 | F35: 75 | G35: 85 | H35: 106
C36: =W36/G36 -> 73.953488 | D36: 30 | E36: 66 | F36: 76 | G36: 86 | H36: 107 | I36: 118 | J36: =MIN(INT(E36*(30-(D36-30))/30+(D36-30)/30*H36),H36) -> 66 | K36: =SUM(U$36:U36)-SUM(OFFSET(载具产出!H$399,0,0,$R36+1,1)) -> 6 | L36: =SUM(T$36:T36)-SUM(OFFSET(载具产出!G$399,0,0,$R36+1,1)) -> 125 | M36: 0 | N36: =SUM(AA$36:AA36)-SUM(OFFSET(载具产出!J$399,0,0,$R36+1,1)) -> 2.6 | O36: =SUM(AB$36:AB36)-SUM(OFFSET(载具产出!K$399,0,0,$R36+1,1)) -> 21.92 | P36: =SUM(AC$36:AC36)-SUM(OFFSET(载具产出!L$399,0,0,$R36+1,1)) -> 0.48 | Q36: =SUM(AD$36:AD36)-SUM(OFFSET(载具产出!M$399,0,0,$R36+1,1)) -> 0 | R36: 1 | S36: =OFFSET(载具产出!$D$111,IFERROR(MATCH(OFFSET($D36,0,MATCH($D$5,$E$6:$H$6,0)),载具产出!$E$112:$E$151,1),0),0) -> 精良Ⅴ | T36: =OFFSET(载具产出!$F$399,IFERROR(MATCH(OFFSET($D36,0,MATCH($D$5,$E$6:$H$6,0)),载具产出!$E$400:$E$439,1),0),MATCH(T$6,载具产出!$G$399:$O$399,0)) -> 750 | U36: 7 | V36: =OFFSET(载具产出!$F$399,IFERROR(MATCH(OFFSET($D36,0,MATCH($D$5,$E$6:$H$6,0)),载具产出!$E$400:$E$439,1),0),MATCH(V$6,载具产出!$G$399:$O$399,0)) -> 4800 | W36: =_xlfn.XLOOKUP(Z36,载具属性!$E$98:$E$497,载具属性!$G$98:$G$497)+6000+OFFSET(载具属性!L$33,AS36,0)*载具属性!M$30+OFFSET(载具属性!M$33,AT36,0)*载具属性!N$30+OFFSET(载具属性!N$33,AU36,0)*载具属性!O$30+OFFSET(载具属性!O$33,AV36,0)*载具属性!P$30 -> 6360 | X36: =_xlfn.XLOOKUP(Z36,载具属性!$E$98:$E$497,载具属性!$G$98:$G$497) -> 300 | Y36: =OFFSET(载具属性!L$33,AS36,0)*载具属性!M$30+OFFSET(载具属性!M$33,AT36,0)*载具属性!N$30+OFFSET(载具属性!N$33,AU36,0)*载具属性!O$30+OFFSET(载具属性!O$33,AV36,0)*载具属性!P$30 -> 60 | Z36: =MATCH(SUM($T$7:T36),载具属性!$I$98:$I$497,1) -> 7 | AA36: =OFFSET(载具产出!$F$399,IFERROR(MATCH(OFFSET($D36,0,MATCH($D$5,$E$6:$H$6,0)),载具产出!$E$112:$E$151,1),0),MATCH(AA$6,载具产出!$G$111:$O$111,0))*2 -> 27.6 | AB36: =OFFSET(载具产出!$F$399,IFERROR(MATCH(OFFSET($D36,0,MATCH($D$5,$E$6:$H$6,0)),载具产出!$E$112:$E$151,1),0),MATCH(AB$6,载具产出!$G$111:$O$111,0))*2 -> 21.92 | AC36: =OFFSET(载具产出!$F$399,IFERROR(MATCH(OFFSET($D36,0,MATCH($D$5,$E$6:$H$6,0)),载具产出!$E$112:$E$151,1),0),MATCH(AC$6,载具产出!$G$111:$O$111,0))*2 -> 0.48 | AD36: =OFFSET(载具产出!$F$399,IFERROR(MATCH(OFFSET($D36,0,MATCH($D$5,$E$6:$H$6,0)),载具产出!$E$112:$E$151,1),0),MATCH(AD$6,载具产出!$G$111:$O$111,0))*2 -> 0 | AE36: =SUM(AA$36:AA36)/3 -> 9.2 | AF36: =SUM(AB$36:AB36)/3 -> 7.3066667 | AG36: =SUM(AC$36:AC36)/3 -> 0.16 | AH36: =SUM(AD$36:AD36)/3 -> 0 | AI36: =_xlfn.XLOOKUP($D$5,载具产出!$D$71:$D$75,载具产出!$E$71:$E$75)*(D36-30+1) -> 11.761905 | AJ36: =IFERROR(MATCH(_xlfn.XLOOKUP($D$5,载具产出!$D$71:$D$75,载具产出!$E$71:$E$75)*(D36-30+1)*10,载具产出!$E$60:$E$67,1),0)+1 -> 1 | AK36: =IF($AJ36=1,($AI36)*(10*OFFSET(载具产出!$D$45,MATCH(AK$6,$AK$6:$AN$6,0)-1,$AJ36)+OFFSET(载具产出!$D$49,MATCH(AK$6,$AK$6:$AN$6,0)-1,$AJ36)*OFFSET(载具产出!$N$49,MATCH(AK$6,$AK$6:$AN$6,0)-1,0)),OFFSET(载具产出!F$59,$AJ36-1,0)*10+OFFSET(载具产出!J$59,$AJ36-1,0)+($AI36*10-_xlfn.XLOOKUP($AJ36-1,载具产出!$D$59:$D$67,载具产出!$E$59:$E$67))/10*(10*OFFSET(载具产出!$D$45,MATCH(AK$6,$AK$6:$AN$6,0)-1,$AJ36)+OFFSET(载具产出!$D$49,MATCH(AK$6,$AK$6:$AN$6,0)-1,$AJ36)*OFFSET(载具产出!$N$49,MATCH(AK$6,$AK$6:$AN$6,0)-1,0))) -> 35.285714 | AL36: =IF($AJ36=1,($AI36)*(10*OFFSET(载具产出!$D$45,MATCH(AL$6,$AK$6:$AN$6,0)-1,$AJ36)+OFFSET(载具产出!$D$49,MATCH(AL$6,$AK$6:$AN$6,0)-1,$AJ36)*OFFSET(载具产出!$N$49,MATCH(AL$6,$AK$6:$AN$6,0)-1,0)),OFFSET(载具产出!G$59,$AJ36-1,0)*10+OFFSET(载具产出!K$59,$AJ36-1,0)+($AI36*10-_xlfn.XLOOKUP($AJ36-1,载具产出!$D$59:$D$67,载具产出!$E$59:$E$67))/10*(10*OFFSET(载具产出!$D$45,MATCH(AL$6,$AK$6:$AN$6,0)-1,$AJ36)+OFFSET(载具产出!$D$49,MATCH(AL$6,$AK$6:$AN$6,0)-1,$AJ36)*OFFSET(载具产出!$N$49,MATCH(AL$6,$AK$6:$AN$6,0)-1,0))) -> 8.5861905 | AM36: =IF($AJ36=1,($AI36)*(10*OFFSET(载具产出!$D$45,MATCH(AM$6,$AK$6:$AN$6,0)-1,$AJ36)+OFFSET(载具产出!$D$49,MATCH(AM$6,$AK$6:$AN$6,0)-1,$AJ36)*OFFSET(载具产出!$N$49,MATCH(AM$6,$AK$6:$AN$6,0)-1,0)),OFFSET(载具产出!H$59,$AJ36-1,0)*10+OFFSET(载具产出!L$59,$AJ36-1,0)+($AI36*10-_xlfn.XLOOKUP($AJ36-1,载具产出!$D$59:$D$67,载具产出!$E$59:$E$67))/10*(10*OFFSET(载具产出!$D$45,MATCH(AM$6,$AK$6:$AN$6,0)-1,$AJ36)+OFFSET(载具产出!$D$49,MATCH(AM$6,$AK$6:$AN$6,0)-1,$AJ36)*OFFSET(载具产出!$N$49,MATCH(AM$6,$AK$6:$AN$6,0)-1,0))) -> 0 | AN36: =IF($AJ36=1,($AI36)*(10*OFFSET(载具产出!$D$45,MATCH(AN$6,$AK$6:$AN$6,0)-1,$AJ36)+OFFSET(载具产出!$D$49,MATCH(AN$6,$AK$6:$AN$6,0)-1,$AJ36)*OFFSET(载具产出!$N$49,MATCH(AN$6,$AK$6:$AN$6,0)-1,0)),OFFSET(载具产出!I$59,$AJ36-1,0)*10+OFFSET(载具产出!M$59,$AJ36-1,0)+($AI36*10-_xlfn.XLOOKUP($AJ36-1,载具产出!$D$59:$D$67,载具产出!$E$59:$E$67))/10*(10*OFFSET(载具产出!$D$45,MATCH(AN$6,$AK$6:$AN$6,0)-1,$AJ36)+OFFSET(载具产出!$D$49,MATCH(AN$6,$AK$6:$AN$6,0)-1,$AJ36)*OFFSET(载具产出!$N$49,MATCH(AN$6,$AK$6:$AN$6,0)-1,0))) -> 0 | AO36: =AE36+AK36 -> 44.485714 | AP36: =AF36+AL36 -> 15.892857 | AQ36: =AG36+AM36 -> 0.16 | AR36: =AH36+AN36 -> 0 | AS36: =IFERROR(MATCH(AO36/载具产出!R$58,载具属性!$G$33:$G$92,1),0) -> 1 | AT36: =IFERROR(MATCH(AP36/载具产出!S$58,载具属性!$G$33:$G$92,1),0) -> 0 | AU36: =IFERROR(MATCH(AQ36/载具产出!T$58,载具属性!$G$33:$G$92,1),0) -> 0 | AV36: =IFERROR(MATCH(AR36/载具产出!U$58,载具属性!$G$33:$G$92,1),0) -> 0 | AW36: ="["&_xlfn.TEXTJOIN(",",1,AX36:BD36)&"]" -> [{62,6},{63,125},{6030001,2},{6030002,21}] | AX36: =IF(INT(K36)<=0,"","{"&K$5&","&INT(K36)&"}") -> {62,6} | AY36: =IF(INT(L36)<=0,"","{"&L$5&","&INT(L36)&"}") -> {63,125} | AZ36: =IF(INT(M36)<=0,"","{"&M$5&","&INT(M36)&"}") | BA36: =IF(INT(N36)<=0,"","{"&N$5&","&INT(N36)&"}") -> {6030001,2} | BB36: =IF(INT(O36)<=0,"","{"&O$5&","&INT(O36)&"}") -> {6030002,21} | BC36: =IF(INT(P36)<=0,"","{"&P$5&","&INT(P36)&"}") | BD36: =IF(INT(Q36)<=0,"","{"&Q$5&","&INT(Q36)&"}")
C37: =W37/G37 -> 77.471264 | D37: 31 | E37: 67 | F37: 77 | G37: 87 | H37: 108 | I37: 118 | J37: =MIN(INT(E37*(30-(D37-30))/30+(D37-30)/30*H37),H37) -> 68 | K37: =SUM(U$36:U37)-SUM(OFFSET(载具产出!H$399,0,0,$R37+1,1)) -> 13 | L37: =SUM(T$36:T37)-SUM(OFFSET(载具产出!G$399,0,0,$R37+1,1)) -> 875 | M37: =SUM(V$36:V37)/2-SUM(OFFSET(载具产出!I$399,0,0,$R37+1,1)) -> 800 | N37: =SUM(AA$36:AA37)-SUM(OFFSET(载具产出!J$399,0,0,$R37+1,1)) -> 30.2 | O37: =SUM(AB$36:AB37)-SUM(OFFSET(载具产出!K$399,0,0,$R37+1,1)) -> 43.84 | P37: =SUM(AC$36:AC37)-SUM(OFFSET(载具产出!L$399,0,0,$R37+1,1)) -> 0.96 | Q37: =SUM(AD$36:AD37)-SUM(OFFSET(载具产出!M$399,0,0,$R37+1,1)) -> 0 | R37: 1 | S37: =OFFSET(载具产出!$D$111,IFERROR(MATCH(OFFSET($D37,0,MATCH($D$5,$E$6:$H$6,0)),载具产出!$E$112:$E$151,1),0),0) -> 精良Ⅴ | T37: =OFFSET(载具产出!$F$399,IFERROR(MATCH(OFFSET($D37,0,MATCH($D$5,$E$6:$H$6,0)),载具产出!$E$400:$E$439,1),0),MATCH(T$6,载具产出!$G$399:$O$399,0)) -> 750 | U37: 7 | V37: =OFFSET(载具产出!$F$399,IFERROR(MATCH(OFFSET($D37,0,MATCH($D$5,$E$6:$H$6,0)),载具产出!$E$400:$E$439,1),0),MATCH(V$6,载具产出!$G$399:$O$399,0)) -> 4800 | W37: =_xlfn.XLOOKUP(Z37,载具属性!$E$98:$E$497,载具属性!$G$98:$G$497)+6000+OFFSET(载具属性!L$33,AS37,0)*载具属性!M$30+OFFSET(载具属性!M$33,AT37,0)*载具属性!N$30+OFFSET(载具属性!N$33,AU37,0)*载具属性!O$30+OFFSET(载具属性!O$33,AV37,0)*载具属性!P$30 -> 6740 | X37: =_xlfn.XLOOKUP(Z37,载具属性!$E$98:$E$497,载具属性!$G$98:$G$497) -> 500 | Y37: =OFFSET(载具属性!L$33,AS37,0)*载具属性!M$30+OFFSET(载具属性!M$33,AT37,0)*载具属性!N$30+OFFSET(载具属性!N$33,AU37,0)*载具属性!O$30+OFFSET(载具属性!O$33,AV37,0)*载具属性!P$30 -> 240 | Z37: =MATCH(SUM($T$7:T37),载具属性!$I$98:$I$497,1) -> 11 | AA37: =OFFSET(载具产出!$F$399,IFERROR(MATCH(OFFSET($D37,0,MATCH($D$5,$E$6:$H$6,0)),载具产出!$E$112:$E$151,1),0),MATCH(AA$6,载具产出!$G$111:$O$111,0))*2 -> 27.6 | AB37: =OFFSET(载具产出!$F$399,IFERROR(MATCH(OFFSET($D37,0,MATCH($D$5,$E$6:$H$6,0)),载具产出!$E$112:$E$151,1),0),MATCH(AB$6,载具产出!$G$111:$O$111,0))*2 -> 21.92 | AC37: =OFFSET(载具产出!$F$399,IFERROR(MATCH(OFFSET($D37,0,MATCH($D$5,$E$6:$H$6,0)),载具产出!$E$112:$E$151,1),0),MATCH(AC$6,载具产出!$G$111:$O$111,0))*2 -> 0.48 | AD37: =OFFSET(载具产出!$F$399,IFERROR(MATCH(OFFSET($D37,0,MATCH($D$5,$E$6:$H$6,0)),载具产出!$E$112:$E$151,1),0),MATCH(AD$6,载具产出!$G$111:$O$111,0))*2 -> 0 | AE37: =SUM(AA$36:AA37)/3 -> 18.4 | AF37: =SUM(AB$36:AB37)/3 -> 14.613333 | AG37: =SUM(AC$36:AC37)/3 -> 0.32 | AH37: =SUM(AD$36:AD37)/3 -> 0 | AI37: =_xlfn.XLOOKUP($D$5,载具产出!$D$71:$D$75,载具产出!$E$71:$E$75)*(D37-30+1) -> 23.52381 | AJ37: =IFERROR(MATCH(_xlfn.XLOOKUP($D$5,载具产出!$D$71:$D$75,载具产出!$E$71:$E$75)*(D37-30+1)*10,载具产出!$E$60:$E$67,1),0)+1 -> 1 | AK37: =IF($AJ37=1,($AI37)*(10*OFFSET(载具产出!$D$45,MATCH(AK$6,$AK$6:$AN$6,0)-1,$AJ37)+OFFSET(载具产出!$D$49,MATCH(AK$6,$AK$6:$AN$6,0)-1,$AJ37)*OFFSET(载具产出!$N$49,MATCH(AK$6,$AK$6:$AN$6,0)-1,0)),OFFSET(载具产出!F$59,$AJ37-1,0)*10+OFFSET(载具产出!J$59,$AJ37-1,0)+($AI37*10-_xlfn.XLOOKUP($AJ37-1,载具产出!$D$59:$D$67,载具产出!$E$59:$E$67))/10*(10*OFFSET(载具产出!$D$45,MATCH(AK$6,$AK$6:$AN$6,0)-1,$AJ37)+OFFSET(载具产出!$D$49,MATCH(AK$6,$AK$6:$AN$6,0)-1,$AJ37)*OFFSET(载具产出!$N$49,MATCH(AK$6,$AK$6:$AN$6,0)-1,0))) -> 70.571429 | AL37: =IF($AJ37=1,($AI37)*(10*OFFSET(载具产出!$D$45,MATCH(AL$6,$AK$6:$AN$6,0)-1,$AJ37)+OFFSET(载具产出!$D$49,MATCH(AL$6,$AK$6:$AN$6,0)-1,$AJ37)*OFFSET(载具产出!$N$49,MATCH(AL$6,$AK$6:$AN$6,0)-1,0)),OFFSET(载具产出!G$59,$AJ37-1,0)*10+OFFSET(载具产出!K$59,$AJ37-1,0)+($AI37*10-_xlfn.XLOOKUP($AJ37-1,载具产出!$D$59:$D$67,载具产出!$E$59:$E$67))/10*(10*OFFSET(载具产出!$D$45,MATCH(AL$6,$AK$6:$AN$6,0)-1,$AJ37)+OFFSET(载具产出!$D$49,MATCH(AL$6,$AK$6:$AN$6,0)-1,$AJ37)*OFFSET(载具产出!$N$49,MATCH(AL$6,$AK$6:$AN$6,0)-1,0))) -> 17.172381 | AM37: =IF($AJ37=1,($AI37)*(10*OFFSET(载具产出!$D$45,MATCH(AM$6,$AK$6:$AN$6,0)-1,$AJ37)+OFFSET(载具产出!$D$49,MATCH(AM$6,$AK$6:$AN$6,0)-1,$AJ37)*OFFSET(载具产出!$N$49,MATCH(AM$6,$AK$6:$AN$6,0)-1,0)),OFFSET(载具产出!H$59,$AJ37-1,0)*10+OFFSET(载具产出!L$59,$AJ37-1,0)+($AI37*10-_xlfn.XLOOKUP($AJ37-1,载具产出!$D$59:$D$67,载具产出!$E$59:$E$67))/10*(10*OFFSET(载具产出!$D$45,MATCH(AM$6,$AK$6:$AN$6,0)-1,$AJ37)+OFFSET(载具产出!$D$49,MATCH(AM$6,$AK$6:$AN$6,0)-1,$AJ37)*OFFSET(载具产出!$N$49,MATCH(AM$6,$AK$6:$AN$6,0)-1,0))) -> 0 | AN37: =IF($AJ37=1,($AI37)*(10*OFFSET(载具产出!$D$45,MATCH(AN$6,$AK$6:$AN$6,0)-1,$AJ37)+OFFSET(载具产出!$D$49,MATCH(AN$6,$AK$6:$AN$6,0)-1,$AJ37)*OFFSET(载具产出!$N$49,MATCH(AN$6,$AK$6:$AN$6,0)-1,0)),OFFSET(载具产出!I$59,$AJ37-1,0)*10+OFFSET(载具产出!M$59,$AJ37-1,0)+($AI37*10-_xlfn.XLOOKUP($AJ37-1,载具产出!$D$59:$D$67,载具产出!$E$59:$E$67))/10*(10*OFFSET(载具产出!$D$45,MATCH(AN$6,$AK$6:$AN$6,0)-1,$AJ37)+OFFSET(载具产出!$D$49,MATCH(AN$6,$AK$6:$AN$6,0)-1,$AJ37)*OFFSET(载具产出!$N$49,MATCH(AN$6,$AK$6:$AN$6,0)-1,0))) -> 0 | AO37: =AE37+AK37 -> 88.971429 | AP37: =AF37+AL37 -> 31.785714 | AQ37: =AG37+AM37 -> 0.32 | AR37: =AH37+AN37 -> 0 | AS37: =IFERROR(MATCH(AO37/载具产出!R$58,载具属性!$G$33:$G$92,1),0) -> 4 | AT37: =IFERROR(MATCH(AP37/载具产出!S$58,载具属性!$G$33:$G$92,1),0) -> 0 | AU37: =IFERROR(MATCH(AQ37/载具产出!T$58,载具属性!$G$33:$G$92,1),0) -> 0 | AV37: =IFERROR(MATCH(AR37/载具产出!U$58,载具属性!$G$33:$G$92,1),0) -> 0 | AW37: ="["&_xlfn.TEXTJOIN(",",1,AX37:BD37)&"]" -> [{62,13},{63,875},{2,800},{6030001,30},{6030002,43}] | AX37: =IF(INT(K37)<=0,"","{"&K$5&","&INT(K37)&"}") -> {62,13} | AY37: =IF(INT(L37)<=0,"","{"&L$5&","&INT(L37)&"}") -> {63,875} | AZ37: =IF(INT(M37)<=0,"","{"&M$5&","&INT(M37)&"}") -> {2,800} | BA37: =IF(INT(N37)<=0,"","{"&N$5&","&INT(N37)&"}") -> {6030001,30} | BB37: =IF(INT(O37)<=0,"","{"&O$5&","&INT(O37)&"}") -> {6030002,43} | BC37: =IF(INT(P37)<=0,"","{"&P$5&","&INT(P37)&"}") | BD37: =IF(INT(Q37)<=0,"","{"&Q$5&","&INT(Q37)&"}")
C38: =W38/G38 -> 80.681818 | D38: 32 | E38: 68 | F38: 78 | G38: 88 | H38: 110 | I38: 121 | J38: =MIN(INT(E38*(30-(D38-30))/30+(D38-30)/30*H38),H38) -> 70 | K38: =SUM(U$36:U38)-SUM(OFFSET(载具产出!H$399,0,0,$R38+1,1)) -> 20 | L38: =SUM(T$36:T38)-SUM(OFFSET(载具产出!G$399,0,0,$R38+1,1)) -> 1625 | M38: =SUM(V$36:V38)/2-SUM(OFFSET(载具产出!I$399,0,0,$R38+1,1)) -> 3200 | N38: =SUM(AA$36:AA38)-SUM(OFFSET(载具产出!J$399,0,0,$R38+1,1)) -> 57.8 | O38: =SUM(AB$36:AB38)-SUM(OFFSET(载具产出!K$399,0,0,$R38+1,1)) -> 65.76 | P38: =SUM(AC$36:AC38)-SUM(OFFSET(载具产出!L$399,0,0,$R38+1,1)) -> 1.44 | Q38: =SUM(AD$36:AD38)-SUM(OFFSET(载具产出!M$399,0,0,$R38+1,1)) -> 0 | R38: 1 | S38: =OFFSET(载具产出!$D$111,IFERROR(MATCH(OFFSET($D38,0,MATCH($D$5,$E$6:$H$6,0)),载具产出!$E$112:$E$151,1),0),0) -> 精良Ⅴ | T38: =OFFSET(载具产出!$F$399,IFERROR(MATCH(OFFSET($D38,0,MATCH($D$5,$E$6:$H$6,0)),载具产出!$E$400:$E$439,1),0),MATCH(T$6,载具产出!$G$399:$O$399,0)) -> 750 | U38: 7 | V38: =OFFSET(载具产出!$F$399,IFERROR(MATCH(OFFSET($D38,0,MATCH($D$5,$E$6:$H$6,0)),载具产出!$E$400:$E$439,1),0),MATCH(V$6,载具产出!$G$399:$O$399,0)) -> 4800 | W38: =_xlfn.XLOOKUP(Z38,载具属性!$E$98:$E$497,载具属性!$G$98:$G$497)+6000+OFFSET(载具属性!L$33,AS38,0)*载具属性!M$30+OFFSET(载具属性!M$33,AT38,0)*载具属性!N$30+OFFSET(载具属性!N$33,AU38,0)*载具属性!O$30+OFFSET(载具属性!O$33,AV38,0)*载具属性!P$30 -> 7100 | X38: =_xlfn.XLOOKUP(Z38,载具属性!$E$98:$E$497,载具属性!$G$98:$G$497) -> 650 | Y38: =OFFSET(载具属性!L$33,AS38,0)*载具属性!M$30+OFFSET(载具属性!M$33,AT38,0)*载具属性!N$30+OFFSET(载具属性!N$33,AU38,0)*载具属性!O$30+OFFSET(载具属性!O$33,AV38,0)*载具属性!P$30 -> 450 | Z38: =MATCH(SUM($T$7:T38),载具属性!$I$98:$I$497,1) -> 14 | AA38: =OFFSET(载具产出!$F$399,IFERROR(MATCH(OFFSET($D38,0,MATCH($D$5,$E$6:$H$6,0)),载具产出!$E$112:$E$151,1),0),MATCH(AA$6,载具产出!$G$111:$O$111,0))*2 -> 27.6 | AB38: =OFFSET(载具产出!$F$399,IFERROR(MATCH(OFFSET($D38,0,MATCH($D$5,$E$6:$H$6,0)),载具产出!$E$112:$E$151,1),0),MATCH(AB$6,载具产出!$G$111:$O$111,0))*2 -> 21.92 | AC38: =OFFSET(载具产出!$F$399,IFERROR(MATCH(OFFSET($D38,0,MATCH($D$5,$E$6:$H$6,0)),载具产出!$E$112:$E$151,1),0),MATCH(AC$6,载具产出!$G$111:$O$111,0))*2 -> 0.48 | AD38: =OFFSET(载具产出!$F$399,IFERROR(MATCH(OFFSET($D38,0,MATCH($D$5,$E$6:$H$6,0)),载具产出!$E$112:$E$151,1),0),MATCH(AD$6,载具产出!$G$111:$O$111,0))*2 -> 0 | AE38: =SUM(AA$36:AA38)/3 -> 27.6 | AF38: =SUM(AB$36:AB38)/3 -> 21.92 | AG38: =SUM(AC$36:AC38)/3 -> 0.48 | AH38: =SUM(AD$36:AD38)/3 -> 0 | AI38: =_xlfn.XLOOKUP($D$5,载具产出!$D$71:$D$75,载具产出!$E$71:$E$75)*(D38-30+1) -> 35.285714 | AJ38: =IFERROR(MATCH(_xlfn.XLOOKUP($D$5,载具产出!$D$71:$D$75,载具产出!$E$71:$E$75)*(D38-30+1)*10,载具产出!$E$60:$E$67,1),0)+1 -> 2 | AK38: =IF($AJ38=1,($AI38)*(10*OFFSET(载具产出!$D$45,MATCH(AK$6,$AK$6:$AN$6,0)-1,$AJ38)+OFFSET(载具产出!$D$49,MATCH(AK$6,$AK$6:$AN$6,0)-1,$AJ38)*OFFSET(载具产出!$N$49,MATCH(AK$6,$AK$6:$AN$6,0)-1,0)),OFFSET(载具产出!F$59,$AJ38-1,0)*10+OFFSET(载具产出!J$59,$AJ38-1,0)+($AI38*10-_xlfn.XLOOKUP($AJ38-1,载具产出!$D$59:$D$67,载具产出!$E$59:$E$67))/10*(10*OFFSET(载具产出!$D$45,MATCH(AK$6,$AK$6:$AN$6,0)-1,$AJ38)+OFFSET(载具产出!$D$49,MATCH(AK$6,$AK$6:$AN$6,0)-1,$AJ38)*OFFSET(载具产出!$N$49,MATCH(AK$6,$AK$6:$AN$6,0)-1,0))) -> 103.81157 | AL38: =IF($AJ38=1,($AI38)*(10*OFFSET(载具产出!$D$45,MATCH(AL$6,$AK$6:$AN$6,0)-1,$AJ38)+OFFSET(载具产出!$D$49,MATCH(AL$6,$AK$6:$AN$6,0)-1,$AJ38)*OFFSET(载具产出!$N$49,MATCH(AL$6,$AK$6:$AN$6,0)-1,0)),OFFSET(载具产出!G$59,$AJ38-1,0)*10+OFFSET(载具产出!K$59,$AJ38-1,0)+($AI38*10-_xlfn.XLOOKUP($AJ38-1,载具产出!$D$59:$D$67,载具产出!$E$59:$E$67))/10*(10*OFFSET(载具产出!$D$45,MATCH(AL$6,$AK$6:$AN$6,0)-1,$AJ38)+OFFSET(载具产出!$D$49,MATCH(AL$6,$AK$6:$AN$6,0)-1,$AJ38)*OFFSET(载具产出!$N$49,MATCH(AL$6,$AK$6:$AN$6,0)-1,0))) -> 25.811429 | AM38: =IF($AJ38=1,($AI38)*(10*OFFSET(载具产出!$D$45,MATCH(AM$6,$AK$6:$AN$6,0)-1,$AJ38)+OFFSET(载具产出!$D$49,MATCH(AM$6,$AK$6:$AN$6,0)-1,$AJ38)*OFFSET(载具产出!$N$49,MATCH(AM$6,$AK$6:$AN$6,0)-1,0)),OFFSET(载具产出!H$59,$AJ38-1,0)*10+OFFSET(载具产出!L$59,$AJ38-1,0)+($AI38*10-_xlfn.XLOOKUP($AJ38-1,载具产出!$D$59:$D$67,载具产出!$E$59:$E$67))/10*(10*OFFSET(载具产出!$D$45,MATCH(AM$6,$AK$6:$AN$6,0)-1,$AJ38)+OFFSET(载具产出!$D$49,MATCH(AM$6,$AK$6:$AN$6,0)-1,$AJ38)*OFFSET(载具产出!$N$49,MATCH(AM$6,$AK$6:$AN$6,0)-1,0))) -> 1.9451429 | AN38: =IF($AJ38=1,($AI38)*(10*OFFSET(载具产出!$D$45,MATCH(AN$6,$AK$6:$AN$6,0)-1,$AJ38)+OFFSET(载具产出!$D$49,MATCH(AN$6,$AK$6:$AN$6,0)-1,$AJ38)*OFFSET(载具产出!$N$49,MATCH(AN$6,$AK$6:$AN$6,0)-1,0)),OFFSET(载具产出!I$59,$AJ38-1,0)*10+OFFSET(载具产出!M$59,$AJ38-1,0)+($AI38*10-_xlfn.XLOOKUP($AJ38-1,载具产出!$D$59:$D$67,载具产出!$E$59:$E$67))/10*(10*OFFSET(载具产出!$D$45,MATCH(AN$6,$AK$6:$AN$6,0)-1,$AJ38)+OFFSET(载具产出!$D$49,MATCH(AN$6,$AK$6:$AN$6,0)-1,$AJ38)*OFFSET(载具产出!$N$49,MATCH(AN$6,$AK$6:$AN$6,0)-1,0))) -> 0 | AO38: =AE38+AK38 -> 131.41157 | AP38: =AF38+AL38 -> 47.731429 | AQ38: =AG38+AM38 -> 2.4251429 | AR38: =AH38+AN38 -> 0 | AS38: =IFERROR(MATCH(AO38/载具产出!R$58,载具属性!$G$33:$G$92,1),0) -> 6 | AT38: =IFERROR(MATCH(AP38/载具产出!S$58,载具属性!$G$33:$G$92,1),0) -> 1 | AU38: =IFERROR(MATCH(AQ38/载具产出!T$58,载具属性!$G$33:$G$92,1),0) -> 0 | AV38: =IFERROR(MATCH(AR38/载具产出!U$58,载具属性!$G$33:$G$92,1),0) -> 0 | AW38: ="["&_xlfn.TEXTJOIN(",",1,AX38:BD38)&"]" -> [{62,20},{63,1625},{2,3200},{6030001,57},{6030002,65},{6030003,1}] | AX38: =IF(INT(K38)<=0,"","{"&K$5&","&INT(K38)&"}") -> {62,20} | AY38: =IF(INT(L38)<=0,"","{"&L$5&","&INT(L38)&"}") -> {63,1625} | AZ38: =IF(INT(M38)<=0,"","{"&M$5&","&INT(M38)&"}") -> {2,3200} | BA38: =IF(INT(N38)<=0,"","{"&N$5&","&INT(N38)&"}") -> {6030001,57} | BB38: =IF(INT(O38)<=0,"","{"&O$5&","&INT(O38)&"}") -> {6030002,65} | BC38: =IF(INT(P38)<=0,"","{"&P$5&","&INT(P38)&"}") -> {6030003,1} | BD38: =IF(INT(Q38)<=0,"","{"&Q$5&","&INT(Q38)&"}")
C39: =W39/G39 -> 83.146067 | D39: 33 | E39: 69 | F39: 79 | G39: 89 | H39: 111 | I39: 122 | J39: =MIN(INT(E39*(30-(D39-30))/30+(D39-30)/30*H39),H39) -> 73 | K39: =SUM(U$36:U39)-SUM(OFFSET(载具产出!H$399,0,0,$R39+1,1)) -> 27 | L39: =SUM(T$36:T39)-SUM(OFFSET(载具产出!G$399,0,0,$R39+1,1)) -> 2375 | M39: =SUM(V$36:V39)/2-SUM(OFFSET(载具产出!I$399,0,0,$R39+1,1)) -> 5600 | N39: =SUM(AA$36:AA39)-SUM(OFFSET(载具产出!J$399,0,0,$R39+1,1)) -> 85.4 | O39: =SUM(AB$36:AB39)-SUM(OFFSET(载具产出!K$399,0,0,$R39+1,1)) -> 87.68 | P39: =SUM(AC$36:AC39)-SUM(OFFSET(载具产出!L$399,0,0,$R39+1,1)) -> 1.92 | Q39: =SUM(AD$36:AD39)-SUM(OFFSET(载具产出!M$399,0,0,$R39+1,1)) -> 0 | R39: 1 | S39: =OFFSET(载具产出!$D$111,IFERROR(MATCH(OFFSET($D39,0,MATCH($D$5,$E$6:$H$6,0)),载具产出!$E$112:$E$151,1),0),0) -> 精良Ⅴ | T39: =OFFSET(载具产出!$F$399,IFERROR(MATCH(OFFSET($D39,0,MATCH($D$5,$E$6:$H$6,0)),载具产出!$E$400:$E$439,1),0),MATCH(T$6,载具产出!$G$399:$O$399,0)) -> 750 | U39: 7 | V39: =OFFSET(载具产出!$F$399,IFERROR(MATCH(OFFSET($D39,0,MATCH($D$5,$E$6:$H$6,0)),载具产出!$E$400:$E$439,1),0),MATCH(V$6,载具产出!$G$399:$O$399,0)) -> 4800 | W39: =_xlfn.XLOOKUP(Z39,载具属性!$E$98:$E$497,载具属性!$G$98:$G$497)+6000+OFFSET(载具属性!L$33,AS39,0)*载具属性!M$30+OFFSET(载具属性!M$33,AT39,0)*载具属性!N$30+OFFSET(载具属性!N$33,AU39,0)*载具属性!O$30+OFFSET(载具属性!O$33,AV39,0)*载具属性!P$30 -> 7400 | X39: =_xlfn.XLOOKUP(Z39,载具属性!$E$98:$E$497,载具属性!$G$98:$G$497) -> 800 | Y39: =OFFSET(载具属性!L$33,AS39,0)*载具属性!M$30+OFFSET(载具属性!M$33,AT39,0)*载具属性!N$30+OFFSET(载具属性!N$33,AU39,0)*载具属性!O$30+OFFSET(载具属性!O$33,AV39,0)*载具属性!P$30 -> 600 | Z39: =MATCH(SUM($T$7:T39),载具属性!$I$98:$I$497,1) -> 17 | AA39: =OFFSET(载具产出!$F$399,IFERROR(MATCH(OFFSET($D39,0,MATCH($D$5,$E$6:$H$6,0)),载具产出!$E$112:$E$151,1),0),MATCH(AA$6,载具产出!$G$111:$O$111,0))*2 -> 27.6 | AB39: =OFFSET(载具产出!$F$399,IFERROR(MATCH(OFFSET($D39,0,MATCH($D$5,$E$6:$H$6,0)),载具产出!$E$112:$E$151,1),0),MATCH(AB$6,载具产出!$G$111:$O$111,0))*2 -> 21.92 | AC39: =OFFSET(载具产出!$F$399,IFERROR(MATCH(OFFSET($D39,0,MATCH($D$5,$E$6:$H$6,0)),载具产出!$E$112:$E$151,1),0),MATCH(AC$6,载具产出!$G$111:$O$111,0))*2 -> 0.48 | AD39: =OFFSET(载具产出!$F$399,IFERROR(MATCH(OFFSET($D39,0,MATCH($D$5,$E$6:$H$6,0)),载具产出!$E$112:$E$151,1),0),MATCH(AD$6,载具产出!$G$111:$O$111,0))*2 -> 0 | AE39: =SUM(AA$36:AA39)/3 -> 36.8 | AF39: =SUM(AB$36:AB39)/3 -> 29.226667 | AG39: =SUM(AC$36:AC39)/3 -> 0.64 | AH39: =SUM(AD$36:AD39)/3 -> 0 | AI39: =_xlfn.XLOOKUP($D$5,载具产出!$D$71:$D$75,载具产出!$E$71:$E$75)*(D39-30+1) -> 47.047619 | AJ39: =IFERROR(MATCH(_xlfn.XLOOKUP($D$5,载具产出!$D$71:$D$75,载具产出!$E$71:$E$75)*(D39-30+1)*10,载具产出!$E$60:$E$67,1),0)+1 -> 2 | AK39: =IF($AJ39=1,($AI39)*(10*OFFSET(载具产出!$D$45,MATCH(AK$6,$AK$6:$AN$6,0)-1,$AJ39)+OFFSET(载具产出!$D$49,MATCH(AK$6,$AK$6:$AN$6,0)-1,$AJ39)*OFFSET(载具产出!$N$49,MATCH(AK$6,$AK$6:$AN$6,0)-1,0)),OFFSET(载具产出!F$59,$AJ39-1,0)*10+OFFSET(载具产出!J$59,$AJ39-1,0)+($AI39*10-_xlfn.XLOOKUP($AJ39-1,载具产出!$D$59:$D$67,载具产出!$E$59:$E$67))/10*(10*OFFSET(载具产出!$D$45,MATCH(AK$6,$AK$6:$AN$6,0)-1,$AJ39)+OFFSET(载具产出!$D$49,MATCH(AK$6,$AK$6:$AN$6,0)-1,$AJ39)*OFFSET(载具产出!$N$49,MATCH(AK$6,$AK$6:$AN$6,0)-1,0))) -> 134.54543 | AL39: =IF($AJ39=1,($AI39)*(10*OFFSET(载具产出!$D$45,MATCH(AL$6,$AK$6:$AN$6,0)-1,$AJ39)+OFFSET(载具产出!$D$49,MATCH(AL$6,$AK$6:$AN$6,0)-1,$AJ39)*OFFSET(载具产出!$N$49,MATCH(AL$6,$AK$6:$AN$6,0)-1,0)),OFFSET(载具产出!G$59,$AJ39-1,0)*10+OFFSET(载具产出!K$59,$AJ39-1,0)+($AI39*10-_xlfn.XLOOKUP($AJ39-1,载具产出!$D$59:$D$67,载具产出!$E$59:$E$67))/10*(10*OFFSET(载具产出!$D$45,MATCH(AL$6,$AK$6:$AN$6,0)-1,$AJ39)+OFFSET(载具产出!$D$49,MATCH(AL$6,$AK$6:$AN$6,0)-1,$AJ39)*OFFSET(载具产出!$N$49,MATCH(AL$6,$AK$6:$AN$6,0)-1,0))) -> 34.515238 | AM39: =IF($AJ39=1,($AI39)*(10*OFFSET(载具产出!$D$45,MATCH(AM$6,$AK$6:$AN$6,0)-1,$AJ39)+OFFSET(载具产出!$D$49,MATCH(AM$6,$AK$6:$AN$6,0)-1,$AJ39)*OFFSET(载具产出!$N$49,MATCH(AM$6,$AK$6:$AN$6,0)-1,0)),OFFSET(载具产出!H$59,$AJ39-1,0)*10+OFFSET(载具产出!L$59,$AJ39-1,0)+($AI39*10-_xlfn.XLOOKUP($AJ39-1,载具产出!$D$59:$D$67,载具产出!$E$59:$E$67))/10*(10*OFFSET(载具产出!$D$45,MATCH(AM$6,$AK$6:$AN$6,0)-1,$AJ39)+OFFSET(载具产出!$D$49,MATCH(AM$6,$AK$6:$AN$6,0)-1,$AJ39)*OFFSET(载具产出!$N$49,MATCH(AM$6,$AK$6:$AN$6,0)-1,0))) -> 6.2735238 | AN39: =IF($AJ39=1,($AI39)*(10*OFFSET(载具产出!$D$45,MATCH(AN$6,$AK$6:$AN$6,0)-1,$AJ39)+OFFSET(载具产出!$D$49,MATCH(AN$6,$AK$6:$AN$6,0)-1,$AJ39)*OFFSET(载具产出!$N$49,MATCH(AN$6,$AK$6:$AN$6,0)-1,0)),OFFSET(载具产出!I$59,$AJ39-1,0)*10+OFFSET(载具产出!M$59,$AJ39-1,0)+($AI39*10-_xlfn.XLOOKUP($AJ39-1,载具产出!$D$59:$D$67,载具产出!$E$59:$E$67))/10*(10*OFFSET(载具产出!$D$45,MATCH(AN$6,$AK$6:$AN$6,0)-1,$AJ39)+OFFSET(载具产出!$D$49,MATCH(AN$6,$AK$6:$AN$6,0)-1,$AJ39)*OFFSET(载具产出!$N$49,MATCH(AN$6,$AK$6:$AN$6,0)-1,0))) -> 0 | AO39: =AE39+AK39 -> 171.34543 | AP39: =AF39+AL39 -> 63.741905 | AQ39: =AG39+AM39 -> 6.9135238 | AR39: =AH39+AN39 -> 0 | AS39: =IFERROR(MATCH(AO39/载具产出!R$58,载具属性!$G$33:$G$92,1),0) -> 7 | AT39: =IFERROR(MATCH(AP39/载具产出!S$58,载具属性!$G$33:$G$92,1),0) -> 2 | AU39: =IFERROR(MATCH(AQ39/载具产出!T$58,载具属性!$G$33:$G$92,1),0) -> 0 | AV39: =IFERROR(MATCH(AR39/载具产出!U$58,载具属性!$G$33:$G$92,1),0) -> 0 | AW39: ="["&_xlfn.TEXTJOIN(",",1,AX39:BD39)&"]" -> [{62,27},{63,2375},{2,5600},{6030001,85},{6030002,87},{6030003,1}] | AX39: =IF(INT(K39)<=0,"","{"&K$5&","&INT(K39)&"}") -> {62,27} | AY39: =IF(INT(L39)<=0,"","{"&L$5&","&INT(L39)&"}") -> {63,2375} | AZ39: =IF(INT(M39)<=0,"","{"&M$5&","&INT(M39)&"}") -> {2,5600} | BA39: =IF(INT(N39)<=0,"","{"&N$5&","&INT(N39)&"}") -> {6030001,85} | BB39: =IF(INT(O39)<=0,"","{"&O$5&","&INT(O39)&"}") -> {6030002,87} | BC39: =IF(INT(P39)<=0,"","{"&P$5&","&INT(P39)&"}") -> {6030003,1} | BD39: =IF(INT(Q39)<=0,"","{"&Q$5&","&INT(Q39)&"}")
C40: =W40/G40 -> 85.222222 | D40: 34 | E40: 70 | F40: 80 | G40: 90 | H40: 112 | I40: 122 | J40: =MIN(INT(E40*(30-(D40-30))/30+(D40-30)/30*H40),H40) -> 75 | K40: =SUM(U$36:U40)-SUM(OFFSET(载具产出!H$399,0,0,$R40+1,1)) -> 33 | L40: =SUM(T$36:T40)-SUM(OFFSET(载具产出!G$399,0,0,$R40+1,1)) -> 2460 | M40: =SUM(V$36:V40)/2-SUM(OFFSET(载具产出!I$399,0,0,$R40+1,1)) -> 3800 | N40: =SUM(AA$36:AA40)-SUM(OFFSET(载具产出!J$399,0,0,$R40+1,1)) -> 98.4 | O40: =SUM(AB$36:AB40)-SUM(OFFSET(载具产出!K$399,0,0,$R40+1,1)) -> 104.2 | P40: =SUM(AC$36:AC40)-SUM(OFFSET(载具产出!L$399,0,0,$R40+1,1)) -> 2.4 | Q40: =SUM(AD$36:AD40)-SUM(OFFSET(载具产出!M$399,0,0,$R40+1,1)) -> 0 | R40: 2 | S40: =OFFSET(载具产出!$D$111,IFERROR(MATCH(OFFSET($D40,0,MATCH($D$5,$E$6:$H$6,0)),载具产出!$E$112:$E$151,1),0),0) -> 精良Ⅴ | T40: =OFFSET(载具产出!$F$399,IFERROR(MATCH(OFFSET($D40,0,MATCH($D$5,$E$6:$H$6,0)),载具产出!$E$400:$E$439,1),0),MATCH(T$6,载具产出!$G$399:$O$399,0)) -> 750 | U40: 7 | V40: =OFFSET(载具产出!$F$399,IFERROR(MATCH(OFFSET($D40,0,MATCH($D$5,$E$6:$H$6,0)),载具产出!$E$400:$E$439,1),0),MATCH(V$6,载具产出!$G$399:$O$399,0)) -> 4800 | W40: =_xlfn.XLOOKUP(Z40,载具属性!$E$98:$E$497,载具属性!$G$98:$G$497)+6000+OFFSET(载具属性!L$33,AS40,0)*载具属性!M$30+OFFSET(载具属性!M$33,AT40,0)*载具属性!N$30+OFFSET(载具属性!N$33,AU40,0)*载具属性!O$30+OFFSET(载具属性!O$33,AV40,0)*载具属性!P$30 -> 7670 | X40: =_xlfn.XLOOKUP(Z40,载具属性!$E$98:$E$497,载具属性!$G$98:$G$497) -> 950 | Y40: =OFFSET(载具属性!L$33,AS40,0)*载具属性!M$30+OFFSET(载具属性!M$33,AT40,0)*载具属性!N$30+OFFSET(载具属性!N$33,AU40,0)*载具属性!O$30+OFFSET(载具属性!O$33,AV40,0)*载具属性!P$30 -> 720 | Z40: =MATCH(SUM($T$7:T40),载具属性!$I$98:$I$497,1) -> 20 | AA40: =OFFSET(载具产出!$F$399,IFERROR(MATCH(OFFSET($D40,0,MATCH($D$5,$E$6:$H$6,0)),载具产出!$E$112:$E$151,1),0),MATCH(AA$6,载具产出!$G$111:$O$111,0))*2 -> 27.6 | AB40: =OFFSET(载具产出!$F$399,IFERROR(MATCH(OFFSET($D40,0,MATCH($D$5,$E$6:$H$6,0)),载具产出!$E$112:$E$151,1),0),MATCH(AB$6,载具产出!$G$111:$O$111,0))*2 -> 21.92 | AC40: =OFFSET(载具产出!$F$399,IFERROR(MATCH(OFFSET($D40,0,MATCH($D$5,$E$6:$H$6,0)),载具产出!$E$112:$E$151,1),0),MATCH(AC$6,载具产出!$G$111:$O$111,0))*2 -> 0.48 | AD40: =OFFSET(载具产出!$F$399,IFERROR(MATCH(OFFSET($D40,0,MATCH($D$5,$E$6:$H$6,0)),载具产出!$E$112:$E$151,1),0),MATCH(AD$6,载具产出!$G$111:$O$111,0))*2 -> 0 | AE40: =SUM(AA$36:AA40)/3 -> 46 | AF40: =SUM(AB$36:AB40)/3 -> 36.533333 | AG40: =SUM(AC$36:AC40)/3 -> 0.8 | AH40: =SUM(AD$36:AD40)/3 -> 0 | AI40: =_xlfn.XLOOKUP($D$5,载具产出!$D$71:$D$75,载具产出!$E$71:$E$75)*(D40-30+1) -> 58.809524 | AJ40: =IFERROR(MATCH(_xlfn.XLOOKUP($D$5,载具产出!$D$71:$D$75,载具产出!$E$71:$E$75)*(D40-30+1)*10,载具产出!$E$60:$E$67,1),0)+1 -> 2 | AK40: =IF($AJ40=1,($AI40)*(10*OFFSET(载具产出!$D$45,MATCH(AK$6,$AK$6:$AN$6,0)-1,$AJ40)+OFFSET(载具产出!$D$49,MATCH(AK$6,$AK$6:$AN$6,0)-1,$AJ40)*OFFSET(载具产出!$N$49,MATCH(AK$6,$AK$6:$AN$6,0)-1,0)),OFFSET(载具产出!F$59,$AJ40-1,0)*10+OFFSET(载具产出!J$59,$AJ40-1,0)+($AI40*10-_xlfn.XLOOKUP($AJ40-1,载具产出!$D$59:$D$67,载具产出!$E$59:$E$67))/10*(10*OFFSET(载具产出!$D$45,MATCH(AK$6,$AK$6:$AN$6,0)-1,$AJ40)+OFFSET(载具产出!$D$49,MATCH(AK$6,$AK$6:$AN$6,0)-1,$AJ40)*OFFSET(载具产出!$N$49,MATCH(AK$6,$AK$6:$AN$6,0)-1,0))) -> 165.27929 | AL40: =IF($AJ40=1,($AI40)*(10*OFFSET(载具产出!$D$45,MATCH(AL$6,$AK$6:$AN$6,0)-1,$AJ40)+OFFSET(载具产出!$D$49,MATCH(AL$6,$AK$6:$AN$6,0)-1,$AJ40)*OFFSET(载具产出!$N$49,MATCH(AL$6,$AK$6:$AN$6,0)-1,0)),OFFSET(载具产出!G$59,$AJ40-1,0)*10+OFFSET(载具产出!K$59,$AJ40-1,0)+($AI40*10-_xlfn.XLOOKUP($AJ40-1,载具产出!$D$59:$D$67,载具产出!$E$59:$E$67))/10*(10*OFFSET(载具产出!$D$45,MATCH(AL$6,$AK$6:$AN$6,0)-1,$AJ40)+OFFSET(载具产出!$D$49,MATCH(AL$6,$AK$6:$AN$6,0)-1,$AJ40)*OFFSET(载具产出!$N$49,MATCH(AL$6,$AK$6:$AN$6,0)-1,0))) -> 43.219048 | AM40: =IF($AJ40=1,($AI40)*(10*OFFSET(载具产出!$D$45,MATCH(AM$6,$AK$6:$AN$6,0)-1,$AJ40)+OFFSET(载具产出!$D$49,MATCH(AM$6,$AK$6:$AN$6,0)-1,$AJ40)*OFFSET(载具产出!$N$49,MATCH(AM$6,$AK$6:$AN$6,0)-1,0)),OFFSET(载具产出!H$59,$AJ40-1,0)*10+OFFSET(载具产出!L$59,$AJ40-1,0)+($AI40*10-_xlfn.XLOOKUP($AJ40-1,载具产出!$D$59:$D$67,载具产出!$E$59:$E$67))/10*(10*OFFSET(载具产出!$D$45,MATCH(AM$6,$AK$6:$AN$6,0)-1,$AJ40)+OFFSET(载具产出!$D$49,MATCH(AM$6,$AK$6:$AN$6,0)-1,$AJ40)*OFFSET(载具产出!$N$49,MATCH(AM$6,$AK$6:$AN$6,0)-1,0))) -> 10.601905 | AN40: =IF($AJ40=1,($AI40)*(10*OFFSET(载具产出!$D$45,MATCH(AN$6,$AK$6:$AN$6,0)-1,$AJ40)+OFFSET(载具产出!$D$49,MATCH(AN$6,$AK$6:$AN$6,0)-1,$AJ40)*OFFSET(载具产出!$N$49,MATCH(AN$6,$AK$6:$AN$6,0)-1,0)),OFFSET(载具产出!I$59,$AJ40-1,0)*10+OFFSET(载具产出!M$59,$AJ40-1,0)+($AI40*10-_xlfn.XLOOKUP($AJ40-1,载具产出!$D$59:$D$67,载具产出!$E$59:$E$67))/10*(10*OFFSET(载具产出!$D$45,MATCH(AN$6,$AK$6:$AN$6,0)-1,$AJ40)+OFFSET(载具产出!$D$49,MATCH(AN$6,$AK$6:$AN$6,0)-1,$AJ40)*OFFSET(载具产出!$N$49,MATCH(AN$6,$AK$6:$AN$6,0)-1,0))) -> 0 | AO40: =AE40+AK40 -> 211.27929 | AP40: =AF40+AL40 -> 79.752381 | AQ40: =AG40+AM40 -> 11.401905 | AR40: =AH40+AN40 -> 0 | AS40: =IFERROR(MATCH(AO40/载具产出!R$58,载具属性!$G$33:$G$92,1),0) -> 9 | AT40: =IFERROR(MATCH(AP40/载具产出!S$58,载具属性!$G$33:$G$92,1),0) -> 2 | AU40: =IFERROR(MATCH(AQ40/载具产出!T$58,载具属性!$G$33:$G$92,1),0) -> 0 | AV40: =IFERROR(MATCH(AR40/载具产出!U$58,载具属性!$G$33:$G$92,1),0) -> 0 | AW40: ="["&_xlfn.TEXTJOIN(",",1,AX40:BD40)&"]" -> [{62,33},{63,2460},{2,3800},{6030001,98},{6030002,104},{6030003,2}] | AX40: =IF(INT(K40)<=0,"","{"&K$5&","&INT(K40)&"}") -> {62,33} | AY40: =IF(INT(L40)<=0,"","{"&L$5&","&INT(L40)&"}") -> {63,2460} | AZ40: =IF(INT(M40)<=0,"","{"&M$5&","&INT(M40)&"}") -> {2,3800} | BA40: =IF(INT(N40)<=0,"","{"&N$5&","&INT(N40)&"}") -> {6030001,98} | BB40: =IF(INT(O40)<=0,"","{"&O$5&","&INT(O40)&"}") -> {6030002,104} | BC40: =IF(INT(P40)<=0,"","{"&P$5&","&INT(P40)&"}") -> {6030003,2} | BD40: =IF(INT(Q40)<=0,"","{"&Q$5&","&INT(Q40)&"}")
C41: =W41/G41 -> 87.142857 | D41: 35 | E41: 71 | F41: 81 | G41: 91 | H41: 113 | I41: 122 | J41: =MIN(INT(E41*(30-(D41-30))/30+(D41-30)/30*H41),H41) -> 78 | K41: =SUM(U$36:U41)-SUM(OFFSET(载具产出!H$399,0,0,$R41+1,1)) -> 40 | L41: =SUM(T$36:T41)-SUM(OFFSET(载具产出!G$399,0,0,$R41+1,1)) -> 3210 | M41: =SUM(V$36:V41)/2-SUM(OFFSET(载具产出!I$399,0,0,$R41+1,1)) -> 6200 | N41: =SUM(AA$36:AA41)-SUM(OFFSET(载具产出!J$399,0,0,$R41+1,1)) -> 126 | O41: =SUM(AB$36:AB41)-SUM(OFFSET(载具产出!K$399,0,0,$R41+1,1)) -> 126.12 | P41: =SUM(AC$36:AC41)-SUM(OFFSET(载具产出!L$399,0,0,$R41+1,1)) -> 2.88 | Q41: =SUM(AD$36:AD41)-SUM(OFFSET(载具产出!M$399,0,0,$R41+1,1)) -> 0 | R41: 2 | S41: =OFFSET(载具产出!$D$111,IFERROR(MATCH(OFFSET($D41,0,MATCH($D$5,$E$6:$H$6,0)),载具产出!$E$112:$E$151,1),0),0) -> 精良Ⅴ | T41: =OFFSET(载具产出!$F$399,IFERROR(MATCH(OFFSET($D41,0,MATCH($D$5,$E$6:$H$6,0)),载具产出!$E$400:$E$439,1),0),MATCH(T$6,载具产出!$G$399:$O$399,0)) -> 750 | U41: 7 | V41: =OFFSET(载具产出!$F$399,IFERROR(MATCH(OFFSET($D41,0,MATCH($D$5,$E$6:$H$6,0)),载具产出!$E$400:$E$439,1),0),MATCH(V$6,载具产出!$G$399:$O$399,0)) -> 4800 | W41: =_xlfn.XLOOKUP(Z41,载具属性!$E$98:$E$497,载具属性!$G$98:$G$497)+6000+OFFSET(载具属性!L$33,AS41,0)*载具属性!M$30+OFFSET(载具属性!M$33,AT41,0)*载具属性!N$30+OFFSET(载具属性!N$33,AU41,0)*载具属性!O$30+OFFSET(载具属性!O$33,AV41,0)*载具属性!P$30 -> 7930 | X41: =_xlfn.XLOOKUP(Z41,载具属性!$E$98:$E$497,载具属性!$G$98:$G$497) -> 1060 | Y41: =OFFSET(载具属性!L$33,AS41,0)*载具属性!M$30+OFFSET(载具属性!M$33,AT41,0)*载具属性!N$30+OFFSET(载具属性!N$33,AU41,0)*载具属性!O$30+OFFSET(载具属性!O$33,AV41,0)*载具属性!P$30 -> 870 | Z41: =MATCH(SUM($T$7:T41),载具属性!$I$98:$I$497,1) -> 22 | AA41: =OFFSET(载具产出!$F$399,IFERROR(MATCH(OFFSET($D41,0,MATCH($D$5,$E$6:$H$6,0)),载具产出!$E$112:$E$151,1),0),MATCH(AA$6,载具产出!$G$111:$O$111,0))*2 -> 27.6 | AB41: =OFFSET(载具产出!$F$399,IFERROR(MATCH(OFFSET($D41,0,MATCH($D$5,$E$6:$H$6,0)),载具产出!$E$112:$E$151,1),0),MATCH(AB$6,载具产出!$G$111:$O$111,0))*2 -> 21.92 | AC41: =OFFSET(载具产出!$F$399,IFERROR(MATCH(OFFSET($D41,0,MATCH($D$5,$E$6:$H$6,0)),载具产出!$E$112:$E$151,1),0),MATCH(AC$6,载具产出!$G$111:$O$111,0))*2 -> 0.48 | AD41: =OFFSET(载具产出!$F$399,IFERROR(MATCH(OFFSET($D41,0,MATCH($D$5,$E$6:$H$6,0)),载具产出!$E$112:$E$151,1),0),MATCH(AD$6,载具产出!$G$111:$O$111,0))*2 -> 0 | AE41: =SUM(AA$36:AA41)/3 -> 55.2 | AF41: =SUM(AB$36:AB41)/3 -> 43.84 | AG41: =SUM(AC$36:AC41)/3 -> 0.96 | AH41: =SUM(AD$36:AD41)/3 -> 0 | AI41: =_xlfn.XLOOKUP($D$5,载具产出!$D$71:$D$75,载具产出!$E$71:$E$75)*(D41-30+1) -> 70.571429 | AJ41: =IFERROR(MATCH(_xlfn.XLOOKUP($D$5,载具产出!$D$71:$D$75,载具产出!$E$71:$E$75)*(D41-30+1)*10,载具产出!$E$60:$E$67,1),0)+1 -> 3 | AK41: =IF($AJ41=1,($AI41)*(10*OFFSET(载具产出!$D$45,MATCH(AK$6,$AK$6:$AN$6,0)-1,$AJ41)+OFFSET(载具产出!$D$49,MATCH(AK$6,$AK$6:$AN$6,0)-1,$AJ41)*OFFSET(载具产出!$N$49,MATCH(AK$6,$AK$6:$AN$6,0)-1,0)),OFFSET(载具产出!F$59,$AJ41-1,0)*10+OFFSET(载具产出!J$59,$AJ41-1,0)+($AI41*10-_xlfn.XLOOKUP($AJ41-1,载具产出!$D$59:$D$67,载具产出!$E$59:$E$67))/10*(10*OFFSET(载具产出!$D$45,MATCH(AK$6,$AK$6:$AN$6,0)-1,$AJ41)+OFFSET(载具产出!$D$49,MATCH(AK$6,$AK$6:$AN$6,0)-1,$AJ41)*OFFSET(载具产出!$N$49,MATCH(AK$6,$AK$6:$AN$6,0)-1,0))) -> 195.66429 | AL41: =IF($AJ41=1,($AI41)*(10*OFFSET(载具产出!$D$45,MATCH(AL$6,$AK$6:$AN$6,0)-1,$AJ41)+OFFSET(载具产出!$D$49,MATCH(AL$6,$AK$6:$AN$6,0)-1,$AJ41)*OFFSET(载具产出!$N$49,MATCH(AL$6,$AK$6:$AN$6,0)-1,0)),OFFSET(载具产出!G$59,$AJ41-1,0)*10+OFFSET(载具产出!K$59,$AJ41-1,0)+($AI41*10-_xlfn.XLOOKUP($AJ41-1,载具产出!$D$59:$D$67,载具产出!$E$59:$E$67))/10*(10*OFFSET(载具产出!$D$45,MATCH(AL$6,$AK$6:$AN$6,0)-1,$AJ41)+OFFSET(载具产出!$D$49,MATCH(AL$6,$AK$6:$AN$6,0)-1,$AJ41)*OFFSET(载具产出!$N$49,MATCH(AL$6,$AK$6:$AN$6,0)-1,0))) -> 52.345714 | AM41: =IF($AJ41=1,($AI41)*(10*OFFSET(载具产出!$D$45,MATCH(AM$6,$AK$6:$AN$6,0)-1,$AJ41)+OFFSET(载具产出!$D$49,MATCH(AM$6,$AK$6:$AN$6,0)-1,$AJ41)*OFFSET(载具产出!$N$49,MATCH(AM$6,$AK$6:$AN$6,0)-1,0)),OFFSET(载具产出!H$59,$AJ41-1,0)*10+OFFSET(载具产出!L$59,$AJ41-1,0)+($AI41*10-_xlfn.XLOOKUP($AJ41-1,载具产出!$D$59:$D$67,载具产出!$E$59:$E$67))/10*(10*OFFSET(载具产出!$D$45,MATCH(AM$6,$AK$6:$AN$6,0)-1,$AJ41)+OFFSET(载具产出!$D$49,MATCH(AM$6,$AK$6:$AN$6,0)-1,$AJ41)*OFFSET(载具产出!$N$49,MATCH(AM$6,$AK$6:$AN$6,0)-1,0))) -> 15.268571 | AN41: =IF($AJ41=1,($AI41)*(10*OFFSET(载具产出!$D$45,MATCH(AN$6,$AK$6:$AN$6,0)-1,$AJ41)+OFFSET(载具产出!$D$49,MATCH(AN$6,$AK$6:$AN$6,0)-1,$AJ41)*OFFSET(载具产出!$N$49,MATCH(AN$6,$AK$6:$AN$6,0)-1,0)),OFFSET(载具产出!I$59,$AJ41-1,0)*10+OFFSET(载具产出!M$59,$AJ41-1,0)+($AI41*10-_xlfn.XLOOKUP($AJ41-1,载具产出!$D$59:$D$67,载具产出!$E$59:$E$67))/10*(10*OFFSET(载具产出!$D$45,MATCH(AN$6,$AK$6:$AN$6,0)-1,$AJ41)+OFFSET(载具产出!$D$49,MATCH(AN$6,$AK$6:$AN$6,0)-1,$AJ41)*OFFSET(载具产出!$N$49,MATCH(AN$6,$AK$6:$AN$6,0)-1,0))) -> 0 | AO41: =AE41+AK41 -> 250.86429 | AP41: =AF41+AL41 -> 96.185714 | AQ41: =AG41+AM41 -> 16.228571 | AR41: =AH41+AN41 -> 0 | AS41: =IFERROR(MATCH(AO41/载具产出!R$58,载具属性!$G$33:$G$92,1),0) -> 10 | AT41: =IFERROR(MATCH(AP41/载具产出!S$58,载具属性!$G$33:$G$92,1),0) -> 3 | AU41: =IFERROR(MATCH(AQ41/载具产出!T$58,载具属性!$G$33:$G$92,1),0) -> 0 | AV41: =IFERROR(MATCH(AR41/载具产出!U$58,载具属性!$G$33:$G$92,1),0) -> 0 | AW41: ="["&_xlfn.TEXTJOIN(",",1,AX41:BD41)&"]" -> [{62,40},{63,3210},{2,6200},{6030001,126},{6030002,126},{6030003,2}] | AX41: =IF(INT(K41)<=0,"","{"&K$5&","&INT(K41)&"}") -> {62,40} | AY41: =IF(INT(L41)<=0,"","{"&L$5&","&INT(L41)&"}") -> {63,3210} | AZ41: =IF(INT(M41)<=0,"","{"&M$5&","&INT(M41)&"}") -> {2,6200} | BA41: =IF(INT(N41)<=0,"","{"&N$5&","&INT(N41)&"}") -> {6030001,126} | BB41: =IF(INT(O41)<=0,"","{"&O$5&","&INT(O41)&"}") -> {6030002,126} | BC41: =IF(INT(P41)<=0,"","{"&P$5&","&INT(P41)&"}") -> {6030003,2} | BD41: =IF(INT(Q41)<=0,"","{"&Q$5&","&INT(Q41)&"}")
C42: =W42/G42 -> 88.369565 | D42: 36 | E42: 72 | F42: 82 | G42: 92 | H42: 115 | I42: 125 | J42: =MIN(INT(E42*(30-(D42-30))/30+(D42-30)/30*H42),H42) -> 80 | K42: =SUM(U$36:U42)-SUM(OFFSET(载具产出!H$399,0,0,$R42+1,1)) -> 47 | L42: =SUM(T$36:T42)-SUM(OFFSET(载具产出!G$399,0,0,$R42+1,1)) -> 3960 | M42: =SUM(V$36:V42)/2-SUM(OFFSET(载具产出!I$399,0,0,$R42+1,1)) -> 8600 | N42: =SUM(AA$36:AA42)-SUM(OFFSET(载具产出!J$399,0,0,$R42+1,1)) -> 153.6 | O42: =SUM(AB$36:AB42)-SUM(OFFSET(载具产出!K$399,0,0,$R42+1,1)) -> 148.04 | P42: =SUM(AC$36:AC42)-SUM(OFFSET(载具产出!L$399,0,0,$R42+1,1)) -> 3.36 | Q42: =SUM(AD$36:AD42)-SUM(OFFSET(载具产出!M$399,0,0,$R42+1,1)) -> 0 | R42: 2 | S42: =OFFSET(载具产出!$D$111,IFERROR(MATCH(OFFSET($D42,0,MATCH($D$5,$E$6:$H$6,0)),载具产出!$E$112:$E$151,1),0),0) -> 精良Ⅴ | T42: =OFFSET(载具产出!$F$399,IFERROR(MATCH(OFFSET($D42,0,MATCH($D$5,$E$6:$H$6,0)),载具产出!$E$400:$E$439,1),0),MATCH(T$6,载具产出!$G$399:$O$399,0)) -> 750 | U42: 7 | V42: =OFFSET(载具产出!$F$399,IFERROR(MATCH(OFFSET($D42,0,MATCH($D$5,$E$6:$H$6,0)),载具产出!$E$400:$E$439,1),0),MATCH(V$6,载具产出!$G$399:$O$399,0)) -> 4800 | W42: =_xlfn.XLOOKUP(Z42,载具属性!$E$98:$E$497,载具属性!$G$98:$G$497)+6000+OFFSET(载具属性!L$33,AS42,0)*载具属性!M$30+OFFSET(载具属性!M$33,AT42,0)*载具属性!N$30+OFFSET(载具属性!N$33,AU42,0)*载具属性!O$30+OFFSET(载具属性!O$33,AV42,0)*载具属性!P$30 -> 8130 | X42: =_xlfn.XLOOKUP(Z42,载具属性!$E$98:$E$497,载具属性!$G$98:$G$497) -> 1170 | Y42: =OFFSET(载具属性!L$33,AS42,0)*载具属性!M$30+OFFSET(载具属性!M$33,AT42,0)*载具属性!N$30+OFFSET(载具属性!N$33,AU42,0)*载具属性!O$30+OFFSET(载具属性!O$33,AV42,0)*载具属性!P$30 -> 960 | Z42: =MATCH(SUM($T$7:T42),载具属性!$I$98:$I$497,1) -> 24 | AA42: =OFFSET(载具产出!$F$399,IFERROR(MATCH(OFFSET($D42,0,MATCH($D$5,$E$6:$H$6,0)),载具产出!$E$112:$E$151,1),0),MATCH(AA$6,载具产出!$G$111:$O$111,0))*2 -> 27.6 | AB42: =OFFSET(载具产出!$F$399,IFERROR(MATCH(OFFSET($D42,0,MATCH($D$5,$E$6:$H$6,0)),载具产出!$E$112:$E$151,1),0),MATCH(AB$6,载具产出!$G$111:$O$111,0))*2 -> 21.92 | AC42: =OFFSET(载具产出!$F$399,IFERROR(MATCH(OFFSET($D42,0,MATCH($D$5,$E$6:$H$6,0)),载具产出!$E$112:$E$151,1),0),MATCH(AC$6,载具产出!$G$111:$O$111,0))*2 -> 0.48 | AD42: =OFFSET(载具产出!$F$399,IFERROR(MATCH(OFFSET($D42,0,MATCH($D$5,$E$6:$H$6,0)),载具产出!$E$112:$E$151,1),0),MATCH(AD$6,载具产出!$G$111:$O$111,0))*2 -> 0 | AE42: =SUM(AA$36:AA42)/3 -> 64.4 | AF42: =SUM(AB$36:AB42)/3 -> 51.146667 | AG42: =SUM(AC$36:AC42)/3 -> 1.12 | AH42: =SUM(AD$36:AD42)/3 -> 0 | AI42: =_xlfn.XLOOKUP($D$5,载具产出!$D$71:$D$75,载具产出!$E$71:$E$75)*(D42-30+1) -> 82.333333 | AJ42: =IFERROR(MATCH(_xlfn.XLOOKUP($D$5,载具产出!$D$71:$D$75,载具产出!$E$71:$E$75)*(D42-30+1)*10,载具产出!$E$60:$E$67,1),0)+1 -> 3 | AK42: =IF($AJ42=1,($AI42)*(10*OFFSET(载具产出!$D$45,MATCH(AK$6,$AK$6:$AN$6,0)-1,$AJ42)+OFFSET(载具产出!$D$49,MATCH(AK$6,$AK$6:$AN$6,0)-1,$AJ42)*OFFSET(载具产出!$N$49,MATCH(AK$6,$AK$6:$AN$6,0)-1,0)),OFFSET(载具产出!F$59,$AJ42-1,0)*10+OFFSET(载具产出!J$59,$AJ42-1,0)+($AI42*10-_xlfn.XLOOKUP($AJ42-1,载具产出!$D$59:$D$67,载具产出!$E$59:$E$67))/10*(10*OFFSET(载具产出!$D$45,MATCH(AK$6,$AK$6:$AN$6,0)-1,$AJ42)+OFFSET(载具产出!$D$49,MATCH(AK$6,$AK$6:$AN$6,0)-1,$AJ42)*OFFSET(载具产出!$N$49,MATCH(AK$6,$AK$6:$AN$6,0)-1,0))) -> 226.01 | AL42: =IF($AJ42=1,($AI42)*(10*OFFSET(载具产出!$D$45,MATCH(AL$6,$AK$6:$AN$6,0)-1,$AJ42)+OFFSET(载具产出!$D$49,MATCH(AL$6,$AK$6:$AN$6,0)-1,$AJ42)*OFFSET(载具产出!$N$49,MATCH(AL$6,$AK$6:$AN$6,0)-1,0)),OFFSET(载具产出!G$59,$AJ42-1,0)*10+OFFSET(载具产出!K$59,$AJ42-1,0)+($AI42*10-_xlfn.XLOOKUP($AJ42-1,载具产出!$D$59:$D$67,载具产出!$E$59:$E$67))/10*(10*OFFSET(载具产出!$D$45,MATCH(AL$6,$AK$6:$AN$6,0)-1,$AJ42)+OFFSET(载具产出!$D$49,MATCH(AL$6,$AK$6:$AN$6,0)-1,$AJ42)*OFFSET(载具产出!$N$49,MATCH(AL$6,$AK$6:$AN$6,0)-1,0))) -> 61.52 | AM42: =IF($AJ42=1,($AI42)*(10*OFFSET(载具产出!$D$45,MATCH(AM$6,$AK$6:$AN$6,0)-1,$AJ42)+OFFSET(载具产出!$D$49,MATCH(AM$6,$AK$6:$AN$6,0)-1,$AJ42)*OFFSET(载具产出!$N$49,MATCH(AM$6,$AK$6:$AN$6,0)-1,0)),OFFSET(载具产出!H$59,$AJ42-1,0)*10+OFFSET(载具产出!L$59,$AJ42-1,0)+($AI42*10-_xlfn.XLOOKUP($AJ42-1,载具产出!$D$59:$D$67,载具产出!$E$59:$E$67))/10*(10*OFFSET(载具产出!$D$45,MATCH(AM$6,$AK$6:$AN$6,0)-1,$AJ42)+OFFSET(载具产出!$D$49,MATCH(AM$6,$AK$6:$AN$6,0)-1,$AJ42)*OFFSET(载具产出!$N$49,MATCH(AM$6,$AK$6:$AN$6,0)-1,0))) -> 19.973333 | AN42: =IF($AJ42=1,($AI42)*(10*OFFSET(载具产出!$D$45,MATCH(AN$6,$AK$6:$AN$6,0)-1,$AJ42)+OFFSET(载具产出!$D$49,MATCH(AN$6,$AK$6:$AN$6,0)-1,$AJ42)*OFFSET(载具产出!$N$49,MATCH(AN$6,$AK$6:$AN$6,0)-1,0)),OFFSET(载具产出!I$59,$AJ42-1,0)*10+OFFSET(载具产出!M$59,$AJ42-1,0)+($AI42*10-_xlfn.XLOOKUP($AJ42-1,载具产出!$D$59:$D$67,载具产出!$E$59:$E$67))/10*(10*OFFSET(载具产出!$D$45,MATCH(AN$6,$AK$6:$AN$6,0)-1,$AJ42)+OFFSET(载具产出!$D$49,MATCH(AN$6,$AK$6:$AN$6,0)-1,$AJ42)*OFFSET(载具产出!$N$49,MATCH(AN$6,$AK$6:$AN$6,0)-1,0))) -> 0 | AO42: =AE42+AK42 -> 290.41 | AP42: =AF42+AL42 -> 112.66667 | AQ42: =AG42+AM42 -> 21.093333 | AR42: =AH42+AN42 -> 0 | AS42: =IFERROR(MATCH(AO42/载具产出!R$58,载具属性!$G$33:$G$92,1),0) -> 10 | AT42: =IFERROR(MATCH(AP42/载具产出!S$58,载具属性!$G$33:$G$92,1),0) -> 4 | AU42: =IFERROR(MATCH(AQ42/载具产出!T$58,载具属性!$G$33:$G$92,1),0) -> 0 | AV42: =IFERROR(MATCH(AR42/载具产出!U$58,载具属性!$G$33:$G$92,1),0) -> 0 | AW42: ="["&_xlfn.TEXTJOIN(",",1,AX42:BD42)&"]" -> [{62,47},{63,3960},{2,8600},{6030001,153},{6030002,148},{6030003,3}] | AX42: =IF(INT(K42)<=0,"","{"&K$5&","&INT(K42)&"}") -> {62,47} | AY42: =IF(INT(L42)<=0,"","{"&L$5&","&INT(L42)&"}") -> {63,3960} | AZ42: =IF(INT(M42)<=0,"","{"&M$5&","&INT(M42)&"}") -> {2,8600} | BA42: =IF(INT(N42)<=0,"","{"&N$5&","&INT(N42)&"}") -> {6030001,153} | BB42: =IF(INT(O42)<=0,"","{"&O$5&","&INT(O42)&"}") -> {6030002,148} | BC42: =IF(INT(P42)<=0,"","{"&P$5&","&INT(P42)&"}") -> {6030003,3} | BD42: =IF(INT(Q42)<=0,"","{"&Q$5&","&INT(Q42)&"}")
C43: =W43/G43 -> 90.215054 | D43: 37 | E43: 73 | F43: 83 | G43: 93 | H43: 116 | I43: 124 | J43: =MIN(INT(E43*(30-(D43-30))/30+(D43-30)/30*H43),H43) -> 83 | K43: =SUM(U$36:U43)-SUM(OFFSET(载具产出!H$399,0,0,$R43+1,1)) -> 54 | L43: =SUM(T$36:T43)-SUM(OFFSET(载具产出!G$399,0,0,$R43+1,1)) -> 4710 | M43: =SUM(V$36:V43)/2-SUM(OFFSET(载具产出!I$399,0,0,$R43+1,1)) -> 11000 | N43: =SUM(AA$36:AA43)-SUM(OFFSET(载具产出!J$399,0,0,$R43+1,1)) -> 181.2 | O43: =SUM(AB$36:AB43)-SUM(OFFSET(载具产出!K$399,0,0,$R43+1,1)) -> 169.96 | P43: =SUM(AC$36:AC43)-SUM(OFFSET(载具产出!L$399,0,0,$R43+1,1)) -> 3.84 | Q43: =SUM(AD$36:AD43)-SUM(OFFSET(载具产出!M$399,0,0,$R43+1,1)) -> 0 | R43: 2 | S43: =OFFSET(载具产出!$D$111,IFERROR(MATCH(OFFSET($D43,0,MATCH($D$5,$E$6:$H$6,0)),载具产出!$E$112:$E$151,1),0),0) -> 精良Ⅴ | T43: =OFFSET(载具产出!$F$399,IFERROR(MATCH(OFFSET($D43,0,MATCH($D$5,$E$6:$H$6,0)),载具产出!$E$400:$E$439,1),0),MATCH(T$6,载具产出!$G$399:$O$399,0)) -> 750 | U43: 7 | V43: =OFFSET(载具产出!$F$399,IFERROR(MATCH(OFFSET($D43,0,MATCH($D$5,$E$6:$H$6,0)),载具产出!$E$400:$E$439,1),0),MATCH(V$6,载具产出!$G$399:$O$399,0)) -> 4800 | W43: =_xlfn.XLOOKUP(Z43,载具属性!$E$98:$E$497,载具属性!$G$98:$G$497)+6000+OFFSET(载具属性!L$33,AS43,0)*载具属性!M$30+OFFSET(载具属性!M$33,AT43,0)*载具属性!N$30+OFFSET(载具属性!N$33,AU43,0)*载具属性!O$30+OFFSET(载具属性!O$33,AV43,0)*载具属性!P$30 -> 8390 | X43: =_xlfn.XLOOKUP(Z43,载具属性!$E$98:$E$497,载具属性!$G$98:$G$497) -> 1280 | Y43: =OFFSET(载具属性!L$33,AS43,0)*载具属性!M$30+OFFSET(载具属性!M$33,AT43,0)*载具属性!N$30+OFFSET(载具属性!N$33,AU43,0)*载具属性!O$30+OFFSET(载具属性!O$33,AV43,0)*载具属性!P$30 -> 1110 | Z43: =MATCH(SUM($T$7:T43),载具属性!$I$98:$I$497,1) -> 26 | AA43: =OFFSET(载具产出!$F$399,IFERROR(MATCH(OFFSET($D43,0,MATCH($D$5,$E$6:$H$6,0)),载具产出!$E$112:$E$151,1),0),MATCH(AA$6,载具产出!$G$111:$O$111,0))*2 -> 27.6 | AB43: =OFFSET(载具产出!$F$399,IFERROR(MATCH(OFFSET($D43,0,MATCH($D$5,$E$6:$H$6,0)),载具产出!$E$112:$E$151,1),0),MATCH(AB$6,载具产出!$G$111:$O$111,0))*2 -> 21.92 | AC43: =OFFSET(载具产出!$F$399,IFERROR(MATCH(OFFSET($D43,0,MATCH($D$5,$E$6:$H$6,0)),载具产出!$E$112:$E$151,1),0),MATCH(AC$6,载具产出!$G$111:$O$111,0))*2 -> 0.48 | AD43: =OFFSET(载具产出!$F$399,IFERROR(MATCH(OFFSET($D43,0,MATCH($D$5,$E$6:$H$6,0)),载具产出!$E$112:$E$151,1),0),MATCH(AD$6,载具产出!$G$111:$O$111,0))*2 -> 0 | AE43: =SUM(AA$36:AA43)/3 -> 73.6 | AF43: =SUM(AB$36:AB43)/3 -> 58.453333 | AG43: =SUM(AC$36:AC43)/3 -> 1.28 | AH43: =SUM(AD$36:AD43)/3 -> 0 | AI43: =_xlfn.XLOOKUP($D$5,载具产出!$D$71:$D$75,载具产出!$E$71:$E$75)*(D43-30+1) -> 94.095238 | AJ43: =IFERROR(MATCH(_xlfn.XLOOKUP($D$5,载具产出!$D$71:$D$75,载具产出!$E$71:$E$75)*(D43-30+1)*10,载具产出!$E$60:$E$67,1),0)+1 -> 3 | AK43: =IF($AJ43=1,($AI43)*(10*OFFSET(载具产出!$D$45,MATCH(AK$6,$AK$6:$AN$6,0)-1,$AJ43)+OFFSET(载具产出!$D$49,MATCH(AK$6,$AK$6:$AN$6,0)-1,$AJ43)*OFFSET(载具产出!$N$49,MATCH(AK$6,$AK$6:$AN$6,0)-1,0)),OFFSET(载具产出!F$59,$AJ43-1,0)*10+OFFSET(载具产出!J$59,$AJ43-1,0)+($AI43*10-_xlfn.XLOOKUP($AJ43-1,载具产出!$D$59:$D$67,载具产出!$E$59:$E$67))/10*(10*OFFSET(载具产出!$D$45,MATCH(AK$6,$AK$6:$AN$6,0)-1,$AJ43)+OFFSET(载具产出!$D$49,MATCH(AK$6,$AK$6:$AN$6,0)-1,$AJ43)*OFFSET(载具产出!$N$49,MATCH(AK$6,$AK$6:$AN$6,0)-1,0))) -> 256.35571 | AL43: =IF($AJ43=1,($AI43)*(10*OFFSET(载具产出!$D$45,MATCH(AL$6,$AK$6:$AN$6,0)-1,$AJ43)+OFFSET(载具产出!$D$49,MATCH(AL$6,$AK$6:$AN$6,0)-1,$AJ43)*OFFSET(载具产出!$N$49,MATCH(AL$6,$AK$6:$AN$6,0)-1,0)),OFFSET(载具产出!G$59,$AJ43-1,0)*10+OFFSET(载具产出!K$59,$AJ43-1,0)+($AI43*10-_xlfn.XLOOKUP($AJ43-1,载具产出!$D$59:$D$67,载具产出!$E$59:$E$67))/10*(10*OFFSET(载具产出!$D$45,MATCH(AL$6,$AK$6:$AN$6,0)-1,$AJ43)+OFFSET(载具产出!$D$49,MATCH(AL$6,$AK$6:$AN$6,0)-1,$AJ43)*OFFSET(载具产出!$N$49,MATCH(AL$6,$AK$6:$AN$6,0)-1,0))) -> 70.694286 | AM43: =IF($AJ43=1,($AI43)*(10*OFFSET(载具产出!$D$45,MATCH(AM$6,$AK$6:$AN$6,0)-1,$AJ43)+OFFSET(载具产出!$D$49,MATCH(AM$6,$AK$6:$AN$6,0)-1,$AJ43)*OFFSET(载具产出!$N$49,MATCH(AM$6,$AK$6:$AN$6,0)-1,0)),OFFSET(载具产出!H$59,$AJ43-1,0)*10+OFFSET(载具产出!L$59,$AJ43-1,0)+($AI43*10-_xlfn.XLOOKUP($AJ43-1,载具产出!$D$59:$D$67,载具产出!$E$59:$E$67))/10*(10*OFFSET(载具产出!$D$45,MATCH(AM$6,$AK$6:$AN$6,0)-1,$AJ43)+OFFSET(载具产出!$D$49,MATCH(AM$6,$AK$6:$AN$6,0)-1,$AJ43)*OFFSET(载具产出!$N$49,MATCH(AM$6,$AK$6:$AN$6,0)-1,0))) -> 24.678095 | AN43: =IF($AJ43=1,($AI43)*(10*OFFSET(载具产出!$D$45,MATCH(AN$6,$AK$6:$AN$6,0)-1,$AJ43)+OFFSET(载具产出!$D$49,MATCH(AN$6,$AK$6:$AN$6,0)-1,$AJ43)*OFFSET(载具产出!$N$49,MATCH(AN$6,$AK$6:$AN$6,0)-1,0)),OFFSET(载具产出!I$59,$AJ43-1,0)*10+OFFSET(载具产出!M$59,$AJ43-1,0)+($AI43*10-_xlfn.XLOOKUP($AJ43-1,载具产出!$D$59:$D$67,载具产出!$E$59:$E$67))/10*(10*OFFSET(载具产出!$D$45,MATCH(AN$6,$AK$6:$AN$6,0)-1,$AJ43)+OFFSET(载具产出!$D$49,MATCH(AN$6,$AK$6:$AN$6,0)-1,$AJ43)*OFFSET(载具产出!$N$49,MATCH(AN$6,$AK$6:$AN$6,0)-1,0))) -> 0 | AO43: =AE43+AK43 -> 329.95571 | AP43: =AF43+AL43 -> 129.14762 | AQ43: =AG43+AM43 -> 25.958095 | AR43: =AH43+AN43 -> 0 | AS43: =IFERROR(MATCH(AO43/载具产出!R$58,载具属性!$G$33:$G$92,1),0) -> 11 | AT43: =IFERROR(MATCH(AP43/载具产出!S$58,载具属性!$G$33:$G$92,1),0) -> 5 | AU43: =IFERROR(MATCH(AQ43/载具产出!T$58,载具属性!$G$33:$G$92,1),0) -> 0 | AV43: =IFERROR(MATCH(AR43/载具产出!U$58,载具属性!$G$33:$G$92,1),0) -> 0 | AW43: ="["&_xlfn.TEXTJOIN(",",1,AX43:BD43)&"]" -> [{62,54},{63,4710},{2,11000},{6030001,181},{6030002,169},{6030003,3}] | AX43: =IF(INT(K43)<=0,"","{"&K$5&","&INT(K43)&"}") -> {62,54} | AY43: =IF(INT(L43)<=0,"","{"&L$5&","&INT(L43)&"}") -> {63,4710} | AZ43: =IF(INT(M43)<=0,"","{"&M$5&","&INT(M43)&"}") -> {2,11000} | BA43: =IF(INT(N43)<=0,"","{"&N$5&","&INT(N43)&"}") -> {6030001,181} | BB43: =IF(INT(O43)<=0,"","{"&O$5&","&INT(O43)&"}") -> {6030002,169} | BC43: =IF(INT(P43)<=0,"","{"&P$5&","&INT(P43)&"}") -> {6030003,3} | BD43: =IF(INT(Q43)<=0,"","{"&Q$5&","&INT(Q43)&"}")
C44: =W44/G44 -> 90.425532 | D44: 38 | E44: 74 | F44: 84 | G44: 94 | H44: 117 | I44: 130 | J44: =MIN(INT(E44*(30-(D44-30))/30+(D44-30)/30*H44),H44) -> 85 | K44: =SUM(U$36:U44)-SUM(OFFSET(载具产出!H$399,0,0,$R44+1,1)) -> 61 | L44: =SUM(T$36:T44)-SUM(OFFSET(载具产出!G$399,0,0,$R44+1,1)) -> 5460 | M44: =SUM(V$36:V44)/2-SUM(OFFSET(载具产出!I$399,0,0,$R44+1,1)) -> 13400 | N44: =SUM(AA$36:AA44)-SUM(OFFSET(载具产出!J$399,0,0,$R44+1,1)) -> 208.8 | O44: =SUM(AB$36:AB44)-SUM(OFFSET(载具产出!K$399,0,0,$R44+1,1)) -> 191.88 | P44: =SUM(AC$36:AC44)-SUM(OFFSET(载具产出!L$399,0,0,$R44+1,1)) -> 4.32 | Q44: =SUM(AD$36:AD44)-SUM(OFFSET(载具产出!M$399,0,0,$R44+1,1)) -> 0 | R44: 2 | S44: =OFFSET(载具产出!$D$111,IFERROR(MATCH(OFFSET($D44,0,MATCH($D$5,$E$6:$H$6,0)),载具产出!$E$112:$E$151,1),0),0) -> 精良Ⅴ | T44: =OFFSET(载具产出!$F$399,IFERROR(MATCH(OFFSET($D44,0,MATCH($D$5,$E$6:$H$6,0)),载具产出!$E$400:$E$439,1),0),MATCH(T$6,载具产出!$G$399:$O$399,0)) -> 750 | U44: 7 | V44: =OFFSET(载具产出!$F$399,IFERROR(MATCH(OFFSET($D44,0,MATCH($D$5,$E$6:$H$6,0)),载具产出!$E$400:$E$439,1),0),MATCH(V$6,载具产出!$G$399:$O$399,0)) -> 4800 | W44: =_xlfn.XLOOKUP(Z44,载具属性!$E$98:$E$497,载具属性!$G$98:$G$497)+6000+OFFSET(载具属性!L$33,AS44,0)*载具属性!M$30+OFFSET(载具属性!M$33,AT44,0)*载具属性!N$30+OFFSET(载具属性!N$33,AU44,0)*载具属性!O$30+OFFSET(载具属性!O$33,AV44,0)*载具属性!P$30 -> 8500 | X44: =_xlfn.XLOOKUP(Z44,载具属性!$E$98:$E$497,载具属性!$G$98:$G$497) -> 1390 | Y44: =OFFSET(载具属性!L$33,AS44,0)*载具属性!M$30+OFFSET(载具属性!M$33,AT44,0)*载具属性!N$30+OFFSET(载具属性!N$33,AU44,0)*载具属性!O$30+OFFSET(载具属性!O$33,AV44,0)*载具属性!P$30 -> 1110 | Z44: =MATCH(SUM($T$7:T44),载具属性!$I$98:$I$497,1) -> 28 | AA44: =OFFSET(载具产出!$F$399,IFERROR(MATCH(OFFSET($D44,0,MATCH($D$5,$E$6:$H$6,0)),载具产出!$E$112:$E$151,1),0),MATCH(AA$6,载具产出!$G$111:$O$111,0))*2 -> 27.6 | AB44: =OFFSET(载具产出!$F$399,IFERROR(MATCH(OFFSET($D44,0,MATCH($D$5,$E$6:$H$6,0)),载具产出!$E$112:$E$151,1),0),MATCH(AB$6,载具产出!$G$111:$O$111,0))*2 -> 21.92 | AC44: =OFFSET(载具产出!$F$399,IFERROR(MATCH(OFFSET($D44,0,MATCH($D$5,$E$6:$H$6,0)),载具产出!$E$112:$E$151,1),0),MATCH(AC$6,载具产出!$G$111:$O$111,0))*2 -> 0.48 | AD44: =OFFSET(载具产出!$F$399,IFERROR(MATCH(OFFSET($D44,0,MATCH($D$5,$E$6:$H$6,0)),载具产出!$E$112:$E$151,1),0),MATCH(AD$6,载具产出!$G$111:$O$111,0))*2 -> 0 | AE44: =SUM(AA$36:AA44)/3 -> 82.8 | AF44: =SUM(AB$36:AB44)/3 -> 65.76 | AG44: =SUM(AC$36:AC44)/3 -> 1.44 | AH44: =SUM(AD$36:AD44)/3 -> 0 | AI44: =_xlfn.XLOOKUP($D$5,载具产出!$D$71:$D$75,载具产出!$E$71:$E$75)*(D44-30+1) -> 105.85714 | AJ44: =IFERROR(MATCH(_xlfn.XLOOKUP($D$5,载具产出!$D$71:$D$75,载具产出!$E$71:$E$75)*(D44-30+1)*10,载具产出!$E$60:$E$67,1),0)+1 -> 3 | AK44: =IF($AJ44=1,($AI44)*(10*OFFSET(载具产出!$D$45,MATCH(AK$6,$AK$6:$AN$6,0)-1,$AJ44)+OFFSET(载具产出!$D$49,MATCH(AK$6,$AK$6:$AN$6,0)-1,$AJ44)*OFFSET(载具产出!$N$49,MATCH(AK$6,$AK$6:$AN$6,0)-1,0)),OFFSET(载具产出!F$59,$AJ44-1,0)*10+OFFSET(载具产出!J$59,$AJ44-1,0)+($AI44*10-_xlfn.XLOOKUP($AJ44-1,载具产出!$D$59:$D$67,载具产出!$E$59:$E$67))/10*(10*OFFSET(载具产出!$D$45,MATCH(AK$6,$AK$6:$AN$6,0)-1,$AJ44)+OFFSET(载具产出!$D$49,MATCH(AK$6,$AK$6:$AN$6,0)-1,$AJ44)*OFFSET(载具产出!$N$49,MATCH(AK$6,$AK$6:$AN$6,0)-1,0))) -> 286.70143 | AL44: =IF($AJ44=1,($AI44)*(10*OFFSET(载具产出!$D$45,MATCH(AL$6,$AK$6:$AN$6,0)-1,$AJ44)+OFFSET(载具产出!$D$49,MATCH(AL$6,$AK$6:$AN$6,0)-1,$AJ44)*OFFSET(载具产出!$N$49,MATCH(AL$6,$AK$6:$AN$6,0)-1,0)),OFFSET(载具产出!G$59,$AJ44-1,0)*10+OFFSET(载具产出!K$59,$AJ44-1,0)+($AI44*10-_xlfn.XLOOKUP($AJ44-1,载具产出!$D$59:$D$67,载具产出!$E$59:$E$67))/10*(10*OFFSET(载具产出!$D$45,MATCH(AL$6,$AK$6:$AN$6,0)-1,$AJ44)+OFFSET(载具产出!$D$49,MATCH(AL$6,$AK$6:$AN$6,0)-1,$AJ44)*OFFSET(载具产出!$N$49,MATCH(AL$6,$AK$6:$AN$6,0)-1,0))) -> 79.868571 | AM44: =IF($AJ44=1,($AI44)*(10*OFFSET(载具产出!$D$45,MATCH(AM$6,$AK$6:$AN$6,0)-1,$AJ44)+OFFSET(载具产出!$D$49,MATCH(AM$6,$AK$6:$AN$6,0)-1,$AJ44)*OFFSET(载具产出!$N$49,MATCH(AM$6,$AK$6:$AN$6,0)-1,0)),OFFSET(载具产出!H$59,$AJ44-1,0)*10+OFFSET(载具产出!L$59,$AJ44-1,0)+($AI44*10-_xlfn.XLOOKUP($AJ44-1,载具产出!$D$59:$D$67,载具产出!$E$59:$E$67))/10*(10*OFFSET(载具产出!$D$45,MATCH(AM$6,$AK$6:$AN$6,0)-1,$AJ44)+OFFSET(载具产出!$D$49,MATCH(AM$6,$AK$6:$AN$6,0)-1,$AJ44)*OFFSET(载具产出!$N$49,MATCH(AM$6,$AK$6:$AN$6,0)-1,0))) -> 29.382857 | AN44: =IF($AJ44=1,($AI44)*(10*OFFSET(载具产出!$D$45,MATCH(AN$6,$AK$6:$AN$6,0)-1,$AJ44)+OFFSET(载具产出!$D$49,MATCH(AN$6,$AK$6:$AN$6,0)-1,$AJ44)*OFFSET(载具产出!$N$49,MATCH(AN$6,$AK$6:$AN$6,0)-1,0)),OFFSET(载具产出!I$59,$AJ44-1,0)*10+OFFSET(载具产出!M$59,$AJ44-1,0)+($AI44*10-_xlfn.XLOOKUP($AJ44-1,载具产出!$D$59:$D$67,载具产出!$E$59:$E$67))/10*(10*OFFSET(载具产出!$D$45,MATCH(AN$6,$AK$6:$AN$6,0)-1,$AJ44)+OFFSET(载具产出!$D$49,MATCH(AN$6,$AK$6:$AN$6,0)-1,$AJ44)*OFFSET(载具产出!$N$49,MATCH(AN$6,$AK$6:$AN$6,0)-1,0))) -> 0 | AO44: =AE44+AK44 -> 369.50143 | AP44: =AF44+AL44 -> 145.62857 | AQ44: =AG44+AM44 -> 30.822857 | AR44: =AH44+AN44 -> 0 | AS44: =IFERROR(MATCH(AO44/载具产出!R$58,载具属性!$G$33:$G$92,1),0) -> 11 | AT44: =IFERROR(MATCH(AP44/载具产出!S$58,载具属性!$G$33:$G$92,1),0) -> 5 | AU44: =IFERROR(MATCH(AQ44/载具产出!T$58,载具属性!$G$33:$G$92,1),0) -> 0 | AV44: =IFERROR(MATCH(AR44/载具产出!U$58,载具属性!$G$33:$G$92,1),0) -> 0 | AW44: ="["&_xlfn.TEXTJOIN(",",1,AX44:BD44)&"]" -> [{62,61},{63,5460},{2,13400},{6030001,208},{6030002,191},{6030003,4}] | AX44: =IF(INT(K44)<=0,"","{"&K$5&","&INT(K44)&"}") -> {62,61} | AY44: =IF(INT(L44)<=0,"","{"&L$5&","&INT(L44)&"}") -> {63,5460} | AZ44: =IF(INT(M44)<=0,"","{"&M$5&","&INT(M44)&"}") -> {2,13400} | BA44: =IF(INT(N44)<=0,"","{"&N$5&","&INT(N44)&"}") -> {6030001,208} | BB44: =IF(INT(O44)<=0,"","{"&O$5&","&INT(O44)&"}") -> {6030002,191} | BC44: =IF(INT(P44)<=0,"","{"&P$5&","&INT(P44)&"}") -> {6030003,4} | BD44: =IF(INT(Q44)<=0,"","{"&Q$5&","&INT(Q44)&"}")
C45: =W45/G45 -> 92.210526 | D45: 39 | E45: 75 | F45: 85 | G45: 95 | H45: 118 | I45: 131 | J45: =MIN(INT(E45*(30-(D45-30))/30+(D45-30)/30*H45),H45) -> 87 | K45: =SUM(U$36:U45)-SUM(OFFSET(载具产出!H$399,0,0,$R45+1,1)) -> 68 | L45: =SUM(T$36:T45)-SUM(OFFSET(载具产出!G$399,0,0,$R45+1,1)) -> 6250 | M45: =SUM(V$36:V45)/2-SUM(OFFSET(载具产出!I$399,0,0,$R45+1,1)) -> 15900 | N45: =SUM(AA$36:AA45)-SUM(OFFSET(载具产出!J$399,0,0,$R45+1,1)) -> 234.8 | O45: =SUM(AB$36:AB45)-SUM(OFFSET(载具产出!K$399,0,0,$R45+1,1)) -> 216.92 | P45: =SUM(AC$36:AC45)-SUM(OFFSET(载具产出!L$399,0,0,$R45+1,1)) -> 5.28 | Q45: =SUM(AD$36:AD45)-SUM(OFFSET(载具产出!M$399,0,0,$R45+1,1)) -> 0 | R45: 2 | S45: =OFFSET(载具产出!$D$111,IFERROR(MATCH(OFFSET($D45,0,MATCH($D$5,$E$6:$H$6,0)),载具产出!$E$112:$E$151,1),0),0) -> 豪华Ⅰ | T45: =OFFSET(载具产出!$F$399,IFERROR(MATCH(OFFSET($D45,0,MATCH($D$5,$E$6:$H$6,0)),载具产出!$E$400:$E$439,1),0),MATCH(T$6,载具产出!$G$399:$O$399,0)) -> 790 | U45: 7 | V45: =OFFSET(载具产出!$F$399,IFERROR(MATCH(OFFSET($D45,0,MATCH($D$5,$E$6:$H$6,0)),载具产出!$E$400:$E$439,1),0),MATCH(V$6,载具产出!$G$399:$O$399,0)) -> 5000 | W45: =_xlfn.XLOOKUP(Z45,载具属性!$E$98:$E$497,载具属性!$G$98:$G$497)+6000+OFFSET(载具属性!L$33,AS45,0)*载具属性!M$30+OFFSET(载具属性!M$33,AT45,0)*载具属性!N$30+OFFSET(载具属性!N$33,AU45,0)*载具属性!O$30+OFFSET(载具属性!O$33,AV45,0)*载具属性!P$30 -> 8760 | X45: =_xlfn.XLOOKUP(Z45,载具属性!$E$98:$E$497,载具属性!$G$98:$G$497) -> 1500 | Y45: =OFFSET(载具属性!L$33,AS45,0)*载具属性!M$30+OFFSET(载具属性!M$33,AT45,0)*载具属性!N$30+OFFSET(载具属性!N$33,AU45,0)*载具属性!O$30+OFFSET(载具属性!O$33,AV45,0)*载具属性!P$30 -> 1260 | Z45: =MATCH(SUM($T$7:T45),载具属性!$I$98:$I$497,1) -> 30 | AA45: =OFFSET(载具产出!$F$399,IFERROR(MATCH(OFFSET($D45,0,MATCH($D$5,$E$6:$H$6,0)),载具产出!$E$112:$E$151,1),0),MATCH(AA$6,载具产出!$G$111:$O$111,0))*2 -> 26 | AB45: =OFFSET(载具产出!$F$399,IFERROR(MATCH(OFFSET($D45,0,MATCH($D$5,$E$6:$H$6,0)),载具产出!$E$112:$E$151,1),0),MATCH(AB$6,载具产出!$G$111:$O$111,0))*2 -> 25.04 | AC45: =OFFSET(载具产出!$F$399,IFERROR(MATCH(OFFSET($D45,0,MATCH($D$5,$E$6:$H$6,0)),载具产出!$E$112:$E$151,1),0),MATCH(AC$6,载具产出!$G$111:$O$111,0))*2 -> 0.96 | AD45: =OFFSET(载具产出!$F$399,IFERROR(MATCH(OFFSET($D45,0,MATCH($D$5,$E$6:$H$6,0)),载具产出!$E$112:$E$151,1),0),MATCH(AD$6,载具产出!$G$111:$O$111,0))*2 -> 0 | AE45: =SUM(AA$36:AA45)/3 -> 91.466667 | AF45: =SUM(AB$36:AB45)/3 -> 74.106667 | AG45: =SUM(AC$36:AC45)/3 -> 1.76 | AH45: =SUM(AD$36:AD45)/3 -> 0 | AI45: =_xlfn.XLOOKUP($D$5,载具产出!$D$71:$D$75,载具产出!$E$71:$E$75)*(D45-30+1) -> 117.61905 | AJ45: =IFERROR(MATCH(_xlfn.XLOOKUP($D$5,载具产出!$D$71:$D$75,载具产出!$E$71:$E$75)*(D45-30+1)*10,载具产出!$E$60:$E$67,1),0)+1 -> 3 | AK45: =IF($AJ45=1,($AI45)*(10*OFFSET(载具产出!$D$45,MATCH(AK$6,$AK$6:$AN$6,0)-1,$AJ45)+OFFSET(载具产出!$D$49,MATCH(AK$6,$AK$6:$AN$6,0)-1,$AJ45)*OFFSET(载具产出!$N$49,MATCH(AK$6,$AK$6:$AN$6,0)-1,0)),OFFSET(载具产出!F$59,$AJ45-1,0)*10+OFFSET(载具产出!J$59,$AJ45-1,0)+($AI45*10-_xlfn.XLOOKUP($AJ45-1,载具产出!$D$59:$D$67,载具产出!$E$59:$E$67))/10*(10*OFFSET(载具产出!$D$45,MATCH(AK$6,$AK$6:$AN$6,0)-1,$AJ45)+OFFSET(载具产出!$D$49,MATCH(AK$6,$AK$6:$AN$6,0)-1,$AJ45)*OFFSET(载具产出!$N$49,MATCH(AK$6,$AK$6:$AN$6,0)-1,0))) -> 317.04714 | AL45: =IF($AJ45=1,($AI45)*(10*OFFSET(载具产出!$D$45,MATCH(AL$6,$AK$6:$AN$6,0)-1,$AJ45)+OFFSET(载具产出!$D$49,MATCH(AL$6,$AK$6:$AN$6,0)-1,$AJ45)*OFFSET(载具产出!$N$49,MATCH(AL$6,$AK$6:$AN$6,0)-1,0)),OFFSET(载具产出!G$59,$AJ45-1,0)*10+OFFSET(载具产出!K$59,$AJ45-1,0)+($AI45*10-_xlfn.XLOOKUP($AJ45-1,载具产出!$D$59:$D$67,载具产出!$E$59:$E$67))/10*(10*OFFSET(载具产出!$D$45,MATCH(AL$6,$AK$6:$AN$6,0)-1,$AJ45)+OFFSET(载具产出!$D$49,MATCH(AL$6,$AK$6:$AN$6,0)-1,$AJ45)*OFFSET(载具产出!$N$49,MATCH(AL$6,$AK$6:$AN$6,0)-1,0))) -> 89.042857 | AM45: =IF($AJ45=1,($AI45)*(10*OFFSET(载具产出!$D$45,MATCH(AM$6,$AK$6:$AN$6,0)-1,$AJ45)+OFFSET(载具产出!$D$49,MATCH(AM$6,$AK$6:$AN$6,0)-1,$AJ45)*OFFSET(载具产出!$N$49,MATCH(AM$6,$AK$6:$AN$6,0)-1,0)),OFFSET(载具产出!H$59,$AJ45-1,0)*10+OFFSET(载具产出!L$59,$AJ45-1,0)+($AI45*10-_xlfn.XLOOKUP($AJ45-1,载具产出!$D$59:$D$67,载具产出!$E$59:$E$67))/10*(10*OFFSET(载具产出!$D$45,MATCH(AM$6,$AK$6:$AN$6,0)-1,$AJ45)+OFFSET(载具产出!$D$49,MATCH(AM$6,$AK$6:$AN$6,0)-1,$AJ45)*OFFSET(载具产出!$N$49,MATCH(AM$6,$AK$6:$AN$6,0)-1,0))) -> 34.087619 | AN45: =IF($AJ45=1,($AI45)*(10*OFFSET(载具产出!$D$45,MATCH(AN$6,$AK$6:$AN$6,0)-1,$AJ45)+OFFSET(载具产出!$D$49,MATCH(AN$6,$AK$6:$AN$6,0)-1,$AJ45)*OFFSET(载具产出!$N$49,MATCH(AN$6,$AK$6:$AN$6,0)-1,0)),OFFSET(载具产出!I$59,$AJ45-1,0)*10+OFFSET(载具产出!M$59,$AJ45-1,0)+($AI45*10-_xlfn.XLOOKUP($AJ45-1,载具产出!$D$59:$D$67,载具产出!$E$59:$E$67))/10*(10*OFFSET(载具产出!$D$45,MATCH(AN$6,$AK$6:$AN$6,0)-1,$AJ45)+OFFSET(载具产出!$D$49,MATCH(AN$6,$AK$6:$AN$6,0)-1,$AJ45)*OFFSET(载具产出!$N$49,MATCH(AN$6,$AK$6:$AN$6,0)-1,0))) -> 0 | AO45: =AE45+AK45 -> 408.51381 | AP45: =AF45+AL45 -> 163.14952 | AQ45: =AG45+AM45 -> 35.847619 | AR45: =AH45+AN45 -> 0 | AS45: =IFERROR(MATCH(AO45/载具产出!R$58,载具属性!$G$33:$G$92,1),0) -> 12 | AT45: =IFERROR(MATCH(AP45/载具产出!S$58,载具属性!$G$33:$G$92,1),0) -> 6 | AU45: =IFERROR(MATCH(AQ45/载具产出!T$58,载具属性!$G$33:$G$92,1),0) -> 0 | AV45: =IFERROR(MATCH(AR45/载具产出!U$58,载具属性!$G$33:$G$92,1),0) -> 0 | AW45: ="["&_xlfn.TEXTJOIN(",",1,AX45:BD45)&"]" -> [{62,68},{63,6250},{2,15900},{6030001,234},{6030002,216},{6030003,5}] | AX45: =IF(INT(K45)<=0,"","{"&K$5&","&INT(K45)&"}") -> {62,68} | AY45: =IF(INT(L45)<=0,"","{"&L$5&","&INT(L45)&"}") -> {63,6250} | AZ45: =IF(INT(M45)<=0,"","{"&M$5&","&INT(M45)&"}") -> {2,15900} | BA45: =IF(INT(N45)<=0,"","{"&N$5&","&INT(N45)&"}") -> {6030001,234} | BB45: =IF(INT(O45)<=0,"","{"&O$5&","&INT(O45)&"}") -> {6030002,216} | BC45: =IF(INT(P45)<=0,"","{"&P$5&","&INT(P45)&"}") -> {6030003,5} | BD45: =IF(INT(Q45)<=0,"","{"&Q$5&","&INT(Q45)&"}")
C46: =W46/G46 -> 91.822917 | D46: 40 | E46: 76 | F46: 86 | G46: 96 | H46: 120 | I46: 131 | J46: =MIN(INT(E46*(30-(D46-30))/30+(D46-30)/30*H46),H46) -> 90 | K46: =SUM(U$36:U46)-SUM(OFFSET(载具产出!H$399,0,0,$R46+1,1)) -> 74 | L46: =SUM(T$36:T46)-SUM(OFFSET(载具产出!G$399,0,0,$R46+1,1)) -> 6350 | M46: =SUM(V$36:V46)/2-SUM(OFFSET(载具产出!I$399,0,0,$R46+1,1)) -> 14000 | N46: =SUM(AA$36:AA46)-SUM(OFFSET(载具产出!J$399,0,0,$R46+1,1)) -> 245.8 | O46: =SUM(AB$36:AB46)-SUM(OFFSET(载具产出!K$399,0,0,$R46+1,1)) -> 234.96 | P46: =SUM(AC$36:AC46)-SUM(OFFSET(载具产出!L$399,0,0,$R46+1,1)) -> 6.24 | Q46: =SUM(AD$36:AD46)-SUM(OFFSET(载具产出!M$399,0,0,$R46+1,1)) -> 0 | R46: 3 | S46: =OFFSET(载具产出!$D$111,IFERROR(MATCH(OFFSET($D46,0,MATCH($D$5,$E$6:$H$6,0)),载具产出!$E$112:$E$151,1),0),0) -> 豪华Ⅰ | T46: =OFFSET(载具产出!$F$399,IFERROR(MATCH(OFFSET($D46,0,MATCH($D$5,$E$6:$H$6,0)),载具产出!$E$400:$E$439,1),0),MATCH(T$6,载具产出!$G$399:$O$399,0)) -> 790 | U46: 7 | V46: =OFFSET(载具产出!$F$399,IFERROR(MATCH(OFFSET($D46,0,MATCH($D$5,$E$6:$H$6,0)),载具产出!$E$400:$E$439,1),0),MATCH(V$6,载具产出!$G$399:$O$399,0)) -> 5000 | W46: =_xlfn.XLOOKUP(Z46,载具属性!$E$98:$E$497,载具属性!$G$98:$G$497)+6000+OFFSET(载具属性!L$33,AS46,0)*载具属性!M$30+OFFSET(载具属性!M$33,AT46,0)*载具属性!N$30+OFFSET(载具属性!N$33,AU46,0)*载具属性!O$30+OFFSET(载具属性!O$33,AV46,0)*载具属性!P$30 -> 8815 | X46: =_xlfn.XLOOKUP(Z46,载具属性!$E$98:$E$497,载具属性!$G$98:$G$497) -> 1555 | Y46: =OFFSET(载具属性!L$33,AS46,0)*载具属性!M$30+OFFSET(载具属性!M$33,AT46,0)*载具属性!N$30+OFFSET(载具属性!N$33,AU46,0)*载具属性!O$30+OFFSET(载具属性!O$33,AV46,0)*载具属性!P$30 -> 1260 | Z46: =MATCH(SUM($T$7:T46),载具属性!$I$98:$I$497,1) -> 31 | AA46: =OFFSET(载具产出!$F$399,IFERROR(MATCH(OFFSET($D46,0,MATCH($D$5,$E$6:$H$6,0)),载具产出!$E$112:$E$151,1),0),MATCH(AA$6,载具产出!$G$111:$O$111,0))*2 -> 26 | AB46: =OFFSET(载具产出!$F$399,IFERROR(MATCH(OFFSET($D46,0,MATCH($D$5,$E$6:$H$6,0)),载具产出!$E$112:$E$151,1),0),MATCH(AB$6,载具产出!$G$111:$O$111,0))*2 -> 25.04 | AC46: =OFFSET(载具产出!$F$399,IFERROR(MATCH(OFFSET($D46,0,MATCH($D$5,$E$6:$H$6,0)),载具产出!$E$112:$E$151,1),0),MATCH(AC$6,载具产出!$G$111:$O$111,0))*2 -> 0.96 | AD46: =OFFSET(载具产出!$F$399,IFERROR(MATCH(OFFSET($D46,0,MATCH($D$5,$E$6:$H$6,0)),载具产出!$E$112:$E$151,1),0),MATCH(AD$6,载具产出!$G$111:$O$111,0))*2 -> 0 | AE46: =SUM(AA$36:AA46)/3 -> 100.13333 | AF46: =SUM(AB$36:AB46)/3 -> 82.453333 | AG46: =SUM(AC$36:AC46)/3 -> 2.08 | AH46: =SUM(AD$36:AD46)/3 -> 0 | AI46: =_xlfn.XLOOKUP($D$5,载具产出!$D$71:$D$75,载具产出!$E$71:$E$75)*(D46-30+1) -> 129.38095 | AJ46: =IFERROR(MATCH(_xlfn.XLOOKUP($D$5,载具产出!$D$71:$D$75,载具产出!$E$71:$E$75)*(D46-30+1)*10,载具产出!$E$60:$E$67,1),0)+1 -> 4 | AK46: =IF($AJ46=1,($AI46)*(10*OFFSET(载具产出!$D$45,MATCH(AK$6,$AK$6:$AN$6,0)-1,$AJ46)+OFFSET(载具产出!$D$49,MATCH(AK$6,$AK$6:$AN$6,0)-1,$AJ46)*OFFSET(载具产出!$N$49,MATCH(AK$6,$AK$6:$AN$6,0)-1,0)),OFFSET(载具产出!F$59,$AJ46-1,0)*10+OFFSET(载具产出!J$59,$AJ46-1,0)+($AI46*10-_xlfn.XLOOKUP($AJ46-1,载具产出!$D$59:$D$67,载具产出!$E$59:$E$67))/10*(10*OFFSET(载具产出!$D$45,MATCH(AK$6,$AK$6:$AN$6,0)-1,$AJ46)+OFFSET(载具产出!$D$49,MATCH(AK$6,$AK$6:$AN$6,0)-1,$AJ46)*OFFSET(载具产出!$N$49,MATCH(AK$6,$AK$6:$AN$6,0)-1,0))) -> 344.69114 | AL46: =IF($AJ46=1,($AI46)*(10*OFFSET(载具产出!$D$45,MATCH(AL$6,$AK$6:$AN$6,0)-1,$AJ46)+OFFSET(载具产出!$D$49,MATCH(AL$6,$AK$6:$AN$6,0)-1,$AJ46)*OFFSET(载具产出!$N$49,MATCH(AL$6,$AK$6:$AN$6,0)-1,0)),OFFSET(载具产出!G$59,$AJ46-1,0)*10+OFFSET(载具产出!K$59,$AJ46-1,0)+($AI46*10-_xlfn.XLOOKUP($AJ46-1,载具产出!$D$59:$D$67,载具产出!$E$59:$E$67))/10*(10*OFFSET(载具产出!$D$45,MATCH(AL$6,$AK$6:$AN$6,0)-1,$AJ46)+OFFSET(载具产出!$D$49,MATCH(AL$6,$AK$6:$AN$6,0)-1,$AJ46)*OFFSET(载具产出!$N$49,MATCH(AL$6,$AK$6:$AN$6,0)-1,0))) -> 98.592381 | AM46: =IF($AJ46=1,($AI46)*(10*OFFSET(载具产出!$D$45,MATCH(AM$6,$AK$6:$AN$6,0)-1,$AJ46)+OFFSET(载具产出!$D$49,MATCH(AM$6,$AK$6:$AN$6,0)-1,$AJ46)*OFFSET(载具产出!$N$49,MATCH(AM$6,$AK$6:$AN$6,0)-1,0)),OFFSET(载具产出!H$59,$AJ46-1,0)*10+OFFSET(载具产出!L$59,$AJ46-1,0)+($AI46*10-_xlfn.XLOOKUP($AJ46-1,载具产出!$D$59:$D$67,载具产出!$E$59:$E$67))/10*(10*OFFSET(载具产出!$D$45,MATCH(AM$6,$AK$6:$AN$6,0)-1,$AJ46)+OFFSET(载具产出!$D$49,MATCH(AM$6,$AK$6:$AN$6,0)-1,$AJ46)*OFFSET(载具产出!$N$49,MATCH(AM$6,$AK$6:$AN$6,0)-1,0))) -> 39.092571 | AN46: =IF($AJ46=1,($AI46)*(10*OFFSET(载具产出!$D$45,MATCH(AN$6,$AK$6:$AN$6,0)-1,$AJ46)+OFFSET(载具产出!$D$49,MATCH(AN$6,$AK$6:$AN$6,0)-1,$AJ46)*OFFSET(载具产出!$N$49,MATCH(AN$6,$AK$6:$AN$6,0)-1,0)),OFFSET(载具产出!I$59,$AJ46-1,0)*10+OFFSET(载具产出!M$59,$AJ46-1,0)+($AI46*10-_xlfn.XLOOKUP($AJ46-1,载具产出!$D$59:$D$67,载具产出!$E$59:$E$67))/10*(10*OFFSET(载具产出!$D$45,MATCH(AN$6,$AK$6:$AN$6,0)-1,$AJ46)+OFFSET(载具产出!$D$49,MATCH(AN$6,$AK$6:$AN$6,0)-1,$AJ46)*OFFSET(载具产出!$N$49,MATCH(AN$6,$AK$6:$AN$6,0)-1,0))) -> 1.2758095 | AO46: =AE46+AK46 -> 444.82448 | AP46: =AF46+AL46 -> 181.04571 | AQ46: =AG46+AM46 -> 41.172571 | AR46: =AH46+AN46 -> 1.2758095 | AS46: =IFERROR(MATCH(AO46/载具产出!R$58,载具属性!$G$33:$G$92,1),0) -> 12 | AT46: =IFERROR(MATCH(AP46/载具产出!S$58,载具属性!$G$33:$G$92,1),0) -> 6 | AU46: =IFERROR(MATCH(AQ46/载具产出!T$58,载具属性!$G$33:$G$92,1),0) -> 0 | AV46: =IFERROR(MATCH(AR46/载具产出!U$58,载具属性!$G$33:$G$92,1),0) -> 0 | AW46: ="["&_xlfn.TEXTJOIN(",",1,AX46:BD46)&"]" -> [{62,74},{63,6350},{2,14000},{6030001,245},{6030002,234},{6030003,6}] | AX46: =IF(INT(K46)<=0,"","{"&K$5&","&INT(K46)&"}") -> {62,74} | AY46: =IF(INT(L46)<=0,"","{"&L$5&","&INT(L46)&"}") -> {63,6350} | AZ46: =IF(INT(M46)<=0,"","{"&M$5&","&INT(M46)&"}") -> {2,14000} | BA46: =IF(INT(N46)<=0,"","{"&N$5&","&INT(N46)&"}") -> {6030001,245} | BB46: =IF(INT(O46)<=0,"","{"&O$5&","&INT(O46)&"}") -> {6030002,234} | BC46: =IF(INT(P46)<=0,"","{"&P$5&","&INT(P46)&"}") -> {6030003,6} | BD46: =IF(INT(Q46)<=0,"","{"&Q$5&","&INT(Q46)&"}")
C47: =W47/G47 -> 92.628866 | D47: 41 | E47: 77 | F47: 87 | G47: 97 | H47: 121 | I47: 136 | J47: =MIN(INT(F47*(30-(D47-30))/30+(D47-30)/30*H47),H47) -> 99 | K47: =SUM(U$36:U47)-SUM(OFFSET(载具产出!H$399,0,0,$R47+1,1)) -> 81 | L47: =SUM(T$36:T47)-SUM(OFFSET(载具产出!G$399,0,0,$R47+1,1)) -> 7140 | M47: =SUM(V$36:V47)/2-SUM(OFFSET(载具产出!I$399,0,0,$R47+1,1)) -> 16500 | N47: =SUM(AA$36:AA47)-SUM(OFFSET(载具产出!J$399,0,0,$R47+1,1)) -> 271.8 | O47: =SUM(AB$36:AB47)-SUM(OFFSET(载具产出!K$399,0,0,$R47+1,1)) -> 260 | P47: =SUM(AC$36:AC47)-SUM(OFFSET(载具产出!L$399,0,0,$R47+1,1)) -> 7.2 | Q47: =SUM(AD$36:AD47)-SUM(OFFSET(载具产出!M$399,0,0,$R47+1,1)) -> 0 | R47: 3 | S47: =OFFSET(载具产出!$D$111,IFERROR(MATCH(OFFSET($D47,0,MATCH($D$5,$E$6:$H$6,0)),载具产出!$E$112:$E$151,1),0),0) -> 豪华Ⅰ | T47: =OFFSET(载具产出!$F$399,IFERROR(MATCH(OFFSET($D47,0,MATCH($D$5,$E$6:$H$6,0)),载具产出!$E$400:$E$439,1),0),MATCH(T$6,载具产出!$G$399:$O$399,0)) -> 790 | U47: 7 | V47: =OFFSET(载具产出!$F$399,IFERROR(MATCH(OFFSET($D47,0,MATCH($D$5,$E$6:$H$6,0)),载具产出!$E$400:$E$439,1),0),MATCH(V$6,载具产出!$G$399:$O$399,0)) -> 5000 | W47: =_xlfn.XLOOKUP(Z47,载具属性!$E$98:$E$497,载具属性!$G$98:$G$497)+6000+OFFSET(载具属性!L$33,AS47,0)*载具属性!M$30+OFFSET(载具属性!M$33,AT47,0)*载具属性!N$30+OFFSET(载具属性!N$33,AU47,0)*载具属性!O$30+OFFSET(载具属性!O$33,AV47,0)*载具属性!P$30 -> 8985 | X47: =_xlfn.XLOOKUP(Z47,载具属性!$E$98:$E$497,载具属性!$G$98:$G$497) -> 1665 | Y47: =OFFSET(载具属性!L$33,AS47,0)*载具属性!M$30+OFFSET(载具属性!M$33,AT47,0)*载具属性!N$30+OFFSET(载具属性!N$33,AU47,0)*载具属性!O$30+OFFSET(载具属性!O$33,AV47,0)*载具属性!P$30 -> 1320 | Z47: =MATCH(SUM($T$7:T47),载具属性!$I$98:$I$497,1) -> 33 | AA47: =OFFSET(载具产出!$F$399,IFERROR(MATCH(OFFSET($D47,0,MATCH($D$5,$E$6:$H$6,0)),载具产出!$E$112:$E$151,1),0),MATCH(AA$6,载具产出!$G$111:$O$111,0))*2 -> 26 | AB47: =OFFSET(载具产出!$F$399,IFERROR(MATCH(OFFSET($D47,0,MATCH($D$5,$E$6:$H$6,0)),载具产出!$E$112:$E$151,1),0),MATCH(AB$6,载具产出!$G$111:$O$111,0))*2 -> 25.04 | AC47: =OFFSET(载具产出!$F$399,IFERROR(MATCH(OFFSET($D47,0,MATCH($D$5,$E$6:$H$6,0)),载具产出!$E$112:$E$151,1),0),MATCH(AC$6,载具产出!$G$111:$O$111,0))*2 -> 0.96 | AD47: =OFFSET(载具产出!$F$399,IFERROR(MATCH(OFFSET($D47,0,MATCH($D$5,$E$6:$H$6,0)),载具产出!$E$112:$E$151,1),0),MATCH(AD$6,载具产出!$G$111:$O$111,0))*2 -> 0 | AE47: =SUM(AA$36:AA47)/3 -> 108.8 | AF47: =SUM(AB$36:AB47)/3 -> 90.8 | AG47: =SUM(AC$36:AC47)/3 -> 2.4 | AH47: =SUM(AD$36:AD47)/3 -> 0 | AI47: =_xlfn.XLOOKUP($D$5,载具产出!$D$71:$D$75,载具产出!$E$71:$E$75)*(D47-30+1) -> 141.14286 | AJ47: =IFERROR(MATCH(_xlfn.XLOOKUP($D$5,载具产出!$D$71:$D$75,载具产出!$E$71:$E$75)*(D47-30+1)*10,载具产出!$E$60:$E$67,1),0)+1 -> 4 | AK47: =IF($AJ47=1,($AI47)*(10*OFFSET(载具产出!$D$45,MATCH(AK$6,$AK$6:$AN$6,0)-1,$AJ47)+OFFSET(载具产出!$D$49,MATCH(AK$6,$AK$6:$AN$6,0)-1,$AJ47)*OFFSET(载具产出!$N$49,MATCH(AK$6,$AK$6:$AN$6,0)-1,0)),OFFSET(载具产出!F$59,$AJ47-1,0)*10+OFFSET(载具产出!J$59,$AJ47-1,0)+($AI47*10-_xlfn.XLOOKUP($AJ47-1,载具产出!$D$59:$D$67,载具产出!$E$59:$E$67))/10*(10*OFFSET(载具产出!$D$45,MATCH(AK$6,$AK$6:$AN$6,0)-1,$AJ47)+OFFSET(载具产出!$D$49,MATCH(AK$6,$AK$6:$AN$6,0)-1,$AJ47)*OFFSET(载具产出!$N$49,MATCH(AK$6,$AK$6:$AN$6,0)-1,0))) -> 371.64943 | AL47: =IF($AJ47=1,($AI47)*(10*OFFSET(载具产出!$D$45,MATCH(AL$6,$AK$6:$AN$6,0)-1,$AJ47)+OFFSET(载具产出!$D$49,MATCH(AL$6,$AK$6:$AN$6,0)-1,$AJ47)*OFFSET(载具产出!$N$49,MATCH(AL$6,$AK$6:$AN$6,0)-1,0)),OFFSET(载具产出!G$59,$AJ47-1,0)*10+OFFSET(载具产出!K$59,$AJ47-1,0)+($AI47*10-_xlfn.XLOOKUP($AJ47-1,载具产出!$D$59:$D$67,载具产出!$E$59:$E$67))/10*(10*OFFSET(载具产出!$D$45,MATCH(AL$6,$AK$6:$AN$6,0)-1,$AJ47)+OFFSET(载具产出!$D$49,MATCH(AL$6,$AK$6:$AN$6,0)-1,$AJ47)*OFFSET(载具产出!$N$49,MATCH(AL$6,$AK$6:$AN$6,0)-1,0))) -> 108.23714 | AM47: =IF($AJ47=1,($AI47)*(10*OFFSET(载具产出!$D$45,MATCH(AM$6,$AK$6:$AN$6,0)-1,$AJ47)+OFFSET(载具产出!$D$49,MATCH(AM$6,$AK$6:$AN$6,0)-1,$AJ47)*OFFSET(载具产出!$N$49,MATCH(AM$6,$AK$6:$AN$6,0)-1,0)),OFFSET(载具产出!H$59,$AJ47-1,0)*10+OFFSET(载具产出!L$59,$AJ47-1,0)+($AI47*10-_xlfn.XLOOKUP($AJ47-1,载具产出!$D$59:$D$67,载具产出!$E$59:$E$67))/10*(10*OFFSET(载具产出!$D$45,MATCH(AM$6,$AK$6:$AN$6,0)-1,$AJ47)+OFFSET(载具产出!$D$49,MATCH(AM$6,$AK$6:$AN$6,0)-1,$AJ47)*OFFSET(载具产出!$N$49,MATCH(AM$6,$AK$6:$AN$6,0)-1,0))) -> 44.173714 | AN47: =IF($AJ47=1,($AI47)*(10*OFFSET(载具产出!$D$45,MATCH(AN$6,$AK$6:$AN$6,0)-1,$AJ47)+OFFSET(载具产出!$D$49,MATCH(AN$6,$AK$6:$AN$6,0)-1,$AJ47)*OFFSET(载具产出!$N$49,MATCH(AN$6,$AK$6:$AN$6,0)-1,0)),OFFSET(载具产出!I$59,$AJ47-1,0)*10+OFFSET(载具产出!M$59,$AJ47-1,0)+($AI47*10-_xlfn.XLOOKUP($AJ47-1,载具产出!$D$59:$D$67,载具产出!$E$59:$E$67))/10*(10*OFFSET(载具产出!$D$45,MATCH(AN$6,$AK$6:$AN$6,0)-1,$AJ47)+OFFSET(载具产出!$D$49,MATCH(AN$6,$AK$6:$AN$6,0)-1,$AJ47)*OFFSET(载具产出!$N$49,MATCH(AN$6,$AK$6:$AN$6,0)-1,0))) -> 2.8754286 | AO47: =AE47+AK47 -> 480.44943 | AP47: =AF47+AL47 -> 199.03714 | AQ47: =AG47+AM47 -> 46.573714 | AR47: =AH47+AN47 -> 2.8754286 | AS47: =IFERROR(MATCH(AO47/载具产出!R$58,载具属性!$G$33:$G$92,1),0) -> 13 | AT47: =IFERROR(MATCH(AP47/载具产出!S$58,载具属性!$G$33:$G$92,1),0) -> 6 | AU47: =IFERROR(MATCH(AQ47/载具产出!T$58,载具属性!$G$33:$G$92,1),0) -> 0 | AV47: =IFERROR(MATCH(AR47/载具产出!U$58,载具属性!$G$33:$G$92,1),0) -> 0 | AW47: ="["&_xlfn.TEXTJOIN(",",1,AX47:BD47)&"]" -> [{62,81},{63,7140},{2,16500},{6030001,271},{6030002,260},{6030003,7}] | AX47: =IF(INT(K47)<=0,"","{"&K$5&","&INT(K47)&"}") -> {62,81} | AY47: =IF(INT(L47)<=0,"","{"&L$5&","&INT(L47)&"}") -> {63,7140} | AZ47: =IF(INT(M47)<=0,"","{"&M$5&","&INT(M47)&"}") -> {2,16500} | BA47: =IF(INT(N47)<=0,"","{"&N$5&","&INT(N47)&"}") -> {6030001,271} | BB47: =IF(INT(O47)<=0,"","{"&O$5&","&INT(O47)&"}") -> {6030002,260} | BC47: =IF(INT(P47)<=0,"","{"&P$5&","&INT(P47)&"}") -> {6030003,7} | BD47: =IF(INT(Q47)<=0,"","{"&Q$5&","&INT(Q47)&"}")
C48: =W48/G48 -> 93.72449 | D48: 42 | E48: 77 | F48: 88 | G48: 98 | H48: 122 | I48: 136 | J48: =MIN(INT(F48*(30-(D48-30))/30+(D48-30)/30*H48),H48) -> 101 | K48: =SUM(U$36:U48)-SUM(OFFSET(载具产出!H$399,0,0,$R48+1,1)) -> 88 | L48: =SUM(T$36:T48)-SUM(OFFSET(载具产出!G$399,0,0,$R48+1,1)) -> 7930 | M48: =SUM(V$36:V48)/2-SUM(OFFSET(载具产出!I$399,0,0,$R48+1,1)) -> 19000 | N48: =SUM(AA$36:AA48)-SUM(OFFSET(载具产出!J$399,0,0,$R48+1,1)) -> 297.8 | O48: =SUM(AB$36:AB48)-SUM(OFFSET(载具产出!K$399,0,0,$R48+1,1)) -> 285.04 | P48: =SUM(AC$36:AC48)-SUM(OFFSET(载具产出!L$399,0,0,$R48+1,1)) -> 8.16 | Q48: =SUM(AD$36:AD48)-SUM(OFFSET(载具产出!M$399,0,0,$R48+1,1)) -> 0 | R48: 3 | S48: =OFFSET(载具产出!$D$111,IFERROR(MATCH(OFFSET($D48,0,MATCH($D$5,$E$6:$H$6,0)),载具产出!$E$112:$E$151,1),0),0) -> 豪华Ⅰ | T48: =OFFSET(载具产出!$F$399,IFERROR(MATCH(OFFSET($D48,0,MATCH($D$5,$E$6:$H$6,0)),载具产出!$E$400:$E$439,1),0),MATCH(T$6,载具产出!$G$399:$O$399,0)) -> 790 | U48: 7 | V48: =OFFSET(载具产出!$F$399,IFERROR(MATCH(OFFSET($D48,0,MATCH($D$5,$E$6:$H$6,0)),载具产出!$E$400:$E$439,1),0),MATCH(V$6,载具产出!$G$399:$O$399,0)) -> 5000 | W48: =_xlfn.XLOOKUP(Z48,载具属性!$E$98:$E$497,载具属性!$G$98:$G$497)+6000+OFFSET(载具属性!L$33,AS48,0)*载具属性!M$30+OFFSET(载具属性!M$33,AT48,0)*载具属性!N$30+OFFSET(载具属性!N$33,AU48,0)*载具属性!O$30+OFFSET(载具属性!O$33,AV48,0)*载具属性!P$30 -> 9185 | X48: =_xlfn.XLOOKUP(Z48,载具属性!$E$98:$E$497,载具属性!$G$98:$G$497) -> 1775 | Y48: =OFFSET(载具属性!L$33,AS48,0)*载具属性!M$30+OFFSET(载具属性!M$33,AT48,0)*载具属性!N$30+OFFSET(载具属性!N$33,AU48,0)*载具属性!O$30+OFFSET(载具属性!O$33,AV48,0)*载具属性!P$30 -> 1410 | Z48: =MATCH(SUM($T$7:T48),载具属性!$I$98:$I$497,1) -> 35 | AA48: =OFFSET(载具产出!$F$399,IFERROR(MATCH(OFFSET($D48,0,MATCH($D$5,$E$6:$H$6,0)),载具产出!$E$112:$E$151,1),0),MATCH(AA$6,载具产出!$G$111:$O$111,0))*2 -> 26 | AB48: =OFFSET(载具产出!$F$399,IFERROR(MATCH(OFFSET($D48,0,MATCH($D$5,$E$6:$H$6,0)),载具产出!$E$112:$E$151,1),0),MATCH(AB$6,载具产出!$G$111:$O$111,0))*2 -> 25.04 | AC48: =OFFSET(载具产出!$F$399,IFERROR(MATCH(OFFSET($D48,0,MATCH($D$5,$E$6:$H$6,0)),载具产出!$E$112:$E$151,1),0),MATCH(AC$6,载具产出!$G$111:$O$111,0))*2 -> 0.96 | AD48: =OFFSET(载具产出!$F$399,IFERROR(MATCH(OFFSET($D48,0,MATCH($D$5,$E$6:$H$6,0)),载具产出!$E$112:$E$151,1),0),MATCH(AD$6,载具产出!$G$111:$O$111,0))*2 -> 0 | AE48: =SUM(AA$36:AA48)/3 -> 117.46667 | AF48: =SUM(AB$36:AB48)/3 -> 99.146667 | AG48: =SUM(AC$36:AC48)/3 -> 2.72 | AH48: =SUM(AD$36:AD48)/3 -> 0 | AI48: =_xlfn.XLOOKUP($D$5,载具产出!$D$71:$D$75,载具产出!$E$71:$E$75)*(D48-30+1) -> 152.90476 | AJ48: =IFERROR(MATCH(_xlfn.XLOOKUP($D$5,载具产出!$D$71:$D$75,载具产出!$E$71:$E$75)*(D48-30+1)*10,载具产出!$E$60:$E$67,1),0)+1 -> 4 | AK48: =IF($AJ48=1,($AI48)*(10*OFFSET(载具产出!$D$45,MATCH(AK$6,$AK$6:$AN$6,0)-1,$AJ48)+OFFSET(载具产出!$D$49,MATCH(AK$6,$AK$6:$AN$6,0)-1,$AJ48)*OFFSET(载具产出!$N$49,MATCH(AK$6,$AK$6:$AN$6,0)-1,0)),OFFSET(载具产出!F$59,$AJ48-1,0)*10+OFFSET(载具产出!J$59,$AJ48-1,0)+($AI48*10-_xlfn.XLOOKUP($AJ48-1,载具产出!$D$59:$D$67,载具产出!$E$59:$E$67))/10*(10*OFFSET(载具产出!$D$45,MATCH(AK$6,$AK$6:$AN$6,0)-1,$AJ48)+OFFSET(载具产出!$D$49,MATCH(AK$6,$AK$6:$AN$6,0)-1,$AJ48)*OFFSET(载具产出!$N$49,MATCH(AK$6,$AK$6:$AN$6,0)-1,0))) -> 398.60771 | AL48: =IF($AJ48=1,($AI48)*(10*OFFSET(载具产出!$D$45,MATCH(AL$6,$AK$6:$AN$6,0)-1,$AJ48)+OFFSET(载具产出!$D$49,MATCH(AL$6,$AK$6:$AN$6,0)-1,$AJ48)*OFFSET(载具产出!$N$49,MATCH(AL$6,$AK$6:$AN$6,0)-1,0)),OFFSET(载具产出!G$59,$AJ48-1,0)*10+OFFSET(载具产出!K$59,$AJ48-1,0)+($AI48*10-_xlfn.XLOOKUP($AJ48-1,载具产出!$D$59:$D$67,载具产出!$E$59:$E$67))/10*(10*OFFSET(载具产出!$D$45,MATCH(AL$6,$AK$6:$AN$6,0)-1,$AJ48)+OFFSET(载具产出!$D$49,MATCH(AL$6,$AK$6:$AN$6,0)-1,$AJ48)*OFFSET(载具产出!$N$49,MATCH(AL$6,$AK$6:$AN$6,0)-1,0))) -> 117.8819 | AM48: =IF($AJ48=1,($AI48)*(10*OFFSET(载具产出!$D$45,MATCH(AM$6,$AK$6:$AN$6,0)-1,$AJ48)+OFFSET(载具产出!$D$49,MATCH(AM$6,$AK$6:$AN$6,0)-1,$AJ48)*OFFSET(载具产出!$N$49,MATCH(AM$6,$AK$6:$AN$6,0)-1,0)),OFFSET(载具产出!H$59,$AJ48-1,0)*10+OFFSET(载具产出!L$59,$AJ48-1,0)+($AI48*10-_xlfn.XLOOKUP($AJ48-1,载具产出!$D$59:$D$67,载具产出!$E$59:$E$67))/10*(10*OFFSET(载具产出!$D$45,MATCH(AM$6,$AK$6:$AN$6,0)-1,$AJ48)+OFFSET(载具产出!$D$49,MATCH(AM$6,$AK$6:$AN$6,0)-1,$AJ48)*OFFSET(载具产出!$N$49,MATCH(AM$6,$AK$6:$AN$6,0)-1,0))) -> 49.254857 | AN48: =IF($AJ48=1,($AI48)*(10*OFFSET(载具产出!$D$45,MATCH(AN$6,$AK$6:$AN$6,0)-1,$AJ48)+OFFSET(载具产出!$D$49,MATCH(AN$6,$AK$6:$AN$6,0)-1,$AJ48)*OFFSET(载具产出!$N$49,MATCH(AN$6,$AK$6:$AN$6,0)-1,0)),OFFSET(载具产出!I$59,$AJ48-1,0)*10+OFFSET(载具产出!M$59,$AJ48-1,0)+($AI48*10-_xlfn.XLOOKUP($AJ48-1,载具产出!$D$59:$D$67,载具产出!$E$59:$E$67))/10*(10*OFFSET(载具产出!$D$45,MATCH(AN$6,$AK$6:$AN$6,0)-1,$AJ48)+OFFSET(载具产出!$D$49,MATCH(AN$6,$AK$6:$AN$6,0)-1,$AJ48)*OFFSET(载具产出!$N$49,MATCH(AN$6,$AK$6:$AN$6,0)-1,0))) -> 4.4750476 | AO48: =AE48+AK48 -> 516.07438 | AP48: =AF48+AL48 -> 217.02857 | AQ48: =AG48+AM48 -> 51.974857 | AR48: =AH48+AN48 -> 4.4750476 | AS48: =IFERROR(MATCH(AO48/载具产出!R$58,载具属性!$G$33:$G$92,1),0) -> 13 | AT48: =IFERROR(MATCH(AP48/载具产出!S$58,载具属性!$G$33:$G$92,1),0) -> 7 | AU48: =IFERROR(MATCH(AQ48/载具产出!T$58,载具属性!$G$33:$G$92,1),0) -> 0 | AV48: =IFERROR(MATCH(AR48/载具产出!U$58,载具属性!$G$33:$G$92,1),0) -> 0 | AW48: ="["&_xlfn.TEXTJOIN(",",1,AX48:BD48)&"]" -> [{62,88},{63,7930},{2,19000},{6030001,297},{6030002,285},{6030003,8}] | AX48: =IF(INT(K48)<=0,"","{"&K$5&","&INT(K48)&"}") -> {62,88} | AY48: =IF(INT(L48)<=0,"","{"&L$5&","&INT(L48)&"}") -> {63,7930} | AZ48: =IF(INT(M48)<=0,"","{"&M$5&","&INT(M48)&"}") -> {2,19000} | BA48: =IF(INT(N48)<=0,"","{"&N$5&","&INT(N48)&"}") -> {6030001,297} | BB48: =IF(INT(O48)<=0,"","{"&O$5&","&INT(O48)&"}") -> {6030002,285} | BC48: =IF(INT(P48)<=0,"","{"&P$5&","&INT(P48)&"}") -> {6030003,8} | BD48: =IF(INT(Q48)<=0,"","{"&Q$5&","&INT(Q48)&"}")
C49: =W49/G49 -> 93.939394 | D49: 43 | E49: 78 | F49: 88 | G49: 99 | H49: 123 | I49: 136 | J49: =MIN(INT(F49*(30-(D49-30))/30+(D49-30)/30*H49),H49) -> 103 | K49: =SUM(U$36:U49)-SUM(OFFSET(载具产出!H$399,0,0,$R49+1,1)) -> 95 | L49: =SUM(T$36:T49)-SUM(OFFSET(载具产出!G$399,0,0,$R49+1,1)) -> 8720 | M49: =SUM(V$36:V49)/2-SUM(OFFSET(载具产出!I$399,0,0,$R49+1,1)) -> 21500 | N49: =SUM(AA$36:AA49)-SUM(OFFSET(载具产出!J$399,0,0,$R49+1,1)) -> 323.8 | O49: =SUM(AB$36:AB49)-SUM(OFFSET(载具产出!K$399,0,0,$R49+1,1)) -> 310.08 | P49: =SUM(AC$36:AC49)-SUM(OFFSET(载具产出!L$399,0,0,$R49+1,1)) -> 9.12 | Q49: =SUM(AD$36:AD49)-SUM(OFFSET(载具产出!M$399,0,0,$R49+1,1)) -> 0 | R49: 3 | S49: =OFFSET(载具产出!$D$111,IFERROR(MATCH(OFFSET($D49,0,MATCH($D$5,$E$6:$H$6,0)),载具产出!$E$112:$E$151,1),0),0) -> 豪华Ⅰ | T49: =OFFSET(载具产出!$F$399,IFERROR(MATCH(OFFSET($D49,0,MATCH($D$5,$E$6:$H$6,0)),载具产出!$E$400:$E$439,1),0),MATCH(T$6,载具产出!$G$399:$O$399,0)) -> 790 | U49: 7 | V49: =OFFSET(载具产出!$F$399,IFERROR(MATCH(OFFSET($D49,0,MATCH($D$5,$E$6:$H$6,0)),载具产出!$E$400:$E$439,1),0),MATCH(V$6,载具产出!$G$399:$O$399,0)) -> 5000 | W49: =_xlfn.XLOOKUP(Z49,载具属性!$E$98:$E$497,载具属性!$G$98:$G$497)+6000+OFFSET(载具属性!L$33,AS49,0)*载具属性!M$30+OFFSET(载具属性!M$33,AT49,0)*载具属性!N$30+OFFSET(载具属性!N$33,AU49,0)*载具属性!O$30+OFFSET(载具属性!O$33,AV49,0)*载具属性!P$30 -> 9300 | X49: =_xlfn.XLOOKUP(Z49,载具属性!$E$98:$E$497,载具属性!$G$98:$G$497) -> 1830 | Y49: =OFFSET(载具属性!L$33,AS49,0)*载具属性!M$30+OFFSET(载具属性!M$33,AT49,0)*载具属性!N$30+OFFSET(载具属性!N$33,AU49,0)*载具属性!O$30+OFFSET(载具属性!O$33,AV49,0)*载具属性!P$30 -> 1470 | Z49: =MATCH(SUM($T$7:T49),载具属性!$I$98:$I$497,1) -> 36 | AA49: =OFFSET(载具产出!$F$399,IFERROR(MATCH(OFFSET($D49,0,MATCH($D$5,$E$6:$H$6,0)),载具产出!$E$112:$E$151,1),0),MATCH(AA$6,载具产出!$G$111:$O$111,0))*2 -> 26 | AB49: =OFFSET(载具产出!$F$399,IFERROR(MATCH(OFFSET($D49,0,MATCH($D$5,$E$6:$H$6,0)),载具产出!$E$112:$E$151,1),0),MATCH(AB$6,载具产出!$G$111:$O$111,0))*2 -> 25.04 | AC49: =OFFSET(载具产出!$F$399,IFERROR(MATCH(OFFSET($D49,0,MATCH($D$5,$E$6:$H$6,0)),载具产出!$E$112:$E$151,1),0),MATCH(AC$6,载具产出!$G$111:$O$111,0))*2 -> 0.96 | AD49: =OFFSET(载具产出!$F$399,IFERROR(MATCH(OFFSET($D49,0,MATCH($D$5,$E$6:$H$6,0)),载具产出!$E$112:$E$151,1),0),MATCH(AD$6,载具产出!$G$111:$O$111,0))*2 -> 0 | AE49: =SUM(AA$36:AA49)/3 -> 126.13333 | AF49: =SUM(AB$36:AB49)/3 -> 107.49333 | AG49: =SUM(AC$36:AC49)/3 -> 3.04 | AH49: =SUM(AD$36:AD49)/3 -> 0 | AI49: =_xlfn.XLOOKUP($D$5,载具产出!$D$71:$D$75,载具产出!$E$71:$E$75)*(D49-30+1) -> 164.66667 | AJ49: =IFERROR(MATCH(_xlfn.XLOOKUP($D$5,载具产出!$D$71:$D$75,载具产出!$E$71:$E$75)*(D49-30+1)*10,载具产出!$E$60:$E$67,1),0)+1 -> 4 | AK49: =IF($AJ49=1,($AI49)*(10*OFFSET(载具产出!$D$45,MATCH(AK$6,$AK$6:$AN$6,0)-1,$AJ49)+OFFSET(载具产出!$D$49,MATCH(AK$6,$AK$6:$AN$6,0)-1,$AJ49)*OFFSET(载具产出!$N$49,MATCH(AK$6,$AK$6:$AN$6,0)-1,0)),OFFSET(载具产出!F$59,$AJ49-1,0)*10+OFFSET(载具产出!J$59,$AJ49-1,0)+($AI49*10-_xlfn.XLOOKUP($AJ49-1,载具产出!$D$59:$D$67,载具产出!$E$59:$E$67))/10*(10*OFFSET(载具产出!$D$45,MATCH(AK$6,$AK$6:$AN$6,0)-1,$AJ49)+OFFSET(载具产出!$D$49,MATCH(AK$6,$AK$6:$AN$6,0)-1,$AJ49)*OFFSET(载具产出!$N$49,MATCH(AK$6,$AK$6:$AN$6,0)-1,0))) -> 425.566 | AL49: =IF($AJ49=1,($AI49)*(10*OFFSET(载具产出!$D$45,MATCH(AL$6,$AK$6:$AN$6,0)-1,$AJ49)+OFFSET(载具产出!$D$49,MATCH(AL$6,$AK$6:$AN$6,0)-1,$AJ49)*OFFSET(载具产出!$N$49,MATCH(AL$6,$AK$6:$AN$6,0)-1,0)),OFFSET(载具产出!G$59,$AJ49-1,0)*10+OFFSET(载具产出!K$59,$AJ49-1,0)+($AI49*10-_xlfn.XLOOKUP($AJ49-1,载具产出!$D$59:$D$67,载具产出!$E$59:$E$67))/10*(10*OFFSET(载具产出!$D$45,MATCH(AL$6,$AK$6:$AN$6,0)-1,$AJ49)+OFFSET(载具产出!$D$49,MATCH(AL$6,$AK$6:$AN$6,0)-1,$AJ49)*OFFSET(载具产出!$N$49,MATCH(AL$6,$AK$6:$AN$6,0)-1,0))) -> 127.52667 | AM49: =IF($AJ49=1,($AI49)*(10*OFFSET(载具产出!$D$45,MATCH(AM$6,$AK$6:$AN$6,0)-1,$AJ49)+OFFSET(载具产出!$D$49,MATCH(AM$6,$AK$6:$AN$6,0)-1,$AJ49)*OFFSET(载具产出!$N$49,MATCH(AM$6,$AK$6:$AN$6,0)-1,0)),OFFSET(载具产出!H$59,$AJ49-1,0)*10+OFFSET(载具产出!L$59,$AJ49-1,0)+($AI49*10-_xlfn.XLOOKUP($AJ49-1,载具产出!$D$59:$D$67,载具产出!$E$59:$E$67))/10*(10*OFFSET(载具产出!$D$45,MATCH(AM$6,$AK$6:$AN$6,0)-1,$AJ49)+OFFSET(载具产出!$D$49,MATCH(AM$6,$AK$6:$AN$6,0)-1,$AJ49)*OFFSET(载具产出!$N$49,MATCH(AM$6,$AK$6:$AN$6,0)-1,0))) -> 54.336 | AN49: =IF($AJ49=1,($AI49)*(10*OFFSET(载具产出!$D$45,MATCH(AN$6,$AK$6:$AN$6,0)-1,$AJ49)+OFFSET(载具产出!$D$49,MATCH(AN$6,$AK$6:$AN$6,0)-1,$AJ49)*OFFSET(载具产出!$N$49,MATCH(AN$6,$AK$6:$AN$6,0)-1,0)),OFFSET(载具产出!I$59,$AJ49-1,0)*10+OFFSET(载具产出!M$59,$AJ49-1,0)+($AI49*10-_xlfn.XLOOKUP($AJ49-1,载具产出!$D$59:$D$67,载具产出!$E$59:$E$67))/10*(10*OFFSET(载具产出!$D$45,MATCH(AN$6,$AK$6:$AN$6,0)-1,$AJ49)+OFFSET(载具产出!$D$49,MATCH(AN$6,$AK$6:$AN$6,0)-1,$AJ49)*OFFSET(载具产出!$N$49,MATCH(AN$6,$AK$6:$AN$6,0)-1,0))) -> 6.0746667 | AO49: =AE49+AK49 -> 551.69933 | AP49: =AF49+AL49 -> 235.02 | AQ49: =AG49+AM49 -> 57.376 | AR49: =AH49+AN49 -> 6.0746667 | AS49: =IFERROR(MATCH(AO49/载具产出!R$58,载具属性!$G$33:$G$92,1),0) -> 14 | AT49: =IFERROR(MATCH(AP49/载具产出!S$58,载具属性!$G$33:$G$92,1),0) -> 7 | AU49: =IFERROR(MATCH(AQ49/载具产出!T$58,载具属性!$G$33:$G$92,1),0) -> 0 | AV49: =IFERROR(MATCH(AR49/载具产出!U$58,载具属性!$G$33:$G$92,1),0) -> 0 | AW49: ="["&_xlfn.TEXTJOIN(",",1,AX49:BD49)&"]" -> [{62,95},{63,8720},{2,21500},{6030001,323},{6030002,310},{6030003,9}] | AX49: =IF(INT(K49)<=0,"","{"&K$5&","&INT(K49)&"}") -> {62,95} | AY49: =IF(INT(L49)<=0,"","{"&L$5&","&INT(L49)&"}") -> {63,8720} | AZ49: =IF(INT(M49)<=0,"","{"&M$5&","&INT(M49)&"}") -> {2,21500} | BA49: =IF(INT(N49)<=0,"","{"&N$5&","&INT(N49)&"}") -> {6030001,323} | BB49: =IF(INT(O49)<=0,"","{"&O$5&","&INT(O49)&"}") -> {6030002,310} | BC49: =IF(INT(P49)<=0,"","{"&P$5&","&INT(P49)&"}") -> {6030003,9} | BD49: =IF(INT(Q49)<=0,"","{"&Q$5&","&INT(Q49)&"}")
C50: =W50/G50 -> 96.2 | D50: 44 | E50: 78 | F50: 89 | G50: 100 | H50: 125 | I50: 136 | J50: =MIN(INT(F50*(30-(D50-30))/30+(D50-30)/30*H50),H50) -> 105 | K50: =SUM(U$36:U50)-SUM(OFFSET(载具产出!H$399,0,0,$R50+1,1)) -> 102 | L50: =SUM(T$36:T50)-SUM(OFFSET(载具产出!G$399,0,0,$R50+1,1)) -> 9510 | M50: =SUM(V$36:V50)/2-SUM(OFFSET(载具产出!I$399,0,0,$R50+1,1)) -> 24000 | N50: =SUM(AA$36:AA50)-SUM(OFFSET(载具产出!J$399,0,0,$R50+1,1)) -> 349.8 | O50: =SUM(AB$36:AB50)-SUM(OFFSET(载具产出!K$399,0,0,$R50+1,1)) -> 335.12 | P50: =SUM(AC$36:AC50)-SUM(OFFSET(载具产出!L$399,0,0,$R50+1,1)) -> 10.08 | Q50: =SUM(AD$36:AD50)-SUM(OFFSET(载具产出!M$399,0,0,$R50+1,1)) -> 0 | R50: 3 | S50: =OFFSET(载具产出!$D$111,IFERROR(MATCH(OFFSET($D50,0,MATCH($D$5,$E$6:$H$6,0)),载具产出!$E$112:$E$151,1),0),0) -> 豪华Ⅰ | T50: =OFFSET(载具产出!$F$399,IFERROR(MATCH(OFFSET($D50,0,MATCH($D$5,$E$6:$H$6,0)),载具产出!$E$400:$E$439,1),0),MATCH(T$6,载具产出!$G$399:$O$399,0)) -> 790 | U50: 7 | V50: =OFFSET(载具产出!$F$399,IFERROR(MATCH(OFFSET($D50,0,MATCH($D$5,$E$6:$H$6,0)),载具产出!$E$400:$E$439,1),0),MATCH(V$6,载具产出!$G$399:$O$399,0)) -> 5000 | W50: =_xlfn.XLOOKUP(Z50,载具属性!$E$98:$E$497,载具属性!$G$98:$G$497)+6000+OFFSET(载具属性!L$33,AS50,0)*载具属性!M$30+OFFSET(载具属性!M$33,AT50,0)*载具属性!N$30+OFFSET(载具属性!N$33,AU50,0)*载具属性!O$30+OFFSET(载具属性!O$33,AV50,0)*载具属性!P$30 -> 9620 | X50: =_xlfn.XLOOKUP(Z50,载具属性!$E$98:$E$497,载具属性!$G$98:$G$497) -> 1940 | Y50: =OFFSET(载具属性!L$33,AS50,0)*载具属性!M$30+OFFSET(载具属性!M$33,AT50,0)*载具属性!N$30+OFFSET(载具属性!N$33,AU50,0)*载具属性!O$30+OFFSET(载具属性!O$33,AV50,0)*载具属性!P$30 -> 1680 | Z50: =MATCH(SUM($T$7:T50),载具属性!$I$98:$I$497,1) -> 38 | AA50: =OFFSET(载具产出!$F$399,IFERROR(MATCH(OFFSET($D50,0,MATCH($D$5,$E$6:$H$6,0)),载具产出!$E$112:$E$151,1),0),MATCH(AA$6,载具产出!$G$111:$O$111,0))*2 -> 26 | AB50: =OFFSET(载具产出!$F$399,IFERROR(MATCH(OFFSET($D50,0,MATCH($D$5,$E$6:$H$6,0)),载具产出!$E$112:$E$151,1),0),MATCH(AB$6,载具产出!$G$111:$O$111,0))*2 -> 25.04 | AC50: =OFFSET(载具产出!$F$399,IFERROR(MATCH(OFFSET($D50,0,MATCH($D$5,$E$6:$H$6,0)),载具产出!$E$112:$E$151,1),0),MATCH(AC$6,载具产出!$G$111:$O$111,0))*2 -> 0.96 | AD50: =OFFSET(载具产出!$F$399,IFERROR(MATCH(OFFSET($D50,0,MATCH($D$5,$E$6:$H$6,0)),载具产出!$E$112:$E$151,1),0),MATCH(AD$6,载具产出!$G$111:$O$111,0))*2 -> 0 | AE50: =SUM(AA$36:AA50)/3 -> 134.8 | AF50: =SUM(AB$36:AB50)/3 -> 115.84 | AG50: =SUM(AC$36:AC50)/3 -> 3.36 | AH50: =SUM(AD$36:AD50)/3 -> 0 | AI50: =_xlfn.XLOOKUP($D$5,载具产出!$D$71:$D$75,载具产出!$E$71:$E$75)*(D50-30+1) -> 176.42857 | AJ50: =IFERROR(MATCH(_xlfn.XLOOKUP($D$5,载具产出!$D$71:$D$75,载具产出!$E$71:$E$75)*(D50-30+1)*10,载具产出!$E$60:$E$67,1),0)+1 -> 4 | AK50: =IF($AJ50=1,($AI50)*(10*OFFSET(载具产出!$D$45,MATCH(AK$6,$AK$6:$AN$6,0)-1,$AJ50)+OFFSET(载具产出!$D$49,MATCH(AK$6,$AK$6:$AN$6,0)-1,$AJ50)*OFFSET(载具产出!$N$49,MATCH(AK$6,$AK$6:$AN$6,0)-1,0)),OFFSET(载具产出!F$59,$AJ50-1,0)*10+OFFSET(载具产出!J$59,$AJ50-1,0)+($AI50*10-_xlfn.XLOOKUP($AJ50-1,载具产出!$D$59:$D$67,载具产出!$E$59:$E$67))/10*(10*OFFSET(载具产出!$D$45,MATCH(AK$6,$AK$6:$AN$6,0)-1,$AJ50)+OFFSET(载具产出!$D$49,MATCH(AK$6,$AK$6:$AN$6,0)-1,$AJ50)*OFFSET(载具产出!$N$49,MATCH(AK$6,$AK$6:$AN$6,0)-1,0))) -> 452.52429 | AL50: =IF($AJ50=1,($AI50)*(10*OFFSET(载具产出!$D$45,MATCH(AL$6,$AK$6:$AN$6,0)-1,$AJ50)+OFFSET(载具产出!$D$49,MATCH(AL$6,$AK$6:$AN$6,0)-1,$AJ50)*OFFSET(载具产出!$N$49,MATCH(AL$6,$AK$6:$AN$6,0)-1,0)),OFFSET(载具产出!G$59,$AJ50-1,0)*10+OFFSET(载具产出!K$59,$AJ50-1,0)+($AI50*10-_xlfn.XLOOKUP($AJ50-1,载具产出!$D$59:$D$67,载具产出!$E$59:$E$67))/10*(10*OFFSET(载具产出!$D$45,MATCH(AL$6,$AK$6:$AN$6,0)-1,$AJ50)+OFFSET(载具产出!$D$49,MATCH(AL$6,$AK$6:$AN$6,0)-1,$AJ50)*OFFSET(载具产出!$N$49,MATCH(AL$6,$AK$6:$AN$6,0)-1,0))) -> 137.17143 | AM50: =IF($AJ50=1,($AI50)*(10*OFFSET(载具产出!$D$45,MATCH(AM$6,$AK$6:$AN$6,0)-1,$AJ50)+OFFSET(载具产出!$D$49,MATCH(AM$6,$AK$6:$AN$6,0)-1,$AJ50)*OFFSET(载具产出!$N$49,MATCH(AM$6,$AK$6:$AN$6,0)-1,0)),OFFSET(载具产出!H$59,$AJ50-1,0)*10+OFFSET(载具产出!L$59,$AJ50-1,0)+($AI50*10-_xlfn.XLOOKUP($AJ50-1,载具产出!$D$59:$D$67,载具产出!$E$59:$E$67))/10*(10*OFFSET(载具产出!$D$45,MATCH(AM$6,$AK$6:$AN$6,0)-1,$AJ50)+OFFSET(载具产出!$D$49,MATCH(AM$6,$AK$6:$AN$6,0)-1,$AJ50)*OFFSET(载具产出!$N$49,MATCH(AM$6,$AK$6:$AN$6,0)-1,0))) -> 59.417143 | AN50: =IF($AJ50=1,($AI50)*(10*OFFSET(载具产出!$D$45,MATCH(AN$6,$AK$6:$AN$6,0)-1,$AJ50)+OFFSET(载具产出!$D$49,MATCH(AN$6,$AK$6:$AN$6,0)-1,$AJ50)*OFFSET(载具产出!$N$49,MATCH(AN$6,$AK$6:$AN$6,0)-1,0)),OFFSET(载具产出!I$59,$AJ50-1,0)*10+OFFSET(载具产出!M$59,$AJ50-1,0)+($AI50*10-_xlfn.XLOOKUP($AJ50-1,载具产出!$D$59:$D$67,载具产出!$E$59:$E$67))/10*(10*OFFSET(载具产出!$D$45,MATCH(AN$6,$AK$6:$AN$6,0)-1,$AJ50)+OFFSET(载具产出!$D$49,MATCH(AN$6,$AK$6:$AN$6,0)-1,$AJ50)*OFFSET(载具产出!$N$49,MATCH(AN$6,$AK$6:$AN$6,0)-1,0))) -> 7.6742857 | AO50: =AE50+AK50 -> 587.32429 | AP50: =AF50+AL50 -> 253.01143 | AQ50: =AG50+AM50 -> 62.777143 | AR50: =AH50+AN50 -> 7.6742857 | AS50: =IFERROR(MATCH(AO50/载具产出!R$58,载具属性!$G$33:$G$92,1),0) -> 14 | AT50: =IFERROR(MATCH(AP50/载具产出!S$58,载具属性!$G$33:$G$92,1),0) -> 8 | AU50: =IFERROR(MATCH(AQ50/载具产出!T$58,载具属性!$G$33:$G$92,1),0) -> 1 | AV50: =IFERROR(MATCH(AR50/载具产出!U$58,载具属性!$G$33:$G$92,1),0) -> 0 | AW50: ="["&_xlfn.TEXTJOIN(",",1,AX50:BD50)&"]" -> [{62,102},{63,9510},{2,24000},{6030001,349},{6030002,335},{6030003,10}] | AX50: =IF(INT(K50)<=0,"","{"&K$5&","&INT(K50)&"}") -> {62,102} | AY50: =IF(INT(L50)<=0,"","{"&L$5&","&INT(L50)&"}") -> {63,9510} | AZ50: =IF(INT(M50)<=0,"","{"&M$5&","&INT(M50)&"}") -> {2,24000} | BA50: =IF(INT(N50)<=0,"","{"&N$5&","&INT(N50)&"}") -> {6030001,349} | BB50: =IF(INT(O50)<=0,"","{"&O$5&","&INT(O50)&"}") -> {6030002,335} | BC50: =IF(INT(P50)<=0,"","{"&P$5&","&INT(P50)&"}") -> {6030003,10} | BD50: =IF(INT(Q50)<=0,"","{"&Q$5&","&INT(Q50)&"}")
C51: =W51/G51 -> 96.386139 | D51: 45 | E51: 79 | F51: 90 | G51: 101 | H51: 126 | I51: 136 | J51: =MIN(INT(F51*(30-(D51-30))/30+(D51-30)/30*H51),H51) -> 108 | K51: =SUM(U$36:U51)-SUM(OFFSET(载具产出!H$399,0,0,$R51+1,1)) -> 108 | L51: =SUM(T$36:T51)-SUM(OFFSET(载具产出!G$399,0,0,$R51+1,1)) -> 9570 | M51: =SUM(V$36:V51)/2-SUM(OFFSET(载具产出!I$399,0,0,$R51+1,1)) -> 21900 | N51: =SUM(AA$36:AA51)-SUM(OFFSET(载具产出!J$399,0,0,$R51+1,1)) -> 362.4 | O51: =SUM(AB$36:AB51)-SUM(OFFSET(载具产出!K$399,0,0,$R51+1,1)) -> 350.56 | P51: =SUM(AC$36:AC51)-SUM(OFFSET(载具产出!L$399,0,0,$R51+1,1)) -> 11.04 | Q51: =SUM(AD$36:AD51)-SUM(OFFSET(载具产出!M$399,0,0,$R51+1,1)) -> 0 | R51: 4 | S51: =OFFSET(载具产出!$D$111,IFERROR(MATCH(OFFSET($D51,0,MATCH($D$5,$E$6:$H$6,0)),载具产出!$E$112:$E$151,1),0),0) -> 豪华Ⅰ | T51: =OFFSET(载具产出!$F$399,IFERROR(MATCH(OFFSET($D51,0,MATCH($D$5,$E$6:$H$6,0)),载具产出!$E$400:$E$439,1),0),MATCH(T$6,载具产出!$G$399:$O$399,0)) -> 790 | U51: 7 | V51: =OFFSET(载具产出!$F$399,IFERROR(MATCH(OFFSET($D51,0,MATCH($D$5,$E$6:$H$6,0)),载具产出!$E$400:$E$439,1),0),MATCH(V$6,载具产出!$G$399:$O$399,0)) -> 5000 | W51: =_xlfn.XLOOKUP(Z51,载具属性!$E$98:$E$497,载具属性!$G$98:$G$497)+6000+OFFSET(载具属性!L$33,AS51,0)*载具属性!M$30+OFFSET(载具属性!M$33,AT51,0)*载具属性!N$30+OFFSET(载具属性!N$33,AU51,0)*载具属性!O$30+OFFSET(载具属性!O$33,AV51,0)*载具属性!P$30 -> 9735 | X51: =_xlfn.XLOOKUP(Z51,载具属性!$E$98:$E$497,载具属性!$G$98:$G$497) -> 1995 | Y51: =OFFSET(载具属性!L$33,AS51,0)*载具属性!M$30+OFFSET(载具属性!M$33,AT51,0)*载具属性!N$30+OFFSET(载具属性!N$33,AU51,0)*载具属性!O$30+OFFSET(载具属性!O$33,AV51,0)*载具属性!P$30 -> 1740 | Z51: =MATCH(SUM($T$7:T51),载具属性!$I$98:$I$497,1) -> 39 | AA51: =OFFSET(载具产出!$F$399,IFERROR(MATCH(OFFSET($D51,0,MATCH($D$5,$E$6:$H$6,0)),载具产出!$E$112:$E$151,1),0),MATCH(AA$6,载具产出!$G$111:$O$111,0))*2 -> 26 | AB51: =OFFSET(载具产出!$F$399,IFERROR(MATCH(OFFSET($D51,0,MATCH($D$5,$E$6:$H$6,0)),载具产出!$E$112:$E$151,1),0),MATCH(AB$6,载具产出!$G$111:$O$111,0))*2 -> 25.04 | AC51: =OFFSET(载具产出!$F$399,IFERROR(MATCH(OFFSET($D51,0,MATCH($D$5,$E$6:$H$6,0)),载具产出!$E$112:$E$151,1),0),MATCH(AC$6,载具产出!$G$111:$O$111,0))*2 -> 0.96 | AD51: =OFFSET(载具产出!$F$399,IFERROR(MATCH(OFFSET($D51,0,MATCH($D$5,$E$6:$H$6,0)),载具产出!$E$112:$E$151,1),0),MATCH(AD$6,载具产出!$G$111:$O$111,0))*2 -> 0 | AE51: =SUM(AA$36:AA51)/3 -> 143.46667 | AF51: =SUM(AB$36:AB51)/3 -> 124.18667 | AG51: =SUM(AC$36:AC51)/3 -> 3.68 | AH51: =SUM(AD$36:AD51)/3 -> 0 | AI51: =_xlfn.XLOOKUP($D$5,载具产出!$D$71:$D$75,载具产出!$E$71:$E$75)*(D51-30+1) -> 188.19048 | AJ51: =IFERROR(MATCH(_xlfn.XLOOKUP($D$5,载具产出!$D$71:$D$75,载具产出!$E$71:$E$75)*(D51-30+1)*10,载具产出!$E$60:$E$67,1),0)+1 -> 4 | AK51: =IF($AJ51=1,($AI51)*(10*OFFSET(载具产出!$D$45,MATCH(AK$6,$AK$6:$AN$6,0)-1,$AJ51)+OFFSET(载具产出!$D$49,MATCH(AK$6,$AK$6:$AN$6,0)-1,$AJ51)*OFFSET(载具产出!$N$49,MATCH(AK$6,$AK$6:$AN$6,0)-1,0)),OFFSET(载具产出!F$59,$AJ51-1,0)*10+OFFSET(载具产出!J$59,$AJ51-1,0)+($AI51*10-_xlfn.XLOOKUP($AJ51-1,载具产出!$D$59:$D$67,载具产出!$E$59:$E$67))/10*(10*OFFSET(载具产出!$D$45,MATCH(AK$6,$AK$6:$AN$6,0)-1,$AJ51)+OFFSET(载具产出!$D$49,MATCH(AK$6,$AK$6:$AN$6,0)-1,$AJ51)*OFFSET(载具产出!$N$49,MATCH(AK$6,$AK$6:$AN$6,0)-1,0))) -> 479.48257 | AL51: =IF($AJ51=1,($AI51)*(10*OFFSET(载具产出!$D$45,MATCH(AL$6,$AK$6:$AN$6,0)-1,$AJ51)+OFFSET(载具产出!$D$49,MATCH(AL$6,$AK$6:$AN$6,0)-1,$AJ51)*OFFSET(载具产出!$N$49,MATCH(AL$6,$AK$6:$AN$6,0)-1,0)),OFFSET(载具产出!G$59,$AJ51-1,0)*10+OFFSET(载具产出!K$59,$AJ51-1,0)+($AI51*10-_xlfn.XLOOKUP($AJ51-1,载具产出!$D$59:$D$67,载具产出!$E$59:$E$67))/10*(10*OFFSET(载具产出!$D$45,MATCH(AL$6,$AK$6:$AN$6,0)-1,$AJ51)+OFFSET(载具产出!$D$49,MATCH(AL$6,$AK$6:$AN$6,0)-1,$AJ51)*OFFSET(载具产出!$N$49,MATCH(AL$6,$AK$6:$AN$6,0)-1,0))) -> 146.81619 | AM51: =IF($AJ51=1,($AI51)*(10*OFFSET(载具产出!$D$45,MATCH(AM$6,$AK$6:$AN$6,0)-1,$AJ51)+OFFSET(载具产出!$D$49,MATCH(AM$6,$AK$6:$AN$6,0)-1,$AJ51)*OFFSET(载具产出!$N$49,MATCH(AM$6,$AK$6:$AN$6,0)-1,0)),OFFSET(载具产出!H$59,$AJ51-1,0)*10+OFFSET(载具产出!L$59,$AJ51-1,0)+($AI51*10-_xlfn.XLOOKUP($AJ51-1,载具产出!$D$59:$D$67,载具产出!$E$59:$E$67))/10*(10*OFFSET(载具产出!$D$45,MATCH(AM$6,$AK$6:$AN$6,0)-1,$AJ51)+OFFSET(载具产出!$D$49,MATCH(AM$6,$AK$6:$AN$6,0)-1,$AJ51)*OFFSET(载具产出!$N$49,MATCH(AM$6,$AK$6:$AN$6,0)-1,0))) -> 64.498286 | AN51: =IF($AJ51=1,($AI51)*(10*OFFSET(载具产出!$D$45,MATCH(AN$6,$AK$6:$AN$6,0)-1,$AJ51)+OFFSET(载具产出!$D$49,MATCH(AN$6,$AK$6:$AN$6,0)-1,$AJ51)*OFFSET(载具产出!$N$49,MATCH(AN$6,$AK$6:$AN$6,0)-1,0)),OFFSET(载具产出!I$59,$AJ51-1,0)*10+OFFSET(载具产出!M$59,$AJ51-1,0)+($AI51*10-_xlfn.XLOOKUP($AJ51-1,载具产出!$D$59:$D$67,载具产出!$E$59:$E$67))/10*(10*OFFSET(载具产出!$D$45,MATCH(AN$6,$AK$6:$AN$6,0)-1,$AJ51)+OFFSET(载具产出!$D$49,MATCH(AN$6,$AK$6:$AN$6,0)-1,$AJ51)*OFFSET(载具产出!$N$49,MATCH(AN$6,$AK$6:$AN$6,0)-1,0))) -> 9.2739048 | AO51: =AE51+AK51 -> 622.94924 | AP51: =AF51+AL51 -> 271.00286 | AQ51: =AG51+AM51 -> 68.178286 | AR51: =AH51+AN51 -> 9.2739048 | AS51: =IFERROR(MATCH(AO51/载具产出!R$58,载具属性!$G$33:$G$92,1),0) -> 15 | AT51: =IFERROR(MATCH(AP51/载具产出!S$58,载具属性!$G$33:$G$92,1),0) -> 8 | AU51: =IFERROR(MATCH(AQ51/载具产出!T$58,载具属性!$G$33:$G$92,1),0) -> 1 | AV51: =IFERROR(MATCH(AR51/载具产出!U$58,载具属性!$G$33:$G$92,1),0) -> 0 | AW51: ="["&_xlfn.TEXTJOIN(",",1,AX51:BD51)&"]" -> [{62,108},{63,9570},{2,21900},{6030001,362},{6030002,350},{6030003,11}] | AX51: =IF(INT(K51)<=0,"","{"&K$5&","&INT(K51)&"}") -> {62,108} | AY51: =IF(INT(L51)<=0,"","{"&L$5&","&INT(L51)&"}") -> {63,9570} | AZ51: =IF(INT(M51)<=0,"","{"&M$5&","&INT(M51)&"}") -> {2,21900} | BA51: =IF(INT(N51)<=0,"","{"&N$5&","&INT(N51)&"}") -> {6030001,362} | BB51: =IF(INT(O51)<=0,"","{"&O$5&","&INT(O51)&"}") -> {6030002,350} | BC51: =IF(INT(P51)<=0,"","{"&P$5&","&INT(P51)&"}") -> {6030003,11} | BD51: =IF(INT(Q51)<=0,"","{"&Q$5&","&INT(Q51)&"}")
C52: =W52/G52 -> 97.45098 | D52: 46 | E52: 79 | F52: 91 | G52: 102 | H52: 127 | I52: 136 | J52: =MIN(INT(F52*(30-(D52-30))/30+(D52-30)/30*H52),H52) -> 110 | K52: =SUM(U$36:U52)-SUM(OFFSET(载具产出!H$399,0,0,$R52+1,1)) -> 115 | L52: =SUM(T$36:T52)-SUM(OFFSET(载具产出!G$399,0,0,$R52+1,1)) -> 10360 | M52: =SUM(V$36:V52)/2-SUM(OFFSET(载具产出!I$399,0,0,$R52+1,1)) -> 24400 | N52: =SUM(AA$36:AA52)-SUM(OFFSET(载具产出!J$399,0,0,$R52+1,1)) -> 388.4 | O52: =SUM(AB$36:AB52)-SUM(OFFSET(载具产出!K$399,0,0,$R52+1,1)) -> 375.6 | P52: =SUM(AC$36:AC52)-SUM(OFFSET(载具产出!L$399,0,0,$R52+1,1)) -> 12 | Q52: =SUM(AD$36:AD52)-SUM(OFFSET(载具产出!M$399,0,0,$R52+1,1)) -> 0 | R52: 4 | S52: =OFFSET(载具产出!$D$111,IFERROR(MATCH(OFFSET($D52,0,MATCH($D$5,$E$6:$H$6,0)),载具产出!$E$112:$E$151,1),0),0) -> 豪华Ⅰ | T52: =OFFSET(载具产出!$F$399,IFERROR(MATCH(OFFSET($D52,0,MATCH($D$5,$E$6:$H$6,0)),载具产出!$E$400:$E$439,1),0),MATCH(T$6,载具产出!$G$399:$O$399,0)) -> 790 | U52: 7 | V52: =OFFSET(载具产出!$F$399,IFERROR(MATCH(OFFSET($D52,0,MATCH($D$5,$E$6:$H$6,0)),载具产出!$E$400:$E$439,1),0),MATCH(V$6,载具产出!$G$399:$O$399,0)) -> 5000 | W52: =_xlfn.XLOOKUP(Z52,载具属性!$E$98:$E$497,载具属性!$G$98:$G$497)+6000+OFFSET(载具属性!L$33,AS52,0)*载具属性!M$30+OFFSET(载具属性!M$33,AT52,0)*载具属性!N$30+OFFSET(载具属性!N$33,AU52,0)*载具属性!O$30+OFFSET(载具属性!O$33,AV52,0)*载具属性!P$30 -> 9940 | X52: =_xlfn.XLOOKUP(Z52,载具属性!$E$98:$E$497,载具属性!$G$98:$G$497) -> 2110 | Y52: =OFFSET(载具属性!L$33,AS52,0)*载具属性!M$30+OFFSET(载具属性!M$33,AT52,0)*载具属性!N$30+OFFSET(载具属性!N$33,AU52,0)*载具属性!O$30+OFFSET(载具属性!O$33,AV52,0)*载具属性!P$30 -> 1830 | Z52: =MATCH(SUM($T$7:T52),载具属性!$I$98:$I$497,1) -> 41 | AA52: =OFFSET(载具产出!$F$399,IFERROR(MATCH(OFFSET($D52,0,MATCH($D$5,$E$6:$H$6,0)),载具产出!$E$112:$E$151,1),0),MATCH(AA$6,载具产出!$G$111:$O$111,0))*2 -> 26 | AB52: =OFFSET(载具产出!$F$399,IFERROR(MATCH(OFFSET($D52,0,MATCH($D$5,$E$6:$H$6,0)),载具产出!$E$112:$E$151,1),0),MATCH(AB$6,载具产出!$G$111:$O$111,0))*2 -> 25.04 | AC52: =OFFSET(载具产出!$F$399,IFERROR(MATCH(OFFSET($D52,0,MATCH($D$5,$E$6:$H$6,0)),载具产出!$E$112:$E$151,1),0),MATCH(AC$6,载具产出!$G$111:$O$111,0))*2 -> 0.96 | AD52: =OFFSET(载具产出!$F$399,IFERROR(MATCH(OFFSET($D52,0,MATCH($D$5,$E$6:$H$6,0)),载具产出!$E$112:$E$151,1),0),MATCH(AD$6,载具产出!$G$111:$O$111,0))*2 -> 0 | AE52: =SUM(AA$36:AA52)/3 -> 152.13333 | AF52: =SUM(AB$36:AB52)/3 -> 132.53333 | AG52: =SUM(AC$36:AC52)/3 -> 4 | AH52: =SUM(AD$36:AD52)/3 -> 0 | AI52: =_xlfn.XLOOKUP($D$5,载具产出!$D$71:$D$75,载具产出!$E$71:$E$75)*(D52-30+1) -> 199.95238 | AJ52: =IFERROR(MATCH(_xlfn.XLOOKUP($D$5,载具产出!$D$71:$D$75,载具产出!$E$71:$E$75)*(D52-30+1)*10,载具产出!$E$60:$E$67,1),0)+1 -> 4 | AK52: =IF($AJ52=1,($AI52)*(10*OFFSET(载具产出!$D$45,MATCH(AK$6,$AK$6:$AN$6,0)-1,$AJ52)+OFFSET(载具产出!$D$49,MATCH(AK$6,$AK$6:$AN$6,0)-1,$AJ52)*OFFSET(载具产出!$N$49,MATCH(AK$6,$AK$6:$AN$6,0)-1,0)),OFFSET(载具产出!F$59,$AJ52-1,0)*10+OFFSET(载具产出!J$59,$AJ52-1,0)+($AI52*10-_xlfn.XLOOKUP($AJ52-1,载具产出!$D$59:$D$67,载具产出!$E$59:$E$67))/10*(10*OFFSET(载具产出!$D$45,MATCH(AK$6,$AK$6:$AN$6,0)-1,$AJ52)+OFFSET(载具产出!$D$49,MATCH(AK$6,$AK$6:$AN$6,0)-1,$AJ52)*OFFSET(载具产出!$N$49,MATCH(AK$6,$AK$6:$AN$6,0)-1,0))) -> 506.44086 | AL52: =IF($AJ52=1,($AI52)*(10*OFFSET(载具产出!$D$45,MATCH(AL$6,$AK$6:$AN$6,0)-1,$AJ52)+OFFSET(载具产出!$D$49,MATCH(AL$6,$AK$6:$AN$6,0)-1,$AJ52)*OFFSET(载具产出!$N$49,MATCH(AL$6,$AK$6:$AN$6,0)-1,0)),OFFSET(载具产出!G$59,$AJ52-1,0)*10+OFFSET(载具产出!K$59,$AJ52-1,0)+($AI52*10-_xlfn.XLOOKUP($AJ52-1,载具产出!$D$59:$D$67,载具产出!$E$59:$E$67))/10*(10*OFFSET(载具产出!$D$45,MATCH(AL$6,$AK$6:$AN$6,0)-1,$AJ52)+OFFSET(载具产出!$D$49,MATCH(AL$6,$AK$6:$AN$6,0)-1,$AJ52)*OFFSET(载具产出!$N$49,MATCH(AL$6,$AK$6:$AN$6,0)-1,0))) -> 156.46095 | AM52: =IF($AJ52=1,($AI52)*(10*OFFSET(载具产出!$D$45,MATCH(AM$6,$AK$6:$AN$6,0)-1,$AJ52)+OFFSET(载具产出!$D$49,MATCH(AM$6,$AK$6:$AN$6,0)-1,$AJ52)*OFFSET(载具产出!$N$49,MATCH(AM$6,$AK$6:$AN$6,0)-1,0)),OFFSET(载具产出!H$59,$AJ52-1,0)*10+OFFSET(载具产出!L$59,$AJ52-1,0)+($AI52*10-_xlfn.XLOOKUP($AJ52-1,载具产出!$D$59:$D$67,载具产出!$E$59:$E$67))/10*(10*OFFSET(载具产出!$D$45,MATCH(AM$6,$AK$6:$AN$6,0)-1,$AJ52)+OFFSET(载具产出!$D$49,MATCH(AM$6,$AK$6:$AN$6,0)-1,$AJ52)*OFFSET(载具产出!$N$49,MATCH(AM$6,$AK$6:$AN$6,0)-1,0))) -> 69.579429 | AN52: =IF($AJ52=1,($AI52)*(10*OFFSET(载具产出!$D$45,MATCH(AN$6,$AK$6:$AN$6,0)-1,$AJ52)+OFFSET(载具产出!$D$49,MATCH(AN$6,$AK$6:$AN$6,0)-1,$AJ52)*OFFSET(载具产出!$N$49,MATCH(AN$6,$AK$6:$AN$6,0)-1,0)),OFFSET(载具产出!I$59,$AJ52-1,0)*10+OFFSET(载具产出!M$59,$AJ52-1,0)+($AI52*10-_xlfn.XLOOKUP($AJ52-1,载具产出!$D$59:$D$67,载具产出!$E$59:$E$67))/10*(10*OFFSET(载具产出!$D$45,MATCH(AN$6,$AK$6:$AN$6,0)-1,$AJ52)+OFFSET(载具产出!$D$49,MATCH(AN$6,$AK$6:$AN$6,0)-1,$AJ52)*OFFSET(载具产出!$N$49,MATCH(AN$6,$AK$6:$AN$6,0)-1,0))) -> 10.873524 | AO52: =AE52+AK52 -> 658.57419 | AP52: =AF52+AL52 -> 288.99429 | AQ52: =AG52+AM52 -> 73.579429 | AR52: =AH52+AN52 -> 10.873524 | AS52: =IFERROR(MATCH(AO52/载具产出!R$58,载具属性!$G$33:$G$92,1),0) -> 15 | AT52: =IFERROR(MATCH(AP52/载具产出!S$58,载具属性!$G$33:$G$92,1),0) -> 9 | AU52: =IFERROR(MATCH(AQ52/载具产出!T$58,载具属性!$G$33:$G$92,1),0) -> 1 | AV52: =IFERROR(MATCH(AR52/载具产出!U$58,载具属性!$G$33:$G$92,1),0) -> 0 | AW52: ="["&_xlfn.TEXTJOIN(",",1,AX52:BD52)&"]" -> [{62,115},{63,10360},{2,24400},{6030001,388},{6030002,375},{6030003,12}] | AX52: =IF(INT(K52)<=0,"","{"&K$5&","&INT(K52)&"}") -> {62,115} | AY52: =IF(INT(L52)<=0,"","{"&L$5&","&INT(L52)&"}") -> {63,10360} | AZ52: =IF(INT(M52)<=0,"","{"&M$5&","&INT(M52)&"}") -> {2,24400} | BA52: =IF(INT(N52)<=0,"","{"&N$5&","&INT(N52)&"}") -> {6030001,388} | BB52: =IF(INT(O52)<=0,"","{"&O$5&","&INT(O52)&"}") -> {6030002,375} | BC52: =IF(INT(P52)<=0,"","{"&P$5&","&INT(P52)&"}") -> {6030003,12} | BD52: =IF(INT(Q52)<=0,"","{"&Q$5&","&INT(Q52)&"}")
C53: =W53/G53 -> 97.087379 | D53: 47 | E53: 80 | F53: 91 | G53: 103 | H53: 128 | I53: 136 | J53: =MIN(INT(F53*(30-(D53-30))/30+(D53-30)/30*H53),H53) -> 111 | K53: =SUM(U$36:U53)-SUM(OFFSET(载具产出!H$399,0,0,$R53+1,1)) -> 122 | L53: =SUM(T$36:T53)-SUM(OFFSET(载具产出!G$399,0,0,$R53+1,1)) -> 11150 | M53: =SUM(V$36:V53)/2-SUM(OFFSET(载具产出!I$399,0,0,$R53+1,1)) -> 26900 | N53: =SUM(AA$36:AA53)-SUM(OFFSET(载具产出!J$399,0,0,$R53+1,1)) -> 414.4 | O53: =SUM(AB$36:AB53)-SUM(OFFSET(载具产出!K$399,0,0,$R53+1,1)) -> 400.64 | P53: =SUM(AC$36:AC53)-SUM(OFFSET(载具产出!L$399,0,0,$R53+1,1)) -> 12.96 | Q53: =SUM(AD$36:AD53)-SUM(OFFSET(载具产出!M$399,0,0,$R53+1,1)) -> 0 | R53: 4 | S53: =OFFSET(载具产出!$D$111,IFERROR(MATCH(OFFSET($D53,0,MATCH($D$5,$E$6:$H$6,0)),载具产出!$E$112:$E$151,1),0),0) -> 豪华Ⅰ | T53: =OFFSET(载具产出!$F$399,IFERROR(MATCH(OFFSET($D53,0,MATCH($D$5,$E$6:$H$6,0)),载具产出!$E$400:$E$439,1),0),MATCH(T$6,载具产出!$G$399:$O$399,0)) -> 790 | U53: 7 | V53: =OFFSET(载具产出!$F$399,IFERROR(MATCH(OFFSET($D53,0,MATCH($D$5,$E$6:$H$6,0)),载具产出!$E$400:$E$439,1),0),MATCH(V$6,载具产出!$G$399:$O$399,0)) -> 5000 | W53: =_xlfn.XLOOKUP(Z53,载具属性!$E$98:$E$497,载具属性!$G$98:$G$497)+6000+OFFSET(载具属性!L$33,AS53,0)*载具属性!M$30+OFFSET(载具属性!M$33,AT53,0)*载具属性!N$30+OFFSET(载具属性!N$33,AU53,0)*载具属性!O$30+OFFSET(载具属性!O$33,AV53,0)*载具属性!P$30 -> 10000 | X53: =_xlfn.XLOOKUP(Z53,载具属性!$E$98:$E$497,载具属性!$G$98:$G$497) -> 2170 | Y53: =OFFSET(载具属性!L$33,AS53,0)*载具属性!M$30+OFFSET(载具属性!M$33,AT53,0)*载具属性!N$30+OFFSET(载具属性!N$33,AU53,0)*载具属性!O$30+OFFSET(载具属性!O$33,AV53,0)*载具属性!P$30 -> 1830 | Z53: =MATCH(SUM($T$7:T53),载具属性!$I$98:$I$497,1) -> 42 | AA53: =OFFSET(载具产出!$F$399,IFERROR(MATCH(OFFSET($D53,0,MATCH($D$5,$E$6:$H$6,0)),载具产出!$E$112:$E$151,1),0),MATCH(AA$6,载具产出!$G$111:$O$111,0))*2 -> 26 | AB53: =OFFSET(载具产出!$F$399,IFERROR(MATCH(OFFSET($D53,0,MATCH($D$5,$E$6:$H$6,0)),载具产出!$E$112:$E$151,1),0),MATCH(AB$6,载具产出!$G$111:$O$111,0))*2 -> 25.04 | AC53: =OFFSET(载具产出!$F$399,IFERROR(MATCH(OFFSET($D53,0,MATCH($D$5,$E$6:$H$6,0)),载具产出!$E$112:$E$151,1),0),MATCH(AC$6,载具产出!$G$111:$O$111,0))*2 -> 0.96 | AD53: =OFFSET(载具产出!$F$399,IFERROR(MATCH(OFFSET($D53,0,MATCH($D$5,$E$6:$H$6,0)),载具产出!$E$112:$E$151,1),0),MATCH(AD$6,载具产出!$G$111:$O$111,0))*2 -> 0 | AE53: =SUM(AA$36:AA53)/3 -> 160.8 | AF53: =SUM(AB$36:AB53)/3 -> 140.88 | AG53: =SUM(AC$36:AC53)/3 -> 4.32 | AH53: =SUM(AD$36:AD53)/3 -> 0 | AI53: =_xlfn.XLOOKUP($D$5,载具产出!$D$71:$D$75,载具产出!$E$71:$E$75)*(D53-30+1) -> 211.71429 | AJ53: =IFERROR(MATCH(_xlfn.XLOOKUP($D$5,载具产出!$D$71:$D$75,载具产出!$E$71:$E$75)*(D53-30+1)*10,载具产出!$E$60:$E$67,1),0)+1 -> 4 | AK53: =IF($AJ53=1,($AI53)*(10*OFFSET(载具产出!$D$45,MATCH(AK$6,$AK$6:$AN$6,0)-1,$AJ53)+OFFSET(载具产出!$D$49,MATCH(AK$6,$AK$6:$AN$6,0)-1,$AJ53)*OFFSET(载具产出!$N$49,MATCH(AK$6,$AK$6:$AN$6,0)-1,0)),OFFSET(载具产出!F$59,$AJ53-1,0)*10+OFFSET(载具产出!J$59,$AJ53-1,0)+($AI53*10-_xlfn.XLOOKUP($AJ53-1,载具产出!$D$59:$D$67,载具产出!$E$59:$E$67))/10*(10*OFFSET(载具产出!$D$45,MATCH(AK$6,$AK$6:$AN$6,0)-1,$AJ53)+OFFSET(载具产出!$D$49,MATCH(AK$6,$AK$6:$AN$6,0)-1,$AJ53)*OFFSET(载具产出!$N$49,MATCH(AK$6,$AK$6:$AN$6,0)-1,0))) -> 533.39914 | AL53: =IF($AJ53=1,($AI53)*(10*OFFSET(载具产出!$D$45,MATCH(AL$6,$AK$6:$AN$6,0)-1,$AJ53)+OFFSET(载具产出!$D$49,MATCH(AL$6,$AK$6:$AN$6,0)-1,$AJ53)*OFFSET(载具产出!$N$49,MATCH(AL$6,$AK$6:$AN$6,0)-1,0)),OFFSET(载具产出!G$59,$AJ53-1,0)*10+OFFSET(载具产出!K$59,$AJ53-1,0)+($AI53*10-_xlfn.XLOOKUP($AJ53-1,载具产出!$D$59:$D$67,载具产出!$E$59:$E$67))/10*(10*OFFSET(载具产出!$D$45,MATCH(AL$6,$AK$6:$AN$6,0)-1,$AJ53)+OFFSET(载具产出!$D$49,MATCH(AL$6,$AK$6:$AN$6,0)-1,$AJ53)*OFFSET(载具产出!$N$49,MATCH(AL$6,$AK$6:$AN$6,0)-1,0))) -> 166.10571 | AM53: =IF($AJ53=1,($AI53)*(10*OFFSET(载具产出!$D$45,MATCH(AM$6,$AK$6:$AN$6,0)-1,$AJ53)+OFFSET(载具产出!$D$49,MATCH(AM$6,$AK$6:$AN$6,0)-1,$AJ53)*OFFSET(载具产出!$N$49,MATCH(AM$6,$AK$6:$AN$6,0)-1,0)),OFFSET(载具产出!H$59,$AJ53-1,0)*10+OFFSET(载具产出!L$59,$AJ53-1,0)+($AI53*10-_xlfn.XLOOKUP($AJ53-1,载具产出!$D$59:$D$67,载具产出!$E$59:$E$67))/10*(10*OFFSET(载具产出!$D$45,MATCH(AM$6,$AK$6:$AN$6,0)-1,$AJ53)+OFFSET(载具产出!$D$49,MATCH(AM$6,$AK$6:$AN$6,0)-1,$AJ53)*OFFSET(载具产出!$N$49,MATCH(AM$6,$AK$6:$AN$6,0)-1,0))) -> 74.660571 | AN53: =IF($AJ53=1,($AI53)*(10*OFFSET(载具产出!$D$45,MATCH(AN$6,$AK$6:$AN$6,0)-1,$AJ53)+OFFSET(载具产出!$D$49,MATCH(AN$6,$AK$6:$AN$6,0)-1,$AJ53)*OFFSET(载具产出!$N$49,MATCH(AN$6,$AK$6:$AN$6,0)-1,0)),OFFSET(载具产出!I$59,$AJ53-1,0)*10+OFFSET(载具产出!M$59,$AJ53-1,0)+($AI53*10-_xlfn.XLOOKUP($AJ53-1,载具产出!$D$59:$D$67,载具产出!$E$59:$E$67))/10*(10*OFFSET(载具产出!$D$45,MATCH(AN$6,$AK$6:$AN$6,0)-1,$AJ53)+OFFSET(载具产出!$D$49,MATCH(AN$6,$AK$6:$AN$6,0)-1,$AJ53)*OFFSET(载具产出!$N$49,MATCH(AN$6,$AK$6:$AN$6,0)-1,0))) -> 12.473143 | AO53: =AE53+AK53 -> 694.19914 | AP53: =AF53+AL53 -> 306.98571 | AQ53: =AG53+AM53 -> 78.980571 | AR53: =AH53+AN53 -> 12.473143 | AS53: =IFERROR(MATCH(AO53/载具产出!R$58,载具属性!$G$33:$G$92,1),0) -> 15 | AT53: =IFERROR(MATCH(AP53/载具产出!S$58,载具属性!$G$33:$G$92,1),0) -> 9 | AU53: =IFERROR(MATCH(AQ53/载具产出!T$58,载具属性!$G$33:$G$92,1),0) -> 1 | AV53: =IFERROR(MATCH(AR53/载具产出!U$58,载具属性!$G$33:$G$92,1),0) -> 0 | AW53: ="["&_xlfn.TEXTJOIN(",",1,AX53:BD53)&"]" -> [{62,122},{63,11150},{2,26900},{6030001,414},{6030002,400},{6030003,12}] | AX53: =IF(INT(K53)<=0,"","{"&K$5&","&INT(K53)&"}") -> {62,122} | AY53: =IF(INT(L53)<=0,"","{"&L$5&","&INT(L53)&"}") -> {63,11150} | AZ53: =IF(INT(M53)<=0,"","{"&M$5&","&INT(M53)&"}") -> {2,26900} | BA53: =IF(INT(N53)<=0,"","{"&N$5&","&INT(N53)&"}") -> {6030001,414} | BB53: =IF(INT(O53)<=0,"","{"&O$5&","&INT(O53)&"}") -> {6030002,400} | BC53: =IF(INT(P53)<=0,"","{"&P$5&","&INT(P53)&"}") -> {6030003,12} | BD53: =IF(INT(Q53)<=0,"","{"&Q$5&","&INT(Q53)&"}")
C54: =W54/G54 -> 97.596154 | D54: 48 | E54: 80 | F54: 92 | G54: 104 | H54: 130 | I54: 140 | J54: =MIN(INT(F54*(30-(D54-30))/30+(D54-30)/30*H54),H54) -> 114 | K54: =SUM(U$36:U54)-SUM(OFFSET(载具产出!H$399,0,0,$R54+1,1)) -> 129 | L54: =SUM(T$36:T54)-SUM(OFFSET(载具产出!G$399,0,0,$R54+1,1)) -> 11940 | M54: =SUM(V$36:V54)/2-SUM(OFFSET(载具产出!I$399,0,0,$R54+1,1)) -> 29400 | N54: =SUM(AA$36:AA54)-SUM(OFFSET(载具产出!J$399,0,0,$R54+1,1)) -> 440.4 | O54: =SUM(AB$36:AB54)-SUM(OFFSET(载具产出!K$399,0,0,$R54+1,1)) -> 425.68 | P54: =SUM(AC$36:AC54)-SUM(OFFSET(载具产出!L$399,0,0,$R54+1,1)) -> 13.92 | Q54: =SUM(AD$36:AD54)-SUM(OFFSET(载具产出!M$399,0,0,$R54+1,1)) -> 0 | R54: 4 | S54: =OFFSET(载具产出!$D$111,IFERROR(MATCH(OFFSET($D54,0,MATCH($D$5,$E$6:$H$6,0)),载具产出!$E$112:$E$151,1),0),0) -> 豪华Ⅰ | T54: =OFFSET(载具产出!$F$399,IFERROR(MATCH(OFFSET($D54,0,MATCH($D$5,$E$6:$H$6,0)),载具产出!$E$400:$E$439,1),0),MATCH(T$6,载具产出!$G$399:$O$399,0)) -> 790 | U54: 7 | V54: =OFFSET(载具产出!$F$399,IFERROR(MATCH(OFFSET($D54,0,MATCH($D$5,$E$6:$H$6,0)),载具产出!$E$400:$E$439,1),0),MATCH(V$6,载具产出!$G$399:$O$399,0)) -> 5000 | W54: =_xlfn.XLOOKUP(Z54,载具属性!$E$98:$E$497,载具属性!$G$98:$G$497)+6000+OFFSET(载具属性!L$33,AS54,0)*载具属性!M$30+OFFSET(载具属性!M$33,AT54,0)*载具属性!N$30+OFFSET(载具属性!N$33,AU54,0)*载具属性!O$30+OFFSET(载具属性!O$33,AV54,0)*载具属性!P$30 -> 10150 | X54: =_xlfn.XLOOKUP(Z54,载具属性!$E$98:$E$497,载具属性!$G$98:$G$497) -> 2230 | Y54: =OFFSET(载具属性!L$33,AS54,0)*载具属性!M$30+OFFSET(载具属性!M$33,AT54,0)*载具属性!N$30+OFFSET(载具属性!N$33,AU54,0)*载具属性!O$30+OFFSET(载具属性!O$33,AV54,0)*载具属性!P$30 -> 1920 | Z54: =MATCH(SUM($T$7:T54),载具属性!$I$98:$I$497,1) -> 43 | AA54: =OFFSET(载具产出!$F$399,IFERROR(MATCH(OFFSET($D54,0,MATCH($D$5,$E$6:$H$6,0)),载具产出!$E$112:$E$151,1),0),MATCH(AA$6,载具产出!$G$111:$O$111,0))*2 -> 26 | AB54: =OFFSET(载具产出!$F$399,IFERROR(MATCH(OFFSET($D54,0,MATCH($D$5,$E$6:$H$6,0)),载具产出!$E$112:$E$151,1),0),MATCH(AB$6,载具产出!$G$111:$O$111,0))*2 -> 25.04 | AC54: =OFFSET(载具产出!$F$399,IFERROR(MATCH(OFFSET($D54,0,MATCH($D$5,$E$6:$H$6,0)),载具产出!$E$112:$E$151,1),0),MATCH(AC$6,载具产出!$G$111:$O$111,0))*2 -> 0.96 | AD54: =OFFSET(载具产出!$F$399,IFERROR(MATCH(OFFSET($D54,0,MATCH($D$5,$E$6:$H$6,0)),载具产出!$E$112:$E$151,1),0),MATCH(AD$6,载具产出!$G$111:$O$111,0))*2 -> 0 | AE54: =SUM(AA$36:AA54)/3 -> 169.46667 | AF54: =SUM(AB$36:AB54)/3 -> 149.22667 | AG54: =SUM(AC$36:AC54)/3 -> 4.64 | AH54: =SUM(AD$36:AD54)/3 -> 0 | AI54: =_xlfn.XLOOKUP($D$5,载具产出!$D$71:$D$75,载具产出!$E$71:$E$75)*(D54-30+1) -> 223.47619 | AJ54: =IFERROR(MATCH(_xlfn.XLOOKUP($D$5,载具产出!$D$71:$D$75,载具产出!$E$71:$E$75)*(D54-30+1)*10,载具产出!$E$60:$E$67,1),0)+1 -> 4 | AK54: =IF($AJ54=1,($AI54)*(10*OFFSET(载具产出!$D$45,MATCH(AK$6,$AK$6:$AN$6,0)-1,$AJ54)+OFFSET(载具产出!$D$49,MATCH(AK$6,$AK$6:$AN$6,0)-1,$AJ54)*OFFSET(载具产出!$N$49,MATCH(AK$6,$AK$6:$AN$6,0)-1,0)),OFFSET(载具产出!F$59,$AJ54-1,0)*10+OFFSET(载具产出!J$59,$AJ54-1,0)+($AI54*10-_xlfn.XLOOKUP($AJ54-1,载具产出!$D$59:$D$67,载具产出!$E$59:$E$67))/10*(10*OFFSET(载具产出!$D$45,MATCH(AK$6,$AK$6:$AN$6,0)-1,$AJ54)+OFFSET(载具产出!$D$49,MATCH(AK$6,$AK$6:$AN$6,0)-1,$AJ54)*OFFSET(载具产出!$N$49,MATCH(AK$6,$AK$6:$AN$6,0)-1,0))) -> 560.35743 | AL54: =IF($AJ54=1,($AI54)*(10*OFFSET(载具产出!$D$45,MATCH(AL$6,$AK$6:$AN$6,0)-1,$AJ54)+OFFSET(载具产出!$D$49,MATCH(AL$6,$AK$6:$AN$6,0)-1,$AJ54)*OFFSET(载具产出!$N$49,MATCH(AL$6,$AK$6:$AN$6,0)-1,0)),OFFSET(载具产出!G$59,$AJ54-1,0)*10+OFFSET(载具产出!K$59,$AJ54-1,0)+($AI54*10-_xlfn.XLOOKUP($AJ54-1,载具产出!$D$59:$D$67,载具产出!$E$59:$E$67))/10*(10*OFFSET(载具产出!$D$45,MATCH(AL$6,$AK$6:$AN$6,0)-1,$AJ54)+OFFSET(载具产出!$D$49,MATCH(AL$6,$AK$6:$AN$6,0)-1,$AJ54)*OFFSET(载具产出!$N$49,MATCH(AL$6,$AK$6:$AN$6,0)-1,0))) -> 175.75048 | AM54: =IF($AJ54=1,($AI54)*(10*OFFSET(载具产出!$D$45,MATCH(AM$6,$AK$6:$AN$6,0)-1,$AJ54)+OFFSET(载具产出!$D$49,MATCH(AM$6,$AK$6:$AN$6,0)-1,$AJ54)*OFFSET(载具产出!$N$49,MATCH(AM$6,$AK$6:$AN$6,0)-1,0)),OFFSET(载具产出!H$59,$AJ54-1,0)*10+OFFSET(载具产出!L$59,$AJ54-1,0)+($AI54*10-_xlfn.XLOOKUP($AJ54-1,载具产出!$D$59:$D$67,载具产出!$E$59:$E$67))/10*(10*OFFSET(载具产出!$D$45,MATCH(AM$6,$AK$6:$AN$6,0)-1,$AJ54)+OFFSET(载具产出!$D$49,MATCH(AM$6,$AK$6:$AN$6,0)-1,$AJ54)*OFFSET(载具产出!$N$49,MATCH(AM$6,$AK$6:$AN$6,0)-1,0))) -> 79.741714 | AN54: =IF($AJ54=1,($AI54)*(10*OFFSET(载具产出!$D$45,MATCH(AN$6,$AK$6:$AN$6,0)-1,$AJ54)+OFFSET(载具产出!$D$49,MATCH(AN$6,$AK$6:$AN$6,0)-1,$AJ54)*OFFSET(载具产出!$N$49,MATCH(AN$6,$AK$6:$AN$6,0)-1,0)),OFFSET(载具产出!I$59,$AJ54-1,0)*10+OFFSET(载具产出!M$59,$AJ54-1,0)+($AI54*10-_xlfn.XLOOKUP($AJ54-1,载具产出!$D$59:$D$67,载具产出!$E$59:$E$67))/10*(10*OFFSET(载具产出!$D$45,MATCH(AN$6,$AK$6:$AN$6,0)-1,$AJ54)+OFFSET(载具产出!$D$49,MATCH(AN$6,$AK$6:$AN$6,0)-1,$AJ54)*OFFSET(载具产出!$N$49,MATCH(AN$6,$AK$6:$AN$6,0)-1,0))) -> 14.072762 | AO54: =AE54+AK54 -> 729.8241 | AP54: =AF54+AL54 -> 324.97714 | AQ54: =AG54+AM54 -> 84.381714 | AR54: =AH54+AN54 -> 14.072762 | AS54: =IFERROR(MATCH(AO54/载具产出!R$58,载具属性!$G$33:$G$92,1),0) -> 15 | AT54: =IFERROR(MATCH(AP54/载具产出!S$58,载具属性!$G$33:$G$92,1),0) -> 10 | AU54: =IFERROR(MATCH(AQ54/载具产出!T$58,载具属性!$G$33:$G$92,1),0) -> 1 | AV54: =IFERROR(MATCH(AR54/载具产出!U$58,载具属性!$G$33:$G$92,1),0) -> 0 | AW54: ="["&_xlfn.TEXTJOIN(",",1,AX54:BD54)&"]" -> [{62,129},{63,11940},{2,29400},{6030001,440},{6030002,425},{6030003,13}] | AX54: =IF(INT(K54)<=0,"","{"&K$5&","&INT(K54)&"}") -> {62,129} | AY54: =IF(INT(L54)<=0,"","{"&L$5&","&INT(L54)&"}") -> {63,11940} | AZ54: =IF(INT(M54)<=0,"","{"&M$5&","&INT(M54)&"}") -> {2,29400} | BA54: =IF(INT(N54)<=0,"","{"&N$5&","&INT(N54)&"}") -> {6030001,440} | BB54: =IF(INT(O54)<=0,"","{"&O$5&","&INT(O54)&"}") -> {6030002,425} | BC54: =IF(INT(P54)<=0,"","{"&P$5&","&INT(P54)&"}") -> {6030003,13} | BD54: =IF(INT(Q54)<=0,"","{"&Q$5&","&INT(Q54)&"}")
C55: =W55/G55 -> 98.380952 | D55: 49 | E55: 81 | F55: 93 | G55: 105 | H55: 131 | I55: 140 | J55: =MIN(INT(F55*(30-(D55-30))/30+(D55-30)/30*H55),H55) -> 117 | K55: =SUM(U$36:U55)-SUM(OFFSET(载具产出!H$399,0,0,$R55+1,1)) -> 136 | L55: =SUM(T$36:T55)-SUM(OFFSET(载具产出!G$399,0,0,$R55+1,1)) -> 12755 | M55: =SUM(V$36:V55)/2-SUM(OFFSET(载具产出!I$399,0,0,$R55+1,1)) -> 32000 | N55: =SUM(AA$36:AA55)-SUM(OFFSET(载具产出!J$399,0,0,$R55+1,1)) -> 468.4 | O55: =SUM(AB$36:AB55)-SUM(OFFSET(载具产出!K$399,0,0,$R55+1,1)) -> 450.24 | P55: =SUM(AC$36:AC55)-SUM(OFFSET(载具产出!L$399,0,0,$R55+1,1)) -> 15.36 | Q55: =SUM(AD$36:AD55)-SUM(OFFSET(载具产出!M$399,0,0,$R55+1,1)) -> 0 | R55: 4 | S55: =OFFSET(载具产出!$D$111,IFERROR(MATCH(OFFSET($D55,0,MATCH($D$5,$E$6:$H$6,0)),载具产出!$E$112:$E$151,1),0),0) -> 豪华Ⅱ | T55: =OFFSET(载具产出!$F$399,IFERROR(MATCH(OFFSET($D55,0,MATCH($D$5,$E$6:$H$6,0)),载具产出!$E$400:$E$439,1),0),MATCH(T$6,载具产出!$G$399:$O$399,0)) -> 815 | U55: 7 | V55: =OFFSET(载具产出!$F$399,IFERROR(MATCH(OFFSET($D55,0,MATCH($D$5,$E$6:$H$6,0)),载具产出!$E$400:$E$439,1),0),MATCH(V$6,载具产出!$G$399:$O$399,0)) -> 5200 | W55: =_xlfn.XLOOKUP(Z55,载具属性!$E$98:$E$497,载具属性!$G$98:$G$497)+6000+OFFSET(载具属性!L$33,AS55,0)*载具属性!M$30+OFFSET(载具属性!M$33,AT55,0)*载具属性!N$30+OFFSET(载具属性!N$33,AU55,0)*载具属性!O$30+OFFSET(载具属性!O$33,AV55,0)*载具属性!P$30 -> 10330 | X55: =_xlfn.XLOOKUP(Z55,载具属性!$E$98:$E$497,载具属性!$G$98:$G$497) -> 2350 | Y55: =OFFSET(载具属性!L$33,AS55,0)*载具属性!M$30+OFFSET(载具属性!M$33,AT55,0)*载具属性!N$30+OFFSET(载具属性!N$33,AU55,0)*载具属性!O$30+OFFSET(载具属性!O$33,AV55,0)*载具属性!P$30 -> 1980 | Z55: =MATCH(SUM($T$7:T55),载具属性!$I$98:$I$497,1) -> 45 | AA55: =OFFSET(载具产出!$F$399,IFERROR(MATCH(OFFSET($D55,0,MATCH($D$5,$E$6:$H$6,0)),载具产出!$E$112:$E$151,1),0),MATCH(AA$6,载具产出!$G$111:$O$111,0))*2 -> 28 | AB55: =OFFSET(载具产出!$F$399,IFERROR(MATCH(OFFSET($D55,0,MATCH($D$5,$E$6:$H$6,0)),载具产出!$E$112:$E$151,1),0),MATCH(AB$6,载具产出!$G$111:$O$111,0))*2 -> 24.56 | AC55: =OFFSET(载具产出!$F$399,IFERROR(MATCH(OFFSET($D55,0,MATCH($D$5,$E$6:$H$6,0)),载具产出!$E$112:$E$151,1),0),MATCH(AC$6,载具产出!$G$111:$O$111,0))*2 -> 1.44 | AD55: =OFFSET(载具产出!$F$399,IFERROR(MATCH(OFFSET($D55,0,MATCH($D$5,$E$6:$H$6,0)),载具产出!$E$112:$E$151,1),0),MATCH(AD$6,载具产出!$G$111:$O$111,0))*2 -> 0 | AE55: =SUM(AA$36:AA55)/3 -> 178.8 | AF55: =SUM(AB$36:AB55)/3 -> 157.41333 | AG55: =SUM(AC$36:AC55)/3 -> 5.12 | AH55: =SUM(AD$36:AD55)/3 -> 0 | AI55: =_xlfn.XLOOKUP($D$5,载具产出!$D$71:$D$75,载具产出!$E$71:$E$75)*(D55-30+1) -> 235.2381 | AJ55: =IFERROR(MATCH(_xlfn.XLOOKUP($D$5,载具产出!$D$71:$D$75,载具产出!$E$71:$E$75)*(D55-30+1)*10,载具产出!$E$60:$E$67,1),0)+1 -> 4 | AK55: =IF($AJ55=1,($AI55)*(10*OFFSET(载具产出!$D$45,MATCH(AK$6,$AK$6:$AN$6,0)-1,$AJ55)+OFFSET(载具产出!$D$49,MATCH(AK$6,$AK$6:$AN$6,0)-1,$AJ55)*OFFSET(载具产出!$N$49,MATCH(AK$6,$AK$6:$AN$6,0)-1,0)),OFFSET(载具产出!F$59,$AJ55-1,0)*10+OFFSET(载具产出!J$59,$AJ55-1,0)+($AI55*10-_xlfn.XLOOKUP($AJ55-1,载具产出!$D$59:$D$67,载具产出!$E$59:$E$67))/10*(10*OFFSET(载具产出!$D$45,MATCH(AK$6,$AK$6:$AN$6,0)-1,$AJ55)+OFFSET(载具产出!$D$49,MATCH(AK$6,$AK$6:$AN$6,0)-1,$AJ55)*OFFSET(载具产出!$N$49,MATCH(AK$6,$AK$6:$AN$6,0)-1,0))) -> 587.31571 | AL55: =IF($AJ55=1,($AI55)*(10*OFFSET(载具产出!$D$45,MATCH(AL$6,$AK$6:$AN$6,0)-1,$AJ55)+OFFSET(载具产出!$D$49,MATCH(AL$6,$AK$6:$AN$6,0)-1,$AJ55)*OFFSET(载具产出!$N$49,MATCH(AL$6,$AK$6:$AN$6,0)-1,0)),OFFSET(载具产出!G$59,$AJ55-1,0)*10+OFFSET(载具产出!K$59,$AJ55-1,0)+($AI55*10-_xlfn.XLOOKUP($AJ55-1,载具产出!$D$59:$D$67,载具产出!$E$59:$E$67))/10*(10*OFFSET(载具产出!$D$45,MATCH(AL$6,$AK$6:$AN$6,0)-1,$AJ55)+OFFSET(载具产出!$D$49,MATCH(AL$6,$AK$6:$AN$6,0)-1,$AJ55)*OFFSET(载具产出!$N$49,MATCH(AL$6,$AK$6:$AN$6,0)-1,0))) -> 185.39524 | AM55: =IF($AJ55=1,($AI55)*(10*OFFSET(载具产出!$D$45,MATCH(AM$6,$AK$6:$AN$6,0)-1,$AJ55)+OFFSET(载具产出!$D$49,MATCH(AM$6,$AK$6:$AN$6,0)-1,$AJ55)*OFFSET(载具产出!$N$49,MATCH(AM$6,$AK$6:$AN$6,0)-1,0)),OFFSET(载具产出!H$59,$AJ55-1,0)*10+OFFSET(载具产出!L$59,$AJ55-1,0)+($AI55*10-_xlfn.XLOOKUP($AJ55-1,载具产出!$D$59:$D$67,载具产出!$E$59:$E$67))/10*(10*OFFSET(载具产出!$D$45,MATCH(AM$6,$AK$6:$AN$6,0)-1,$AJ55)+OFFSET(载具产出!$D$49,MATCH(AM$6,$AK$6:$AN$6,0)-1,$AJ55)*OFFSET(载具产出!$N$49,MATCH(AM$6,$AK$6:$AN$6,0)-1,0))) -> 84.822857 | AN55: =IF($AJ55=1,($AI55)*(10*OFFSET(载具产出!$D$45,MATCH(AN$6,$AK$6:$AN$6,0)-1,$AJ55)+OFFSET(载具产出!$D$49,MATCH(AN$6,$AK$6:$AN$6,0)-1,$AJ55)*OFFSET(载具产出!$N$49,MATCH(AN$6,$AK$6:$AN$6,0)-1,0)),OFFSET(载具产出!I$59,$AJ55-1,0)*10+OFFSET(载具产出!M$59,$AJ55-1,0)+($AI55*10-_xlfn.XLOOKUP($AJ55-1,载具产出!$D$59:$D$67,载具产出!$E$59:$E$67))/10*(10*OFFSET(载具产出!$D$45,MATCH(AN$6,$AK$6:$AN$6,0)-1,$AJ55)+OFFSET(载具产出!$D$49,MATCH(AN$6,$AK$6:$AN$6,0)-1,$AJ55)*OFFSET(载具产出!$N$49,MATCH(AN$6,$AK$6:$AN$6,0)-1,0))) -> 15.672381 | AO55: =AE55+AK55 -> 766.11571 | AP55: =AF55+AL55 -> 342.80857 | AQ55: =AG55+AM55 -> 89.942857 | AR55: =AH55+AN55 -> 15.672381 | AS55: =IFERROR(MATCH(AO55/载具产出!R$58,载具属性!$G$33:$G$92,1),0) -> 16 | AT55: =IFERROR(MATCH(AP55/载具产出!S$58,载具属性!$G$33:$G$92,1),0) -> 10 | AU55: =IFERROR(MATCH(AQ55/载具产出!T$58,载具属性!$G$33:$G$92,1),0) -> 1 | AV55: =IFERROR(MATCH(AR55/载具产出!U$58,载具属性!$G$33:$G$92,1),0) -> 0 | AW55: ="["&_xlfn.TEXTJOIN(",",1,AX55:BD55)&"]" -> [{62,136},{63,12755},{2,32000},{6030001,468},{6030002,450},{6030003,15}] | AX55: =IF(INT(K55)<=0,"","{"&K$5&","&INT(K55)&"}") -> {62,136} | AY55: =IF(INT(L55)<=0,"","{"&L$5&","&INT(L55)&"}") -> {63,12755} | AZ55: =IF(INT(M55)<=0,"","{"&M$5&","&INT(M55)&"}") -> {2,32000} | BA55: =IF(INT(N55)<=0,"","{"&N$5&","&INT(N55)&"}") -> {6030001,468} | BB55: =IF(INT(O55)<=0,"","{"&O$5&","&INT(O55)&"}") -> {6030002,450} | BC55: =IF(INT(P55)<=0,"","{"&P$5&","&INT(P55)&"}") -> {6030003,15} | BD55: =IF(INT(Q55)<=0,"","{"&Q$5&","&INT(Q55)&"}")
C56: =W56/G56 -> 99.150943 | D56: 50 | E56: 81 | F56: 94 | G56: 106 | H56: 132 | I56: 140 | J56: =MIN(INT(F56*(30-(D56-30))/30+(D56-30)/30*H56),H56) -> 119 | K56: =SUM(U$36:U56)-SUM(OFFSET(载具产出!H$399,0,0,$R56+1,1)) -> 142 | L56: =SUM(T$36:T56)-SUM(OFFSET(载具产出!G$399,0,0,$R56+1,1)) -> 12820 | M56: =SUM(V$36:V56)/2-SUM(OFFSET(载具产出!I$399,0,0,$R56+1,1)) -> 29800 | N56: =SUM(AA$36:AA56)-SUM(OFFSET(载具产出!J$399,0,0,$R56+1,1)) -> 482.6 | O56: =SUM(AB$36:AB56)-SUM(OFFSET(载具产出!K$399,0,0,$R56+1,1)) -> 463.84 | P56: =SUM(AC$36:AC56)-SUM(OFFSET(载具产出!L$399,0,0,$R56+1,1)) -> 16.56 | Q56: =SUM(AD$36:AD56)-SUM(OFFSET(载具产出!M$399,0,0,$R56+1,1)) -> 0 | R56: 5 | S56: =OFFSET(载具产出!$D$111,IFERROR(MATCH(OFFSET($D56,0,MATCH($D$5,$E$6:$H$6,0)),载具产出!$E$112:$E$151,1),0),0) -> 豪华Ⅱ | T56: =OFFSET(载具产出!$F$399,IFERROR(MATCH(OFFSET($D56,0,MATCH($D$5,$E$6:$H$6,0)),载具产出!$E$400:$E$439,1),0),MATCH(T$6,载具产出!$G$399:$O$399,0)) -> 815 | U56: 7 | V56: =OFFSET(载具产出!$F$399,IFERROR(MATCH(OFFSET($D56,0,MATCH($D$5,$E$6:$H$6,0)),载具产出!$E$400:$E$439,1),0),MATCH(V$6,载具产出!$G$399:$O$399,0)) -> 5200 | W56: =_xlfn.XLOOKUP(Z56,载具属性!$E$98:$E$497,载具属性!$G$98:$G$497)+6000+OFFSET(载具属性!L$33,AS56,0)*载具属性!M$30+OFFSET(载具属性!M$33,AT56,0)*载具属性!N$30+OFFSET(载具属性!N$33,AU56,0)*载具属性!O$30+OFFSET(载具属性!O$33,AV56,0)*载具属性!P$30 -> 10510 | X56: =_xlfn.XLOOKUP(Z56,载具属性!$E$98:$E$497,载具属性!$G$98:$G$497) -> 2410 | Y56: =OFFSET(载具属性!L$33,AS56,0)*载具属性!M$30+OFFSET(载具属性!M$33,AT56,0)*载具属性!N$30+OFFSET(载具属性!N$33,AU56,0)*载具属性!O$30+OFFSET(载具属性!O$33,AV56,0)*载具属性!P$30 -> 2100 | Z56: =MATCH(SUM($T$7:T56),载具属性!$I$98:$I$497,1) -> 46 | AA56: =OFFSET(载具产出!$F$399,IFERROR(MATCH(OFFSET($D56,0,MATCH($D$5,$E$6:$H$6,0)),载具产出!$E$112:$E$151,1),0),MATCH(AA$6,载具产出!$G$111:$O$111,0))*2 -> 28 | AB56: =OFFSET(载具产出!$F$399,IFERROR(MATCH(OFFSET($D56,0,MATCH($D$5,$E$6:$H$6,0)),载具产出!$E$112:$E$151,1),0),MATCH(AB$6,载具产出!$G$111:$O$111,0))*2 -> 24.56 | AC56: =OFFSET(载具产出!$F$399,IFERROR(MATCH(OFFSET($D56,0,MATCH($D$5,$E$6:$H$6,0)),载具产出!$E$112:$E$151,1),0),MATCH(AC$6,载具产出!$G$111:$O$111,0))*2 -> 1.44 | AD56: =OFFSET(载具产出!$F$399,IFERROR(MATCH(OFFSET($D56,0,MATCH($D$5,$E$6:$H$6,0)),载具产出!$E$112:$E$151,1),0),MATCH(AD$6,载具产出!$G$111:$O$111,0))*2 -> 0 | AE56: =SUM(AA$36:AA56)/3 -> 188.13333 | AF56: =SUM(AB$36:AB56)/3 -> 165.6 | AG56: =SUM(AC$36:AC56)/3 -> 5.6 | AH56: =SUM(AD$36:AD56)/3 -> 0 | AI56: =_xlfn.XLOOKUP($D$5,载具产出!$D$71:$D$75,载具产出!$E$71:$E$75)*(D56-30+1) -> 247 | AJ56: =IFERROR(MATCH(_xlfn.XLOOKUP($D$5,载具产出!$D$71:$D$75,载具产出!$E$71:$E$75)*(D56-30+1)*10,载具产出!$E$60:$E$67,1),0)+1 -> 5 | AK56: =IF($AJ56=1,($AI56)*(10*OFFSET(载具产出!$D$45,MATCH(AK$6,$AK$6:$AN$6,0)-1,$AJ56)+OFFSET(载具产出!$D$49,MATCH(AK$6,$AK$6:$AN$6,0)-1,$AJ56)*OFFSET(载具产出!$N$49,MATCH(AK$6,$AK$6:$AN$6,0)-1,0)),OFFSET(载具产出!F$59,$AJ56-1,0)*10+OFFSET(载具产出!J$59,$AJ56-1,0)+($AI56*10-_xlfn.XLOOKUP($AJ56-1,载具产出!$D$59:$D$67,载具产出!$E$59:$E$67))/10*(10*OFFSET(载具产出!$D$45,MATCH(AK$6,$AK$6:$AN$6,0)-1,$AJ56)+OFFSET(载具产出!$D$49,MATCH(AK$6,$AK$6:$AN$6,0)-1,$AJ56)*OFFSET(载具产出!$N$49,MATCH(AK$6,$AK$6:$AN$6,0)-1,0))) -> 613.854 | AL56: =IF($AJ56=1,($AI56)*(10*OFFSET(载具产出!$D$45,MATCH(AL$6,$AK$6:$AN$6,0)-1,$AJ56)+OFFSET(载具产出!$D$49,MATCH(AL$6,$AK$6:$AN$6,0)-1,$AJ56)*OFFSET(载具产出!$N$49,MATCH(AL$6,$AK$6:$AN$6,0)-1,0)),OFFSET(载具产出!G$59,$AJ56-1,0)*10+OFFSET(载具产出!K$59,$AJ56-1,0)+($AI56*10-_xlfn.XLOOKUP($AJ56-1,载具产出!$D$59:$D$67,载具产出!$E$59:$E$67))/10*(10*OFFSET(载具产出!$D$45,MATCH(AL$6,$AK$6:$AN$6,0)-1,$AJ56)+OFFSET(载具产出!$D$49,MATCH(AL$6,$AK$6:$AN$6,0)-1,$AJ56)*OFFSET(载具产出!$N$49,MATCH(AL$6,$AK$6:$AN$6,0)-1,0))) -> 195.32 | AM56: =IF($AJ56=1,($AI56)*(10*OFFSET(载具产出!$D$45,MATCH(AM$6,$AK$6:$AN$6,0)-1,$AJ56)+OFFSET(载具产出!$D$49,MATCH(AM$6,$AK$6:$AN$6,0)-1,$AJ56)*OFFSET(载具产出!$N$49,MATCH(AM$6,$AK$6:$AN$6,0)-1,0)),OFFSET(载具产出!H$59,$AJ56-1,0)*10+OFFSET(载具产出!L$59,$AJ56-1,0)+($AI56*10-_xlfn.XLOOKUP($AJ56-1,载具产出!$D$59:$D$67,载具产出!$E$59:$E$67))/10*(10*OFFSET(载具产出!$D$45,MATCH(AM$6,$AK$6:$AN$6,0)-1,$AJ56)+OFFSET(载具产出!$D$49,MATCH(AM$6,$AK$6:$AN$6,0)-1,$AJ56)*OFFSET(载具产出!$N$49,MATCH(AM$6,$AK$6:$AN$6,0)-1,0))) -> 90.128 | AN56: =IF($AJ56=1,($AI56)*(10*OFFSET(载具产出!$D$45,MATCH(AN$6,$AK$6:$AN$6,0)-1,$AJ56)+OFFSET(载具产出!$D$49,MATCH(AN$6,$AK$6:$AN$6,0)-1,$AJ56)*OFFSET(载具产出!$N$49,MATCH(AN$6,$AK$6:$AN$6,0)-1,0)),OFFSET(载具产出!I$59,$AJ56-1,0)*10+OFFSET(载具产出!M$59,$AJ56-1,0)+($AI56*10-_xlfn.XLOOKUP($AJ56-1,载具产出!$D$59:$D$67,载具产出!$E$59:$E$67))/10*(10*OFFSET(载具产出!$D$45,MATCH(AN$6,$AK$6:$AN$6,0)-1,$AJ56)+OFFSET(载具产出!$D$49,MATCH(AN$6,$AK$6:$AN$6,0)-1,$AJ56)*OFFSET(载具产出!$N$49,MATCH(AN$6,$AK$6:$AN$6,0)-1,0))) -> 17.349 | AO56: =AE56+AK56 -> 801.98733 | AP56: =AF56+AL56 -> 360.92 | AQ56: =AG56+AM56 -> 95.728 | AR56: =AH56+AN56 -> 17.349 | AS56: =IFERROR(MATCH(AO56/载具产出!R$58,载具属性!$G$33:$G$92,1),0) -> 16 | AT56: =IFERROR(MATCH(AP56/载具产出!S$58,载具属性!$G$33:$G$92,1),0) -> 10 | AU56: =IFERROR(MATCH(AQ56/载具产出!T$58,载具属性!$G$33:$G$92,1),0) -> 2 | AV56: =IFERROR(MATCH(AR56/载具产出!U$58,载具属性!$G$33:$G$92,1),0) -> 0 | AW56: ="["&_xlfn.TEXTJOIN(",",1,AX56:BD56)&"]" -> [{62,142},{63,12820},{2,29800},{6030001,482},{6030002,463},{6030003,16}] | AX56: =IF(INT(K56)<=0,"","{"&K$5&","&INT(K56)&"}") -> {62,142} | AY56: =IF(INT(L56)<=0,"","{"&L$5&","&INT(L56)&"}") -> {63,12820} | AZ56: =IF(INT(M56)<=0,"","{"&M$5&","&INT(M56)&"}") -> {2,29800} | BA56: =IF(INT(N56)<=0,"","{"&N$5&","&INT(N56)&"}") -> {6030001,482} | BB56: =IF(INT(O56)<=0,"","{"&O$5&","&INT(O56)&"}") -> {6030002,463} | BC56: =IF(INT(P56)<=0,"","{"&P$5&","&INT(P56)&"}") -> {6030003,16} | BD56: =IF(INT(Q56)<=0,"","{"&Q$5&","&INT(Q56)&"}")
C57: =W57/G57 -> 98.785047 | D57: 51 | E57: 82 | F57: 94 | G57: 107 | H57: 133 | I57: 160 | J57: =MIN(INT(G57*(30-(D57-30))/30+(D57-30)/30*H57),H57) -> 125 | K57: =SUM(U$36:U57)-SUM(OFFSET(载具产出!H$399,0,0,$R57+1,1)) -> 149 | L57: =SUM(T$36:T57)-SUM(OFFSET(载具产出!G$399,0,0,$R57+1,1)) -> 13635 | M57: =SUM(V$36:V57)/2-SUM(OFFSET(载具产出!I$399,0,0,$R57+1,1)) -> 32400 | N57: =SUM(AA$36:AA57)-SUM(OFFSET(载具产出!J$399,0,0,$R57+1,1)) -> 510.6 | O57: =SUM(AB$36:AB57)-SUM(OFFSET(载具产出!K$399,0,0,$R57+1,1)) -> 488.4 | P57: =SUM(AC$36:AC57)-SUM(OFFSET(载具产出!L$399,0,0,$R57+1,1)) -> 18 | Q57: =SUM(AD$36:AD57)-SUM(OFFSET(载具产出!M$399,0,0,$R57+1,1)) -> 0 | R57: 5 | S57: =OFFSET(载具产出!$D$111,IFERROR(MATCH(OFFSET($D57,0,MATCH($D$5,$E$6:$H$6,0)),载具产出!$E$112:$E$151,1),0),0) -> 豪华Ⅱ | T57: =OFFSET(载具产出!$F$399,IFERROR(MATCH(OFFSET($D57,0,MATCH($D$5,$E$6:$H$6,0)),载具产出!$E$400:$E$439,1),0),MATCH(T$6,载具产出!$G$399:$O$399,0)) -> 815 | U57: 7 | V57: =OFFSET(载具产出!$F$399,IFERROR(MATCH(OFFSET($D57,0,MATCH($D$5,$E$6:$H$6,0)),载具产出!$E$400:$E$439,1),0),MATCH(V$6,载具产出!$G$399:$O$399,0)) -> 5200 | W57: =_xlfn.XLOOKUP(Z57,载具属性!$E$98:$E$497,载具属性!$G$98:$G$497)+6000+OFFSET(载具属性!L$33,AS57,0)*载具属性!M$30+OFFSET(载具属性!M$33,AT57,0)*载具属性!N$30+OFFSET(载具属性!N$33,AU57,0)*载具属性!O$30+OFFSET(载具属性!O$33,AV57,0)*载具属性!P$30 -> 10570 | X57: =_xlfn.XLOOKUP(Z57,载具属性!$E$98:$E$497,载具属性!$G$98:$G$497) -> 2470 | Y57: =OFFSET(载具属性!L$33,AS57,0)*载具属性!M$30+OFFSET(载具属性!M$33,AT57,0)*载具属性!N$30+OFFSET(载具属性!N$33,AU57,0)*载具属性!O$30+OFFSET(载具属性!O$33,AV57,0)*载具属性!P$30 -> 2100 | Z57: =MATCH(SUM($T$7:T57),载具属性!$I$98:$I$497,1) -> 47 | AA57: =OFFSET(载具产出!$F$399,IFERROR(MATCH(OFFSET($D57,0,MATCH($D$5,$E$6:$H$6,0)),载具产出!$E$112:$E$151,1),0),MATCH(AA$6,载具产出!$G$111:$O$111,0))*2 -> 28 | AB57: =OFFSET(载具产出!$F$399,IFERROR(MATCH(OFFSET($D57,0,MATCH($D$5,$E$6:$H$6,0)),载具产出!$E$112:$E$151,1),0),MATCH(AB$6,载具产出!$G$111:$O$111,0))*2 -> 24.56 | AC57: =OFFSET(载具产出!$F$399,IFERROR(MATCH(OFFSET($D57,0,MATCH($D$5,$E$6:$H$6,0)),载具产出!$E$112:$E$151,1),0),MATCH(AC$6,载具产出!$G$111:$O$111,0))*2 -> 1.44 | AD57: =OFFSET(载具产出!$F$399,IFERROR(MATCH(OFFSET($D57,0,MATCH($D$5,$E$6:$H$6,0)),载具产出!$E$112:$E$151,1),0),MATCH(AD$6,载具产出!$G$111:$O$111,0))*2 -> 0 | AE57: =SUM(AA$36:AA57)/3 -> 197.46667 | AF57: =SUM(AB$36:AB57)/3 -> 173.78667 | AG57: =SUM(AC$36:AC57)/3 -> 6.08 | AH57: =SUM(AD$36:AD57)/3 -> 0 | AI57: =_xlfn.XLOOKUP($D$5,载具产出!$D$71:$D$75,载具产出!$E$71:$E$75)*(D57-30+1) -> 258.7619 | AJ57: =IFERROR(MATCH(_xlfn.XLOOKUP($D$5,载具产出!$D$71:$D$75,载具产出!$E$71:$E$75)*(D57-30+1)*10,载具产出!$E$60:$E$67,1),0)+1 -> 5 | AK57: =IF($AJ57=1,($AI57)*(10*OFFSET(载具产出!$D$45,MATCH(AK$6,$AK$6:$AN$6,0)-1,$AJ57)+OFFSET(载具产出!$D$49,MATCH(AK$6,$AK$6:$AN$6,0)-1,$AJ57)*OFFSET(载具产出!$N$49,MATCH(AK$6,$AK$6:$AN$6,0)-1,0)),OFFSET(载具产出!F$59,$AJ57-1,0)*10+OFFSET(载具产出!J$59,$AJ57-1,0)+($AI57*10-_xlfn.XLOOKUP($AJ57-1,载具产出!$D$59:$D$67,载具产出!$E$59:$E$67))/10*(10*OFFSET(载具产出!$D$45,MATCH(AK$6,$AK$6:$AN$6,0)-1,$AJ57)+OFFSET(载具产出!$D$49,MATCH(AK$6,$AK$6:$AN$6,0)-1,$AJ57)*OFFSET(载具产出!$N$49,MATCH(AK$6,$AK$6:$AN$6,0)-1,0))) -> 640.10657 | AL57: =IF($AJ57=1,($AI57)*(10*OFFSET(载具产出!$D$45,MATCH(AL$6,$AK$6:$AN$6,0)-1,$AJ57)+OFFSET(载具产出!$D$49,MATCH(AL$6,$AK$6:$AN$6,0)-1,$AJ57)*OFFSET(载具产出!$N$49,MATCH(AL$6,$AK$6:$AN$6,0)-1,0)),OFFSET(载具产出!G$59,$AJ57-1,0)*10+OFFSET(载具产出!K$59,$AJ57-1,0)+($AI57*10-_xlfn.XLOOKUP($AJ57-1,载具产出!$D$59:$D$67,载具产出!$E$59:$E$67))/10*(10*OFFSET(载具产出!$D$45,MATCH(AL$6,$AK$6:$AN$6,0)-1,$AJ57)+OFFSET(载具产出!$D$49,MATCH(AL$6,$AK$6:$AN$6,0)-1,$AJ57)*OFFSET(载具产出!$N$49,MATCH(AL$6,$AK$6:$AN$6,0)-1,0))) -> 205.43524 | AM57: =IF($AJ57=1,($AI57)*(10*OFFSET(载具产出!$D$45,MATCH(AM$6,$AK$6:$AN$6,0)-1,$AJ57)+OFFSET(载具产出!$D$49,MATCH(AM$6,$AK$6:$AN$6,0)-1,$AJ57)*OFFSET(载具产出!$N$49,MATCH(AM$6,$AK$6:$AN$6,0)-1,0)),OFFSET(载具产出!H$59,$AJ57-1,0)*10+OFFSET(载具产出!L$59,$AJ57-1,0)+($AI57*10-_xlfn.XLOOKUP($AJ57-1,载具产出!$D$59:$D$67,载具产出!$E$59:$E$67))/10*(10*OFFSET(载具产出!$D$45,MATCH(AM$6,$AK$6:$AN$6,0)-1,$AJ57)+OFFSET(载具产出!$D$49,MATCH(AM$6,$AK$6:$AN$6,0)-1,$AJ57)*OFFSET(载具产出!$N$49,MATCH(AM$6,$AK$6:$AN$6,0)-1,0))) -> 95.585524 | AN57: =IF($AJ57=1,($AI57)*(10*OFFSET(载具产出!$D$45,MATCH(AN$6,$AK$6:$AN$6,0)-1,$AJ57)+OFFSET(载具产出!$D$49,MATCH(AN$6,$AK$6:$AN$6,0)-1,$AJ57)*OFFSET(载具产出!$N$49,MATCH(AN$6,$AK$6:$AN$6,0)-1,0)),OFFSET(载具产出!I$59,$AJ57-1,0)*10+OFFSET(载具产出!M$59,$AJ57-1,0)+($AI57*10-_xlfn.XLOOKUP($AJ57-1,载具产出!$D$59:$D$67,载具产出!$E$59:$E$67))/10*(10*OFFSET(载具产出!$D$45,MATCH(AN$6,$AK$6:$AN$6,0)-1,$AJ57)+OFFSET(载具产出!$D$49,MATCH(AN$6,$AK$6:$AN$6,0)-1,$AJ57)*OFFSET(载具产出!$N$49,MATCH(AN$6,$AK$6:$AN$6,0)-1,0))) -> 19.078 | AO57: =AE57+AK57 -> 837.57324 | AP57: =AF57+AL57 -> 379.2219 | AQ57: =AG57+AM57 -> 101.66552 | AR57: =AH57+AN57 -> 19.078 | AS57: =IFERROR(MATCH(AO57/载具产出!R$58,载具属性!$G$33:$G$92,1),0) -> 16 | AT57: =IFERROR(MATCH(AP57/载具产出!S$58,载具属性!$G$33:$G$92,1),0) -> 10 | AU57: =IFERROR(MATCH(AQ57/载具产出!T$58,载具属性!$G$33:$G$92,1),0) -> 2 | AV57: =IFERROR(MATCH(AR57/载具产出!U$58,载具属性!$G$33:$G$92,1),0) -> 0 | AW57: ="["&_xlfn.TEXTJOIN(",",1,AX57:BD57)&"]" -> [{62,149},{63,13635},{2,32400},{6030001,510},{6030002,488},{6030003,18}] | AX57: =IF(INT(K57)<=0,"","{"&K$5&","&INT(K57)&"}") -> {62,149} | AY57: =IF(INT(L57)<=0,"","{"&L$5&","&INT(L57)&"}") -> {63,13635} | AZ57: =IF(INT(M57)<=0,"","{"&M$5&","&INT(M57)&"}") -> {2,32400} | BA57: =IF(INT(N57)<=0,"","{"&N$5&","&INT(N57)&"}") -> {6030001,510} | BB57: =IF(INT(O57)<=0,"","{"&O$5&","&INT(O57)&"}") -> {6030002,488} | BC57: =IF(INT(P57)<=0,"","{"&P$5&","&INT(P57)&"}") -> {6030003,18} | BD57: =IF(INT(Q57)<=0,"","{"&Q$5&","&INT(Q57)&"}")
C58: =W58/G58 -> 98.425926 | D58: 52 | E58: 82 | F58: 95 | G58: 108 | H58: 135 | I58: 157 | J58: =MIN(INT(G58*(30-(D58-30))/30+(D58-30)/30*H58),H58) -> 127 | K58: =SUM(U$36:U58)-SUM(OFFSET(载具产出!H$399,0,0,$R58+1,1)) -> 156 | L58: =SUM(T$36:T58)-SUM(OFFSET(载具产出!G$399,0,0,$R58+1,1)) -> 14450 | M58: =SUM(V$36:V58)/2-SUM(OFFSET(载具产出!I$399,0,0,$R58+1,1)) -> 35000 | N58: =SUM(AA$36:AA58)-SUM(OFFSET(载具产出!J$399,0,0,$R58+1,1)) -> 538.6 | O58: =SUM(AB$36:AB58)-SUM(OFFSET(载具产出!K$399,0,0,$R58+1,1)) -> 512.96 | P58: =SUM(AC$36:AC58)-SUM(OFFSET(载具产出!L$399,0,0,$R58+1,1)) -> 19.44 | Q58: =SUM(AD$36:AD58)-SUM(OFFSET(载具产出!M$399,0,0,$R58+1,1)) -> 0 | R58: 5 | S58: =OFFSET(载具产出!$D$111,IFERROR(MATCH(OFFSET($D58,0,MATCH($D$5,$E$6:$H$6,0)),载具产出!$E$112:$E$151,1),0),0) -> 豪华Ⅱ | T58: =OFFSET(载具产出!$F$399,IFERROR(MATCH(OFFSET($D58,0,MATCH($D$5,$E$6:$H$6,0)),载具产出!$E$400:$E$439,1),0),MATCH(T$6,载具产出!$G$399:$O$399,0)) -> 815 | U58: 7 | V58: =OFFSET(载具产出!$F$399,IFERROR(MATCH(OFFSET($D58,0,MATCH($D$5,$E$6:$H$6,0)),载具产出!$E$400:$E$439,1),0),MATCH(V$6,载具产出!$G$399:$O$399,0)) -> 5200 | W58: =_xlfn.XLOOKUP(Z58,载具属性!$E$98:$E$497,载具属性!$G$98:$G$497)+6000+OFFSET(载具属性!L$33,AS58,0)*载具属性!M$30+OFFSET(载具属性!M$33,AT58,0)*载具属性!N$30+OFFSET(载具属性!N$33,AU58,0)*载具属性!O$30+OFFSET(载具属性!O$33,AV58,0)*载具属性!P$30 -> 10630 | X58: =_xlfn.XLOOKUP(Z58,载具属性!$E$98:$E$497,载具属性!$G$98:$G$497) -> 2530 | Y58: =OFFSET(载具属性!L$33,AS58,0)*载具属性!M$30+OFFSET(载具属性!M$33,AT58,0)*载具属性!N$30+OFFSET(载具属性!N$33,AU58,0)*载具属性!O$30+OFFSET(载具属性!O$33,AV58,0)*载具属性!P$30 -> 2100 | Z58: =MATCH(SUM($T$7:T58),载具属性!$I$98:$I$497,1) -> 48 | AA58: =OFFSET(载具产出!$F$399,IFERROR(MATCH(OFFSET($D58,0,MATCH($D$5,$E$6:$H$6,0)),载具产出!$E$112:$E$151,1),0),MATCH(AA$6,载具产出!$G$111:$O$111,0))*2 -> 28 | AB58: =OFFSET(载具产出!$F$399,IFERROR(MATCH(OFFSET($D58,0,MATCH($D$5,$E$6:$H$6,0)),载具产出!$E$112:$E$151,1),0),MATCH(AB$6,载具产出!$G$111:$O$111,0))*2 -> 24.56 | AC58: =OFFSET(载具产出!$F$399,IFERROR(MATCH(OFFSET($D58,0,MATCH($D$5,$E$6:$H$6,0)),载具产出!$E$112:$E$151,1),0),MATCH(AC$6,载具产出!$G$111:$O$111,0))*2 -> 1.44 | AD58: =OFFSET(载具产出!$F$399,IFERROR(MATCH(OFFSET($D58,0,MATCH($D$5,$E$6:$H$6,0)),载具产出!$E$112:$E$151,1),0),MATCH(AD$6,载具产出!$G$111:$O$111,0))*2 -> 0 | AE58: =SUM(AA$36:AA58)/3 -> 206.8 | AF58: =SUM(AB$36:AB58)/3 -> 181.97333 | AG58: =SUM(AC$36:AC58)/3 -> 6.56 | AH58: =SUM(AD$36:AD58)/3 -> 0 | AI58: =_xlfn.XLOOKUP($D$5,载具产出!$D$71:$D$75,载具产出!$E$71:$E$75)*(D58-30+1) -> 270.52381 | AJ58: =IFERROR(MATCH(_xlfn.XLOOKUP($D$5,载具产出!$D$71:$D$75,载具产出!$E$71:$E$75)*(D58-30+1)*10,载具产出!$E$60:$E$67,1),0)+1 -> 5 | AK58: =IF($AJ58=1,($AI58)*(10*OFFSET(载具产出!$D$45,MATCH(AK$6,$AK$6:$AN$6,0)-1,$AJ58)+OFFSET(载具产出!$D$49,MATCH(AK$6,$AK$6:$AN$6,0)-1,$AJ58)*OFFSET(载具产出!$N$49,MATCH(AK$6,$AK$6:$AN$6,0)-1,0)),OFFSET(载具产出!F$59,$AJ58-1,0)*10+OFFSET(载具产出!J$59,$AJ58-1,0)+($AI58*10-_xlfn.XLOOKUP($AJ58-1,载具产出!$D$59:$D$67,载具产出!$E$59:$E$67))/10*(10*OFFSET(载具产出!$D$45,MATCH(AK$6,$AK$6:$AN$6,0)-1,$AJ58)+OFFSET(载具产出!$D$49,MATCH(AK$6,$AK$6:$AN$6,0)-1,$AJ58)*OFFSET(载具产出!$N$49,MATCH(AK$6,$AK$6:$AN$6,0)-1,0))) -> 666.35914 | AL58: =IF($AJ58=1,($AI58)*(10*OFFSET(载具产出!$D$45,MATCH(AL$6,$AK$6:$AN$6,0)-1,$AJ58)+OFFSET(载具产出!$D$49,MATCH(AL$6,$AK$6:$AN$6,0)-1,$AJ58)*OFFSET(载具产出!$N$49,MATCH(AL$6,$AK$6:$AN$6,0)-1,0)),OFFSET(载具产出!G$59,$AJ58-1,0)*10+OFFSET(载具产出!K$59,$AJ58-1,0)+($AI58*10-_xlfn.XLOOKUP($AJ58-1,载具产出!$D$59:$D$67,载具产出!$E$59:$E$67))/10*(10*OFFSET(载具产出!$D$45,MATCH(AL$6,$AK$6:$AN$6,0)-1,$AJ58)+OFFSET(载具产出!$D$49,MATCH(AL$6,$AK$6:$AN$6,0)-1,$AJ58)*OFFSET(载具产出!$N$49,MATCH(AL$6,$AK$6:$AN$6,0)-1,0))) -> 215.55048 | AM58: =IF($AJ58=1,($AI58)*(10*OFFSET(载具产出!$D$45,MATCH(AM$6,$AK$6:$AN$6,0)-1,$AJ58)+OFFSET(载具产出!$D$49,MATCH(AM$6,$AK$6:$AN$6,0)-1,$AJ58)*OFFSET(载具产出!$N$49,MATCH(AM$6,$AK$6:$AN$6,0)-1,0)),OFFSET(载具产出!H$59,$AJ58-1,0)*10+OFFSET(载具产出!L$59,$AJ58-1,0)+($AI58*10-_xlfn.XLOOKUP($AJ58-1,载具产出!$D$59:$D$67,载具产出!$E$59:$E$67))/10*(10*OFFSET(载具产出!$D$45,MATCH(AM$6,$AK$6:$AN$6,0)-1,$AJ58)+OFFSET(载具产出!$D$49,MATCH(AM$6,$AK$6:$AN$6,0)-1,$AJ58)*OFFSET(载具产出!$N$49,MATCH(AM$6,$AK$6:$AN$6,0)-1,0))) -> 101.04305 | AN58: =IF($AJ58=1,($AI58)*(10*OFFSET(载具产出!$D$45,MATCH(AN$6,$AK$6:$AN$6,0)-1,$AJ58)+OFFSET(载具产出!$D$49,MATCH(AN$6,$AK$6:$AN$6,0)-1,$AJ58)*OFFSET(载具产出!$N$49,MATCH(AN$6,$AK$6:$AN$6,0)-1,0)),OFFSET(载具产出!I$59,$AJ58-1,0)*10+OFFSET(载具产出!M$59,$AJ58-1,0)+($AI58*10-_xlfn.XLOOKUP($AJ58-1,载具产出!$D$59:$D$67,载具产出!$E$59:$E$67))/10*(10*OFFSET(载具产出!$D$45,MATCH(AN$6,$AK$6:$AN$6,0)-1,$AJ58)+OFFSET(载具产出!$D$49,MATCH(AN$6,$AK$6:$AN$6,0)-1,$AJ58)*OFFSET(载具产出!$N$49,MATCH(AN$6,$AK$6:$AN$6,0)-1,0))) -> 20.807 | AO58: =AE58+AK58 -> 873.15914 | AP58: =AF58+AL58 -> 397.52381 | AQ58: =AG58+AM58 -> 107.60305 | AR58: =AH58+AN58 -> 20.807 | AS58: =IFERROR(MATCH(AO58/载具产出!R$58,载具属性!$G$33:$G$92,1),0) -> 16 | AT58: =IFERROR(MATCH(AP58/载具产出!S$58,载具属性!$G$33:$G$92,1),0) -> 10 | AU58: =IFERROR(MATCH(AQ58/载具产出!T$58,载具属性!$G$33:$G$92,1),0) -> 2 | AV58: =IFERROR(MATCH(AR58/载具产出!U$58,载具属性!$G$33:$G$92,1),0) -> 0 | AW58: ="["&_xlfn.TEXTJOIN(",",1,AX58:BD58)&"]" -> [{62,156},{63,14450},{2,35000},{6030001,538},{6030002,512},{6030003,19}] | AX58: =IF(INT(K58)<=0,"","{"&K$5&","&INT(K58)&"}") -> {62,156} | AY58: =IF(INT(L58)<=0,"","{"&L$5&","&INT(L58)&"}") -> {63,14450} | AZ58: =IF(INT(M58)<=0,"","{"&M$5&","&INT(M58)&"}") -> {2,35000} | BA58: =IF(INT(N58)<=0,"","{"&N$5&","&INT(N58)&"}") -> {6030001,538} | BB58: =IF(INT(O58)<=0,"","{"&O$5&","&INT(O58)&"}") -> {6030002,512} | BC58: =IF(INT(P58)<=0,"","{"&P$5&","&INT(P58)&"}") -> {6030003,19} | BD58: =IF(INT(Q58)<=0,"","{"&Q$5&","&INT(Q58)&"}")
C59: =W59/G59 -> 98.623853 | D59: 53 | E59: 83 | F59: 96 | G59: 109 | H59: 136 | I59: 163 | J59: =MIN(INT(G59*(30-(D59-30))/30+(D59-30)/30*H59),H59) -> 129 | K59: =SUM(U$36:U59)-SUM(OFFSET(载具产出!H$399,0,0,$R59+1,1)) -> 163 | L59: =SUM(T$36:T59)-SUM(OFFSET(载具产出!G$399,0,0,$R59+1,1)) -> 15265 | M59: =SUM(V$36:V59)/2-SUM(OFFSET(载具产出!I$399,0,0,$R59+1,1)) -> 37600 | N59: =SUM(AA$36:AA59)-SUM(OFFSET(载具产出!J$399,0,0,$R59+1,1)) -> 566.6 | O59: =SUM(AB$36:AB59)-SUM(OFFSET(载具产出!K$399,0,0,$R59+1,1)) -> 537.52 | P59: =SUM(AC$36:AC59)-SUM(OFFSET(载具产出!L$399,0,0,$R59+1,1)) -> 20.88 | Q59: =SUM(AD$36:AD59)-SUM(OFFSET(载具产出!M$399,0,0,$R59+1,1)) -> 0 | R59: 5 | S59: =OFFSET(载具产出!$D$111,IFERROR(MATCH(OFFSET($D59,0,MATCH($D$5,$E$6:$H$6,0)),载具产出!$E$112:$E$151,1),0),0) -> 豪华Ⅱ | T59: =OFFSET(载具产出!$F$399,IFERROR(MATCH(OFFSET($D59,0,MATCH($D$5,$E$6:$H$6,0)),载具产出!$E$400:$E$439,1),0),MATCH(T$6,载具产出!$G$399:$O$399,0)) -> 815 | U59: 7 | V59: =OFFSET(载具产出!$F$399,IFERROR(MATCH(OFFSET($D59,0,MATCH($D$5,$E$6:$H$6,0)),载具产出!$E$400:$E$439,1),0),MATCH(V$6,载具产出!$G$399:$O$399,0)) -> 5200 | W59: =_xlfn.XLOOKUP(Z59,载具属性!$E$98:$E$497,载具属性!$G$98:$G$497)+6000+OFFSET(载具属性!L$33,AS59,0)*载具属性!M$30+OFFSET(载具属性!M$33,AT59,0)*载具属性!N$30+OFFSET(载具属性!N$33,AU59,0)*载具属性!O$30+OFFSET(载具属性!O$33,AV59,0)*载具属性!P$30 -> 10750 | X59: =_xlfn.XLOOKUP(Z59,载具属性!$E$98:$E$497,载具属性!$G$98:$G$497) -> 2650 | Y59: =OFFSET(载具属性!L$33,AS59,0)*载具属性!M$30+OFFSET(载具属性!M$33,AT59,0)*载具属性!N$30+OFFSET(载具属性!N$33,AU59,0)*载具属性!O$30+OFFSET(载具属性!O$33,AV59,0)*载具属性!P$30 -> 2100 | Z59: =MATCH(SUM($T$7:T59),载具属性!$I$98:$I$497,1) -> 50 | AA59: =OFFSET(载具产出!$F$399,IFERROR(MATCH(OFFSET($D59,0,MATCH($D$5,$E$6:$H$6,0)),载具产出!$E$112:$E$151,1),0),MATCH(AA$6,载具产出!$G$111:$O$111,0))*2 -> 28 | AB59: =OFFSET(载具产出!$F$399,IFERROR(MATCH(OFFSET($D59,0,MATCH($D$5,$E$6:$H$6,0)),载具产出!$E$112:$E$151,1),0),MATCH(AB$6,载具产出!$G$111:$O$111,0))*2 -> 24.56 | AC59: =OFFSET(载具产出!$F$399,IFERROR(MATCH(OFFSET($D59,0,MATCH($D$5,$E$6:$H$6,0)),载具产出!$E$112:$E$151,1),0),MATCH(AC$6,载具产出!$G$111:$O$111,0))*2 -> 1.44 | AD59: =OFFSET(载具产出!$F$399,IFERROR(MATCH(OFFSET($D59,0,MATCH($D$5,$E$6:$H$6,0)),载具产出!$E$112:$E$151,1),0),MATCH(AD$6,载具产出!$G$111:$O$111,0))*2 -> 0 | AE59: =SUM(AA$36:AA59)/3 -> 216.13333 | AF59: =SUM(AB$36:AB59)/3 -> 190.16 | AG59: =SUM(AC$36:AC59)/3 -> 7.04 | AH59: =SUM(AD$36:AD59)/3 -> 0 | AI59: =_xlfn.XLOOKUP($D$5,载具产出!$D$71:$D$75,载具产出!$E$71:$E$75)*(D59-30+1) -> 282.28571 | AJ59: =IFERROR(MATCH(_xlfn.XLOOKUP($D$5,载具产出!$D$71:$D$75,载具产出!$E$71:$E$75)*(D59-30+1)*10,载具产出!$E$60:$E$67,1),0)+1 -> 5 | AK59: =IF($AJ59=1,($AI59)*(10*OFFSET(载具产出!$D$45,MATCH(AK$6,$AK$6:$AN$6,0)-1,$AJ59)+OFFSET(载具产出!$D$49,MATCH(AK$6,$AK$6:$AN$6,0)-1,$AJ59)*OFFSET(载具产出!$N$49,MATCH(AK$6,$AK$6:$AN$6,0)-1,0)),OFFSET(载具产出!F$59,$AJ59-1,0)*10+OFFSET(载具产出!J$59,$AJ59-1,0)+($AI59*10-_xlfn.XLOOKUP($AJ59-1,载具产出!$D$59:$D$67,载具产出!$E$59:$E$67))/10*(10*OFFSET(载具产出!$D$45,MATCH(AK$6,$AK$6:$AN$6,0)-1,$AJ59)+OFFSET(载具产出!$D$49,MATCH(AK$6,$AK$6:$AN$6,0)-1,$AJ59)*OFFSET(载具产出!$N$49,MATCH(AK$6,$AK$6:$AN$6,0)-1,0))) -> 692.61171 | AL59: =IF($AJ59=1,($AI59)*(10*OFFSET(载具产出!$D$45,MATCH(AL$6,$AK$6:$AN$6,0)-1,$AJ59)+OFFSET(载具产出!$D$49,MATCH(AL$6,$AK$6:$AN$6,0)-1,$AJ59)*OFFSET(载具产出!$N$49,MATCH(AL$6,$AK$6:$AN$6,0)-1,0)),OFFSET(载具产出!G$59,$AJ59-1,0)*10+OFFSET(载具产出!K$59,$AJ59-1,0)+($AI59*10-_xlfn.XLOOKUP($AJ59-1,载具产出!$D$59:$D$67,载具产出!$E$59:$E$67))/10*(10*OFFSET(载具产出!$D$45,MATCH(AL$6,$AK$6:$AN$6,0)-1,$AJ59)+OFFSET(载具产出!$D$49,MATCH(AL$6,$AK$6:$AN$6,0)-1,$AJ59)*OFFSET(载具产出!$N$49,MATCH(AL$6,$AK$6:$AN$6,0)-1,0))) -> 225.66571 | AM59: =IF($AJ59=1,($AI59)*(10*OFFSET(载具产出!$D$45,MATCH(AM$6,$AK$6:$AN$6,0)-1,$AJ59)+OFFSET(载具产出!$D$49,MATCH(AM$6,$AK$6:$AN$6,0)-1,$AJ59)*OFFSET(载具产出!$N$49,MATCH(AM$6,$AK$6:$AN$6,0)-1,0)),OFFSET(载具产出!H$59,$AJ59-1,0)*10+OFFSET(载具产出!L$59,$AJ59-1,0)+($AI59*10-_xlfn.XLOOKUP($AJ59-1,载具产出!$D$59:$D$67,载具产出!$E$59:$E$67))/10*(10*OFFSET(载具产出!$D$45,MATCH(AM$6,$AK$6:$AN$6,0)-1,$AJ59)+OFFSET(载具产出!$D$49,MATCH(AM$6,$AK$6:$AN$6,0)-1,$AJ59)*OFFSET(载具产出!$N$49,MATCH(AM$6,$AK$6:$AN$6,0)-1,0))) -> 106.50057 | AN59: =IF($AJ59=1,($AI59)*(10*OFFSET(载具产出!$D$45,MATCH(AN$6,$AK$6:$AN$6,0)-1,$AJ59)+OFFSET(载具产出!$D$49,MATCH(AN$6,$AK$6:$AN$6,0)-1,$AJ59)*OFFSET(载具产出!$N$49,MATCH(AN$6,$AK$6:$AN$6,0)-1,0)),OFFSET(载具产出!I$59,$AJ59-1,0)*10+OFFSET(载具产出!M$59,$AJ59-1,0)+($AI59*10-_xlfn.XLOOKUP($AJ59-1,载具产出!$D$59:$D$67,载具产出!$E$59:$E$67))/10*(10*OFFSET(载具产出!$D$45,MATCH(AN$6,$AK$6:$AN$6,0)-1,$AJ59)+OFFSET(载具产出!$D$49,MATCH(AN$6,$AK$6:$AN$6,0)-1,$AJ59)*OFFSET(载具产出!$N$49,MATCH(AN$6,$AK$6:$AN$6,0)-1,0))) -> 22.536 | AO59: =AE59+AK59 -> 908.74505 | AP59: =AF59+AL59 -> 415.82571 | AQ59: =AG59+AM59 -> 113.54057 | AR59: =AH59+AN59 -> 22.536 | AS59: =IFERROR(MATCH(AO59/载具产出!R$58,载具属性!$G$33:$G$92,1),0) -> 16 | AT59: =IFERROR(MATCH(AP59/载具产出!S$58,载具属性!$G$33:$G$92,1),0) -> 10 | AU59: =IFERROR(MATCH(AQ59/载具产出!T$58,载具属性!$G$33:$G$92,1),0) -> 2 | AV59: =IFERROR(MATCH(AR59/载具产出!U$58,载具属性!$G$33:$G$92,1),0) -> 0 | AW59: ="["&_xlfn.TEXTJOIN(",",1,AX59:BD59)&"]" -> [{62,163},{63,15265},{2,37600},{6030001,566},{6030002,537},{6030003,20}] | AX59: =IF(INT(K59)<=0,"","{"&K$5&","&INT(K59)&"}") -> {62,163} | AY59: =IF(INT(L59)<=0,"","{"&L$5&","&INT(L59)&"}") -> {63,15265} | AZ59: =IF(INT(M59)<=0,"","{"&M$5&","&INT(M59)&"}") -> {2,37600} | BA59: =IF(INT(N59)<=0,"","{"&N$5&","&INT(N59)&"}") -> {6030001,566} | BB59: =IF(INT(O59)<=0,"","{"&O$5&","&INT(O59)&"}") -> {6030002,537} | BC59: =IF(INT(P59)<=0,"","{"&P$5&","&INT(P59)&"}") -> {6030003,20} | BD59: =IF(INT(Q59)<=0,"","{"&Q$5&","&INT(Q59)&"}")
