Workbook

Sheet 说明
A1: 基因养成
A3: 说明
C5: 基因升级
D6: 梦灵升级消耗【基因罐】＋【金币】＋【时间】，大节点消耗【大基因罐】 | P6: 基因养成体验
D7: 基因升级的属性加给主角攻击力，对标装备养成节奏 | P7: 1、养成：全绑定主角伤害，少量攻击力丢到这里来。
P8: 2、加速产出： 大量在前期运营活动、主线通关奖励（快速释放）、每日任务（主要）里面产加速材料
P9: 3、天赋石产出：体力扫荡（主要）、个人挑战本商店（肝度）、
P10: 整体体验：前期用主线和活动产的加速去释放，每天固定产很多小时加速（48h+），防止需要高频点击带来的肝度提升
C12: 关联配置
D14: 配置 | E14: 字段 | F14: 值 | G14: 说明
D15: J_基因_evolve_data
D16: X_效果映射_effect_mapping_data | G16: *基因节点引用效果映射表，具体技能内容根据实际进行配置
G17: *预留最后一行
A19: 本页结束

Sheet 养成属性
A1: 养成属性
C3: 属性规划
H4: 对标梦灵升级 | N4: 对标技能 | O4: 对标梦灵升阶
A8: 本页结束

Sheet 秘宝养成
A1: 基因升级
C3: 秘宝概率
J4: 1 | K4: 2 | L4: 3 | M4: 4 | N4: 5 | O4: 6 | P4: 7 | Q4: 8 | R4: 9 | S4: 10
D5: 秘宝等级 | E5: 披风消耗 | F5: 技能升级消耗 | G5: 天数 | H5: 预期强度 | I5: 秘宝强度 | J5: 白 | K5: 绿 | L5: 蓝 | M5: 紫 | N5: 橙 | O5: 红 | P5: 粉 | Q5: 彩 | R5: 彩1 | S5: 彩2 | T5: 彩3 | U5: 1 | V5: 2 | W5: 3 | X5: 4 | Y5: 5 | Z5: 6 | AA5: 7 | AB5: 8 | AC5: 9 | AD5: 10
A6: =SUM($E$6:E6) -> 10000 | D6: 1 | E6: 10000 | F6: 3000 | G6: =E6/5000+2 -> 4 | H6: =OFFSET($E$69,0,D6)*5*0.5+1 -> 1.1446759 | I6: =1 -> 1 | J6: 0.5 | K6: 0.4 | L6: 0.09 | M6: 0.01 | T6: =_xlfn.TEXTJOIN(",",1,U6:AD6) -> {1,5000},{2,4000},{3,900},{4,100} | U6: =IF(J6="","","{"&J$4&","&J6*10000&"}") -> {1,5000} | V6: =IF(K6="","","{"&K$4&","&K6*10000&"}") -> {2,4000} | W6: =IF(L6="","","{"&L$4&","&L6*10000&"}") -> {3,900} | X6: =IF(M6="","","{"&M$4&","&M6*10000&"}") -> {4,100} | Y6: =IF(N6="","","{"&N$4&","&N6*10000&"}") | Z6: =IF(O6="","","{"&O$4&","&O6*10000&"}") | AA6: =IF(P6="","","{"&P$4&","&P6*10000&"}") | AB6: =IF(Q6="","","{"&Q$4&","&Q6*10000&"}") | ... AE6: =IF(T6="","","{"&T$4&","&T6*10000&"}") -> #VALUE! | AI6: =IF(Y6="","","{"&Y$4&","&Y6*10000&"}")
A7: =SUM($E$6:E7) -> 30000 | D7: 2 | E7: 20000 | F7: 6000 | G7: =E7/5000+G6+1 -> 9 | H7: =OFFSET($E$69,0,D7)*5+1 -> 1.3472222 | I7: =I6*2^0.2 -> 1.1486984 | J7: 0.3 | K7: 0.55 | L7: 0.12 | M7: 0.03 | T7: =_xlfn.TEXTJOIN(",",1,U7:AD7) -> {1,3000},{2,5500},{3,1200},{4,300} | U7: =IF(J7="","","{"&J$4&","&J7*10000&"}") -> {1,3000} | V7: =IF(K7="","","{"&K$4&","&K7*10000&"}") -> {2,5500} | W7: =IF(L7="","","{"&L$4&","&L7*10000&"}") -> {3,1200} | X7: =IF(M7="","","{"&M$4&","&M7*10000&"}") -> {4,300} | Y7: =IF(N7="","","{"&N$4&","&N7*10000&"}") | Z7: =IF(O7="","","{"&O$4&","&O7*10000&"}") | AA7: =IF(P7="","","{"&P$4&","&P7*10000&"}") | AB7: =IF(Q7="","","{"&Q$4&","&Q7*10000&"}") | ... AD7: =IF(S7="","","{"&S$4&","&S7*10000&"}")
A8: =SUM($E$6:E8) -> 70000 | D8: 3 | E8: 40000 | F8: =F7*2 -> 12000 | G8: =E8/6000+G7+1 -> 16.666667 | H8: =OFFSET($E$69,0,D8)*5+1 -> 1.4166667 | I8: =I7*2^0.2 -> 1.3195079 | K8: 0.65 | L8: 0.24 | M8: 0.1 | N8: 0.01 | T8: =_xlfn.TEXTJOIN(",",1,U8:AD8) -> {2,6500},{3,2400},{4,1000},{5,100} | U8: =IF(J8="","","{"&J$4&","&J8*10000&"}") | V8: =IF(K8="","","{"&K$4&","&K8*10000&"}") -> {2,6500} | W8: =IF(L8="","","{"&L$4&","&L8*10000&"}") -> {3,2400} | X8: =IF(M8="","","{"&M$4&","&M8*10000&"}") -> {4,1000} | Y8: =IF(N8="","","{"&N$4&","&N8*10000&"}") -> {5,100} | Z8: =IF(O8="","","{"&O$4&","&O8*10000&"}") | AA8: =IF(P8="","","{"&P$4&","&P8*10000&"}") | AB8: =IF(Q8="","","{"&Q$4&","&Q8*10000&"}") | ... AD8: =IF(S8="","","{"&S$4&","&S8*10000&"}")
A9: =SUM($E$6:E9) -> 150000 | D9: 4 | E9: 80000 | F9: 25000 | G9: =E9/7000+G8+1 -> 29.095238 | H9: =OFFSET($E$69,0,D9)*5+1 -> 1.5 | I9: =I8*2^0.2 -> 1.5157166 | L9: 0.65 | M9: 0.24 | N9: 0.1 | O9: 0.01 | T9: =_xlfn.TEXTJOIN(",",1,U9:AD9) -> {3,6500},{4,2400},{5,1000},{6,100} | U9: =IF(J9="","","{"&J$4&","&J9*10000&"}") | V9: =IF(K9="","","{"&K$4&","&K9*10000&"}") | W9: =IF(L9="","","{"&L$4&","&L9*10000&"}") -> {3,6500} | X9: =IF(M9="","","{"&M$4&","&M9*10000&"}") -> {4,2400} | Y9: =IF(N9="","","{"&N$4&","&N9*10000&"}") -> {5,1000} | Z9: =IF(O9="","","{"&O$4&","&O9*10000&"}") -> {6,100} | AA9: =IF(P9="","","{"&P$4&","&P9*10000&"}") | AB9: =IF(Q9="","","{"&Q$4&","&Q9*10000&"}") | ... AD9: =IF(S9="","","{"&S$4&","&S9*10000&"}")
A10: =SUM($E$6:E10) -> 300000 | D10: 5 | E10: 150000 | F10: =F9*2 -> 50000 | G10: =E10/8000+G9+1 -> 48.845238 | H10: =OFFSET($E$69,0,D10)*5+1 -> 1.6 | I10: =I9*2^0.2 -> 1.7411011 | M10: 0.65 | N10: 0.24 | O10: 0.1 | P10: 0.01 | T10: =_xlfn.TEXTJOIN(",",1,U10:AD10) -> {4,6500},{5,2400},{6,1000},{7,100} | U10: =IF(J10="","","{"&J$4&","&J10*10000&"}") | V10: =IF(K10="","","{"&K$4&","&K10*10000&"}") | W10: =IF(L10="","","{"&L$4&","&L10*10000&"}") | X10: =IF(M10="","","{"&M$4&","&M10*10000&"}") -> {4,6500} | Y10: =IF(N10="","","{"&N$4&","&N10*10000&"}") -> {5,2400} | Z10: =IF(O10="","","{"&O$4&","&O10*10000&"}") -> {6,1000} | AA10: =IF(P10="","","{"&P$4&","&P10*10000&"}") -> {7,100} | AB10: =IF(Q10="","","{"&Q$4&","&Q10*10000&"}") | ... AD10: =IF(S10="","","{"&S$4&","&S10*10000&"}")
A11: =SUM($E$6:E11) -> 600000 | D11: 6 | E11: 300000 | F11: =F10*2 -> 100000 | G11: =E11/8000+G10+1 -> 87.345238 | H11: =OFFSET($E$69,0,D11)*5+1 -> 1.72 | I11: =I10*2^0.2 -> 2 | M11: 0.25 | N11: 0.5 | O11: 0.2 | P11: 0.05 | T11: =_xlfn.TEXTJOIN(",",1,U11:AD11) -> {4,2500},{5,5000},{6,2000},{7,500} | U11: =IF(J11="","","{"&J$4&","&J11*10000&"}") | V11: =IF(K11="","","{"&K$4&","&K11*10000&"}") | W11: =IF(L11="","","{"&L$4&","&L11*10000&"}") | X11: =IF(M11="","","{"&M$4&","&M11*10000&"}") -> {4,2500} | Y11: =IF(N11="","","{"&N$4&","&N11*10000&"}") -> {5,5000} | Z11: =IF(O11="","","{"&O$4&","&O11*10000&"}") -> {6,2000} | AA11: =IF(P11="","","{"&P$4&","&P11*10000&"}") -> {7,500} | AB11: =IF(Q11="","","{"&Q$4&","&Q11*10000&"}") | ... AD11: =IF(S11="","","{"&S$4&","&S11*10000&"}")
A12: =SUM($E$6:E12) -> 1200000 | D12: 7 | E12: 600000 | F12: =F11*2 -> 200000 | G12: =E12/8000+G11+1 -> 163.34524 | H12: =OFFSET($E$69,0,D12)*5+1 -> 1.864 | I12: =I11*2^0.1 -> 2.1435469 | N12: 0.54 | O12: 0.35 | P12: 0.1 | Q12: 0.01 | T12: =_xlfn.TEXTJOIN(",",1,U12:AD12) -> {5,5400},{6,3500},{7,1000},{8,100} | U12: =IF(J12="","","{"&J$4&","&J12*10000&"}") | V12: =IF(K12="","","{"&K$4&","&K12*10000&"}") | W12: =IF(L12="","","{"&L$4&","&L12*10000&"}") | X12: =IF(M12="","","{"&M$4&","&M12*10000&"}") | Y12: =IF(N12="","","{"&N$4&","&N12*10000&"}") -> {5,5400} | Z12: =IF(O12="","","{"&O$4&","&O12*10000&"}") -> {6,3500} | AA12: =IF(P12="","","{"&P$4&","&P12*10000&"}") -> {7,1000} | AB12: =IF(Q12="","","{"&Q$4&","&Q12*10000&"}") -> {8,100} | ... AD12: =IF(S12="","","{"&S$4&","&S12*10000&"}")
A13: =SUM($E$6:E13) -> 2400000 | D13: 8 | E13: =E12*2 -> 1200000 | F13: =F12*2 -> 400000 | G13: =E13/8000+G12+1 -> 314.34524 | H13: =OFFSET($E$69,0,D13)*5+1 -> 2.0368 | I13: =I12*2^0.1 -> 2.2973967 | N13: 0.3 | O13: 0.35 | P13: 0.3 | Q13: 0.05 | T13: =_xlfn.TEXTJOIN(",",1,U13:AD13) -> {5,3000},{6,3500},{7,3000},{8,500} | U13: =IF(J13="","","{"&J$4&","&J13*10000&"}") | V13: =IF(K13="","","{"&K$4&","&K13*10000&"}") | W13: =IF(L13="","","{"&L$4&","&L13*10000&"}") | X13: =IF(M13="","","{"&M$4&","&M13*10000&"}") | Y13: =IF(N13="","","{"&N$4&","&N13*10000&"}") -> {5,3000} | Z13: =IF(O13="","","{"&O$4&","&O13*10000&"}") -> {6,3500} | AA13: =IF(P13="","","{"&P$4&","&P13*10000&"}") -> {7,3000} | AB13: =IF(Q13="","","{"&Q$4&","&Q13*10000&"}") -> {8,500} | ... AD13: =IF(S13="","","{"&S$4&","&S13*10000&"}")
A14: =SUM($E$6:E14) -> 4900000 | D14: 9 | E14: 2500000 | F14: =F13*2 -> 800000 | G14: =E14/8000+G13+1 -> 627.84524 | H14: =OFFSET($E$69,0,D14)*5+1 -> 2.24416 | I14: =I13*2^0.1 -> 2.4622888 | N14: 0.1 | O14: 0.4 | P14: 0.39 | Q14: 0.1 | R14: 0.01 | T14: =_xlfn.TEXTJOIN(",",1,U14:AD14) -> {5,1000},{6,4000},{7,3900},{8,1000},{9,100} | U14: =IF(J14="","","{"&J$4&","&J14*10000&"}") | V14: =IF(K14="","","{"&K$4&","&K14*10000&"}") | W14: =IF(L14="","","{"&L$4&","&L14*10000&"}") | X14: =IF(M14="","","{"&M$4&","&M14*10000&"}") | Y14: =IF(N14="","","{"&N$4&","&N14*10000&"}") -> {5,1000} | Z14: =IF(O14="","","{"&O$4&","&O14*10000&"}") -> {6,4000} | AA14: =IF(P14="","","{"&P$4&","&P14*10000&"}") -> {7,3900} | AB14: =IF(Q14="","","{"&Q$4&","&Q14*10000&"}") -> {8,1000} | ... AD14: =IF(S14="","","{"&S$4&","&S14*10000&"}")
A15: =SUM($E$6:E15) -> 9900000 | D15: 10 | E15: =E14*2 -> 5000000 | F15: =F14*2 -> 1600000 | G15: =E15/8000+G14+1 -> 1253.8452 | H15: =OFFSET($E$69,0,D15)*5+1 -> 2.492992 | I15: =I14*2^0.1 -> 2.6390158 | O15: 0.38 | P15: 0.45 | Q15: 0.15 | R15: 0.02 | T15: =_xlfn.TEXTJOIN(",",1,U15:AD15) -> {6,3800},{7,4500},{8,1500},{9,200} | U15: =IF(J15="","","{"&J$4&","&J15*10000&"}") | V15: =IF(K15="","","{"&K$4&","&K15*10000&"}") | W15: =IF(L15="","","{"&L$4&","&L15*10000&"}") | X15: =IF(M15="","","{"&M$4&","&M15*10000&"}") | Y15: =IF(N15="","","{"&N$4&","&N15*10000&"}") | Z15: =IF(O15="","","{"&O$4&","&O15*10000&"}") -> {6,3800} | AA15: =IF(P15="","","{"&P$4&","&P15*10000&"}") -> {7,4500} | AB15: =IF(Q15="","","{"&Q$4&","&Q15*10000&"}") -> {8,1500} | ... AD15: =IF(S15="","","{"&S$4&","&S15*10000&"}")
A16: =SUM($E$6:E16) -> 19900000 | D16: 11 | E16: =E15*2 -> 10000000 | F16: =F15*2 -> 3200000 | G16: =E16/8000+G15+1 -> 2504.8452 | H16: =OFFSET($E$69,0,D16)*5+1 -> 2.7915904 | I16: =I15*2^0.1 -> 2.8284271 | O16: 0.2 | P16: 0.5 | Q16: 0.24 | R16: 0.05 | S16: 0.01 | T16: =_xlfn.TEXTJOIN(",",1,U16:AD16) -> {6,2000},{7,5000},{8,2400},{9,500},{10,100} | U16: =IF(J16="","","{"&J$4&","&J16*10000&"}") | V16: =IF(K16="","","{"&K$4&","&K16*10000&"}") | W16: =IF(L16="","","{"&L$4&","&L16*10000&"}") | X16: =IF(M16="","","{"&M$4&","&M16*10000&"}") | Y16: =IF(N16="","","{"&N$4&","&N16*10000&"}") | Z16: =IF(O16="","","{"&O$4&","&O16*10000&"}") -> {6,2000} | AA16: =IF(P16="","","{"&P$4&","&P16*10000&"}") -> {7,5000} | AB16: =IF(Q16="","","{"&Q$4&","&Q16*10000&"}") -> {8,2400} | ... AD16: =IF(S16="","","{"&S$4&","&S16*10000&"}") -> {10,100}
A17: =SUM($E$6:E17) -> 39900000 | D17: 12 | E17: =E16*2 -> 20000000 | F17: =F16*2 -> 6400000 | G17: =E17/8000+G16+1 -> 5005.8452 | H17: =OFFSET($E$69,0,D17)*5+1 -> 3.1499085 | I17: =I16*2^0.1 -> 3.0314331 | O17: 0.1 | P17: 0.4 | Q17: 0.38 | R17: 0.1 | S17: 0.02 | T17: =_xlfn.TEXTJOIN(",",1,U17:AD17) -> {6,1000},{7,4000},{8,3800},{9,1000},{10,200} | U17: =IF(J17="","","{"&J$4&","&J17*10000&"}") | V17: =IF(K17="","","{"&K$4&","&K17*10000&"}") | W17: =IF(L17="","","{"&L$4&","&L17*10000&"}") | X17: =IF(M17="","","{"&M$4&","&M17*10000&"}") | Y17: =IF(N17="","","{"&N$4&","&N17*10000&"}") | Z17: =IF(O17="","","{"&O$4&","&O17*10000&"}") -> {6,1000} | AA17: =IF(P17="","","{"&P$4&","&P17*10000&"}") -> {7,4000} | AB17: =IF(Q17="","","{"&Q$4&","&Q17*10000&"}") -> {8,3800} | ... AD17: =IF(S17="","","{"&S$4&","&S17*10000&"}") -> {10,200}
T19: 1 | U19: 2 | V19: 3 | W19: 4 | X19: 5 | Y19: 6 | Z19: 7 | AA19: 8 | AB19: 9 | AC19: 10
A20: ="[{"&C20&","&G20&"}]" -> [{4,11}] | C20: 4 | D20: 1 | E20: =_xlfn.XLOOKUP(H20,$D$33:$D$37,$E$33:$E$37) -> 0.9881 | F20: =1-H20 -> 0.99 | G20: =_xlfn.XLOOKUP(H20,$D$33:$D$38,$F$33:$F$38)-1 -> 11 | H20: 0.01 | I20: =ROUND(J6/($F20)*($E20),4) -> 0.499 | J20: =ROUND(K6/($F20)*($E20),4) -> 0.3992 | K20: =ROUND(L6/($F20)*($E20),4) -> 0.0898 | L20: =1-_xlfn.XLOOKUP($H20,$D$33:$D$37,$E$33:$E$37) -> 0.0119 | S20: ="["&_xlfn.TEXTJOIN(",",1,T20:AC20)&"]" -> [{1,4990},{2,3992},{3,898},{4,119}] | T20: =IF(I20="","","{"&J$4&","&I20*10000&"}") -> {1,4990} | U20: =IF(J20="","","{"&K$4&","&J20*10000&"}") -> {2,3992} | V20: =IF(K20="","","{"&L$4&","&K20*10000&"}") -> {3,898} | W20: =IF(L20="","","{"&M$4&","&L20*10000&"}") -> {4,119} | X20: =IF(M20="","","{"&N$4&","&M20*10000&"}") | Y20: =IF(N20="","","{"&O$4&","&N20*10000&"}") | Z20: =IF(O20="","","{"&P$4&","&O20*10000&"}") | AA20: =IF(P20="","","{"&Q$4&","&P20*10000&"}") | ... AC20: =IF(R20="","","{"&S$4&","&R20*10000&"}")
A21: ="[{"&C21&","&G21&"}]" -> [{4,3}] | C21: 4 | D21: 2 | E21: =_xlfn.XLOOKUP(H21,$D$33:$D$37,$E$33:$E$37) -> 0.967 | F21: =1-H21 -> 0.97 | G21: =_xlfn.XLOOKUP(H21,$D$33:$D$38,$F$33:$F$38)-1 -> 3 | H21: 0.03 | I21: =ROUND(J7/($F21)*($E21),4) -> 0.2991 | J21: =ROUND(K7/($F21)*($E21),4) -> 0.5483 | K21: =ROUND(L7/($F21)*($E21),4) -> 0.1196 | L21: =1-_xlfn.XLOOKUP($H21,$D$33:$D$37,$E$33:$E$37) -> 0.033 | S21: ="["&_xlfn.TEXTJOIN(",",1,T21:AC21)&"]" -> [{1,2991},{2,5483},{3,1196},{4,330}] | T21: =IF(I21="","","{"&J$4&","&I21*10000&"}") -> {1,2991} | U21: =IF(J21="","","{"&K$4&","&J21*10000&"}") -> {2,5483} | V21: =IF(K21="","","{"&L$4&","&K21*10000&"}") -> {3,1196} | W21: =IF(L21="","","{"&M$4&","&L21*10000&"}") -> {4,330} | X21: =IF(M21="","","{"&N$4&","&M21*10000&"}") | Y21: =IF(N21="","","{"&O$4&","&N21*10000&"}") | Z21: =IF(O21="","","{"&P$4&","&O21*10000&"}") | AA21: =IF(P21="","","{"&Q$4&","&P21*10000&"}") | ... AC21: =IF(R21="","","{"&S$4&","&R21*10000&"}")
A22: ="[{"&C22&","&G22&"}]" -> [{5,11}] | C22: 5 | D22: 3 | E22: =_xlfn.XLOOKUP(H22,$D$33:$D$37,$E$33:$E$37) -> 0.9881 | F22: =1-H22 -> 0.99 | G22: =_xlfn.XLOOKUP(H22,$D$33:$D$38,$F$33:$F$38)-1 -> 11 | H22: 0.01 | J22: =ROUND(K8/($F22)*($E22),4) -> 0.6488 | K22: =ROUND(L8/($F22)*($E22),4) -> 0.2395 | L22: =ROUND(M8/($F22)*($E22),4) -> 0.0998 | M22: =1-_xlfn.XLOOKUP($H22,$D$33:$D$37,$E$33:$E$37) -> 0.0119 | S22: ="["&_xlfn.TEXTJOIN(",",1,T22:AC22)&"]" -> [{2,6488},{3,2395},{4,998},{5,119}] | T22: =IF(I22="","","{"&J$4&","&I22*10000&"}") | U22: =IF(J22="","","{"&K$4&","&J22*10000&"}") -> {2,6488} | V22: =IF(K22="","","{"&L$4&","&K22*10000&"}") -> {3,2395} | W22: =IF(L22="","","{"&M$4&","&L22*10000&"}") -> {4,998} | X22: =IF(M22="","","{"&N$4&","&M22*10000&"}") -> {5,119} | Y22: =IF(N22="","","{"&O$4&","&N22*10000&"}") | Z22: =IF(O22="","","{"&P$4&","&O22*10000&"}") | AA22: =IF(P22="","","{"&Q$4&","&P22*10000&"}") | ... AC22: =IF(R22="","","{"&S$4&","&R22*10000&"}")
A23: ="[{"&C23&","&G23&"}]" -> [{6,11}] | C23: 6 | D23: 4 | E23: =_xlfn.XLOOKUP(H23,$D$33:$D$37,$E$33:$E$37) -> 0.9881 | F23: =1-H23 -> 0.99 | G23: =_xlfn.XLOOKUP(H23,$D$33:$D$38,$F$33:$F$38)-1 -> 11 | H23: 0.01 | K23: =ROUND(L9/($F23)*($E23),4) -> 0.6488 | L23: =ROUND(M9/($F23)*($E23),4) -> 0.2395 | M23: =ROUND(N9/($F23)*($E23),4) -> 0.0998 | N23: =1-_xlfn.XLOOKUP($H23,$D$33:$D$37,$E$33:$E$37) -> 0.0119 | S23: ="["&_xlfn.TEXTJOIN(",",1,T23:AC23)&"]" -> [{3,6488},{4,2395},{5,998},{6,119}] | T23: =IF(I23="","","{"&J$4&","&I23*10000&"}") | U23: =IF(J23="","","{"&K$4&","&J23*10000&"}") | V23: =IF(K23="","","{"&L$4&","&K23*10000&"}") -> {3,6488} | W23: =IF(L23="","","{"&M$4&","&L23*10000&"}") -> {4,2395} | X23: =IF(M23="","","{"&N$4&","&M23*10000&"}") -> {5,998} | Y23: =IF(N23="","","{"&O$4&","&N23*10000&"}") -> {6,119} | Z23: =IF(O23="","","{"&P$4&","&O23*10000&"}") | AA23: =IF(P23="","","{"&Q$4&","&P23*10000&"}") | ... AC23: =IF(R23="","","{"&S$4&","&R23*10000&"}")
A24: ="[{"&C24&","&G24&"}]" -> [{7,11}] | C24: 7 | D24: 5 | E24: =_xlfn.XLOOKUP(H24,$D$33:$D$37,$E$33:$E$37) -> 0.9881 | F24: =1-H24 -> 0.99 | G24: =_xlfn.XLOOKUP(H24,$D$33:$D$38,$F$33:$F$38)-1 -> 11 | H24: 0.01 | L24: =ROUND(M10/($F24)*($E24),4) -> 0.6488 | M24: =ROUND(N10/($F24)*($E24),4) -> 0.2395 | N24: =ROUND(O10/($F24)*($E24),4) -> 0.0998 | O24: =1-_xlfn.XLOOKUP($H24,$D$33:$D$37,$E$33:$E$37) -> 0.0119 | S24: ="["&_xlfn.TEXTJOIN(",",1,T24:AC24)&"]" -> [{4,6488},{5,2395},{6,998},{7,119}] | T24: =IF(I24="","","{"&J$4&","&I24*10000&"}") | U24: =IF(J24="","","{"&K$4&","&J24*10000&"}") | V24: =IF(K24="","","{"&L$4&","&K24*10000&"}") | W24: =IF(L24="","","{"&M$4&","&L24*10000&"}") -> {4,6488} | X24: =IF(M24="","","{"&N$4&","&M24*10000&"}") -> {5,2395} | Y24: =IF(N24="","","{"&O$4&","&N24*10000&"}") -> {6,998} | Z24: =IF(O24="","","{"&P$4&","&O24*10000&"}") -> {7,119} | AA24: =IF(P24="","","{"&Q$4&","&P24*10000&"}") | ... AC24: =IF(R24="","","{"&S$4&","&R24*10000&"}")
A25: ="[{"&C25&","&G25&"}]" -> [{7,2}] | C25: 7 | D25: 6 | E25: =_xlfn.XLOOKUP(H25,$D$33:$D$37,$E$33:$E$37) -> 0.9444 | F25: =1-H25 -> 0.95 | G25: =_xlfn.XLOOKUP(H25,$D$33:$D$38,$F$33:$F$38)-1 -> 2 | H25: 0.05 | L25: =ROUND(M11/($F25)*($E25),4) -> 0.2485 | M25: =ROUND(N11/($F25)*($E25),4) -> 0.4971 | N25: =ROUND(O11/($F25)*($E25),4) -> 0.1988 | O25: =1-_xlfn.XLOOKUP($H25,$D$33:$D$37,$E$33:$E$37) -> 0.0556 | S25: ="["&_xlfn.TEXTJOIN(",",1,T25:AC25)&"]" -> [{4,2485},{5,4971},{6,1988},{7,556}] | T25: =IF(I25="","","{"&J$4&","&I25*10000&"}") | U25: =IF(J25="","","{"&K$4&","&J25*10000&"}") | V25: =IF(K25="","","{"&L$4&","&K25*10000&"}") | W25: =IF(L25="","","{"&M$4&","&L25*10000&"}") -> {4,2485} | X25: =IF(M25="","","{"&N$4&","&M25*10000&"}") -> {5,4971} | Y25: =IF(N25="","","{"&O$4&","&N25*10000&"}") -> {6,1988} | Z25: =IF(O25="","","{"&P$4&","&O25*10000&"}") -> {7,556} | AA25: =IF(P25="","","{"&Q$4&","&P25*10000&"}") | ... AC25: =IF(R25="","","{"&S$4&","&R25*10000&"}")
A26: ="[{"&C26&","&G26&"}]" -> [{8,11}] | C26: 8 | D26: 7 | E26: =_xlfn.XLOOKUP(H26,$D$33:$D$37,$E$33:$E$37) -> 0.9881 | F26: =1-H26 -> 0.99 | G26: =_xlfn.XLOOKUP(H26,$D$33:$D$38,$F$33:$F$38)-1 -> 11 | H26: 0.01 | M26: =ROUND(N12/($F26)*($E26),4) -> 0.539 | N26: =ROUND(O12/($F26)*($E26),4) -> 0.3493 | O26: =ROUND(P12/($F26)*($E26),4) -> 0.0998 | P26: =1-_xlfn.XLOOKUP($H26,$D$33:$D$37,$E$33:$E$37) -> 0.0119 | S26: ="["&_xlfn.TEXTJOIN(",",1,T26:AC26)&"]" -> [{5,5390},{6,3493},{7,998},{8,119}] | T26: =IF(I26="","","{"&J$4&","&I26*10000&"}") | U26: =IF(J26="","","{"&K$4&","&J26*10000&"}") | V26: =IF(K26="","","{"&L$4&","&K26*10000&"}") | W26: =IF(L26="","","{"&M$4&","&L26*10000&"}") | X26: =IF(M26="","","{"&N$4&","&M26*10000&"}") -> {5,5390} | Y26: =IF(N26="","","{"&O$4&","&N26*10000&"}") -> {6,3493} | Z26: =IF(O26="","","{"&P$4&","&O26*10000&"}") -> {7,998} | AA26: =IF(P26="","","{"&Q$4&","&P26*10000&"}") -> {8,119} | ... AC26: =IF(R26="","","{"&S$4&","&R26*10000&"}")
A27: ="[{"&C27&","&G27&"}]" -> [{8,2}] | C27: 8 | D27: 8 | E27: =_xlfn.XLOOKUP(H27,$D$33:$D$37,$E$33:$E$37) -> 0.9444 | F27: =1-H27 -> 0.95 | G27: =_xlfn.XLOOKUP(H27,$D$33:$D$38,$F$33:$F$38)-1 -> 2 | H27: 0.05 | M27: =ROUND(N13/($F27)*($E27),4) -> 0.2982 | N27: =ROUND(O13/($F27)*($E27),4) -> 0.3479 | O27: =ROUND(P13/($F27)*($E27),4) -> 0.2982 | P27: =1-_xlfn.XLOOKUP($H27,$D$33:$D$37,$E$33:$E$37) -> 0.0556 | S27: ="["&_xlfn.TEXTJOIN(",",1,T27:AC27)&"]" -> [{5,2982},{6,3479},{7,2982},{8,556}] | T27: =IF(I27="","","{"&J$4&","&I27*10000&"}") | U27: =IF(J27="","","{"&K$4&","&J27*10000&"}") | V27: =IF(K27="","","{"&L$4&","&K27*10000&"}") | W27: =IF(L27="","","{"&M$4&","&L27*10000&"}") | X27: =IF(M27="","","{"&N$4&","&M27*10000&"}") -> {5,2982} | Y27: =IF(N27="","","{"&O$4&","&N27*10000&"}") -> {6,3479} | Z27: =IF(O27="","","{"&P$4&","&O27*10000&"}") -> {7,2982} | AA27: =IF(P27="","","{"&Q$4&","&P27*10000&"}") -> {8,556} | ... AC27: =IF(R27="","","{"&S$4&","&R27*10000&"}")
A28: ="[{"&C28&","&G28&"}]" -> [{9,11}] | C28: 9 | D28: 9 | E28: =_xlfn.XLOOKUP(H28,$D$33:$D$37,$E$33:$E$37) -> 0.9881 | F28: =1-H28 -> 0.99 | G28: =_xlfn.XLOOKUP(H28,$D$33:$D$38,$F$33:$F$38)-1 -> 11 | H28: 0.01 | M28: =ROUND(N14/($F28)*($E28),4) -> 0.0998 | N28: =ROUND(O14/($F28)*($E28),4) -> 0.3992 | O28: =ROUND(P14/($F28)*($E28),4) -> 0.3893 | P28: =ROUND(Q14/($F28)*($E28),4) -> 0.0998 | Q28: =1-_xlfn.XLOOKUP($H28,$D$33:$D$37,$E$33:$E$37) -> 0.0119 | S28: ="["&_xlfn.TEXTJOIN(",",1,T28:AC28)&"]" -> [{5,998},{6,3992},{7,3893},{8,998},{9,119}] | T28: =IF(I28="","","{"&J$4&","&I28*10000&"}") | U28: =IF(J28="","","{"&K$4&","&J28*10000&"}") | V28: =IF(K28="","","{"&L$4&","&K28*10000&"}") | W28: =IF(L28="","","{"&M$4&","&L28*10000&"}") | X28: =IF(M28="","","{"&N$4&","&M28*10000&"}") -> {5,998} | Y28: =IF(N28="","","{"&O$4&","&N28*10000&"}") -> {6,3992} | Z28: =IF(O28="","","{"&P$4&","&O28*10000&"}") -> {7,3893} | AA28: =IF(P28="","","{"&Q$4&","&P28*10000&"}") -> {8,998} | ... AC28: =IF(R28="","","{"&S$4&","&R28*10000&"}")
A29: ="[{"&C29&","&G29&"}]" -> [{9,5}] | C29: 9 | D29: 10 | E29: =_xlfn.XLOOKUP(H29,$D$33:$D$37,$E$33:$E$37) -> 0.9778 | F29: =1-H29 -> 0.98 | G29: =_xlfn.XLOOKUP(H29,$D$33:$D$38,$F$33:$F$38)-1 -> 5 | H29: 0.02 | N29: =ROUND(O15/($F29)*($E29),4) -> 0.3791 | O29: =ROUND(P15/($F29)*($E29),4) -> 0.449 | P29: =ROUND(Q15/($F29)*($E29),4) -> 0.1497 | Q29: =1-_xlfn.XLOOKUP($H29,$D$33:$D$37,$E$33:$E$37) -> 0.0222 | S29: ="["&_xlfn.TEXTJOIN(",",1,T29:AC29)&"]" -> [{6,3791},{7,4490},{8,1497},{9,222}] | T29: =IF(I29="","","{"&J$4&","&I29*10000&"}") | U29: =IF(J29="","","{"&K$4&","&J29*10000&"}") | V29: =IF(K29="","","{"&L$4&","&K29*10000&"}") | W29: =IF(L29="","","{"&M$4&","&L29*10000&"}") | X29: =IF(M29="","","{"&N$4&","&M29*10000&"}") | Y29: =IF(N29="","","{"&O$4&","&N29*10000&"}") -> {6,3791} | Z29: =IF(O29="","","{"&P$4&","&O29*10000&"}") -> {7,4490} | AA29: =IF(P29="","","{"&Q$4&","&P29*10000&"}") -> {8,1497} | ... AC29: =IF(R29="","","{"&S$4&","&R29*10000&"}")
A30: ="[{"&C30&","&G30&"}]" -> [{10,11}] | C30: 10 | D30: 11 | E30: =_xlfn.XLOOKUP(H30,$D$33:$D$37,$E$33:$E$37) -> 0.9881 | F30: =1-H30 -> 0.99 | G30: =_xlfn.XLOOKUP(H30,$D$33:$D$38,$F$33:$F$38)-1 -> 11 | H30: 0.01 | N30: =ROUND(O16/($F30)*($E30),4) -> 0.1996 | O30: =ROUND(P16/($F30)*($E30),4) -> 0.499 | P30: =ROUND(Q16/($F30)*($E30),4) -> 0.2395 | Q30: =ROUND(R16/($F30)*($E30),4) -> 0.0499 | R30: =1-_xlfn.XLOOKUP($H30,$D$33:$D$37,$E$33:$E$37) -> 0.0119 | S30: ="["&_xlfn.TEXTJOIN(",",1,T30:AC30)&"]" -> [{6,1996},{7,4990},{8,2395},{9,499},{10,119}] | T30: =IF(I30="","","{"&J$4&","&I30*10000&"}") | U30: =IF(J30="","","{"&K$4&","&J30*10000&"}") | V30: =IF(K30="","","{"&L$4&","&K30*10000&"}") | W30: =IF(L30="","","{"&M$4&","&L30*10000&"}") | X30: =IF(M30="","","{"&N$4&","&M30*10000&"}") | Y30: =IF(N30="","","{"&O$4&","&N30*10000&"}") -> {6,1996} | Z30: =IF(O30="","","{"&P$4&","&O30*10000&"}") -> {7,4990} | AA30: =IF(P30="","","{"&Q$4&","&P30*10000&"}") -> {8,2395} | ... AC30: =IF(R30="","","{"&S$4&","&R30*10000&"}") -> {10,119}
A31: ="[{"&C31&","&G31&"}]" -> [{10,5}] | C31: 10 | D31: 12 | E31: =_xlfn.XLOOKUP(H31,$D$33:$D$37,$E$33:$E$37) -> 0.9778 | F31: =1-H31 -> 0.98 | G31: =_xlfn.XLOOKUP(H31,$D$33:$D$38,$F$33:$F$38)-1 -> 5 | H31: 0.02 | N31: =ROUND(O17/($F31)*($E31),4) -> 0.0998 | O31: =ROUND(P17/($F31)*($E31),4) -> 0.3991 | P31: =ROUND(Q17/($F31)*($E31),4) -> 0.3791 | Q31: =ROUND(R17/($F31)*($E31),4) -> 0.0998 | R31: =1-_xlfn.XLOOKUP($H31,$D$33:$D$37,$E$33:$E$37) -> 0.0222 | S31: ="["&_xlfn.TEXTJOIN(",",1,T31:AC31)&"]" -> [{6,998},{7,3991},{8,3791},{9,998},{10,222}] | T31: =IF(I31="","","{"&J$4&","&I31*10000&"}") | U31: =IF(J31="","","{"&K$4&","&J31*10000&"}") | V31: =IF(K31="","","{"&L$4&","&K31*10000&"}") | W31: =IF(L31="","","{"&M$4&","&L31*10000&"}") | X31: =IF(M31="","","{"&N$4&","&M31*10000&"}") | Y31: =IF(N31="","","{"&O$4&","&N31*10000&"}") -> {6,998} | Z31: =IF(O31="","","{"&P$4&","&O31*10000&"}") -> {7,3991} | AA31: =IF(P31="","","{"&Q$4&","&P31*10000&"}") -> {8,3791} | ... AC31: =IF(R31="","","{"&S$4&","&R31*10000&"}") -> {10,222}
D32: 预期概率 | E32: 稀释概率 | F32: 保底次数
D33: 0.01 | E33: =1-0.0119 -> 0.9881 | F33: 12
D34: 0.05 | E34: =1-0.0556 -> 0.9444 | F34: 3
D35: 0.02 | E35: =1-0.0222 -> 0.9778 | F35: 6
D36: 0.03 | E36: =1-0.033 -> 0.967 | F36: 4
C38: 秘宝属性 | H38: =37.4/0.62 -> 60.322581
F40: 1 | G40: 2 | H40: 3 | I40: 4 | J40: 5 | K40: 6 | L40: 7 | M40: 8
F41: 1.2 | G41: 1.2 | H41: 1.2 | I41: 1.2 | J41: 1.2 | K41: 1.2 | L41: 1.2 | M41: 1.2 | N41: 1.2 | O41: 1.2 | P41: 1.2 | Q41: 1.2
D42: 秘宝词条 | E42: 属性原子 | F42: 普通 | G42: 优秀 | H42: 稀有 | I42: 史诗 | J42: 传说 | K42: 神话 | L42: 创世 | M42: 炫彩1 | N42: 炫彩2 | O42: 炫彩3 | P42: 9 | Q42: 10
R43: 城墙血 | S43: 0.15 | T43: =SUM(U43:BE43) -> 30 | U43: 4 | X43: 1 | AA43: 1 | AB43: 1 | AC43: 1 | AE43: 1 | AH43: 1 | AI43: 1 | AK43: 1 | AL43: 1 | AM43: 1 | AO43: 2 | AQ43: 1 | AS43: 1 | AT43: 1 | AU43: 1 | AV43: 1 | AW43: 1 | AX43: 1 | AY43: 1 | AZ43: 1 | BA43: 2 | BC43: 2 | BE43: 1
R44: 怪物抵抗 | S44: 0.1 | T44: =SUM(U44:BE44) -> 26 | U44: 4 | Z44: 1 | AA44: 2 | AB44: 1 | AC44: 1 | AD44: 1 | AE44: 1 | AJ44: 2 | AL44: 1 | AP44: 1 | AQ44: 1 | AR44: 1 | AT44: 3 | AZ44: 1 | BA44: 1 | BB44: 2 | BD44: 1 | BE44: 1
D45: 城墙血量 | F45: =G45/1.2 -> 348.70608 | G45: =H45/1.2 -> 418.44729 | H45: =I45/1.2 -> 502.13675 | I45: =J45/1.2 -> 602.5641 | J45: =470/0.65 -> 723.07692 | K45: =J45*K$41 -> 867.69231 | L45: =K45*L$41 -> 1041.2308 | M45: =L45*M$41 -> 1249.4769 | N45: =M45*N$41 -> 1499.3723 | O45: 1360
D46: 城墙自动回血 | F46: =G46/1.2 -> 58.318978 | G46: =H46/1.2 -> 69.982773 | H46: =I46/1.2 -> 83.979328 | I46: =J46/1.2 -> 100.77519 | J46: =52/0.43 -> 120.93023 | K46: =J46*K$41 -> 145.11628 | L46: =K46*L$41 -> 174.13953 | M46: =L46*M$41 -> 208.96744 | O46: 224 | Q46: =S46/0.8 -> 0.1875 | R46: 怪物增伤 | S46: 0.15 | T46: =SUM(U46:BE46) -> 29 | U46: 4 | V46: 1 | W46: 2 | X46: 1 | AC46: 2 | AD46: 2 | AE46: 2 | AF46: 1 | AG46: 1 | AN46: 2 | AO46: 1 | AW46: 2 | AX46: 1 | AY46: 1 | AZ46: 2 | BB46: 1 | BC46: 1 | BD46: 1 | BE46: 1
D47: 城墙反弹伤害 | F47: =G47/1.2 -> 0.28999486 | G47: =H47/1.2 -> 0.34799383 | H47: =I47/1.2 -> 0.41759259 | I47: =J47/1.2 -> 0.50111111 | J47: =0.451/0.75 -> 0.60133333 | K47: =J47*K$41 -> 0.7216 | L47: =K47*L$41 -> 0.86592 | M47: =L47*M$41 -> 1.039104 | O47: =0.704/0.63 -> 1.1174603 | Q47: =S47/0.8 -> 0.375 | R47: 英雄增伤 | S47: 0.3 | T47: =SUM(U47:BE47) -> 68 | U47: 12 | V47: 3 | W47: 1 | X47: 2 | Y47: 4 | Z47: 2 | AA47: 1 | AF47: 2 | AG47: 1 | AH47: 3 | AI47: 2 | AJ47: 1 | AK47: 1 | AM47: 2 | AN47: 3 | AO47: 1 | AP47: 4 | AQ47: 1 | AR47: 3 | AS47: 3 | AU47: 2 | AV47: 3 | AW47: 1 | AX47: 1 | AY47: 2 | AZ47: 1 | BA47: 1 | BB47: 1 | BC47: 2 | BD47: 2
D48: 击杀怪物回血 | F48: =G48/1.2 -> 11.574074 | G48: =H48/1.2 -> 13.888889 | H48: =I48/1.2 -> 16.666667 | I48: 20 | J48: =7/0.29 -> 24.137931 | K48: =J48*K$41 -> 28.965517 | L48: =K48*L$41 -> 34.758621 | M48: =L48*M$41 -> 41.710345 | O48: =21/0.47 -> 44.680851 | Q48: =S48/0.8 -> 0.0625 | R48: 玩法增伤 | S48: 0.05 | T48: =SUM(U48:BE48) -> 14 | U48: 2 | AB48: 3 | AC48: 1 | AG48: 1 | AJ48: 1 | AK48: 2 | AO48: 1 | AQ48: 1 | AU48: 1 | BB48: 1
D50: 对高速怪物增伤 | E50: 613 | F50: =G50/1.2 -> 0.083333333 | G50: 0.1 | H50: =I50/1.2 -> 0.125 | I50: 0.15 | J50: =0.105/0.58 -> 0.18103448 | K50: =J50*K$41 -> 0.21724138 | L50: =K50*L$41 -> 0.26068966 | M50: =L50*M$41 -> 0.31282759 | O50: =0.25/0.76 -> 0.32894737 | Q50: =S50/0.8 -> 0.0625 | R50: 无视抗性 | S50: 0.05 | T50: =SUM(U50:BE50) -> 10 | U50: 2 | Z50: 1 | AA50: 1 | AD50: 1 | AH50: 1 | AI50: 1 | AM50: 1 | AS50: 1 | BA50: 1
D51: 对飞行怪物增伤 | E51: 614 | F51: =G51/1.2 -> 0.083333333 | G51: 0.1 | H51: =I51/1.2 -> 0.125 | I51: 0.15 | J51: =0.105/0.58 -> 0.18103448 | K51: =J51*K$41 -> 0.21724138 | L51: =K51*L$41 -> 0.26068966 | M51: =L51*M$41 -> 0.31282759 | O51: =0.25/0.76 -> 0.32894737 | Q51: =S51/0.8 -> 0.25 | R51: 暴击伤害 | S51: 0.2 | T51: =SUM(U51:BE51) -> 37 | U51: 7 | V51: 1 | W51: 2 | X51: 1 | Y51: 1 | Z51: 1 | AD51: 1 | AE51: 1 | AF51: 2 | AG51: 2 | AI51: 1 | AJ51: 1 | AK51: 1 | AL51: 3 | AM51: 1 | AQ51: 1 | AR51: 1 | AT51: 1 | AU51: 1 | AV51: 1 | AW51: 1 | AX51: 1 | AY51: 1 | BD51: 1 | BE51: 2
D52: 对肉盾怪物增伤 | E52: 615 | F52: =G52/1.2 -> 0.083333333 | G52: 0.1 | H52: =I52/1.2 -> 0.125 | I52: 0.15 | J52: =0.105/0.58 -> 0.18103448 | K52: =J52*K$41 -> 0.21724138 | L52: =K52*L$41 -> 0.26068966 | M52: =L52*M$41 -> 0.31282759 | O52: =0.25/0.76 -> 0.32894737
D53: 对远程怪物增伤 | F53: =G53/1.2 -> 0.083333333 | G53: 0.1 | H53: =I53/1.2 -> 0.125 | I53: 0.15 | J53: =0.105/0.58 -> 0.18103448 | K53: =J53*K$41 -> 0.21724138 | L53: =K53*L$41 -> 0.26068966 | M53: =L53*M$41 -> 0.31282759 | O53: =0.25/0.76 -> 0.32894737 | T53: =SUM(T42:T51) -> 214
D54: 对首领增伤 | E54: 610 | F54: =G54/1.2 -> 0.16666667 | G54: 0.2 | H54: =I54/1.2 -> 0.25 | I54: 0.3 | J54: =0.242/0.67 -> 0.36119403 | K54: =J54*K$41 -> 0.43343284 | L54: =K54*L$41 -> 0.5201194 | M54: =L54*M$41 -> 0.62414328 | O54: =47.1/70 -> 0.67285714
D56: 高速怪物抵抗 | H56: =I56/1.2 -> 0.13134058 | I56: =J56/1.2 -> 0.1576087 | J56: =0.087/0.46 -> 0.18913043 | N56: =0.203/0.56 -> 0.3625 | O56: =17.5/49 -> 0.35714286
D57: 飞行怪物抵抗 | H57: =I57/1.2 -> 0.13134058 | I57: =J57/1.2 -> 0.1576087 | J57: =0.087/0.46 -> 0.18913043 | O57: =17.5/49 -> 0.35714286
D58: 肉盾怪物抵抗 | H58: =I58/1.2 -> 0.13134058 | I58: =J58/1.2 -> 0.1576087 | J58: =0.087/0.46 -> 0.18913043 | O58: =17.5/49 -> 0.35714286
D59: 远程怪物抵抗 | H59: =I59/1.2 -> 0.13134058 | I59: =J59/1.2 -> 0.1576087 | J59: =0.087/0.46 -> 0.18913043 | O59: =17.5/49 -> 0.35714286
D61: 无视战士抗性 | E61: 1113 | F61: =G61/1.2 -> 0.05787037 | G61: =H61/1.2 -> 0.069444444 | H61: =I61/1.2 -> 0.083333333 | I61: =J61/1.2 -> 0.1 | J61: =0.072/0.6 -> 0.12 | K61: =J61*K$41 -> 0.144 | L61: =K61*L$41 -> 0.1728 | M61: =L61*M$41 -> 0.20736 | O61: =10.1/46 -> 0.21956522 | Q61: =(T61+S61)/2 -> 0.505 | R61: 传说 | S61: 0.47 | T61: 0.54
D62: 无视法师抗性 | E62: 1213 | F62: =G62/1.2 -> 0.05787037 | G62: =H62/1.2 -> 0.069444444 | H62: =I62/1.2 -> 0.083333333 | I62: =J62/1.2 -> 0.1 | J62: =0.072/0.6 -> 0.12 | K62: =J62*K$41 -> 0.144 | L62: =K62*L$41 -> 0.1728 | M62: =L62*M$41 -> 0.20736 | O62: =10.1/46 -> 0.21956522 | P62: =Q62/Q61 -> 1.2079208 | Q62: =(T62+S62)/2 -> 0.61 | R62: 绝世 | S62: 0.55 | T62: 0.67
D63: 无视射手抗性 | E63: 1413 | F63: =G63/1.2 -> 0.05787037 | G63: =H63/1.2 -> 0.069444444 | H63: =I63/1.2 -> 0.083333333 | I63: =J63/1.2 -> 0.1 | J63: =0.072/0.6 -> 0.12 | K63: =J63*K$41 -> 0.144 | L63: =K63*L$41 -> 0.1728 | M63: =L63*M$41 -> 0.20736 | O63: =10.1/46 -> 0.21956522 | P63: =Q63/Q62 -> 1.2295082 | Q63: =(T63+S63)/2 -> 0.75 | R63: 至尊 | S63: 0.68 | T63: 0.82
D64: 无视毒系抗性 | E64: 1513 | F64: =G64/1.2 -> 0.05787037 | G64: =H64/1.2 -> 0.069444444 | H64: =I64/1.2 -> 0.083333333 | I64: =J64/1.2 -> 0.1 | J64: =0.072/0.6 -> 0.12 | K64: =J64*K$41 -> 0.144 | L64: =K64*L$41 -> 0.1728 | M64: =L64*M$41 -> 0.20736 | O64: =10.1/46 -> 0.21956522 | P64: =Q64/Q63 -> 1.2133333 | Q64: =(T64+S64)/2 -> 0.91 | R64: 神话 | S64: 0.82 | T64: 1
D65: 无视召唤抗性 | E65: 1713 | F65: =G65/1.2 -> 0.05787037 | G65: =H65/1.2 -> 0.069444444 | H65: =I65/1.2 -> 0.083333333 | I65: =J65/1.2 -> 0.1 | J65: =0.072/0.6 -> 0.12 | K65: =J65*K$41 -> 0.144 | L65: =K65*L$41 -> 0.1728 | M65: =L65*M$41 -> 0.20736 | O65: =10.1/46 -> 0.21956522
D66: 无视控制抗性 | E66: 1013 | F66: =G66/1.2 -> 0.05787037 | G66: =H66/1.2 -> 0.069444444 | H66: =I66/1.2 -> 0.083333333 | I66: =J66/1.2 -> 0.1 | J66: =0.072/0.6 -> 0.12 | K66: =J66*K$41 -> 0.144 | L66: =K66*L$41 -> 0.1728 | M66: =L66*M$41 -> 0.20736 | O66: =10.1/46 -> 0.21956522
P67: 50关
D68: 国王伤害 | E68: 806 | F68: =G68/1.2 -> 0.083333333 | G68: 0.1 | H68: =I68/1.2 -> 0.125 | I68: 0.15 | J68: 0.18 | K68: =J68*K$41 -> 0.216 | L68: =K68*L$41 -> 0.2592 | M68: =L68*M$41 -> 0.31104 | O68: =0.288/0.87 -> 0.33103448
D69: 全体英雄增伤 | E69: 908 | F69: =G69/1.2 -> 0.05787037 | G69: =H69/1.2 -> 0.069444444 | H69: =I69/1.2 -> 0.083333333 | I69: 0.1 | J69: 0.12 | K69: =J69*K$41 -> 0.144 | L69: =K69*L$41 -> 0.1728 | M69: =L69*M$41 -> 0.20736 | N69: =M69*N$41 -> 0.248832 | O69: =N69*O$41 -> 0.2985984 | P69: =O69*P$41 -> 0.35831808 | Q69: =P69*Q$41 -> 0.4299817
D70: 战士英雄增伤 | E70: =E61-7 -> 1106 | F70: =G70/1.2 -> 0.083333333 | G70: 0.1 | H70: =I70/1.2 -> 0.125 | I70: 0.15 | J70: 0.18 | K70: =J70*K$41 -> 0.216 | L70: =K70*L$41 -> 0.2592 | M70: =L70*M$41 -> 0.31104 | O70: =0.253/0.77 -> 0.32857143
D71: 法师英雄增伤 | E71: =E62-7 -> 1206 | F71: =G71/1.2 -> 0.083333333 | G71: 0.1 | H71: =I71/1.2 -> 0.125 | I71: 0.15 | J71: 0.18 | K71: =J71*K$41 -> 0.216 | L71: =K71*L$41 -> 0.2592 | M71: =L71*M$41 -> 0.31104 | O71: =0.253/0.77 -> 0.32857143
D72: 射手英雄增伤 | E72: =E63-7 -> 1406 | F72: =G72/1.2 -> 0.083333333 | G72: 0.1 | H72: =I72/1.2 -> 0.125 | I72: 0.15 | J72: 0.18 | K72: =J72*K$41 -> 0.216 | L72: =K72*L$41 -> 0.2592 | M72: =L72*M$41 -> 0.31104 | O72: =0.253/0.77 -> 0.32857143
D73: 毒系英雄增伤 | E73: =E64-7 -> 1506 | F73: =G73/1.2 -> 0.083333333 | G73: 0.1 | H73: =I73/1.2 -> 0.125 | I73: 0.15 | J73: 0.18 | K73: =J73*K$41 -> 0.216 | L73: =K73*L$41 -> 0.2592 | M73: =L73*M$41 -> 0.31104 | O73: =0.253/0.77 -> 0.32857143
D74: 召唤英雄增伤 | E74: =E65-7 -> 1706 | F74: =G74/1.2 -> 0.083333333 | G74: 0.1 | H74: =I74/1.2 -> 0.125 | I74: 0.15 | J74: 0.18 | K74: =J74*K$41 -> 0.216 | L74: =K74*L$41 -> 0.2592 | M74: =L74*M$41 -> 0.31104 | O74: =0.253/0.77 -> 0.32857143
D75: 控制英雄增伤 | E75: =E66-7 -> 1006 | F75: =G75/1.2 -> 0.083333333 | G75: 0.1 | H75: =I75/1.2 -> 0.125 | I75: 0.15 | J75: 0.18 | K75: =J75*K$41 -> 0.216 | L75: =K75*L$41 -> 0.2592 | M75: =L75*M$41 -> 0.31104 | O75: =0.253/0.77 -> 0.32857143
I76: =J76/1.2 -> 0
D77: 暴击伤害 | E77: 907 | F77: =G77/1.2 -> 0.24112654 | G77: =H77/1.2 -> 0.28935185 | H77: =I77/1.2 -> 0.34722222 | I77: =J77/1.2 -> 0.41666667 | J77: 0.5 | K77: =J77*K$41 -> 0.6 | L77: =K77*L$41 -> 0.72 | M77: =L77*M$41 -> 0.864 | O77: =73.6/82 -> 0.89756098
D78: 战士暴击伤害 | E78: =E61-2 -> 1111 | F78: =G78/1.2 -> 0.28935185 | G78: =H78/1.2 -> 0.34722222 | H78: =I78/1.2 -> 0.41666667 | I78: =J78/1.2 -> 0.5 | J78: =0.426/0.71 -> 0.6 | K78: =J78*K$41 -> 0.72 | L78: =K78*L$41 -> 0.864 | M78: =L78*M$41 -> 1.0368 | O78: =72.1/64 -> 1.1265625
D79: 法师暴击伤害 | E79: =E62-2 -> 1211 | F79: =G79/1.2 -> 0.28935185 | G79: =H79/1.2 -> 0.34722222 | H79: =I79/1.2 -> 0.41666667 | I79: =J79/1.2 -> 0.5 | J79: =0.426/0.71 -> 0.6 | K79: =J79*K$41 -> 0.72 | L79: =K79*L$41 -> 0.864 | M79: =L79*M$41 -> 1.0368 | O79: =72.1/64 -> 1.1265625
D80: 射手暴击伤害 | E80: =E63-2 -> 1411 | F80: =G80/1.2 -> 0.28935185 | G80: =H80/1.2 -> 0.34722222 | H80: =I80/1.2 -> 0.41666667 | I80: =J80/1.2 -> 0.5 | J80: =0.426/0.71 -> 0.6 | K80: =J80*K$41 -> 0.72 | L80: =K80*L$41 -> 0.864 | M80: =L80*M$41 -> 1.0368 | O80: =72.1/64 -> 1.1265625
D81: 毒系暴击伤害 | E81: =E64-2 -> 1511 | F81: =G81/1.2 -> 0.28935185 | G81: =H81/1.2 -> 0.34722222 | H81: =I81/1.2 -> 0.41666667 | I81: =J81/1.2 -> 0.5 | J81: =0.426/0.71 -> 0.6 | K81: =J81*K$41 -> 0.72 | L81: =K81*L$41 -> 0.864 | M81: =L81*M$41 -> 1.0368 | O81: =72.1/64 -> 1.1265625
D82: 召唤暴击伤害 | E82: =E65-2 -> 1711 | F82: =G82/1.2 -> 0.28935185 | G82: =H82/1.2 -> 0.34722222 | H82: =I82/1.2 -> 0.41666667 | I82: =J82/1.2 -> 0.5 | J82: =0.426/0.71 -> 0.6 | K82: =J82*K$41 -> 0.72 | L82: =K82*L$41 -> 0.864 | M82: =L82*M$41 -> 1.0368 | O82: =72.1/64 -> 1.1265625
D83: 控制暴击伤害 | E83: =E66-2 -> 1011 | F83: =G83/1.2 -> 0.28935185 | G83: =H83/1.2 -> 0.34722222 | H83: =I83/1.2 -> 0.41666667 | I83: =J83/1.2 -> 0.5 | J83: =0.426/0.71 -> 0.6 | K83: =J83*K$41 -> 0.72 | L83: =K83*L$41 -> 0.864 | M83: =L83*M$41 -> 1.0368 | O83: =72.1/64 -> 1.1265625
I84: =J84/1.2 -> 0
D85: 主线增伤 | E85: 616 | F85: 0.08 | G85: 0.1 | H85: =I85/1.2 -> 0.125 | I85: 0.15 | J85: =0.12/0.67 -> 0.17910448 | K85: 0.216 | L85: =K85*L$41 -> 0.2592 | M85: =L85*M$41 -> 0.31104 | O85: =0.18/0.55 -> 0.32727273
D86: 竞技场增伤 | E86: 617 | F86: 0.08 | G86: 0.1 | H86: =I86/1.2 -> 0.125 | I86: 0.15 | J86: =0.135/0.75 -> 0.18 | K86: 0.216 | L86: =K86*L$41 -> 0.2592 | M86: =L86*M$41 -> 0.31104 | O86: =0.18/0.55 -> 0.32727273
D88: 秘宝品质 | E88: 秘宝属性系数
D89: 普通 | E89: 0.83333333
D90: 优秀 | E90: 0.8
D91: 稀有 | E91: 0.83333333
D92: 史诗 | E92: 1
D93: 传说 | E93: 1.2
D94: 神话 | E94: 1.44
D95: 创世 | E95: 1.8
D96: 炫彩1 | E96: 2.25
D97: 炫彩2 | E97: 2.7
D98: 炫彩3 | E98: 3.24
D100: 秘宝词条 | E100: 权重 | F100: 属性原子 | G100: 秘宝属性基数 | H100: 普通 | I100: 优秀 | J100: 稀有 | K100: 史诗 | L100: 传说 | M100: 神话 | N100: 创世 | O100: 炫彩1 | P100: 炫彩2 | Q100: 炫彩3
D101: 对远程怪增伤 | E101: =500 -> 500 | F101: 613 | G101: 0.15 | H101: 0.083333333 | I101: =秘宝属性[[#This Row],[秘宝属性基数]]*_xlfn.XLOOKUP(秘宝属性[[#Headers],[优秀]],秘宝品质系数[秘宝品质],秘宝品质系数[秘宝属性系数]) -> 0.12 | J101: =秘宝属性[[#This Row],[秘宝属性基数]]*_xlfn.XLOOKUP(秘宝属性[[#Headers],[稀有]],秘宝品质系数[秘宝品质],秘宝品质系数[秘宝属性系数]) -> 0.125 | K101: =秘宝属性[[#This Row],[秘宝属性基数]]*_xlfn.XLOOKUP(秘宝属性[[#Headers],[史诗]],秘宝品质系数[秘宝品质],秘宝品质系数[秘宝属性系数]) -> 0.15 | L101: =秘宝属性[[#This Row],[秘宝属性基数]]*_xlfn.XLOOKUP(秘宝属性[[#Headers],[传说]],秘宝品质系数[秘宝品质],秘宝品质系数[秘宝属性系数]) -> 0.18 | M101: =秘宝属性[[#This Row],[秘宝属性基数]]*_xlfn.XLOOKUP(秘宝属性[[#Headers],[神话]],秘宝品质系数[秘宝品质],秘宝品质系数[秘宝属性系数]) -> 0.216 | N101: =秘宝属性[[#This Row],[秘宝属性基数]]*_xlfn.XLOOKUP(秘宝属性[[#Headers],[创世]],秘宝品质系数[秘宝品质],秘宝品质系数[秘宝属性系数]) -> 0.27 | O101: =秘宝属性[[#This Row],[秘宝属性基数]]*_xlfn.XLOOKUP(秘宝属性[[#Headers],[炫彩1]],秘宝品质系数[秘宝品质],秘宝品质系数[秘宝属性系数]) -> 0.3375 | P101: =秘宝属性[[#This Row],[秘宝属性基数]]*_xlfn.XLOOKUP(秘宝属性[[#Headers],[炫彩2]],秘宝品质系数[秘宝品质],秘宝品质系数[秘宝属性系数]) -> 0.405 | Q101: =秘宝属性[[#This Row],[秘宝属性基数]]*_xlfn.XLOOKUP(秘宝属性[[#Headers],[炫彩3]],秘宝品质系数[秘宝品质],秘宝品质系数[秘宝属性系数]) -> 0.486
D102: 对肉盾怪增伤 | E102: =500 -> 500 | F102: 614 | G102: 0.15 | H102: 0.083333333 | I102: =秘宝属性[[#This Row],[秘宝属性基数]]*_xlfn.XLOOKUP(秘宝属性[[#Headers],[优秀]],秘宝品质系数[秘宝品质],秘宝品质系数[秘宝属性系数]) -> 0.12 | J102: =秘宝属性[[#This Row],[秘宝属性基数]]*_xlfn.XLOOKUP(秘宝属性[[#Headers],[稀有]],秘宝品质系数[秘宝品质],秘宝品质系数[秘宝属性系数]) -> 0.125 | K102: =秘宝属性[[#This Row],[秘宝属性基数]]*_xlfn.XLOOKUP(秘宝属性[[#Headers],[史诗]],秘宝品质系数[秘宝品质],秘宝品质系数[秘宝属性系数]) -> 0.15 | L102: =秘宝属性[[#This Row],[秘宝属性基数]]*_xlfn.XLOOKUP(秘宝属性[[#Headers],[传说]],秘宝品质系数[秘宝品质],秘宝品质系数[秘宝属性系数]) -> 0.18 | M102: =秘宝属性[[#This Row],[秘宝属性基数]]*_xlfn.XLOOKUP(秘宝属性[[#Headers],[神话]],秘宝品质系数[秘宝品质],秘宝品质系数[秘宝属性系数]) -> 0.216 | N102: =秘宝属性[[#This Row],[秘宝属性基数]]*_xlfn.XLOOKUP(秘宝属性[[#Headers],[创世]],秘宝品质系数[秘宝品质],秘宝品质系数[秘宝属性系数]) -> 0.27 | O102: =秘宝属性[[#This Row],[秘宝属性基数]]*_xlfn.XLOOKUP(秘宝属性[[#Headers],[炫彩1]],秘宝品质系数[秘宝品质],秘宝品质系数[秘宝属性系数]) -> 0.3375 | P102: =秘宝属性[[#This Row],[秘宝属性基数]]*_xlfn.XLOOKUP(秘宝属性[[#Headers],[炫彩2]],秘宝品质系数[秘宝品质],秘宝品质系数[秘宝属性系数]) -> 0.405 | Q102: =秘宝属性[[#This Row],[秘宝属性基数]]*_xlfn.XLOOKUP(秘宝属性[[#Headers],[炫彩3]],秘宝品质系数[秘宝品质],秘宝品质系数[秘宝属性系数]) -> 0.486
D103: 对高速怪增伤 | E103: =500 -> 500 | F103: 615 | G103: 0.15 | H103: 0.083333333 | I103: =秘宝属性[[#This Row],[秘宝属性基数]]*_xlfn.XLOOKUP(秘宝属性[[#Headers],[优秀]],秘宝品质系数[秘宝品质],秘宝品质系数[秘宝属性系数]) -> 0.12 | J103: =秘宝属性[[#This Row],[秘宝属性基数]]*_xlfn.XLOOKUP(秘宝属性[[#Headers],[稀有]],秘宝品质系数[秘宝品质],秘宝品质系数[秘宝属性系数]) -> 0.125 | K103: =秘宝属性[[#This Row],[秘宝属性基数]]*_xlfn.XLOOKUP(秘宝属性[[#Headers],[史诗]],秘宝品质系数[秘宝品质],秘宝品质系数[秘宝属性系数]) -> 0.15 | L103: =秘宝属性[[#This Row],[秘宝属性基数]]*_xlfn.XLOOKUP(秘宝属性[[#Headers],[传说]],秘宝品质系数[秘宝品质],秘宝品质系数[秘宝属性系数]) -> 0.18 | M103: =秘宝属性[[#This Row],[秘宝属性基数]]*_xlfn.XLOOKUP(秘宝属性[[#Headers],[神话]],秘宝品质系数[秘宝品质],秘宝品质系数[秘宝属性系数]) -> 0.216 | N103: =秘宝属性[[#This Row],[秘宝属性基数]]*_xlfn.XLOOKUP(秘宝属性[[#Headers],[创世]],秘宝品质系数[秘宝品质],秘宝品质系数[秘宝属性系数]) -> 0.27 | O103: =秘宝属性[[#This Row],[秘宝属性基数]]*_xlfn.XLOOKUP(秘宝属性[[#Headers],[炫彩1]],秘宝品质系数[秘宝品质],秘宝品质系数[秘宝属性系数]) -> 0.3375 | P103: =秘宝属性[[#This Row],[秘宝属性基数]]*_xlfn.XLOOKUP(秘宝属性[[#Headers],[炫彩2]],秘宝品质系数[秘宝品质],秘宝品质系数[秘宝属性系数]) -> 0.405 | Q103: =秘宝属性[[#This Row],[秘宝属性基数]]*_xlfn.XLOOKUP(秘宝属性[[#Headers],[炫彩3]],秘宝品质系数[秘宝品质],秘宝品质系数[秘宝属性系数]) -> 0.486
D104: 对首领增伤 | E104: =500 -> 500 | F104: 610 | G104: 0.3 | H104: 0.16666667 | I104: =秘宝属性[[#This Row],[秘宝属性基数]]*_xlfn.XLOOKUP(秘宝属性[[#Headers],[优秀]],秘宝品质系数[秘宝品质],秘宝品质系数[秘宝属性系数]) -> 0.24 | J104: =秘宝属性[[#This Row],[秘宝属性基数]]*_xlfn.XLOOKUP(秘宝属性[[#Headers],[稀有]],秘宝品质系数[秘宝品质],秘宝品质系数[秘宝属性系数]) -> 0.25 | K104: =秘宝属性[[#This Row],[秘宝属性基数]]*_xlfn.XLOOKUP(秘宝属性[[#Headers],[史诗]],秘宝品质系数[秘宝品质],秘宝品质系数[秘宝属性系数]) -> 0.3 | L104: =秘宝属性[[#This Row],[秘宝属性基数]]*_xlfn.XLOOKUP(秘宝属性[[#Headers],[传说]],秘宝品质系数[秘宝品质],秘宝品质系数[秘宝属性系数]) -> 0.36 | M104: =秘宝属性[[#This Row],[秘宝属性基数]]*_xlfn.XLOOKUP(秘宝属性[[#Headers],[神话]],秘宝品质系数[秘宝品质],秘宝品质系数[秘宝属性系数]) -> 0.432 | N104: =秘宝属性[[#This Row],[秘宝属性基数]]*_xlfn.XLOOKUP(秘宝属性[[#Headers],[创世]],秘宝品质系数[秘宝品质],秘宝品质系数[秘宝属性系数]) -> 0.54 | O104: =秘宝属性[[#This Row],[秘宝属性基数]]*_xlfn.XLOOKUP(秘宝属性[[#Headers],[炫彩1]],秘宝品质系数[秘宝品质],秘宝品质系数[秘宝属性系数]) -> 0.675 | P104: =秘宝属性[[#This Row],[秘宝属性基数]]*_xlfn.XLOOKUP(秘宝属性[[#Headers],[炫彩2]],秘宝品质系数[秘宝品质],秘宝品质系数[秘宝属性系数]) -> 0.81 | Q104: =秘宝属性[[#This Row],[秘宝属性基数]]*_xlfn.XLOOKUP(秘宝属性[[#Headers],[炫彩3]],秘宝品质系数[秘宝品质],秘宝品质系数[秘宝属性系数]) -> 0.972
D105: 法师无视抗性 | E105: 150 | F105: 1113 | G105: 0.1 | H105: 0.05787037 | I105: =秘宝属性[[#This Row],[秘宝属性基数]]*_xlfn.XLOOKUP(秘宝属性[[#Headers],[优秀]],秘宝品质系数[秘宝品质],秘宝品质系数[秘宝属性系数]) -> 0.08 | J105: =秘宝属性[[#This Row],[秘宝属性基数]]*_xlfn.XLOOKUP(秘宝属性[[#Headers],[稀有]],秘宝品质系数[秘宝品质],秘宝品质系数[秘宝属性系数]) -> 0.083333333 | K105: =秘宝属性[[#This Row],[秘宝属性基数]]*_xlfn.XLOOKUP(秘宝属性[[#Headers],[史诗]],秘宝品质系数[秘宝品质],秘宝品质系数[秘宝属性系数]) -> 0.1 | L105: =秘宝属性[[#This Row],[秘宝属性基数]]*_xlfn.XLOOKUP(秘宝属性[[#Headers],[传说]],秘宝品质系数[秘宝品质],秘宝品质系数[秘宝属性系数]) -> 0.12 | M105: =秘宝属性[[#This Row],[秘宝属性基数]]*_xlfn.XLOOKUP(秘宝属性[[#Headers],[神话]],秘宝品质系数[秘宝品质],秘宝品质系数[秘宝属性系数]) -> 0.144 | N105: =秘宝属性[[#This Row],[秘宝属性基数]]*_xlfn.XLOOKUP(秘宝属性[[#Headers],[创世]],秘宝品质系数[秘宝品质],秘宝品质系数[秘宝属性系数]) -> 0.18 | O105: =秘宝属性[[#This Row],[秘宝属性基数]]*_xlfn.XLOOKUP(秘宝属性[[#Headers],[炫彩1]],秘宝品质系数[秘宝品质],秘宝品质系数[秘宝属性系数]) -> 0.225 | P105: =秘宝属性[[#This Row],[秘宝属性基数]]*_xlfn.XLOOKUP(秘宝属性[[#Headers],[炫彩2]],秘宝品质系数[秘宝品质],秘宝品质系数[秘宝属性系数]) -> 0.27 | Q105: =秘宝属性[[#This Row],[秘宝属性基数]]*_xlfn.XLOOKUP(秘宝属性[[#Headers],[炫彩3]],秘宝品质系数[秘宝品质],秘宝品质系数[秘宝属性系数]) -> 0.324
D106: 射手无视抗性 | E106: 150 | F106: 1213 | G106: 0.1 | H106: 0.05787037 | I106: =秘宝属性[[#This Row],[秘宝属性基数]]*_xlfn.XLOOKUP(秘宝属性[[#Headers],[优秀]],秘宝品质系数[秘宝品质],秘宝品质系数[秘宝属性系数]) -> 0.08 | J106: =秘宝属性[[#This Row],[秘宝属性基数]]*_xlfn.XLOOKUP(秘宝属性[[#Headers],[稀有]],秘宝品质系数[秘宝品质],秘宝品质系数[秘宝属性系数]) -> 0.083333333 | K106: =秘宝属性[[#This Row],[秘宝属性基数]]*_xlfn.XLOOKUP(秘宝属性[[#Headers],[史诗]],秘宝品质系数[秘宝品质],秘宝品质系数[秘宝属性系数]) -> 0.1 | L106: =秘宝属性[[#This Row],[秘宝属性基数]]*_xlfn.XLOOKUP(秘宝属性[[#Headers],[传说]],秘宝品质系数[秘宝品质],秘宝品质系数[秘宝属性系数]) -> 0.12 | M106: =秘宝属性[[#This Row],[秘宝属性基数]]*_xlfn.XLOOKUP(秘宝属性[[#Headers],[神话]],秘宝品质系数[秘宝品质],秘宝品质系数[秘宝属性系数]) -> 0.144 | N106: =秘宝属性[[#This Row],[秘宝属性基数]]*_xlfn.XLOOKUP(秘宝属性[[#Headers],[创世]],秘宝品质系数[秘宝品质],秘宝品质系数[秘宝属性系数]) -> 0.18 | O106: =秘宝属性[[#This Row],[秘宝属性基数]]*_xlfn.XLOOKUP(秘宝属性[[#Headers],[炫彩1]],秘宝品质系数[秘宝品质],秘宝品质系数[秘宝属性系数]) -> 0.225 | P106: =秘宝属性[[#This Row],[秘宝属性基数]]*_xlfn.XLOOKUP(秘宝属性[[#Headers],[炫彩2]],秘宝品质系数[秘宝品质],秘宝品质系数[秘宝属性系数]) -> 0.27 | Q106: =秘宝属性[[#This Row],[秘宝属性基数]]*_xlfn.XLOOKUP(秘宝属性[[#Headers],[炫彩3]],秘宝品质系数[秘宝品质],秘宝品质系数[秘宝属性系数]) -> 0.324
D107: 控制无视抗性 | E107: 150 | F107: 1413 | G107: 0.1 | H107: 0.05787037 | I107: =秘宝属性[[#This Row],[秘宝属性基数]]*_xlfn.XLOOKUP(秘宝属性[[#Headers],[优秀]],秘宝品质系数[秘宝品质],秘宝品质系数[秘宝属性系数]) -> 0.08 | J107: =秘宝属性[[#This Row],[秘宝属性基数]]*_xlfn.XLOOKUP(秘宝属性[[#Headers],[稀有]],秘宝品质系数[秘宝品质],秘宝品质系数[秘宝属性系数]) -> 0.083333333 | K107: =秘宝属性[[#This Row],[秘宝属性基数]]*_xlfn.XLOOKUP(秘宝属性[[#Headers],[史诗]],秘宝品质系数[秘宝品质],秘宝品质系数[秘宝属性系数]) -> 0.1 | L107: =秘宝属性[[#This Row],[秘宝属性基数]]*_xlfn.XLOOKUP(秘宝属性[[#Headers],[传说]],秘宝品质系数[秘宝品质],秘宝品质系数[秘宝属性系数]) -> 0.12 | M107: =秘宝属性[[#This Row],[秘宝属性基数]]*_xlfn.XLOOKUP(秘宝属性[[#Headers],[神话]],秘宝品质系数[秘宝品质],秘宝品质系数[秘宝属性系数]) -> 0.144 | N107: =秘宝属性[[#This Row],[秘宝属性基数]]*_xlfn.XLOOKUP(秘宝属性[[#Headers],[创世]],秘宝品质系数[秘宝品质],秘宝品质系数[秘宝属性系数]) -> 0.18 | O107: =秘宝属性[[#This Row],[秘宝属性基数]]*_xlfn.XLOOKUP(秘宝属性[[#Headers],[炫彩1]],秘宝品质系数[秘宝品质],秘宝品质系数[秘宝属性系数]) -> 0.225 | P107: =秘宝属性[[#This Row],[秘宝属性基数]]*_xlfn.XLOOKUP(秘宝属性[[#Headers],[炫彩2]],秘宝品质系数[秘宝品质],秘宝品质系数[秘宝属性系数]) -> 0.27 | Q107: =秘宝属性[[#This Row],[秘宝属性基数]]*_xlfn.XLOOKUP(秘宝属性[[#Headers],[炫彩3]],秘宝品质系数[秘宝品质],秘宝品质系数[秘宝属性系数]) -> 0.324
D108: 毒系无视抗性 | E108: 150 | F108: 1513 | G108: 0.1 | H108: 0.05787037 | I108: =秘宝属性[[#This Row],[秘宝属性基数]]*_xlfn.XLOOKUP(秘宝属性[[#Headers],[优秀]],秘宝品质系数[秘宝品质],秘宝品质系数[秘宝属性系数]) -> 0.08 | J108: =秘宝属性[[#This Row],[秘宝属性基数]]*_xlfn.XLOOKUP(秘宝属性[[#Headers],[稀有]],秘宝品质系数[秘宝品质],秘宝品质系数[秘宝属性系数]) -> 0.083333333 | K108: =秘宝属性[[#This Row],[秘宝属性基数]]*_xlfn.XLOOKUP(秘宝属性[[#Headers],[史诗]],秘宝品质系数[秘宝品质],秘宝品质系数[秘宝属性系数]) -> 0.1 | L108: =秘宝属性[[#This Row],[秘宝属性基数]]*_xlfn.XLOOKUP(秘宝属性[[#Headers],[传说]],秘宝品质系数[秘宝品质],秘宝品质系数[秘宝属性系数]) -> 0.12 | M108: =秘宝属性[[#This Row],[秘宝属性基数]]*_xlfn.XLOOKUP(秘宝属性[[#Headers],[神话]],秘宝品质系数[秘宝品质],秘宝品质系数[秘宝属性系数]) -> 0.144 | N108: =秘宝属性[[#This Row],[秘宝属性基数]]*_xlfn.XLOOKUP(秘宝属性[[#Headers],[创世]],秘宝品质系数[秘宝品质],秘宝品质系数[秘宝属性系数]) -> 0.18 | O108: =秘宝属性[[#This Row],[秘宝属性基数]]*_xlfn.XLOOKUP(秘宝属性[[#Headers],[炫彩1]],秘宝品质系数[秘宝品质],秘宝品质系数[秘宝属性系数]) -> 0.225 | P108: =秘宝属性[[#This Row],[秘宝属性基数]]*_xlfn.XLOOKUP(秘宝属性[[#Headers],[炫彩2]],秘宝品质系数[秘宝品质],秘宝品质系数[秘宝属性系数]) -> 0.27 | Q108: =秘宝属性[[#This Row],[秘宝属性基数]]*_xlfn.XLOOKUP(秘宝属性[[#Headers],[炫彩3]],秘宝品质系数[秘宝品质],秘宝品质系数[秘宝属性系数]) -> 0.324
D109: 召唤无视抗性 | E109: 150 | F109: 1713 | G109: 0.1 | H109: 0.05787037 | I109: =秘宝属性[[#This Row],[秘宝属性基数]]*_xlfn.XLOOKUP(秘宝属性[[#Headers],[优秀]],秘宝品质系数[秘宝品质],秘宝品质系数[秘宝属性系数]) -> 0.08 | J109: =秘宝属性[[#This Row],[秘宝属性基数]]*_xlfn.XLOOKUP(秘宝属性[[#Headers],[稀有]],秘宝品质系数[秘宝品质],秘宝品质系数[秘宝属性系数]) -> 0.083333333 | K109: =秘宝属性[[#This Row],[秘宝属性基数]]*_xlfn.XLOOKUP(秘宝属性[[#Headers],[史诗]],秘宝品质系数[秘宝品质],秘宝品质系数[秘宝属性系数]) -> 0.1 | L109: =秘宝属性[[#This Row],[秘宝属性基数]]*_xlfn.XLOOKUP(秘宝属性[[#Headers],[传说]],秘宝品质系数[秘宝品质],秘宝品质系数[秘宝属性系数]) -> 0.12 | M109: =秘宝属性[[#This Row],[秘宝属性基数]]*_xlfn.XLOOKUP(秘宝属性[[#Headers],[神话]],秘宝品质系数[秘宝品质],秘宝品质系数[秘宝属性系数]) -> 0.144 | N109: =秘宝属性[[#This Row],[秘宝属性基数]]*_xlfn.XLOOKUP(秘宝属性[[#Headers],[创世]],秘宝品质系数[秘宝品质],秘宝品质系数[秘宝属性系数]) -> 0.18 | O109: =秘宝属性[[#This Row],[秘宝属性基数]]*_xlfn.XLOOKUP(秘宝属性[[#Headers],[炫彩1]],秘宝品质系数[秘宝品质],秘宝品质系数[秘宝属性系数]) -> 0.225 | P109: =秘宝属性[[#This Row],[秘宝属性基数]]*_xlfn.XLOOKUP(秘宝属性[[#Headers],[炫彩2]],秘宝品质系数[秘宝品质],秘宝品质系数[秘宝属性系数]) -> 0.27 | Q109: =秘宝属性[[#This Row],[秘宝属性基数]]*_xlfn.XLOOKUP(秘宝属性[[#Headers],[炫彩3]],秘宝品质系数[秘宝品质],秘宝品质系数[秘宝属性系数]) -> 0.324
...

Sheet 秘宝产销
A1: 基因升级
C3: 投放规划
F4: 100 | G4: 240
D5: 产出预期 | E5: 产出途径 | F5: 白银罗盘 | G5: 黄金罗盘 | H5: 总产出 | I5: 占比 | J5: 总和 | K5: 后期(加成)
D6: 蔚蓝 | E6: 公会商店 | F6: =10*60 -> 600 | G6: =2*60 -> 120 | H6: {=SUMPRODUCT(F$4:G$4,F6:G6)} -> 88800 | I6: =H6/SUM($H$6:$H$10) -> 0.27534884 | J6: =SUM(H6:H9) -> 296100 | K6: =J6*1.5 -> 444150
E7: 矿鼠之家 | F7: =15*60 -> 900 | H7: {=SUMPRODUCT(F$4:G$4,F7:G7)} -> 90000 | I7: =H7/SUM($H$6:$H$10) -> 0.27906977
E8: 竞技场商店 | F8: =10*60 -> 600 | G8: =2*60 -> 120 | H8: {=SUMPRODUCT(F$4:G$4,F8:G8)} -> 88800 | I8: =H8/SUM($H$6:$H$10) -> 0.27534884 | M8: =32*0.3 -> 9.6
E9: 公会boss | F9: =5*57 -> 285 | H9: {=SUMPRODUCT(F$4:G$4,F9:G9)} -> 28500 | I9: =H9/SUM($H$6:$H$10) -> 0.088372093
E10: 主线挑战 | F10: =2*60 -> 120 | G10: =60*1 -> 60 | H10: {=SUMPRODUCT(F$4:G$4,F10:G10)} -> 26400 | I10: =H10/SUM($H$6:$H$10) -> 0.081860465
D11: 梦境 | E11: 公会商店 | F11: =H11*57 -> 57000 | H11: 1000 | I11: =F11/SUM($F$11:$F$16) -> 0.18621366 | J11: =SUM(H11:H14) -> 3200 | K11: =J11+H11+H12 -> 5400
E12: 公会挂机 | F12: =H12*57 -> 68400 | H12: 1200 | I12: =F12/SUM($F$11:$F$16) -> 0.22345639
E13: 竞技场挑战
E14: 竞技场商店 | F14: =H14*57 -> 57000 | H14: 1000 | I14: =F14/SUM($F$11:$F$16) -> 0.18621366
E15: 公会boss | F15: =H15*57 -> 91200 | H15: 1600 | I15: =F15/SUM($F$11:$F$16) -> 0.29794185
E16: 主线挑战 | F16: =65*500 -> 32500 | I16: =F16/SUM($F$11:$F$16) -> 0.10617445
D18: 公会 | E18: 外围
D19: =SUM(H11:H12)/SUM(H11:H14) -> 0.6875 | E19: =SUM(H13:H14)/SUM(H11:H14) -> 0.3125
C21: 秘宝规划
D22: 一句话总结：我们秘宝太前置，养成资源拿的轻松了一些，释放感觉弱。蔚蓝偏后置不断拿地鼠材料去兑换
G23: 开启时间从先到后
D24: 产出预期 | E24: 产出途径 | F24: 系统定位 | G24: 开启时间 | H24: 产出占比 | I24: 定位分析
D25: 蔚蓝 | E25: 功能开启 | G25: 第15关（第一天）
E26: 竞技场商店 | F26: 每日商店（产出矿鼠材料） | G26: 第8关（第一天） | H26: =I8 -> 0.27534884
E27: 矿鼠之家 | F27: 玩法向（周期性产出） | G27: 第15关（第一天） | H27: =I7 -> 0.27906977 | I27: 提前开放，前期格子不够没啥体验
E28: 公会商店 | F28: 每日商店（产出矿鼠材料） | G28: 第3天 | H28: =I6 -> 0.27534884
E29: 公会boss | F29: 每日挑战（产出矿鼠材料） | G29: 第3天 | H29: =I9 -> 0.088372093
E30: 主线挑战 | F30: 一次产出 | G30: 第30关（第三、四天） | H30: =I10 -> 0.081860465
D32: 梦境 | E32: 功能开启 | G32: 第30关（第三、四天），快的话第二天
E33: 竞技场挑战 | F33: 每日挑战 | G33: 第8关（第一天） | H33: =I13 -> 0 | I33: 最早投放 | J33: 担心这里撑不起体验
E34: 公会挂机 | F34: 每日挂机（缺少这里的体验） | G34: 第二天 | H34: =I12 -> 0.22345639 | I34: 循环产出，有基础体验
E35: 公会商店 | F35: 每日商店 | G35: 第二天、14号服第三天 | H35: =I11 -> 0.18621366
E36: 竞技场商店 | F36: 每日商店 | G36: 第三天 | H36: =I14 -> 0.18621366
E37: 主线宝箱 | F37: 一次产出 | G37: 第30关（第三、四天） | H37: =I16 -> 0.10617445

Sheet 秘宝配置
D3: 1 | E3: 2 | F3: 3 | G3: 4 | H3: 5 | I3: 6 | J3: 7 | K3: 8 | L3: 9 | M3: 10 | R3: 1 | S3: 2 | T3: 3 | U3: 4 | V3: 5 | W3: 6 | X3: 7 | Y3: 8 | Z3: 9 | AA3: 10 | AB3: 11 | AC3: 12
A4: =500 -> 500 | B4: 对高速怪物增伤 | C4: 613 | D4: =秘宝养成!H101 -> 0.083333333 | E4: =秘宝养成!I101 -> 0.12 | F4: =秘宝养成!J101 -> 0.125 | G4: =秘宝养成!K101 -> 0.15 | H4: =秘宝养成!L101 -> 0.18 | I4: =秘宝养成!M101 -> 0.216 | J4: =秘宝养成!N101 -> 0.27 | K4: =秘宝养成!O101 -> 0.3375 | ... M4: =秘宝养成!Q101 -> 0.486 | N4: =M4*1.2 -> 0.5832 | O4: =N4*1.2 -> 0.69984 | Q4: 1 | R4: =INT(OFFSET($C$3,$Q4,_xlfn.XLOOKUP(R$3,秘宝养成!$D$20:$D$31,秘宝养成!$C$20:$C$31))*10000) -> 1500 | S4: =INT(OFFSET($C$3,$Q4,_xlfn.XLOOKUP(S$3,秘宝养成!$D$20:$D$31,秘宝养成!$C$20:$C$31))*10000) -> 1500 | T4: =INT(OFFSET($C$3,$Q4,_xlfn.XLOOKUP(T$3,秘宝养成!$D$20:$D$31,秘宝养成!$C$20:$C$31))*10000) -> 1800 | U4: =INT(OFFSET($C$3,$Q4,_xlfn.XLOOKUP(U$3,秘宝养成!$D$20:$D$31,秘宝养成!$C$20:$C$31))*10000) -> 2160 | V4: =INT(OFFSET($C$3,$Q4,_xlfn.XLOOKUP(V$3,秘宝养成!$D$20:$D$31,秘宝养成!$C$20:$C$31))*10000) -> 2700 | W4: =INT(OFFSET($C$3,$Q4,_xlfn.XLOOKUP(W$3,秘宝养成!$D$20:$D$31,秘宝养成!$C$20:$C$31))*10000) -> 2700 | X4: =INT(OFFSET($C$3,$Q4,_xlfn.XLOOKUP(X$3,秘宝养成!$D$20:$D$31,秘宝养成!$C$20:$C$31))*10000) -> 3375 | Y4: =INT(OFFSET($C$3,$Q4,_xlfn.XLOOKUP(Y$3,秘宝养成!$D$20:$D$31,秘宝养成!$C$20:$C$31))*10000) -> 3375 | ... AC4: =INT(OFFSET($C$3,$Q4,_xlfn.XLOOKUP(AC$3,秘宝养成!$D$20:$D$31,秘宝养成!$C$20:$C$31))*10000) -> 4860
A5: =500 -> 500 | B5: 对飞行怪物增伤 | C5: 614 | D5: =秘宝养成!H102 -> 0.083333333 | E5: =秘宝养成!I102 -> 0.12 | F5: =秘宝养成!J102 -> 0.125 | G5: =秘宝养成!K102 -> 0.15 | H5: =秘宝养成!L102 -> 0.18 | I5: =秘宝养成!M102 -> 0.216 | J5: =秘宝养成!N102 -> 0.27 | K5: =秘宝养成!O102 -> 0.3375 | ... M5: =秘宝养成!Q102 -> 0.486 | N5: =M5*1.2 -> 0.5832 | O5: =N5*1.2 -> 0.69984 | Q5: 2 | R5: =INT(OFFSET($C$3,$Q5,_xlfn.XLOOKUP(R$3,秘宝养成!$D$20:$D$31,秘宝养成!$C$20:$C$31))*10000) -> 1500 | S5: =INT(OFFSET($C$3,$Q5,_xlfn.XLOOKUP(S$3,秘宝养成!$D$20:$D$31,秘宝养成!$C$20:$C$31))*10000) -> 1500 | T5: =INT(OFFSET($C$3,$Q5,_xlfn.XLOOKUP(T$3,秘宝养成!$D$20:$D$31,秘宝养成!$C$20:$C$31))*10000) -> 1800 | U5: =INT(OFFSET($C$3,$Q5,_xlfn.XLOOKUP(U$3,秘宝养成!$D$20:$D$31,秘宝养成!$C$20:$C$31))*10000) -> 2160 | V5: =INT(OFFSET($C$3,$Q5,_xlfn.XLOOKUP(V$3,秘宝养成!$D$20:$D$31,秘宝养成!$C$20:$C$31))*10000) -> 2700 | W5: =INT(OFFSET($C$3,$Q5,_xlfn.XLOOKUP(W$3,秘宝养成!$D$20:$D$31,秘宝养成!$C$20:$C$31))*10000) -> 2700 | X5: =INT(OFFSET($C$3,$Q5,_xlfn.XLOOKUP(X$3,秘宝养成!$D$20:$D$31,秘宝养成!$C$20:$C$31))*10000) -> 3375 | Y5: =INT(OFFSET($C$3,$Q5,_xlfn.XLOOKUP(Y$3,秘宝养成!$D$20:$D$31,秘宝养成!$C$20:$C$31))*10000) -> 3375 | ... AC5: =INT(OFFSET($C$3,$Q5,_xlfn.XLOOKUP(AC$3,秘宝养成!$D$20:$D$31,秘宝养成!$C$20:$C$31))*10000) -> 4860
A6: =500 -> 500 | B6: 对肉盾怪物增伤 | C6: 615 | D6: =秘宝养成!H103 -> 0.083333333 | E6: =秘宝养成!I103 -> 0.12 | F6: =秘宝养成!J103 -> 0.125 | G6: =秘宝养成!K103 -> 0.15 | H6: =秘宝养成!L103 -> 0.18 | I6: =秘宝养成!M103 -> 0.216 | J6: =秘宝养成!N103 -> 0.27 | K6: =秘宝养成!O103 -> 0.3375 | ... M6: =秘宝养成!Q103 -> 0.486 | N6: =M6*1.2 -> 0.5832 | O6: =N6*1.2 -> 0.69984 | Q6: 3 | R6: =INT(OFFSET($C$3,$Q6,_xlfn.XLOOKUP(R$3,秘宝养成!$D$20:$D$31,秘宝养成!$C$20:$C$31))*10000) -> 1500 | S6: =INT(OFFSET($C$3,$Q6,_xlfn.XLOOKUP(S$3,秘宝养成!$D$20:$D$31,秘宝养成!$C$20:$C$31))*10000) -> 1500 | T6: =INT(OFFSET($C$3,$Q6,_xlfn.XLOOKUP(T$3,秘宝养成!$D$20:$D$31,秘宝养成!$C$20:$C$31))*10000) -> 1800 | U6: =INT(OFFSET($C$3,$Q6,_xlfn.XLOOKUP(U$3,秘宝养成!$D$20:$D$31,秘宝养成!$C$20:$C$31))*10000) -> 2160 | V6: =INT(OFFSET($C$3,$Q6,_xlfn.XLOOKUP(V$3,秘宝养成!$D$20:$D$31,秘宝养成!$C$20:$C$31))*10000) -> 2700 | W6: =INT(OFFSET($C$3,$Q6,_xlfn.XLOOKUP(W$3,秘宝养成!$D$20:$D$31,秘宝养成!$C$20:$C$31))*10000) -> 2700 | X6: =INT(OFFSET($C$3,$Q6,_xlfn.XLOOKUP(X$3,秘宝养成!$D$20:$D$31,秘宝养成!$C$20:$C$31))*10000) -> 3375 | Y6: =INT(OFFSET($C$3,$Q6,_xlfn.XLOOKUP(Y$3,秘宝养成!$D$20:$D$31,秘宝养成!$C$20:$C$31))*10000) -> 3375 | ... AC6: =INT(OFFSET($C$3,$Q6,_xlfn.XLOOKUP(AC$3,秘宝养成!$D$20:$D$31,秘宝养成!$C$20:$C$31))*10000) -> 4860
A7: =500 -> 500 | B7: 对首领增伤 | C7: 610 | D7: =秘宝养成!H104 -> 0.16666667 | E7: =秘宝养成!I104 -> 0.24 | F7: =秘宝养成!J104 -> 0.25 | G7: =秘宝养成!K104 -> 0.3 | H7: =秘宝养成!L104 -> 0.36 | I7: =秘宝养成!M104 -> 0.432 | J7: =秘宝养成!N104 -> 0.54 | K7: =秘宝养成!O104 -> 0.675 | ... M7: =秘宝养成!Q104 -> 0.972 | N7: =M7*1.2 -> 1.1664 | O7: =N7*1.2 -> 1.39968 | Q7: 4 | R7: =INT(OFFSET($C$3,$Q7,_xlfn.XLOOKUP(R$3,秘宝养成!$D$20:$D$31,秘宝养成!$C$20:$C$31))*10000) -> 3000 | S7: =INT(OFFSET($C$3,$Q7,_xlfn.XLOOKUP(S$3,秘宝养成!$D$20:$D$31,秘宝养成!$C$20:$C$31))*10000) -> 3000 | T7: =INT(OFFSET($C$3,$Q7,_xlfn.XLOOKUP(T$3,秘宝养成!$D$20:$D$31,秘宝养成!$C$20:$C$31))*10000) -> 3600 | U7: =INT(OFFSET($C$3,$Q7,_xlfn.XLOOKUP(U$3,秘宝养成!$D$20:$D$31,秘宝养成!$C$20:$C$31))*10000) -> 4320 | V7: =INT(OFFSET($C$3,$Q7,_xlfn.XLOOKUP(V$3,秘宝养成!$D$20:$D$31,秘宝养成!$C$20:$C$31))*10000) -> 5400 | W7: =INT(OFFSET($C$3,$Q7,_xlfn.XLOOKUP(W$3,秘宝养成!$D$20:$D$31,秘宝养成!$C$20:$C$31))*10000) -> 5400 | X7: =INT(OFFSET($C$3,$Q7,_xlfn.XLOOKUP(X$3,秘宝养成!$D$20:$D$31,秘宝养成!$C$20:$C$31))*10000) -> 6750 | Y7: =INT(OFFSET($C$3,$Q7,_xlfn.XLOOKUP(Y$3,秘宝养成!$D$20:$D$31,秘宝养成!$C$20:$C$31))*10000) -> 6750 | ... AC7: =INT(OFFSET($C$3,$Q7,_xlfn.XLOOKUP(AC$3,秘宝养成!$D$20:$D$31,秘宝养成!$C$20:$C$31))*10000) -> 9720
A8: 150 | B8: 无视战士抗性 | C8: 1113 | D8: =秘宝养成!H105 -> 0.05787037 | E8: =秘宝养成!I105 -> 0.08 | F8: =秘宝养成!J105 -> 0.083333333 | G8: =秘宝养成!K105 -> 0.1 | H8: =秘宝养成!L105 -> 0.12 | I8: =秘宝养成!M105 -> 0.144 | J8: =秘宝养成!N105 -> 0.18 | K8: =秘宝养成!O105 -> 0.225 | ... M8: =秘宝养成!Q105 -> 0.324 | N8: =M8*1.2 -> 0.3888 | O8: =N8*1.2 -> 0.46656 | Q8: 5 | R8: =INT(OFFSET($C$3,$Q8,_xlfn.XLOOKUP(R$3,秘宝养成!$D$20:$D$31,秘宝养成!$C$20:$C$31))*10000) -> 1000 | S8: =INT(OFFSET($C$3,$Q8,_xlfn.XLOOKUP(S$3,秘宝养成!$D$20:$D$31,秘宝养成!$C$20:$C$31))*10000) -> 1000 | T8: =INT(OFFSET($C$3,$Q8,_xlfn.XLOOKUP(T$3,秘宝养成!$D$20:$D$31,秘宝养成!$C$20:$C$31))*10000) -> 1200 | U8: =INT(OFFSET($C$3,$Q8,_xlfn.XLOOKUP(U$3,秘宝养成!$D$20:$D$31,秘宝养成!$C$20:$C$31))*10000) -> 1440 | V8: =INT(OFFSET($C$3,$Q8,_xlfn.XLOOKUP(V$3,秘宝养成!$D$20:$D$31,秘宝养成!$C$20:$C$31))*10000) -> 1800 | W8: =INT(OFFSET($C$3,$Q8,_xlfn.XLOOKUP(W$3,秘宝养成!$D$20:$D$31,秘宝养成!$C$20:$C$31))*10000) -> 1800 | X8: =INT(OFFSET($C$3,$Q8,_xlfn.XLOOKUP(X$3,秘宝养成!$D$20:$D$31,秘宝养成!$C$20:$C$31))*10000) -> 2250 | Y8: =INT(OFFSET($C$3,$Q8,_xlfn.XLOOKUP(Y$3,秘宝养成!$D$20:$D$31,秘宝养成!$C$20:$C$31))*10000) -> 2250 | ... AC8: =INT(OFFSET($C$3,$Q8,_xlfn.XLOOKUP(AC$3,秘宝养成!$D$20:$D$31,秘宝养成!$C$20:$C$31))*10000) -> 3240
A9: 150 | B9: 无视法师抗性 | C9: 1213 | D9: =秘宝养成!H106 -> 0.05787037 | E9: =秘宝养成!I106 -> 0.08 | F9: =秘宝养成!J106 -> 0.083333333 | G9: =秘宝养成!K106 -> 0.1 | H9: =秘宝养成!L106 -> 0.12 | I9: =秘宝养成!M106 -> 0.144 | J9: =秘宝养成!N106 -> 0.18 | K9: =秘宝养成!O106 -> 0.225 | ... M9: =秘宝养成!Q106 -> 0.324 | N9: =M9*1.2 -> 0.3888 | O9: =N9*1.2 -> 0.46656 | Q9: 6 | R9: =INT(OFFSET($C$3,$Q9,_xlfn.XLOOKUP(R$3,秘宝养成!$D$20:$D$31,秘宝养成!$C$20:$C$31))*10000) -> 1000 | S9: =INT(OFFSET($C$3,$Q9,_xlfn.XLOOKUP(S$3,秘宝养成!$D$20:$D$31,秘宝养成!$C$20:$C$31))*10000) -> 1000 | T9: =INT(OFFSET($C$3,$Q9,_xlfn.XLOOKUP(T$3,秘宝养成!$D$20:$D$31,秘宝养成!$C$20:$C$31))*10000) -> 1200 | U9: =INT(OFFSET($C$3,$Q9,_xlfn.XLOOKUP(U$3,秘宝养成!$D$20:$D$31,秘宝养成!$C$20:$C$31))*10000) -> 1440 | V9: =INT(OFFSET($C$3,$Q9,_xlfn.XLOOKUP(V$3,秘宝养成!$D$20:$D$31,秘宝养成!$C$20:$C$31))*10000) -> 1800 | W9: =INT(OFFSET($C$3,$Q9,_xlfn.XLOOKUP(W$3,秘宝养成!$D$20:$D$31,秘宝养成!$C$20:$C$31))*10000) -> 1800 | X9: =INT(OFFSET($C$3,$Q9,_xlfn.XLOOKUP(X$3,秘宝养成!$D$20:$D$31,秘宝养成!$C$20:$C$31))*10000) -> 2250 | Y9: =INT(OFFSET($C$3,$Q9,_xlfn.XLOOKUP(Y$3,秘宝养成!$D$20:$D$31,秘宝养成!$C$20:$C$31))*10000) -> 2250 | ... AC9: =INT(OFFSET($C$3,$Q9,_xlfn.XLOOKUP(AC$3,秘宝养成!$D$20:$D$31,秘宝养成!$C$20:$C$31))*10000) -> 3240
A10: 150 | B10: 无视射手抗性 | C10: 1413 | D10: =秘宝养成!H107 -> 0.05787037 | E10: =秘宝养成!I107 -> 0.08 | F10: =秘宝养成!J107 -> 0.083333333 | G10: =秘宝养成!K107 -> 0.1 | H10: =秘宝养成!L107 -> 0.12 | I10: =秘宝养成!M107 -> 0.144 | J10: =秘宝养成!N107 -> 0.18 | K10: =秘宝养成!O107 -> 0.225 | ... M10: =秘宝养成!Q107 -> 0.324 | N10: =M10*1.2 -> 0.3888 | O10: =N10*1.2 -> 0.46656 | Q10: 7 | R10: =INT(OFFSET($C$3,$Q10,_xlfn.XLOOKUP(R$3,秘宝养成!$D$20:$D$31,秘宝养成!$C$20:$C$31))*10000) -> 1000 | S10: =INT(OFFSET($C$3,$Q10,_xlfn.XLOOKUP(S$3,秘宝养成!$D$20:$D$31,秘宝养成!$C$20:$C$31))*10000) -> 1000 | T10: =INT(OFFSET($C$3,$Q10,_xlfn.XLOOKUP(T$3,秘宝养成!$D$20:$D$31,秘宝养成!$C$20:$C$31))*10000) -> 1200 | U10: =INT(OFFSET($C$3,$Q10,_xlfn.XLOOKUP(U$3,秘宝养成!$D$20:$D$31,秘宝养成!$C$20:$C$31))*10000) -> 1440 | V10: =INT(OFFSET($C$3,$Q10,_xlfn.XLOOKUP(V$3,秘宝养成!$D$20:$D$31,秘宝养成!$C$20:$C$31))*10000) -> 1800 | W10: =INT(OFFSET($C$3,$Q10,_xlfn.XLOOKUP(W$3,秘宝养成!$D$20:$D$31,秘宝养成!$C$20:$C$31))*10000) -> 1800 | X10: =INT(OFFSET($C$3,$Q10,_xlfn.XLOOKUP(X$3,秘宝养成!$D$20:$D$31,秘宝养成!$C$20:$C$31))*10000) -> 2250 | Y10: =INT(OFFSET($C$3,$Q10,_xlfn.XLOOKUP(Y$3,秘宝养成!$D$20:$D$31,秘宝养成!$C$20:$C$31))*10000) -> 2250 | ... AC10: =INT(OFFSET($C$3,$Q10,_xlfn.XLOOKUP(AC$3,秘宝养成!$D$20:$D$31,秘宝养成!$C$20:$C$31))*10000) -> 3240
A11: 150 | B11: 无视毒系抗性 | C11: 1513 | D11: =秘宝养成!H108 -> 0.05787037 | E11: =秘宝养成!I108 -> 0.08 | F11: =秘宝养成!J108 -> 0.083333333 | G11: =秘宝养成!K108 -> 0.1 | H11: =秘宝养成!L108 -> 0.12 | I11: =秘宝养成!M108 -> 0.144 | J11: =秘宝养成!N108 -> 0.18 | K11: =秘宝养成!O108 -> 0.225 | ... M11: =秘宝养成!Q108 -> 0.324 | N11: =M11*1.2 -> 0.3888 | O11: =N11*1.2 -> 0.46656 | Q11: 8 | R11: =INT(OFFSET($C$3,$Q11,_xlfn.XLOOKUP(R$3,秘宝养成!$D$20:$D$31,秘宝养成!$C$20:$C$31))*10000) -> 1000 | S11: =INT(OFFSET($C$3,$Q11,_xlfn.XLOOKUP(S$3,秘宝养成!$D$20:$D$31,秘宝养成!$C$20:$C$31))*10000) -> 1000 | T11: =INT(OFFSET($C$3,$Q11,_xlfn.XLOOKUP(T$3,秘宝养成!$D$20:$D$31,秘宝养成!$C$20:$C$31))*10000) -> 1200 | U11: =INT(OFFSET($C$3,$Q11,_xlfn.XLOOKUP(U$3,秘宝养成!$D$20:$D$31,秘宝养成!$C$20:$C$31))*10000) -> 1440 | V11: =INT(OFFSET($C$3,$Q11,_xlfn.XLOOKUP(V$3,秘宝养成!$D$20:$D$31,秘宝养成!$C$20:$C$31))*10000) -> 1800 | W11: =INT(OFFSET($C$3,$Q11,_xlfn.XLOOKUP(W$3,秘宝养成!$D$20:$D$31,秘宝养成!$C$20:$C$31))*10000) -> 1800 | X11: =INT(OFFSET($C$3,$Q11,_xlfn.XLOOKUP(X$3,秘宝养成!$D$20:$D$31,秘宝养成!$C$20:$C$31))*10000) -> 2250 | Y11: =INT(OFFSET($C$3,$Q11,_xlfn.XLOOKUP(Y$3,秘宝养成!$D$20:$D$31,秘宝养成!$C$20:$C$31))*10000) -> 2250 | ... AC11: =INT(OFFSET($C$3,$Q11,_xlfn.XLOOKUP(AC$3,秘宝养成!$D$20:$D$31,秘宝养成!$C$20:$C$31))*10000) -> 3240
A12: 150 | B12: 无视召唤抗性 | C12: 1713 | D12: =秘宝养成!H109 -> 0.05787037 | E12: =秘宝养成!I109 -> 0.08 | F12: =秘宝养成!J109 -> 0.083333333 | G12: =秘宝养成!K109 -> 0.1 | H12: =秘宝养成!L109 -> 0.12 | I12: =秘宝养成!M109 -> 0.144 | J12: =秘宝养成!N109 -> 0.18 | K12: =秘宝养成!O109 -> 0.225 | ... M12: =秘宝养成!Q109 -> 0.324 | N12: =M12*1.2 -> 0.3888 | O12: =N12*1.2 -> 0.46656 | Q12: 9 | R12: =INT(OFFSET($C$3,$Q12,_xlfn.XLOOKUP(R$3,秘宝养成!$D$20:$D$31,秘宝养成!$C$20:$C$31))*10000) -> 1000 | S12: =INT(OFFSET($C$3,$Q12,_xlfn.XLOOKUP(S$3,秘宝养成!$D$20:$D$31,秘宝养成!$C$20:$C$31))*10000) -> 1000 | T12: =INT(OFFSET($C$3,$Q12,_xlfn.XLOOKUP(T$3,秘宝养成!$D$20:$D$31,秘宝养成!$C$20:$C$31))*10000) -> 1200 | U12: =INT(OFFSET($C$3,$Q12,_xlfn.XLOOKUP(U$3,秘宝养成!$D$20:$D$31,秘宝养成!$C$20:$C$31))*10000) -> 1440 | V12: =INT(OFFSET($C$3,$Q12,_xlfn.XLOOKUP(V$3,秘宝养成!$D$20:$D$31,秘宝养成!$C$20:$C$31))*10000) -> 1800 | W12: =INT(OFFSET($C$3,$Q12,_xlfn.XLOOKUP(W$3,秘宝养成!$D$20:$D$31,秘宝养成!$C$20:$C$31))*10000) -> 1800 | X12: =INT(OFFSET($C$3,$Q12,_xlfn.XLOOKUP(X$3,秘宝养成!$D$20:$D$31,秘宝养成!$C$20:$C$31))*10000) -> 2250 | Y12: =INT(OFFSET($C$3,$Q12,_xlfn.XLOOKUP(Y$3,秘宝养成!$D$20:$D$31,秘宝养成!$C$20:$C$31))*10000) -> 2250 | ... AC12: =INT(OFFSET($C$3,$Q12,_xlfn.XLOOKUP(AC$3,秘宝养成!$D$20:$D$31,秘宝养成!$C$20:$C$31))*10000) -> 3240
A13: 525 | B13: 国王伤害 | C13: 806 | D13: =秘宝养成!H110 -> 0.083333333 | E13: =秘宝养成!I110 -> 0.12 | F13: =秘宝养成!J110 -> 0.125 | G13: =秘宝养成!K110 -> 0.15 | H13: =秘宝养成!L110 -> 0.18 | I13: =秘宝养成!M110 -> 0.216 | J13: =秘宝养成!N110 -> 0.27 | K13: =秘宝养成!O110 -> 0.3375 | ... M13: =秘宝养成!Q110 -> 0.486 | N13: =M13*1.2 -> 0.5832 | O13: =N13*1.2 -> 0.69984 | Q13: 10 | R13: =INT(OFFSET($C$3,$Q13,_xlfn.XLOOKUP(R$3,秘宝养成!$D$20:$D$31,秘宝养成!$C$20:$C$31))*10000) -> 1500 | S13: =INT(OFFSET($C$3,$Q13,_xlfn.XLOOKUP(S$3,秘宝养成!$D$20:$D$31,秘宝养成!$C$20:$C$31))*10000) -> 1500 | T13: =INT(OFFSET($C$3,$Q13,_xlfn.XLOOKUP(T$3,秘宝养成!$D$20:$D$31,秘宝养成!$C$20:$C$31))*10000) -> 1800 | U13: =INT(OFFSET($C$3,$Q13,_xlfn.XLOOKUP(U$3,秘宝养成!$D$20:$D$31,秘宝养成!$C$20:$C$31))*10000) -> 2160 | V13: =INT(OFFSET($C$3,$Q13,_xlfn.XLOOKUP(V$3,秘宝养成!$D$20:$D$31,秘宝养成!$C$20:$C$31))*10000) -> 2700 | W13: =INT(OFFSET($C$3,$Q13,_xlfn.XLOOKUP(W$3,秘宝养成!$D$20:$D$31,秘宝养成!$C$20:$C$31))*10000) -> 2700 | X13: =INT(OFFSET($C$3,$Q13,_xlfn.XLOOKUP(X$3,秘宝养成!$D$20:$D$31,秘宝养成!$C$20:$C$31))*10000) -> 3375 | Y13: =INT(OFFSET($C$3,$Q13,_xlfn.XLOOKUP(Y$3,秘宝养成!$D$20:$D$31,秘宝养成!$C$20:$C$31))*10000) -> 3375 | ... AC13: =INT(OFFSET($C$3,$Q13,_xlfn.XLOOKUP(AC$3,秘宝养成!$D$20:$D$31,秘宝养成!$C$20:$C$31))*10000) -> 4860
A14: 525 | B14: 全体英雄增伤 | C14: 908 | D14: =秘宝养成!H111 -> 0.05787037 | E14: =秘宝养成!I111 -> 0.08 | F14: =秘宝养成!J111 -> 0.083333333 | G14: =秘宝养成!K111 -> 0.1 | H14: =秘宝养成!L111 -> 0.12 | I14: =秘宝养成!M111 -> 0.144 | J14: =秘宝养成!N111 -> 0.18 | K14: =秘宝养成!O111 -> 0.225 | ... M14: =秘宝养成!Q111 -> 0.324 | N14: =M14*1.2 -> 0.3888 | O14: =N14*1.2 -> 0.46656 | Q14: 11 | R14: =INT(OFFSET($C$3,$Q14,_xlfn.XLOOKUP(R$3,秘宝养成!$D$20:$D$31,秘宝养成!$C$20:$C$31))*10000) -> 1000 | S14: =INT(OFFSET($C$3,$Q14,_xlfn.XLOOKUP(S$3,秘宝养成!$D$20:$D$31,秘宝养成!$C$20:$C$31))*10000) -> 1000 | T14: =INT(OFFSET($C$3,$Q14,_xlfn.XLOOKUP(T$3,秘宝养成!$D$20:$D$31,秘宝养成!$C$20:$C$31))*10000) -> 1200 | U14: =INT(OFFSET($C$3,$Q14,_xlfn.XLOOKUP(U$3,秘宝养成!$D$20:$D$31,秘宝养成!$C$20:$C$31))*10000) -> 1440 | V14: =INT(OFFSET($C$3,$Q14,_xlfn.XLOOKUP(V$3,秘宝养成!$D$20:$D$31,秘宝养成!$C$20:$C$31))*10000) -> 1800 | W14: =INT(OFFSET($C$3,$Q14,_xlfn.XLOOKUP(W$3,秘宝养成!$D$20:$D$31,秘宝养成!$C$20:$C$31))*10000) -> 1800 | X14: =INT(OFFSET($C$3,$Q14,_xlfn.XLOOKUP(X$3,秘宝养成!$D$20:$D$31,秘宝养成!$C$20:$C$31))*10000) -> 2250 | Y14: =INT(OFFSET($C$3,$Q14,_xlfn.XLOOKUP(Y$3,秘宝养成!$D$20:$D$31,秘宝养成!$C$20:$C$31))*10000) -> 2250 | ... AC14: =INT(OFFSET($C$3,$Q14,_xlfn.XLOOKUP(AC$3,秘宝养成!$D$20:$D$31,秘宝养成!$C$20:$C$31))*10000) -> 3240
A15: 525 | B15: 战士英雄增伤 | C15: 1106 | D15: =秘宝养成!H112 -> 0.083333333 | E15: =秘宝养成!I112 -> 0.12 | F15: =秘宝养成!J112 -> 0.125 | G15: =秘宝养成!K112 -> 0.15 | H15: =秘宝养成!L112 -> 0.18 | I15: =秘宝养成!M112 -> 0.216 | J15: =秘宝养成!N112 -> 0.27 | K15: =秘宝养成!O112 -> 0.3375 | ... M15: =秘宝养成!Q112 -> 0.486 | N15: =M15*1.2 -> 0.5832 | O15: =N15*1.2 -> 0.69984 | Q15: 12 | R15: =INT(OFFSET($C$3,$Q15,_xlfn.XLOOKUP(R$3,秘宝养成!$D$20:$D$31,秘宝养成!$C$20:$C$31))*10000) -> 1500 | S15: =INT(OFFSET($C$3,$Q15,_xlfn.XLOOKUP(S$3,秘宝养成!$D$20:$D$31,秘宝养成!$C$20:$C$31))*10000) -> 1500 | T15: =INT(OFFSET($C$3,$Q15,_xlfn.XLOOKUP(T$3,秘宝养成!$D$20:$D$31,秘宝养成!$C$20:$C$31))*10000) -> 1800 | U15: =INT(OFFSET($C$3,$Q15,_xlfn.XLOOKUP(U$3,秘宝养成!$D$20:$D$31,秘宝养成!$C$20:$C$31))*10000) -> 2160 | V15: =INT(OFFSET($C$3,$Q15,_xlfn.XLOOKUP(V$3,秘宝养成!$D$20:$D$31,秘宝养成!$C$20:$C$31))*10000) -> 2700 | W15: =INT(OFFSET($C$3,$Q15,_xlfn.XLOOKUP(W$3,秘宝养成!$D$20:$D$31,秘宝养成!$C$20:$C$31))*10000) -> 2700 | X15: =INT(OFFSET($C$3,$Q15,_xlfn.XLOOKUP(X$3,秘宝养成!$D$20:$D$31,秘宝养成!$C$20:$C$31))*10000) -> 3375 | Y15: =INT(OFFSET($C$3,$Q15,_xlfn.XLOOKUP(Y$3,秘宝养成!$D$20:$D$31,秘宝养成!$C$20:$C$31))*10000) -> 3375 | ... AC15: =INT(OFFSET($C$3,$Q15,_xlfn.XLOOKUP(AC$3,秘宝养成!$D$20:$D$31,秘宝养成!$C$20:$C$31))*10000) -> 4860
A16: 525 | B16: 法师英雄增伤 | C16: 1206 | D16: =秘宝养成!H113 -> 0.083333333 | E16: =秘宝养成!I113 -> 0.12 | F16: =秘宝养成!J113 -> 0.125 | G16: =秘宝养成!K113 -> 0.15 | H16: =秘宝养成!L113 -> 0.18 | I16: =秘宝养成!M113 -> 0.216 | J16: =秘宝养成!N113 -> 0.27 | K16: =秘宝养成!O113 -> 0.3375 | ... M16: =秘宝养成!Q113 -> 0.486 | N16: =M16*1.2 -> 0.5832 | O16: =N16*1.2 -> 0.69984 | Q16: 13 | R16: =INT(OFFSET($C$3,$Q16,_xlfn.XLOOKUP(R$3,秘宝养成!$D$20:$D$31,秘宝养成!$C$20:$C$31))*10000) -> 1500 | S16: =INT(OFFSET($C$3,$Q16,_xlfn.XLOOKUP(S$3,秘宝养成!$D$20:$D$31,秘宝养成!$C$20:$C$31))*10000) -> 1500 | T16: =INT(OFFSET($C$3,$Q16,_xlfn.XLOOKUP(T$3,秘宝养成!$D$20:$D$31,秘宝养成!$C$20:$C$31))*10000) -> 1800 | U16: =INT(OFFSET($C$3,$Q16,_xlfn.XLOOKUP(U$3,秘宝养成!$D$20:$D$31,秘宝养成!$C$20:$C$31))*10000) -> 2160 | V16: =INT(OFFSET($C$3,$Q16,_xlfn.XLOOKUP(V$3,秘宝养成!$D$20:$D$31,秘宝养成!$C$20:$C$31))*10000) -> 2700 | W16: =INT(OFFSET($C$3,$Q16,_xlfn.XLOOKUP(W$3,秘宝养成!$D$20:$D$31,秘宝养成!$C$20:$C$31))*10000) -> 2700 | X16: =INT(OFFSET($C$3,$Q16,_xlfn.XLOOKUP(X$3,秘宝养成!$D$20:$D$31,秘宝养成!$C$20:$C$31))*10000) -> 3375 | Y16: =INT(OFFSET($C$3,$Q16,_xlfn.XLOOKUP(Y$3,秘宝养成!$D$20:$D$31,秘宝养成!$C$20:$C$31))*10000) -> 3375 | ... AC16: =INT(OFFSET($C$3,$Q16,_xlfn.XLOOKUP(AC$3,秘宝养成!$D$20:$D$31,秘宝养成!$C$20:$C$31))*10000) -> 4860
A17: 525 | B17: 射手英雄增伤 | C17: 1406 | D17: =秘宝养成!H114 -> 0.083333333 | E17: =秘宝养成!I114 -> 0.12 | F17: =秘宝养成!J114 -> 0.125 | G17: =秘宝养成!K114 -> 0.15 | H17: =秘宝养成!L114 -> 0.18 | I17: =秘宝养成!M114 -> 0.216 | J17: =秘宝养成!N114 -> 0.27 | K17: =秘宝养成!O114 -> 0.3375 | ... M17: =秘宝养成!Q114 -> 0.486 | N17: =M17*1.2 -> 0.5832 | O17: =N17*1.2 -> 0.69984 | Q17: 14 | R17: =INT(OFFSET($C$3,$Q17,_xlfn.XLOOKUP(R$3,秘宝养成!$D$20:$D$31,秘宝养成!$C$20:$C$31))*10000) -> 1500 | S17: =INT(OFFSET($C$3,$Q17,_xlfn.XLOOKUP(S$3,秘宝养成!$D$20:$D$31,秘宝养成!$C$20:$C$31))*10000) -> 1500 | T17: =INT(OFFSET($C$3,$Q17,_xlfn.XLOOKUP(T$3,秘宝养成!$D$20:$D$31,秘宝养成!$C$20:$C$31))*10000) -> 1800 | U17: =INT(OFFSET($C$3,$Q17,_xlfn.XLOOKUP(U$3,秘宝养成!$D$20:$D$31,秘宝养成!$C$20:$C$31))*10000) -> 2160 | V17: =INT(OFFSET($C$3,$Q17,_xlfn.XLOOKUP(V$3,秘宝养成!$D$20:$D$31,秘宝养成!$C$20:$C$31))*10000) -> 2700 | W17: =INT(OFFSET($C$3,$Q17,_xlfn.XLOOKUP(W$3,秘宝养成!$D$20:$D$31,秘宝养成!$C$20:$C$31))*10000) -> 2700 | X17: =INT(OFFSET($C$3,$Q17,_xlfn.XLOOKUP(X$3,秘宝养成!$D$20:$D$31,秘宝养成!$C$20:$C$31))*10000) -> 3375 | Y17: =INT(OFFSET($C$3,$Q17,_xlfn.XLOOKUP(Y$3,秘宝养成!$D$20:$D$31,秘宝养成!$C$20:$C$31))*10000) -> 3375 | ... AC17: =INT(OFFSET($C$3,$Q17,_xlfn.XLOOKUP(AC$3,秘宝养成!$D$20:$D$31,秘宝养成!$C$20:$C$31))*10000) -> 4860
A18: 525 | B18: 毒系英雄增伤 | C18: 1506 | D18: =秘宝养成!H115 -> 0.083333333 | E18: =秘宝养成!I115 -> 0.12 | F18: =秘宝养成!J115 -> 0.125 | G18: =秘宝养成!K115 -> 0.15 | H18: =秘宝养成!L115 -> 0.18 | I18: =秘宝养成!M115 -> 0.216 | J18: =秘宝养成!N115 -> 0.27 | K18: =秘宝养成!O115 -> 0.3375 | ... M18: =秘宝养成!Q115 -> 0.486 | N18: =M18*1.2 -> 0.5832 | O18: =N18*1.2 -> 0.69984 | Q18: 15 | R18: =INT(OFFSET($C$3,$Q18,_xlfn.XLOOKUP(R$3,秘宝养成!$D$20:$D$31,秘宝养成!$C$20:$C$31))*10000) -> 1500 | S18: =INT(OFFSET($C$3,$Q18,_xlfn.XLOOKUP(S$3,秘宝养成!$D$20:$D$31,秘宝养成!$C$20:$C$31))*10000) -> 1500 | T18: =INT(OFFSET($C$3,$Q18,_xlfn.XLOOKUP(T$3,秘宝养成!$D$20:$D$31,秘宝养成!$C$20:$C$31))*10000) -> 1800 | U18: =INT(OFFSET($C$3,$Q18,_xlfn.XLOOKUP(U$3,秘宝养成!$D$20:$D$31,秘宝养成!$C$20:$C$31))*10000) -> 2160 | V18: =INT(OFFSET($C$3,$Q18,_xlfn.XLOOKUP(V$3,秘宝养成!$D$20:$D$31,秘宝养成!$C$20:$C$31))*10000) -> 2700 | W18: =INT(OFFSET($C$3,$Q18,_xlfn.XLOOKUP(W$3,秘宝养成!$D$20:$D$31,秘宝养成!$C$20:$C$31))*10000) -> 2700 | X18: =INT(OFFSET($C$3,$Q18,_xlfn.XLOOKUP(X$3,秘宝养成!$D$20:$D$31,秘宝养成!$C$20:$C$31))*10000) -> 3375 | Y18: =INT(OFFSET($C$3,$Q18,_xlfn.XLOOKUP(Y$3,秘宝养成!$D$20:$D$31,秘宝养成!$C$20:$C$31))*10000) -> 3375 | ... AC18: =INT(OFFSET($C$3,$Q18,_xlfn.XLOOKUP(AC$3,秘宝养成!$D$20:$D$31,秘宝养成!$C$20:$C$31))*10000) -> 4860
A19: 525 | B19: 召唤英雄增伤 | C19: 1706 | D19: =秘宝养成!H116 -> 0.083333333 | E19: =秘宝养成!I116 -> 0.12 | F19: =秘宝养成!J116 -> 0.125 | G19: =秘宝养成!K116 -> 0.15 | H19: =秘宝养成!L116 -> 0.18 | I19: =秘宝养成!M116 -> 0.216 | J19: =秘宝养成!N116 -> 0.27 | K19: =秘宝养成!O116 -> 0.3375 | ... M19: =秘宝养成!Q116 -> 0.486 | N19: =M19*1.2 -> 0.5832 | O19: =N19*1.2 -> 0.69984 | Q19: 16 | R19: =INT(OFFSET($C$3,$Q19,_xlfn.XLOOKUP(R$3,秘宝养成!$D$20:$D$31,秘宝养成!$C$20:$C$31))*10000) -> 1500 | S19: =INT(OFFSET($C$3,$Q19,_xlfn.XLOOKUP(S$3,秘宝养成!$D$20:$D$31,秘宝养成!$C$20:$C$31))*10000) -> 1500 | T19: =INT(OFFSET($C$3,$Q19,_xlfn.XLOOKUP(T$3,秘宝养成!$D$20:$D$31,秘宝养成!$C$20:$C$31))*10000) -> 1800 | U19: =INT(OFFSET($C$3,$Q19,_xlfn.XLOOKUP(U$3,秘宝养成!$D$20:$D$31,秘宝养成!$C$20:$C$31))*10000) -> 2160 | V19: =INT(OFFSET($C$3,$Q19,_xlfn.XLOOKUP(V$3,秘宝养成!$D$20:$D$31,秘宝养成!$C$20:$C$31))*10000) -> 2700 | W19: =INT(OFFSET($C$3,$Q19,_xlfn.XLOOKUP(W$3,秘宝养成!$D$20:$D$31,秘宝养成!$C$20:$C$31))*10000) -> 2700 | X19: =INT(OFFSET($C$3,$Q19,_xlfn.XLOOKUP(X$3,秘宝养成!$D$20:$D$31,秘宝养成!$C$20:$C$31))*10000) -> 3375 | Y19: =INT(OFFSET($C$3,$Q19,_xlfn.XLOOKUP(Y$3,秘宝养成!$D$20:$D$31,秘宝养成!$C$20:$C$31))*10000) -> 3375 | ... AC19: =INT(OFFSET($C$3,$Q19,_xlfn.XLOOKUP(AC$3,秘宝养成!$D$20:$D$31,秘宝养成!$C$20:$C$31))*10000) -> 4860
... A28: 300 | B28: 主线增伤 | C28: 616 | D28: =秘宝养成!H125 -> 0.08 | E28: =秘宝养成!I125 -> 0.12 | F28: =秘宝养成!J125 -> 0.125 | G28: =秘宝养成!K125 -> 0.15 | H28: =秘宝养成!L125 -> 0.18 | I28: =秘宝养成!M125 -> 0.216 | J28: =秘宝养成!N125 -> 0.27 | K28: =秘宝养成!O125 -> 0.3375 | ... M28: =秘宝养成!Q125 -> 0.486 | N28: =M28*1.2 -> 0.5832 | O28: =N28*1.2 -> 0.69984 | Q28: 25 | R28: =INT(OFFSET($C$3,$Q28,_xlfn.XLOOKUP(R$3,秘宝养成!$D$20:$D$31,秘宝养成!$C$20:$C$31))*10000) -> 1500 | S28: =INT(OFFSET($C$3,$Q28,_xlfn.XLOOKUP(S$3,秘宝养成!$D$20:$D$31,秘宝养成!$C$20:$C$31))*10000) -> 1500 | T28: =INT(OFFSET($C$3,$Q28,_xlfn.XLOOKUP(T$3,秘宝养成!$D$20:$D$31,秘宝养成!$C$20:$C$31))*10000) -> 1800 | U28: =INT(OFFSET($C$3,$Q28,_xlfn.XLOOKUP(U$3,秘宝养成!$D$20:$D$31,秘宝养成!$C$20:$C$31))*10000) -> 2160 | V28: =INT(OFFSET($C$3,$Q28,_xlfn.XLOOKUP(V$3,秘宝养成!$D$20:$D$31,秘宝养成!$C$20:$C$31))*10000) -> 2700 | W28: =INT(OFFSET($C$3,$Q28,_xlfn.XLOOKUP(W$3,秘宝养成!$D$20:$D$31,秘宝养成!$C$20:$C$31))*10000) -> 2700 | X28: =INT(OFFSET($C$3,$Q28,_xlfn.XLOOKUP(X$3,秘宝养成!$D$20:$D$31,秘宝养成!$C$20:$C$31))*10000) -> 3375 | Y28: =INT(OFFSET($C$3,$Q28,_xlfn.XLOOKUP(Y$3,秘宝养成!$D$20:$D$31,秘宝养成!$C$20:$C$31))*10000) -> 3375 | ... AC28: =INT(OFFSET($C$3,$Q28,_xlfn.XLOOKUP(AC$3,秘宝养成!$D$20:$D$31,秘宝养成!$C$20:$C$31))*10000) -> 4860
A29: =300 -> 300 | B29: 梦域巡航增伤 | C29: 617 | D29: =秘宝养成!H126 -> 0.08 | E29: =秘宝养成!I126 -> 0.12 | F29: =秘宝养成!J126 -> 0.125 | G29: =秘宝养成!K126 -> 0.15 | H29: =秘宝养成!L126 -> 0.18 | I29: =秘宝养成!M126 -> 0.216 | J29: =秘宝养成!N126 -> 0.27 | K29: =秘宝养成!O126 -> 0.3375 | ... M29: =秘宝养成!Q126 -> 0.486 | N29: =M29*1.2 -> 0.5832 | O29: =N29*1.2 -> 0.69984 | Q29: 26 | R29: =INT(OFFSET($C$3,$Q29,_xlfn.XLOOKUP(R$3,秘宝养成!$D$20:$D$31,秘宝养成!$C$20:$C$31))*10000) -> 1500 | S29: =INT(OFFSET($C$3,$Q29,_xlfn.XLOOKUP(S$3,秘宝养成!$D$20:$D$31,秘宝养成!$C$20:$C$31))*10000) -> 1500 | T29: =INT(OFFSET($C$3,$Q29,_xlfn.XLOOKUP(T$3,秘宝养成!$D$20:$D$31,秘宝养成!$C$20:$C$31))*10000) -> 1800 | U29: =INT(OFFSET($C$3,$Q29,_xlfn.XLOOKUP(U$3,秘宝养成!$D$20:$D$31,秘宝养成!$C$20:$C$31))*10000) -> 2160 | V29: =INT(OFFSET($C$3,$Q29,_xlfn.XLOOKUP(V$3,秘宝养成!$D$20:$D$31,秘宝养成!$C$20:$C$31))*10000) -> 2700 | W29: =INT(OFFSET($C$3,$Q29,_xlfn.XLOOKUP(W$3,秘宝养成!$D$20:$D$31,秘宝养成!$C$20:$C$31))*10000) -> 2700 | X29: =INT(OFFSET($C$3,$Q29,_xlfn.XLOOKUP(X$3,秘宝养成!$D$20:$D$31,秘宝养成!$C$20:$C$31))*10000) -> 3375 | Y29: =INT(OFFSET($C$3,$Q29,_xlfn.XLOOKUP(Y$3,秘宝养成!$D$20:$D$31,秘宝养成!$C$20:$C$31))*10000) -> 3375 | ... AC29: =INT(OFFSET($C$3,$Q29,_xlfn.XLOOKUP(AC$3,秘宝养成!$D$20:$D$31,秘宝养成!$C$20:$C$31))*10000) -> 4860
B36: 对高速怪物增伤 | C36: 613 | D36: ="{"&INT(D4*0.5*10000)&","&INT((D4)*10000)&"}" -> {416,833} | E36: ="{"&INT((D4)*10000)+1&","&INT((E4)*10000)&"}" -> {834,1200} | F36: ="{"&INT((E4)*10000)+1&","&INT((F4)*10000)&"}" -> {1201,1250} | G36: ="{"&INT((F4)*10000)+1&","&INT((G4)*10000)&"}" -> {1251,1500} | H36: ="{"&INT((G4)*10000)+1&","&INT((H4)*10000)&"}" -> {1501,1800} | I36: ="{"&INT((H4)*10000)+1&","&INT((I4)*10000)&"}" -> {1801,2160} | J36: ="{"&INT((I4)*10000)+1&","&INT((J4)*10000)&"}" -> {2161,2700} | K36: ="{"&INT((J4)*10000)+1&","&INT((K4)*10000)&"}" -> {2701,3375} | L36: ="{"&INT((K4)*10000)+1&","&INT((L4)*10000)&"}" -> {3376,4050} | M36: ="{"&INT((L4)*10000)+1&","&INT((M4)*10000)&"}" -> {4051,4860}
B37: 对飞行怪物增伤 | C37: 614 | D37: ="{"&INT(D5*0.5*10000)&","&INT((D5)*10000)&"}" -> {416,833} | E37: ="{"&INT((D5)*10000)+1&","&INT((E5)*10000)&"}" -> {834,1200} | F37: ="{"&INT((E5)*10000)+1&","&INT((F5)*10000)&"}" -> {1201,1250} | G37: ="{"&INT((F5)*10000)+1&","&INT((G5)*10000)&"}" -> {1251,1500} | H37: ="{"&INT((G5)*10000)+1&","&INT((H5)*10000)&"}" -> {1501,1800} | I37: ="{"&INT((H5)*10000)+1&","&INT((I5)*10000)&"}" -> {1801,2160} | J37: ="{"&INT((I5)*10000)+1&","&INT((J5)*10000)&"}" -> {2161,2700} | K37: ="{"&INT((J5)*10000)+1&","&INT((K5)*10000)&"}" -> {2701,3375} | L37: ="{"&INT((K5)*10000)+1&","&INT((L5)*10000)&"}" -> {3376,4050} | M37: ="{"&INT((L5)*10000)+1&","&INT((M5)*10000)&"}" -> {4051,4860} | Q37: 1 | R37: ="{"&R$3&","&R4&"}" -> {1,1500} | S37: ="{"&S$3&","&S4&"}" -> {2,1500} | T37: ="{"&T$3&","&T4&"}" -> {3,1800} | U37: ="{"&U$3&","&U4&"}" -> {4,2160} | V37: ="{"&V$3&","&V4&"}" -> {5,2700} | W37: ="{"&W$3&","&W4&"}" -> {6,2700} | X37: ="{"&X$3&","&X4&"}" -> {7,3375} | Y37: ="{"&Y$3&","&Y4&"}" -> {8,3375} | ... AC37: ="{"&AC$3&","&AC4&"}" -> {12,4860} | AD37: ="["&_xlfn.TEXTJOIN(",",1,$R37:$AC37)&"]" -> [{1,1500},{2,1500},{3,1800},{4,2160},{5,2700},{6,2700},{7,3375},{8,3375},{9,4050},{10,4050},{11,4860},{12,4860}]
B38: 对肉盾怪物增伤 | C38: 615 | D38: ="{"&INT(D6*0.5*10000)&","&INT((D6)*10000)&"}" -> {416,833} | E38: ="{"&INT((D6)*10000)+1&","&INT((E6)*10000)&"}" -> {834,1200} | F38: ="{"&INT((E6)*10000)+1&","&INT((F6)*10000)&"}" -> {1201,1250} | G38: ="{"&INT((F6)*10000)+1&","&INT((G6)*10000)&"}" -> {1251,1500} | H38: ="{"&INT((G6)*10000)+1&","&INT((H6)*10000)&"}" -> {1501,1800} | I38: ="{"&INT((H6)*10000)+1&","&INT((I6)*10000)&"}" -> {1801,2160} | J38: ="{"&INT((I6)*10000)+1&","&INT((J6)*10000)&"}" -> {2161,2700} | K38: ="{"&INT((J6)*10000)+1&","&INT((K6)*10000)&"}" -> {2701,3375} | L38: ="{"&INT((K6)*10000)+1&","&INT((L6)*10000)&"}" -> {3376,4050} | M38: ="{"&INT((L6)*10000)+1&","&INT((M6)*10000)&"}" -> {4051,4860} | Q38: 2 | R38: ="{"&R$3&","&R5&"}" -> {1,1500} | S38: ="{"&S$3&","&S5&"}" -> {2,1500} | T38: ="{"&T$3&","&T5&"}" -> {3,1800} | U38: ="{"&U$3&","&U5&"}" -> {4,2160} | V38: ="{"&V$3&","&V5&"}" -> {5,2700} | W38: ="{"&W$3&","&W5&"}" -> {6,2700} | X38: ="{"&X$3&","&X5&"}" -> {7,3375} | Y38: ="{"&Y$3&","&Y5&"}" -> {8,3375} | ... AC38: ="{"&AC$3&","&AC5&"}" -> {12,4860} | AD38: ="["&_xlfn.TEXTJOIN(",",1,$R38:$AC38)&"]" -> [{1,1500},{2,1500},{3,1800},{4,2160},{5,2700},{6,2700},{7,3375},{8,3375},{9,4050},{10,4050},{11,4860},{12,4860}]
B39: 对首领增伤 | C39: 610 | D39: ="{"&INT(D7*0.5*10000)&","&INT((D7)*10000)&"}" -> {833,1666} | E39: ="{"&INT((D7)*10000)+1&","&INT((E7)*10000)&"}" -> {1667,2400} | F39: ="{"&INT((E7)*10000)+1&","&INT((F7)*10000)&"}" -> {2401,2500} | G39: ="{"&INT((F7)*10000)+1&","&INT((G7)*10000)&"}" -> {2501,3000} | H39: ="{"&INT((G7)*10000)+1&","&INT((H7)*10000)&"}" -> {3001,3600} | I39: ="{"&INT((H7)*10000)+1&","&INT((I7)*10000)&"}" -> {3601,4320} | J39: ="{"&INT((I7)*10000)+1&","&INT((J7)*10000)&"}" -> {4321,5400} | K39: ="{"&INT((J7)*10000)+1&","&INT((K7)*10000)&"}" -> {5401,6750} | L39: ="{"&INT((K7)*10000)+1&","&INT((L7)*10000)&"}" -> {6751,8100} | M39: ="{"&INT((L7)*10000)+1&","&INT((M7)*10000)&"}" -> {8101,9720} | Q39: 3 | R39: ="{"&R$3&","&R6&"}" -> {1,1500} | S39: ="{"&S$3&","&S6&"}" -> {2,1500} | T39: ="{"&T$3&","&T6&"}" -> {3,1800} | U39: ="{"&U$3&","&U6&"}" -> {4,2160} | V39: ="{"&V$3&","&V6&"}" -> {5,2700} | W39: ="{"&W$3&","&W6&"}" -> {6,2700} | X39: ="{"&X$3&","&X6&"}" -> {7,3375} | Y39: ="{"&Y$3&","&Y6&"}" -> {8,3375} | ... AC39: ="{"&AC$3&","&AC6&"}" -> {12,4860} | AD39: ="["&_xlfn.TEXTJOIN(",",1,$R39:$AC39)&"]" -> [{1,1500},{2,1500},{3,1800},{4,2160},{5,2700},{6,2700},{7,3375},{8,3375},{9,4050},{10,4050},{11,4860},{12,4860}]
B40: 无视战士抗性 | C40: 1113 | D40: ="{"&INT(D8*0.5*10000)&","&INT((D8)*10000)&"}" -> {289,578} | E40: ="{"&INT((D8)*10000)+1&","&INT((E8)*10000)&"}" -> {579,800} | F40: ="{"&INT((E8)*10000)+1&","&INT((F8)*10000)&"}" -> {801,833} | G40: ="{"&INT((F8)*10000)+1&","&INT((G8)*10000)&"}" -> {834,1000} | H40: ="{"&INT((G8)*10000)+1&","&INT((H8)*10000)&"}" -> {1001,1200} | I40: ="{"&INT((H8)*10000)+1&","&INT((I8)*10000)&"}" -> {1201,1440} | J40: ="{"&INT((I8)*10000)+1&","&INT((J8)*10000)&"}" -> {1441,1800} | K40: ="{"&INT((J8)*10000)+1&","&INT((K8)*10000)&"}" -> {1801,2250} | L40: ="{"&INT((K8)*10000)+1&","&INT((L8)*10000)&"}" -> {2251,2700} | M40: ="{"&INT((L8)*10000)+1&","&INT((M8)*10000)&"}" -> {2701,3240} | Q40: 4 | R40: ="{"&R$3&","&R7&"}" -> {1,3000} | S40: ="{"&S$3&","&S7&"}" -> {2,3000} | T40: ="{"&T$3&","&T7&"}" -> {3,3600} | U40: ="{"&U$3&","&U7&"}" -> {4,4320} | V40: ="{"&V$3&","&V7&"}" -> {5,5400} | W40: ="{"&W$3&","&W7&"}" -> {6,5400} | X40: ="{"&X$3&","&X7&"}" -> {7,6750} | Y40: ="{"&Y$3&","&Y7&"}" -> {8,6750} | ... AC40: ="{"&AC$3&","&AC7&"}" -> {12,9720} | AD40: ="["&_xlfn.TEXTJOIN(",",1,$R40:$AC40)&"]" -> [{1,3000},{2,3000},{3,3600},{4,4320},{5,5400},{6,5400},{7,6750},{8,6750},{9,8100},{10,8100},{11,9720},{12,9720}]
B41: 无视法师抗性 | C41: 1213 | D41: ="{"&INT(D9*0.5*10000)&","&INT((D9)*10000)&"}" -> {289,578} | E41: ="{"&INT((D9)*10000)+1&","&INT((E9)*10000)&"}" -> {579,800} | F41: ="{"&INT((E9)*10000)+1&","&INT((F9)*10000)&"}" -> {801,833} | G41: ="{"&INT((F9)*10000)+1&","&INT((G9)*10000)&"}" -> {834,1000} | H41: ="{"&INT((G9)*10000)+1&","&INT((H9)*10000)&"}" -> {1001,1200} | I41: ="{"&INT((H9)*10000)+1&","&INT((I9)*10000)&"}" -> {1201,1440} | J41: ="{"&INT((I9)*10000)+1&","&INT((J9)*10000)&"}" -> {1441,1800} | K41: ="{"&INT((J9)*10000)+1&","&INT((K9)*10000)&"}" -> {1801,2250} | L41: ="{"&INT((K9)*10000)+1&","&INT((L9)*10000)&"}" -> {2251,2700} | M41: ="{"&INT((L9)*10000)+1&","&INT((M9)*10000)&"}" -> {2701,3240} | Q41: 5 | R41: ="{"&R$3&","&R8&"}" -> {1,1000} | S41: ="{"&S$3&","&S8&"}" -> {2,1000} | T41: ="{"&T$3&","&T8&"}" -> {3,1200} | U41: ="{"&U$3&","&U8&"}" -> {4,1440} | V41: ="{"&V$3&","&V8&"}" -> {5,1800} | W41: ="{"&W$3&","&W8&"}" -> {6,1800} | X41: ="{"&X$3&","&X8&"}" -> {7,2250} | Y41: ="{"&Y$3&","&Y8&"}" -> {8,2250} | ... AC41: ="{"&AC$3&","&AC8&"}" -> {12,3240} | AD41: ="["&_xlfn.TEXTJOIN(",",1,$R41:$AC41)&"]" -> [{1,1000},{2,1000},{3,1200},{4,1440},{5,1800},{6,1800},{7,2250},{8,2250},{9,2700},{10,2700},{11,3240},{12,3240}]
B42: 无视射手抗性 | C42: 1413 | D42: ="{"&INT(D10*0.5*10000)&","&INT((D10)*10000)&"}" -> {289,578} | E42: ="{"&INT((D10)*10000)+1&","&INT((E10)*10000)&"}" -> {579,800} | F42: ="{"&INT((E10)*10000)+1&","&INT((F10)*10000)&"}" -> {801,833} | G42: ="{"&INT((F10)*10000)+1&","&INT((G10)*10000)&"}" -> {834,1000} | H42: ="{"&INT((G10)*10000)+1&","&INT((H10)*10000)&"}" -> {1001,1200} | I42: ="{"&INT((H10)*10000)+1&","&INT((I10)*10000)&"}" -> {1201,1440} | J42: ="{"&INT((I10)*10000)+1&","&INT((J10)*10000)&"}" -> {1441,1800} | K42: ="{"&INT((J10)*10000)+1&","&INT((K10)*10000)&"}" -> {1801,2250} | L42: ="{"&INT((K10)*10000)+1&","&INT((L10)*10000)&"}" -> {2251,2700} | M42: ="{"&INT((L10)*10000)+1&","&INT((M10)*10000)&"}" -> {2701,3240} | Q42: 6 | R42: ="{"&R$3&","&R9&"}" -> {1,1000} | S42: ="{"&S$3&","&S9&"}" -> {2,1000} | T42: ="{"&T$3&","&T9&"}" -> {3,1200} | U42: ="{"&U$3&","&U9&"}" -> {4,1440} | V42: ="{"&V$3&","&V9&"}" -> {5,1800} | W42: ="{"&W$3&","&W9&"}" -> {6,1800} | X42: ="{"&X$3&","&X9&"}" -> {7,2250} | Y42: ="{"&Y$3&","&Y9&"}" -> {8,2250} | ... AC42: ="{"&AC$3&","&AC9&"}" -> {12,3240} | AD42: ="["&_xlfn.TEXTJOIN(",",1,$R42:$AC42)&"]" -> [{1,1000},{2,1000},{3,1200},{4,1440},{5,1800},{6,1800},{7,2250},{8,2250},{9,2700},{10,2700},{11,3240},{12,3240}]
B43: 无视毒系抗性 | C43: 1513 | D43: ="{"&INT(D11*0.5*10000)&","&INT((D11)*10000)&"}" -> {289,578} | E43: ="{"&INT((D11)*10000)+1&","&INT((E11)*10000)&"}" -> {579,800} | F43: ="{"&INT((E11)*10000)+1&","&INT((F11)*10000)&"}" -> {801,833} | G43: ="{"&INT((F11)*10000)+1&","&INT((G11)*10000)&"}" -> {834,1000} | H43: ="{"&INT((G11)*10000)+1&","&INT((H11)*10000)&"}" -> {1001,1200} | I43: ="{"&INT((H11)*10000)+1&","&INT((I11)*10000)&"}" -> {1201,1440} | J43: ="{"&INT((I11)*10000)+1&","&INT((J11)*10000)&"}" -> {1441,1800} | K43: ="{"&INT((J11)*10000)+1&","&INT((K11)*10000)&"}" -> {1801,2250} | L43: ="{"&INT((K11)*10000)+1&","&INT((L11)*10000)&"}" -> {2251,2700} | M43: ="{"&INT((L11)*10000)+1&","&INT((M11)*10000)&"}" -> {2701,3240} | Q43: 7 | R43: ="{"&R$3&","&R10&"}" -> {1,1000} | S43: ="{"&S$3&","&S10&"}" -> {2,1000} | T43: ="{"&T$3&","&T10&"}" -> {3,1200} | U43: ="{"&U$3&","&U10&"}" -> {4,1440} | V43: ="{"&V$3&","&V10&"}" -> {5,1800} | W43: ="{"&W$3&","&W10&"}" -> {6,1800} | X43: ="{"&X$3&","&X10&"}" -> {7,2250} | Y43: ="{"&Y$3&","&Y10&"}" -> {8,2250} | ... AC43: ="{"&AC$3&","&AC10&"}" -> {12,3240} | AD43: ="["&_xlfn.TEXTJOIN(",",1,$R43:$AC43)&"]" -> [{1,1000},{2,1000},{3,1200},{4,1440},{5,1800},{6,1800},{7,2250},{8,2250},{9,2700},{10,2700},{11,3240},{12,3240}]
B44: 无视召唤抗性 | C44: 1713 | D44: ="{"&INT(D12*0.5*10000)&","&INT((D12)*10000)&"}" -> {289,578} | E44: ="{"&INT((D12)*10000)+1&","&INT((E12)*10000)&"}" -> {579,800} | F44: ="{"&INT((E12)*10000)+1&","&INT((F12)*10000)&"}" -> {801,833} | G44: ="{"&INT((F12)*10000)+1&","&INT((G12)*10000)&"}" -> {834,1000} | H44: ="{"&INT((G12)*10000)+1&","&INT((H12)*10000)&"}" -> {1001,1200} | I44: ="{"&INT((H12)*10000)+1&","&INT((I12)*10000)&"}" -> {1201,1440} | J44: ="{"&INT((I12)*10000)+1&","&INT((J12)*10000)&"}" -> {1441,1800} | K44: ="{"&INT((J12)*10000)+1&","&INT((K12)*10000)&"}" -> {1801,2250} | L44: ="{"&INT((K12)*10000)+1&","&INT((L12)*10000)&"}" -> {2251,2700} | M44: ="{"&INT((L12)*10000)+1&","&INT((M12)*10000)&"}" -> {2701,3240} | Q44: 8 | R44: ="{"&R$3&","&R11&"}" -> {1,1000} | S44: ="{"&S$3&","&S11&"}" -> {2,1000} | T44: ="{"&T$3&","&T11&"}" -> {3,1200} | U44: ="{"&U$3&","&U11&"}" -> {4,1440} | V44: ="{"&V$3&","&V11&"}" -> {5,1800} | W44: ="{"&W$3&","&W11&"}" -> {6,1800} | X44: ="{"&X$3&","&X11&"}" -> {7,2250} | Y44: ="{"&Y$3&","&Y11&"}" -> {8,2250} | ... AC44: ="{"&AC$3&","&AC11&"}" -> {12,3240} | AD44: ="["&_xlfn.TEXTJOIN(",",1,$R44:$AC44)&"]" -> [{1,1000},{2,1000},{3,1200},{4,1440},{5,1800},{6,1800},{7,2250},{8,2250},{9,2700},{10,2700},{11,3240},{12,3240}]
B45: 国王伤害 | C45: 806 | D45: ="{"&INT(D13*0.5*10000)&","&INT((D13)*10000)&"}" -> {416,833} | E45: ="{"&INT((D13)*10000)+1&","&INT((E13)*10000)&"}" -> {834,1200} | F45: ="{"&INT((E13)*10000)+1&","&INT((F13)*10000)&"}" -> {1201,1250} | G45: ="{"&INT((F13)*10000)+1&","&INT((G13)*10000)&"}" -> {1251,1500} | H45: ="{"&INT((G13)*10000)+1&","&INT((H13)*10000)&"}" -> {1501,1800} | I45: ="{"&INT((H13)*10000)+1&","&INT((I13)*10000)&"}" -> {1801,2160} | J45: ="{"&INT((I13)*10000)+1&","&INT((J13)*10000)&"}" -> {2161,2700} | K45: ="{"&INT((J13)*10000)+1&","&INT((K13)*10000)&"}" -> {2701,3375} | L45: ="{"&INT((K13)*10000)+1&","&INT((L13)*10000)&"}" -> {3376,4050} | M45: ="{"&INT((L13)*10000)+1&","&INT((M13)*10000)&"}" -> {4051,4860} | Q45: 10 | R45: ="{"&R$3&","&R12&"}" -> {1,1000} | S45: ="{"&S$3&","&S12&"}" -> {2,1000} | T45: ="{"&T$3&","&T12&"}" -> {3,1200} | U45: ="{"&U$3&","&U12&"}" -> {4,1440} | V45: ="{"&V$3&","&V12&"}" -> {5,1800} | W45: ="{"&W$3&","&W12&"}" -> {6,1800} | X45: ="{"&X$3&","&X12&"}" -> {7,2250} | Y45: ="{"&Y$3&","&Y12&"}" -> {8,2250} | ... AC45: ="{"&AC$3&","&AC12&"}" -> {12,3240} | AD45: ="["&_xlfn.TEXTJOIN(",",1,$R45:$AC45)&"]" -> [{1,1000},{2,1000},{3,1200},{4,1440},{5,1800},{6,1800},{7,2250},{8,2250},{9,2700},{10,2700},{11,3240},{12,3240}]
B46: 全体英雄增伤 | C46: 908 | D46: ="{"&INT(D14*0.5*10000)&","&INT((D14)*10000)&"}" -> {289,578} | E46: ="{"&INT((D14)*10000)+1&","&INT((E14)*10000)&"}" -> {579,800} | F46: ="{"&INT((E14)*10000)+1&","&INT((F14)*10000)&"}" -> {801,833} | G46: ="{"&INT((F14)*10000)+1&","&INT((G14)*10000)&"}" -> {834,1000} | H46: ="{"&INT((G14)*10000)+1&","&INT((H14)*10000)&"}" -> {1001,1200} | I46: ="{"&INT((H14)*10000)+1&","&INT((I14)*10000)&"}" -> {1201,1440} | J46: ="{"&INT((I14)*10000)+1&","&INT((J14)*10000)&"}" -> {1441,1800} | K46: ="{"&INT((J14)*10000)+1&","&INT((K14)*10000)&"}" -> {1801,2250} | L46: ="{"&INT((K14)*10000)+1&","&INT((L14)*10000)&"}" -> {2251,2700} | M46: ="{"&INT((L14)*10000)+1&","&INT((M14)*10000)&"}" -> {2701,3240} | Q46: 11 | R46: ="{"&R$3&","&R13&"}" -> {1,1500} | S46: ="{"&S$3&","&S13&"}" -> {2,1500} | T46: ="{"&T$3&","&T13&"}" -> {3,1800} | U46: ="{"&U$3&","&U13&"}" -> {4,2160} | V46: ="{"&V$3&","&V13&"}" -> {5,2700} | W46: ="{"&W$3&","&W13&"}" -> {6,2700} | X46: ="{"&X$3&","&X13&"}" -> {7,3375} | Y46: ="{"&Y$3&","&Y13&"}" -> {8,3375} | ... AC46: ="{"&AC$3&","&AC13&"}" -> {12,4860} | AD46: ="["&_xlfn.TEXTJOIN(",",1,$R46:$AC46)&"]" -> [{1,1500},{2,1500},{3,1800},{4,2160},{5,2700},{6,2700},{7,3375},{8,3375},{9,4050},{10,4050},{11,4860},{12,4860}]
B47: 战士英雄增伤 | C47: 1106 | D47: ="{"&INT(D15*0.5*10000)&","&INT((D15)*10000)&"}" -> {416,833} | E47: ="{"&INT((D15)*10000)+1&","&INT((E15)*10000)&"}" -> {834,1200} | F47: ="{"&INT((E15)*10000)+1&","&INT((F15)*10000)&"}" -> {1201,1250} | G47: ="{"&INT((F15)*10000)+1&","&INT((G15)*10000)&"}" -> {1251,1500} | H47: ="{"&INT((G15)*10000)+1&","&INT((H15)*10000)&"}" -> {1501,1800} | I47: ="{"&INT((H15)*10000)+1&","&INT((I15)*10000)&"}" -> {1801,2160} | J47: ="{"&INT((I15)*10000)+1&","&INT((J15)*10000)&"}" -> {2161,2700} | K47: ="{"&INT((J15)*10000)+1&","&INT((K15)*10000)&"}" -> {2701,3375} | L47: ="{"&INT((K15)*10000)+1&","&INT((L15)*10000)&"}" -> {3376,4050} | M47: ="{"&INT((L15)*10000)+1&","&INT((M15)*10000)&"}" -> {4051,4860} | Q47: 12 | R47: ="{"&R$3&","&R14&"}" -> {1,1000} | S47: ="{"&S$3&","&S14&"}" -> {2,1000} | T47: ="{"&T$3&","&T14&"}" -> {3,1200} | U47: ="{"&U$3&","&U14&"}" -> {4,1440} | V47: ="{"&V$3&","&V14&"}" -> {5,1800} | W47: ="{"&W$3&","&W14&"}" -> {6,1800} | X47: ="{"&X$3&","&X14&"}" -> {7,2250} | Y47: ="{"&Y$3&","&Y14&"}" -> {8,2250} | ... AC47: ="{"&AC$3&","&AC14&"}" -> {12,3240} | AD47: ="["&_xlfn.TEXTJOIN(",",1,$R47:$AC47)&"]" -> [{1,1000},{2,1000},{3,1200},{4,1440},{5,1800},{6,1800},{7,2250},{8,2250},{9,2700},{10,2700},{11,3240},{12,3240}]
B48: 法师英雄增伤 | C48: 1206 | D48: ="{"&INT(D16*0.5*10000)&","&INT((D16)*10000)&"}" -> {416,833} | E48: ="{"&INT((D16)*10000)+1&","&INT((E16)*10000)&"}" -> {834,1200} | F48: ="{"&INT((E16)*10000)+1&","&INT((F16)*10000)&"}" -> {1201,1250} | G48: ="{"&INT((F16)*10000)+1&","&INT((G16)*10000)&"}" -> {1251,1500} | H48: ="{"&INT((G16)*10000)+1&","&INT((H16)*10000)&"}" -> {1501,1800} | I48: ="{"&INT((H16)*10000)+1&","&INT((I16)*10000)&"}" -> {1801,2160} | J48: ="{"&INT((I16)*10000)+1&","&INT((J16)*10000)&"}" -> {2161,2700} | K48: ="{"&INT((J16)*10000)+1&","&INT((K16)*10000)&"}" -> {2701,3375} | L48: ="{"&INT((K16)*10000)+1&","&INT((L16)*10000)&"}" -> {3376,4050} | M48: ="{"&INT((L16)*10000)+1&","&INT((M16)*10000)&"}" -> {4051,4860} | Q48: 13 | R48: ="{"&R$3&","&R15&"}" -> {1,1500} | S48: ="{"&S$3&","&S15&"}" -> {2,1500} | T48: ="{"&T$3&","&T15&"}" -> {3,1800} | U48: ="{"&U$3&","&U15&"}" -> {4,2160} | V48: ="{"&V$3&","&V15&"}" -> {5,2700} | W48: ="{"&W$3&","&W15&"}" -> {6,2700} | X48: ="{"&X$3&","&X15&"}" -> {7,3375} | Y48: ="{"&Y$3&","&Y15&"}" -> {8,3375} | ... AC48: ="{"&AC$3&","&AC15&"}" -> {12,4860} | AD48: ="["&_xlfn.TEXTJOIN(",",1,$R48:$AC48)&"]" -> [{1,1500},{2,1500},{3,1800},{4,2160},{5,2700},{6,2700},{7,3375},{8,3375},{9,4050},{10,4050},{11,4860},{12,4860}]
... B61: 梦域巡航增伤 | C61: 617 | D61: ="{"&INT(D29*0.5*10000)&","&INT((D29)*10000)&"}" -> {400,800} | E61: ="{"&INT((D29)*10000)+1&","&INT((E29)*10000)&"}" -> {801,1200} | F61: ="{"&INT((E29)*10000)+1&","&INT((F29)*10000)&"}" -> {1201,1250} | G61: ="{"&INT((F29)*10000)+1&","&INT((G29)*10000)&"}" -> {1251,1500} | H61: ="{"&INT((G29)*10000)+1&","&INT((H29)*10000)&"}" -> {1501,1800} | I61: ="{"&INT((H29)*10000)+1&","&INT((I29)*10000)&"}" -> {1801,2160} | J61: ="{"&INT((I29)*10000)+1&","&INT((J29)*10000)&"}" -> {2161,2700} | K61: ="{"&INT((J29)*10000)+1&","&INT((K29)*10000)&"}" -> {2701,3375} | L61: ="{"&INT((K29)*10000)+1&","&INT((L29)*10000)&"}" -> {3376,4050} | M61: ="{"&INT((L29)*10000)+1&","&INT((M29)*10000)&"}" -> {4051,4860} | Q61: 26 | R61: ="{"&R$3&","&R28&"}" -> {1,1500} | S61: ="{"&S$3&","&S28&"}" -> {2,1500} | T61: ="{"&T$3&","&T28&"}" -> {3,1800} | U61: ="{"&U$3&","&U28&"}" -> {4,2160} | V61: ="{"&V$3&","&V28&"}" -> {5,2700} | W61: ="{"&W$3&","&W28&"}" -> {6,2700} | X61: ="{"&X$3&","&X28&"}" -> {7,3375} | Y61: ="{"&Y$3&","&Y28&"}" -> {8,3375} | ... AC61: ="{"&AC$3&","&AC28&"}" -> {12,4860} | AD61: ="["&_xlfn.TEXTJOIN(",",1,$R61:$AC61)&"]" -> [{1,1500},{2,1500},{3,1800},{4,2160},{5,2700},{6,2700},{7,3375},{8,3375},{9,4050},{10,4050},{11,4860},{12,4860}]

Sheet 秘宝保底机制
M5: 0.05556 | N5: 5
J6: {=SUMPRODUCT(L:L,M:M)} -> 21.99856 | N6: 1
J7: =1/J6 -> 0.045457521 | L7: 1 | M7: =IF(L7>=$N$5,$M$5*N6,0) -> 0 | N7: =1-SUM($M$7:M7) -> 1
L8: =L7+1 -> 2 | M8: =IF(L8>=$N$5,$M$5*N7,0) -> 0 | N8: =1-SUM($M$7:M8) -> 1
L9: =L8+1 -> 3 | M9: =IF(L9>=$N$5,$M$5*N8,0) -> 0 | N9: =1-SUM($M$7:M9) -> 1
L10: =L9+1 -> 4 | M10: =IF(L10>=$N$5,$M$5*N9,0) -> 0 | N10: =1-SUM($M$7:M10) -> 1
L11: =L10+1 -> 5 | M11: =IF(L11>=$N$5,$M$5*N10,0) -> 0.05556 | N11: =1-SUM($M$7:M11) -> 0.94444
L12: =L11+1 -> 6 | M12: =IF(L12>=$N$5,$M$5*N11,0) -> 0.052473086 | N12: =1-SUM($M$7:M12) -> 0.89196691
L13: =L12+1 -> 7 | M13: =IF(L13>=$N$5,$M$5*N12,0) -> 0.049557682 | N13: =1-SUM($M$7:M13) -> 0.84240923
L14: =L13+1 -> 8 | M14: =IF(L14>=$N$5,$M$5*N13,0) -> 0.046804257 | N14: =1-SUM($M$7:M14) -> 0.79560497
L15: =L14+1 -> 9 | M15: =IF(L15>=$N$5,$M$5*N14,0) -> 0.044203812 | N15: =1-SUM($M$7:M15) -> 0.75140116
L16: =L15+1 -> 10 | M16: =IF(L16>=$N$5,$M$5*N15,0) -> 0.041747849 | N16: =1-SUM($M$7:M16) -> 0.70965331
L17: =L16+1 -> 11 | M17: =IF(L17>=$N$5,$M$5*N16,0) -> 0.039428338 | N17: =1-SUM($M$7:M17) -> 0.67022498
L18: =L17+1 -> 12 | M18: =IF(L18>=$N$5,$M$5*N17,0) -> 0.0372377 | N18: =1-SUM($M$7:M18) -> 0.63298728
L19: =L18+1 -> 13 | M19: =IF(L19>=$N$5,$M$5*N18,0) -> 0.035168773 | N19: =1-SUM($M$7:M19) -> 0.5978185
... L505: =L504+1 -> 499 | M505: =IF(L505>=$N$5,$M$5*N504,0) -> 3.0249829e-14 | N505: =1-SUM($M$7:M505) -> 5.1425531e-13
L506: =L505+1 -> 500 | M506: =N505 -> 5.1425531e-13 | N506: =1-SUM($M$7:M506) -> 0

Sheet 关卡预期
C2: 天数 | D2: 预期强度(百分比) | E2: 秘宝强度(关卡数)
C3: 4.3333333 | D3: 1.1446759 | E3: 1
C4: 12 | D4: 1.3472222 | E4: 1.1486984
C5: 26.333333 | D5: 1.4166667 | E5: 1.3195079
C6: 47.333333 | D6: 1.5 | E6: 1.5157166
C7: 78.333333 | D7: 1.6 | E7: 1.7411011
C8: 139.33333 | D8: 1.72 | E8: 2
C9: 260.33333 | D9: 1.864 | E9: 2.1435469
C10: 501.33333 | D10: 2.0368 | E10: 2.2973967
C11: 1002.3333 | D11: 2.24416 | E11: 2.4622888
C12: 2003.3333 | D12: 2.492992 | E12: 2.6390158
C13: 4004.3333 | D13: 2.7915904 | E13: 2.8284271
C14: 8005.3333 | D14: 3.1499085 | E14: 3.0314331
G19: 0.15 | H19: 0.05 | I19: =0.0525*8 -> 0.42 | J19: =0.035*7 -> 0.245 | K19: =0.015*5 -> 0.075 | L19: =0.06 -> 0.06
C20: 秘宝等级 | D20: 披风消耗 | E20: 技能升级消耗 | F20: 天数 | G20: 怪物增伤 | H20: 精英增伤 | I20: 梦灵增伤 | J20: 暴击伤害 | K20: 无视抗性 | L20: 主线
C21: 1 | D21: 10000 | E21: 3000 | F21: 4 | G21: =M21*$S21*G$19 -> 0.025 | H21: =N21*$S21*H$19 -> 0.016666667 | I21: =O21*$S21*I$19 -> 0.07 | J21: =P21*$S21*J$19 -> 0.14178241 | K21: =Q21*$S21*K$19 -> 0.0086805556 | L21: =R21*$S21*L$19 -> 0.0096 | M21: =OFFSET(秘宝配置!$C$4,0,C21) -> 0.083333333 | N21: =OFFSET(秘宝配置!$C$7,0,C21) -> 0.16666667 | O21: =OFFSET(秘宝配置!$C$19,0,C21) -> 0.083333333 | P21: =OFFSET(秘宝配置!$C$22,0,C21) -> 0.28935185 | Q21: =OFFSET(秘宝配置!$C$8,0,C21) -> 0.05787037 | R21: =OFFSET(秘宝配置!$C$28,0,C21) -> 0.08 | S21: 2
C22: 2 | D22: 20000 | E22: 6000 | F22: 9 | G22: =M22*$S22*G$19 -> 0.054 | H22: =N22*$S22*H$19 -> 0.036 | I22: =O22*$S22*I$19 -> 0.1512 | J22: =P22*$S22*J$19 -> 0.294 | K22: =Q22*$S22*K$19 -> 0.018 | L22: =R22*$S22*L$19 -> 0.0216 | M22: =OFFSET(秘宝配置!$C$4,0,C22) -> 0.12 | N22: =OFFSET(秘宝配置!$C$7,0,C22) -> 0.24 | O22: =OFFSET(秘宝配置!$C$19,0,C22) -> 0.12 | P22: =OFFSET(秘宝配置!$C$22,0,C22) -> 0.4 | Q22: =OFFSET(秘宝配置!$C$8,0,C22) -> 0.08 | R22: =OFFSET(秘宝配置!$C$28,0,C22) -> 0.12 | S22: 3
C23: 3 | D23: 40000 | E23: 12000 | F23: 16.666667 | G23: =M23*$S23*G$19 -> 0.075 | H23: =N23*$S23*H$19 -> 0.05 | I23: =O23*$S23*I$19 -> 0.21 | J23: =P23*$S23*J$19 -> 0.40833333 | K23: =Q23*$S23*K$19 -> 0.025 | L23: =R23*$S23*L$19 -> 0.03 | M23: =OFFSET(秘宝配置!$C$4,0,C23) -> 0.125 | N23: =OFFSET(秘宝配置!$C$7,0,C23) -> 0.25 | O23: =OFFSET(秘宝配置!$C$19,0,C23) -> 0.125 | P23: =OFFSET(秘宝配置!$C$22,0,C23) -> 0.41666667 | Q23: =OFFSET(秘宝配置!$C$8,0,C23) -> 0.083333333 | R23: =OFFSET(秘宝配置!$C$28,0,C23) -> 0.125 | S23: 4
C24: 4 | D24: 80000 | E24: 25000 | F24: 29.095238 | G24: =M24*$S24*G$19 -> 0.1125 | H24: =N24*$S24*H$19 -> 0.075 | I24: =O24*$S24*I$19 -> 0.315 | J24: =P24*$S24*J$19 -> 0.6125 | K24: =Q24*$S24*K$19 -> 0.0375 | L24: =R24*$S24*L$19 -> 0.045 | M24: =OFFSET(秘宝配置!$C$4,0,C24) -> 0.15 | N24: =OFFSET(秘宝配置!$C$7,0,C24) -> 0.3 | O24: =OFFSET(秘宝配置!$C$19,0,C24) -> 0.15 | P24: =OFFSET(秘宝配置!$C$22,0,C24) -> 0.5 | Q24: =OFFSET(秘宝配置!$C$8,0,C24) -> 0.1 | R24: =OFFSET(秘宝配置!$C$28,0,C24) -> 0.15 | S24: 5
C25: 5 | D25: 150000 | E25: 50000 | F25: 48.845238 | G25: =M25*$S25*G$19 -> 0.135 | H25: =N25*$S25*H$19 -> 0.09 | I25: =O25*$S25*I$19 -> 0.378 | J25: =P25*$S25*J$19 -> 0.735 | K25: =Q25*$S25*K$19 -> 0.045 | L25: =R25*$S25*L$19 -> 0.054 | M25: =OFFSET(秘宝配置!$C$4,0,C25) -> 0.18 | N25: =OFFSET(秘宝配置!$C$7,0,C25) -> 0.36 | O25: =OFFSET(秘宝配置!$C$19,0,C25) -> 0.18 | P25: =OFFSET(秘宝配置!$C$22,0,C25) -> 0.6 | Q25: =OFFSET(秘宝配置!$C$8,0,C25) -> 0.12 | R25: =OFFSET(秘宝配置!$C$28,0,C25) -> 0.18 | S25: 5
C26: 6 | D26: 300000 | E26: 100000 | F26: 87.345238 | G26: =M26*$S26*G$19 -> 0.162 | H26: =N26*$S26*H$19 -> 0.108 | I26: =O26*$S26*I$19 -> 0.4536 | J26: =P26*$S26*J$19 -> 0.882 | K26: =Q26*$S26*K$19 -> 0.054 | L26: =R26*$S26*L$19 -> 0.0648 | M26: =OFFSET(秘宝配置!$C$4,0,C26) -> 0.216 | N26: =OFFSET(秘宝配置!$C$7,0,C26) -> 0.432 | O26: =OFFSET(秘宝配置!$C$19,0,C26) -> 0.216 | P26: =OFFSET(秘宝配置!$C$22,0,C26) -> 0.72 | Q26: =OFFSET(秘宝配置!$C$8,0,C26) -> 0.144 | R26: =OFFSET(秘宝配置!$C$28,0,C26) -> 0.216 | S26: 5
C27: 7 | D27: 600000 | E27: 200000 | F27: 163.34524 | G27: =M27*$S27*G$19 -> 0.2025 | H27: =N27*$S27*H$19 -> 0.135 | I27: =O27*$S27*I$19 -> 0.567 | J27: =P27*$S27*J$19 -> 1.1025 | K27: =Q27*$S27*K$19 -> 0.0675 | L27: =R27*$S27*L$19 -> 0.081 | M27: =OFFSET(秘宝配置!$C$4,0,C27) -> 0.27 | N27: =OFFSET(秘宝配置!$C$7,0,C27) -> 0.54 | O27: =OFFSET(秘宝配置!$C$19,0,C27) -> 0.27 | P27: =OFFSET(秘宝配置!$C$22,0,C27) -> 0.9 | Q27: =OFFSET(秘宝配置!$C$8,0,C27) -> 0.18 | R27: =OFFSET(秘宝配置!$C$28,0,C27) -> 0.27 | S27: 5
C28: 8 | D28: 1200000 | E28: 400000 | F28: 314.34524 | G28: =M28*$S28*G$19 -> 0.253125 | H28: =N28*$S28*H$19 -> 0.16875 | I28: =O28*$S28*I$19 -> 0.70875 | J28: =P28*$S28*J$19 -> 1.378125 | K28: =Q28*$S28*K$19 -> 0.084375 | L28: =R28*$S28*L$19 -> 0.10125 | M28: =OFFSET(秘宝配置!$C$4,0,C28) -> 0.3375 | N28: =OFFSET(秘宝配置!$C$7,0,C28) -> 0.675 | O28: =OFFSET(秘宝配置!$C$19,0,C28) -> 0.3375 | P28: =OFFSET(秘宝配置!$C$22,0,C28) -> 1.125 | Q28: =OFFSET(秘宝配置!$C$8,0,C28) -> 0.225 | R28: =OFFSET(秘宝配置!$C$28,0,C28) -> 0.3375 | S28: 5
C29: 9 | D29: 2500000 | E29: 800000 | F29: 627.84524 | G29: =M29*$S29*G$19 -> 0.30375 | H29: =N29*$S29*H$19 -> 0.2025 | I29: =O29*$S29*I$19 -> 0.8505 | J29: =P29*$S29*J$19 -> 1.65375 | K29: =Q29*$S29*K$19 -> 0.10125 | L29: =R29*$S29*L$19 -> 0.1215 | M29: =OFFSET(秘宝配置!$C$4,0,C29) -> 0.405 | N29: =OFFSET(秘宝配置!$C$7,0,C29) -> 0.81 | O29: =OFFSET(秘宝配置!$C$19,0,C29) -> 0.405 | P29: =OFFSET(秘宝配置!$C$22,0,C29) -> 1.35 | Q29: =OFFSET(秘宝配置!$C$8,0,C29) -> 0.27 | R29: =OFFSET(秘宝配置!$C$28,0,C29) -> 0.405 | S29: 5
C30: 10 | D30: 5000000 | E30: 1600000 | F30: 1253.8452 | G30: =M30*$S30*G$19 -> 0.3645 | H30: =N30*$S30*H$19 -> 0.243 | I30: =O30*$S30*I$19 -> 1.0206 | J30: =P30*$S30*J$19 -> 1.9845 | K30: =Q30*$S30*K$19 -> 0.1215 | L30: =R30*$S30*L$19 -> 0.1458 | M30: =OFFSET(秘宝配置!$C$4,0,C30) -> 0.486 | N30: =OFFSET(秘宝配置!$C$7,0,C30) -> 0.972 | O30: =OFFSET(秘宝配置!$C$19,0,C30) -> 0.486 | P30: =OFFSET(秘宝配置!$C$22,0,C30) -> 1.62 | Q30: =OFFSET(秘宝配置!$C$8,0,C30) -> 0.324 | R30: =OFFSET(秘宝配置!$C$28,0,C30) -> 0.486 | S30: 5
C31: 11 | D31: 10000000 | E31: 3200000 | F31: 2504.8452 | G31: =M31*$S31*G$19 -> 0.4374 | H31: =N31*$S31*H$19 -> 0.2916 | I31: =O31*$S31*I$19 -> 1.22472 | J31: =P31*$S31*J$19 -> 2.3814 | K31: =Q31*$S31*K$19 -> 0.1458 | L31: =R31*$S31*L$19 -> 0.17496 | M31: =OFFSET(秘宝配置!$C$4,0,C31) -> 0.5832 | N31: =OFFSET(秘宝配置!$C$7,0,C31) -> 1.1664 | O31: =OFFSET(秘宝配置!$C$19,0,C31) -> 0.5832 | P31: =OFFSET(秘宝配置!$C$22,0,C31) -> 1.944 | Q31: =OFFSET(秘宝配置!$C$8,0,C31) -> 0.3888 | R31: =OFFSET(秘宝配置!$C$28,0,C31) -> 0.5832 | S31: 5
C32: 12 | D32: 20000000 | E32: 6400000 | F32: 5005.8452 | G32: =M32*$S32*G$19 -> 0.52488 | H32: =N32*$S32*H$19 -> 0.34992 | I32: =O32*$S32*I$19 -> 1.469664 | J32: =P32*$S32*J$19 -> 2.85768 | K32: =Q32*$S32*K$19 -> 0.17496 | L32: =R32*$S32*L$19 -> 0.209952 | M32: =OFFSET(秘宝配置!$C$4,0,C32) -> 0.69984 | N32: =OFFSET(秘宝配置!$C$7,0,C32) -> 1.39968 | O32: =OFFSET(秘宝配置!$C$19,0,C32) -> 0.69984 | P32: =OFFSET(秘宝配置!$C$22,0,C32) -> 2.3328 | Q32: =OFFSET(秘宝配置!$C$8,0,C32) -> 0.46656 | R32: =OFFSET(秘宝配置!$C$28,0,C32) -> 0.69984 | S32: 5

Sheet Sheet1
A1: 属性id (必须大于100) | B1: 原子 | C1: 名称 | D1: 展示排序 | E1: 作用对象（玩家角度） 1-基地（作用于基地） 2-梦灵/不填（作用于梦灵） 3-主角（只作用与主角身上） | F1: 属性增幅对象 单纯的这类属性没有作用,必须要有增幅对象才能产生作用 | G1: 主角属性列表 是否显示 | H1: 单位
A2: id | B2: atom | C2: name | D2: order | E2: target | F2: rate_target | G2: is_show | H2: type
C4: 基础属性↓
A5: 101 | B5: max_hp | C5: 生命 | H5: 数值
A6: 102 | B6: hp_rate | C6: 生命加成 | F6: max_hp | H6: 万分比
A7: 103 | B7: atk | C7: 攻击 | H7: 数值
A8: 104 | B8: atk_rate | C8: 攻击加成 | F8: atk | H8: 万分比
A9: 105 | B9: atk_speed | C9: 攻速 | H9: 万分比
A10: 106 | B10: max_energy | C10: 能量 | H10: 数值
A11: 107 | B11: energy_rate | C11: 能量增幅 | H11: 万分比
A12: 108 | B12: energy_recover | C12: 充能时间 | H12: 时间
A13: 1081 | B13: energy_recover_rate | C13: 充能效率 | H13: 万分比
A14: 111 | B14: energy_reuse_rate | C14: 几率不消耗能量 | H14: 万分比
A15: 112 | B15: energy_recover_finish_rate | C15: 几率立即充能完成 | H15: 万分比
A16: 113 | B16: move_speed | C16: 移动速度 | H16: 数值
A17: 1131 | B17: move_speed_rate | C17: 移速加成 | H17: 万分比
A18: 115 | B18: crit_rate | C18: 暴击率 | H18: 万分比
A19: 116 | B19: crit_resist | C19: 抗暴率 | H19: 万分比
A20: 117 | B20: crit_dmg | C20: 暴击伤害 | H20: 万分比
... A24: 121 | B24: shield | C24: 护盾 | H24: 数值
A25: 122 | B25: ignore_red | C25: 无视抗性
C28: 伤害增减↓
A29: 201 | B29: dmg_rate | C29: 伤害加成 | H29: 万分比
A30: 202 | B30: dmg_red_rate | C30: 伤害减免 | D30: 13 | G30: 是 | H30: 万分比
A31: 203 | B31: dmg_red | C31: 固定减伤 | H31: 数值
A32: 204 | B32: final_dmg_rate | C32: 最终伤害 | H32: 万分比
A33: 205 | B33: final_dmg_red_rate | C33: 最终减伤 | H33: 万分比
A34: 206 | B34: blue_dmg_rate | C34: 特殊伤害加成 | H34: 万分比
A35: 207 | B35: mechanic_dmg_rate | C35: 机制伤害加成 | E35: [2,3] | H35: 万分比
A36: 208 | B36: stage_dmg_rate | C36: 升阶伤害加成 | H36: 万分比
A37: 209 | B37: distance_dmg_rate | C37: 距离伤害加成 | H37: 万分比
A38: 210 | B38: rune_dmg_rate | C38: 符文增伤属性 | H38: 万分比
A39: 211 | B39: exclusive_dmg_rate | C39: 专属增伤属性 | H39: 万分比
A40: 212 | B40: tape_dmg_rate | C40: 卡带增伤属性 | H40: 万分比
A41: 213 | B41: dress_dmg_rate | C41: 皮肤增伤属性 | H41: 万分比
A42: 214 | B42: equipment_dmg_rate | C42: 装备增伤属性 | H42: 万分比
C45: 元素机制↓
A46: 301 | B46: element_inc_rate | C46: 全元素伤害 | H46: 万分比
A47: 302 | B47: element_red_rate | C47: 全元素抗性 | H47: 万分比
A48: 303 | B48: element_atk | C48: 全元素攻击 | H48: 数值
A49: 304 | B49: physic_inc_rate | C49: 物理伤害 | H49: 万分比
A50: 305 | B50: physic_red_rate | C50: 物理抗性 | H50: 万分比
A51: 306 | B51: physic_atk | C51: 物理攻击 | H51: 数值
A52: 307 | B52: confusion_inc_rate | C52: 念力伤害 | H52: 万分比
A53: 308 | B53: confusion_red_rate | C53: 念力抗性 | H53: 万分比
A54: 309 | B54: confusion_atk | C54: 念力攻击 | H54: 数值
A55: 310 | B55: fire_inc_rate | C55: 火伤害 | H55: 万分比
A56: 311 | B56: fire_red_rate | C56: 火抗性 | H56: 万分比
A57: 312 | B57: fire_atk | C57: 火攻击 | H57: 数值
... A69: 324 | B69: poison_atk | C69: 毒攻击 | H69: 数值
C72: 技能类型效果系数↓
A73: 401 | B73: main_hit_rate | C73: 主伤增幅 | H73: 万分比
A74: 402 | B74: sub_hit_rate | C74: 副伤增幅 | H74: 万分比
A75: 403 | B75: bomb_hit_rate | C75: 爆炸增幅 | H75: 万分比
A76: 404 | B76: bullet_hit_rate | C76: 弹道增幅 | H76: 万分比
A77: 405 | B77: common_hit_rate | C77: 技能增幅 | D77: 50 | E77: [2,3] | G77: 是 | H77: 万分比
A78: 406 | B78: main_hit_red_rate | C78: 主伤抗性 | H78: 万分比
A79: 407 | B79: sub_hit_red_rate | C79: 副伤抗性 | H79: 万分比
A80: 408 | B80: bomb_hit_red_rate | C80: 爆炸抗性 | H80: 万分比
A81: 409 | B81: bullet_hit_red_rate | C81: 弹道抗性 | H81: 万分比
A82: 410 | B82: dot_hit_rate | C82: 异常增伤 | D82: 51 | E82: [2,3] | G82: 是 | H82: 万分比
A83: 411 | B83: dot_hit_red_rate | C83: 异常减伤 | H83: 万分比
C86: 特殊效果类属性↓
A87: 501 | B87: heal_rate | C87: 治疗加成 | D87: 52 | E87: [2] | G87: 是 | H87: 万分比
A88: 502 | B88: be_heal_rate | C88: 受疗加成 | D88: 53 | E88: [2] | G88: 是 | H88: 万分比
A89: 503 | B89: shield_rate | C89: 护盾加成 | H89: 万分比
A90: 504 | B90: be_shield_rate | C90: 受盾加成 | H90: 万分比
A91: 505 | B91: knockback_inc_rate | C91: 击退增幅比 | H91: 万分比
A92: 506 | B92: knockback_red_rate | C92: 击退抗性比 | H92: 万分比
A93: 507 | B93: talisman_fit_num | C93: 槽位数量 | H93: 数值
A94: 508 | B94: energy_cd_reduce_rate | C94: 能量消耗间隔加速 | H94: 万分比
A95: 511 | B95: dot_time | C95: 负面效果时间 | H95: 时间
A96: 512 | B96: ignore_red_rate | C96: 几率忽视目标防御 | H96: 万分比
A97: 513 | B97: dot_time_rate | C97: 负面效果延长 | D97: 54 | E97: [2,3] | G97: 是 | H97: 万分比
A98: 514 | B98: battle_dmg_rate | C98: 局内伤害加成 | E98: [2,3] | G98: 是 | H98: 万分比
A99: 515 | B99: knockback_time_inc_rate | C99: 击飞时长增幅比 | H99: 万分比
A100: 516 | B100: knockback_time_red_rate | C100: 击飞时长抗性比 | H100: 万分比
A101: 517 | B101: knockback_force_inc_rate | C101: 牵引力增幅比 | H101: 万分比
A102: 518 | B102: knockback_force_red_rate | C102: 牵引力抗性比 | H102: 万分比
A103: 519 | B103: taunt_num | C103: 嘲讽最大数量 | H103: 数值
A104: 520 | B104: dot_crit_rate_scale | C104: dot伤害暴击缩放系数 | E104: [2] | H104: 万分比
C111: 其他↓
A112: 601 | B112: unit_atk_rate | C112: 基础攻击 | F112: atk | H112: 万分比
A113: 602 | B113: revive_times | C113: 复活次数 | E113: [3] | H113: 数值
A114: 603 | B114: multiple_choices_rate | C114: 多选卡带掉落几率 | E114: [3] | H114: 万分比
A115: 604 | B115: multiple_choices | C115: 多选卡带选项 | E115: [3] | H115: 数值
A116: 605 | B116: original_card | C116: 战中初始卡带数 | E116: [3] | H116: 数值
A117: 606 | B117: original_hero | C117: 战中初始梦灵数 | E117: [3] | H117: 数值
A118: 607 | B118: refresh_card | C118: 战中卡带刷新次数 | E118: [3] | H118: 数值
A119: 608 | B119: normal_monster_hit_rate | C119: 对小怪增伤 | D119: 43 | E119: [2,3] | G119: 是 | H119: 万分比
A120: 609 | B120: elitist_monster_hit_rate | C120: 对精英增伤 | D120: 42 | E120: [2,3] | G120: 是 | H120: 万分比
A121: 610 | B121: boss_monster_hit_rate | C121: 对首领增伤 | D121: 41 | E121: [2,3] | G121: 是 | H121: 万分比
A122: 611 | B122: summon_monster_hit_rate | C122: 对召唤怪增伤 | D122: 44 | E122: [2,3] | G122: 是 | H122: 万分比
A123: 612 | B123: fly_monster_hit_rate | C123: 对飞行怪增伤 | D123: 45 | E123: [2,3] | G123: 是 | H123: 万分比
A124: 613 | B124: ranged_monster_hit_rate | C124: 对远程怪增伤 | D124: 46 | E124: [2,3] | G124: 是 | H124: 万分比
A125: 614 | B125: tank_monster_hit_rate | C125: 对肉盾怪增伤 | D125: 47 | E125: [2,3] | G125: 是 | H125: 万分比
A126: 615 | B126: fast_monster_hit_rate | C126: 对高速怪增伤 | D126: 48 | E126: [2,3] | G126: 是 | H126: 万分比
A127: 616 | B127: chapter_pve_hit_rate | C127: 主线挑战增伤 | D127: 31 | E127: [2,3] | G127: 是 | H127: 万分比
A128: 617 | B128: event_pve_hit_rare | C128: 梦域巡航增伤 | D128: 32 | E128: [2,3] | G128: 是 | H128: 万分比
A129: 618 | B129: week_pve_hit_rare | C129: 情绪净化增伤 | D129: 33 | E129: [2,3] | G129: 是 | H129: 万分比
...
