Workbook

Sheet ChangeLog
B2: 版本号 | C2: 修改时间 | D2: 修改内容 | E2: 修改人
B3: V1.00 | C3: 45762 | D3: 文档创建 | E3: 童超

Sheet 核心循环
C2: 核心循环

Sheet 战斗公式
C3: 设计思路
D4: ID | E4: 设计思路
D5: 1 | E5: 无防御数值，基础伤害公式就是攻击和生命
D6: 2 | E6: 外围属性投放相对收敛，不做大数值
D7: 3 | E7: 公式可以拓展，预留新增特殊高价值属性的空间
D8: 4 | E8: 当所有梦灵生命值为0时，战斗失败
D9: 5 | E9: 后续在伤害的投放上，需要注意：角色自身养成提升的技能伤害走hit_result的技能系数【凸显专项的强度体验】，局内和局外的通用养成用dmg_rate【量大可以被稀释】，局外通用系统的专属角色养成用common_hit_rate【凸显专项的强度体验】且尽量避免减伤
C12: 战斗公式
D14: 战斗伤害计算：
D16: 基础伤害=面板攻击
D17: 注： | E17: 1、局外所有属性最终由服务端转换成相应的战斗属性发给客户端（除怪物增伤外）
E18: 2、面板攻击是不带属性类型的，理解为全局基础攻击力属性表的最终atk
D20: 乘区划分
D21: 常规伤害计算=（基础伤害乘区 * 1技能系数乘区 *2局外伤害加成乘区 *3局内伤害加成乘区 *暴击伤害-固定减伤）*4怪物抗性乘区* 5伤害减免乘区 * 6英雄蓝字伤害乘区 *8英雄机制伤害* 9角色伤害乘区*10距离伤害乘区*11怪物增伤乘区*12伤害波动乘区*13元素伤害乘区
D23: 注： | E23: 1、技能伤害乘区=（攻击者技能伤害系数*（1+技能类型效果增幅系数）+附加系数修正技能倍率）
F24: 修改计算方式成乘法，（攻击者技能伤害系数+附加系数修正技能倍率*（1+技能类型效果增幅系数））
E25: 2、局外伤害加成乘区=1+ Σ伤害加成的汇总 用旧的dmg_rate
F26: 存放职业伤害增加（队长伤害加成、全局伤害加成、战士/法师/毒/控制/辅助/射手伤害加成）
F27: 存放玩法伤害增加，如对小怪增伤属性616~618
F28: 存放怪物伤害增加，如对小怪增伤属性608~615
E29: 3、局内伤害加成乘区=1+ Σ伤害加成的汇总
F30: 新增乘区和属性：局内伤害加成 dmg_rate，大部分局内增伤都放到这里，如红温卡带加成到这里
E31: 4、怪物抗性乘区=min(max(0.2,1- 怪物最终抗性),2)
F32: 当怪物对应职业抗性<=0时候，
G33: 怪物最终抗性=怪物对应职业抗性
F34: 当怪物对应职业抗性>0时 ,
G35: 怪物最终抗性=max(怪物对应职业抗性-最终无视怪物抗性,0)
E36: 5、伤害减免乘区=1-伤害减免
F37: 新增乘区：从原本公式挪出来，伤害减免dmg_red_rate，易伤配置负数实现，英雄伤害减免配正数
E38: 6、英雄蓝字伤害乘区=1+蓝字伤害加成（新属性）
F39: 新增属性和乘区：蓝字字体伤害，保证字体颜色变化时，一定是有这么多百分比
E42: 8、英雄机制伤害=1+机制伤害加成（新属性）
F43: 新增属性和乘区：英雄机制伤害增加，如对中毒单位伤害增加、对冰冻伤害增加加到这里乘区
E44: 9、角色增伤乘区=1+英雄升阶伤害加成（新属性）
F45: 新增属性：角色升级伤害加成，如20级寒冰给的10%伤害加成
E46: 10、距离伤害乘区=1+近距离伤害加成/远距离伤害加成（新属性）
F47: 新增属性和乘区：短/远距离伤害加成，战斗给距离，给战士职业属性用
E48: 11、伤害波动乘区=1+伤害波动
F49: 新增乘区：属性后续加，先预留
E50: 12、元素伤害乘区=1+对应元素伤害加成+全元素伤害增加
F51: 新增乘区：存放元素伤害增加，如对小怪增伤301~321（后期如果做元素，就有追求）
E52: 13、特殊增伤乘区=1+特殊宝石伤害加成
F53: 新增乘区：属性后续加，先预留，用来存放宝石属性，保证后期红宝石追求
E54: 14、局内攻击加成
F55: 新增属性：局内攻击加成atk_rate
D57: 新版伤害计算公式为
E58: 最终伤害=攻击者局外属性×（1+攻击者局外属性加成）×（1+局内攻击加成）×（攻击者技能伤害系数*（1+技能类型效果增幅系数）+附加系数修正技能倍率）)×（1+局外伤害加成总和）*（1+局内伤害加成总和）
F59: ×（攻击者爆伤-受击者爆伤减免）-受击者固定减伤）×max【（1+攻击者最终伤害加成-受击者最终伤害减免），0】*min(max(0.2,1-最终怪物对应职业抗性+最终无视怪物抗性),1)
F60: × max（1-受击者各种伤害减免总和，10%）×（1+英雄蓝字伤害增加_dmg_rate）×（1+英雄机制增伤_dmg_rate）×（1+英雄升阶增伤_dmg_rate）×（1+距离伤害增加_dmg_rate）*（1+伤害波动_dmg_rate）*（1+元素增伤_dmg_rate）*（1+特殊增伤_dmg_rate）
D61: 特殊伤害计算：
D62: 新公式与常规技能伤害计算相同
D63: Dot伤害=施法者攻击力*dot系数*（攻击方总异常伤害加成-防守方总异常伤害减免）*层数
D64: Dot伤害=攻击者局外属性×（1+攻击者局外属性加成）×（1+局内攻击加成）×（dot系数*（1+技能类型效果增幅系数）+附加系数修正技能倍率）)×（1+局外伤害加成总和）*（1+局内伤害加成总和）
E65: ×（攻击者爆伤-受击者爆伤减免）-受击者固定减伤）×max【（1+攻击者最终伤害加成-受击者最终伤害减免），0】*min(max(0.2,1-最终怪物对应职业抗性+最终无视怪物抗性),1)
E66: × max（1-受击者各种伤害减免总和，10%）×（1+英雄蓝字伤害增加_dmg_rate）×（1+英雄机制增伤_dmg_rate）×（1+英雄升阶增伤_dmg_rate）×（1+距离伤害增加_dmg_rate）*（1+伤害波动_dmg_rate）*（1+元素增伤_dmg_rate）*（1+特殊增伤_dmg_rate）
E67: ×（攻击方总异常伤害加成-防守方总异常伤害减免）*层数
D69: 生命上限类dot=min（目标生命上限*系数*（攻击方总异常伤害加成-防守方总异常伤害减免），施法者攻击力*x%）
D70: 基础治疗量=自身属性*基础技能系数*（1+额外加技能系数）
D71: 战斗实际治疗量=（基础治疗量+固定值）*（1+治疗方治疗增强-治疗方治疗降低）*（1+受疗方受疗增强-受疗方受疗降低）+目标生命上限百分比
D72: 攻击间隔=基础间隔/（1+攻击速度）
D73: 技能CD=基础CD/（1+技能冷却效率）
D74: 能量值=基础能量*（1+能量增幅）
D75: 能量恢复=基础能量恢复*（1+能量恢复效率）
D76: 负面时间=基础负面时间*（1+负面效果时间延长）
C83: 属性因子
D85: 属性ID | E85: 属性名称 | F85: 因子 | G85: 属性类型 | H85: 战力评分
D86: 1 | E86: 生命值 | F86: hp_max | G86: 固定值 | H86: 1
D87: 2 | E87: 攻击力 | F87: atk | G87: 固定值 | H87: 10
D88: 3 | E88: 生命比 | F88: hp_rate | G88: 万分比 | H88: 150
D89: 4 | E89: 攻击比 | F89: atk_tate | G89: 万分比 | H89: 150
D90: 5 | E90: 暴击率 | F90: crit_rate | G90: 万分比 | H90: 150
D91: 6 | E91: 抗暴击 | F91: crit_resist | G91: 万分比 | H91: 150
D92: 7 | E92: 暴击伤害 | F92: crit_dmg | G92: 万分比 | H92: 15
D93: 8 | E93: 爆伤减免 | F93: crit_dmg_red | G93: 万分比 | H93: 15
D94: 9 | E94: 伤害增加 | F94: dmg_rate | G94: 万分比 | H94: 80
D95: 10 | E95: 伤害减免 | F95: dmg_red_rate | G95: 万分比 | H95: 80
D96: 11 | E96: 固定减伤 | F96: dmg_red | G96: 固定值 | H96: 20
D97: 12 | E97: 全元素攻击 | F97: element_atk | G97: 固定值 | H97: =H87*6 -> 60
D98: 13 | E98: 全元素增伤 | F98: element_inc_rate | G98: 固定值 | H98: =H94*6 -> 480
D99: 14 | E99: 全元素减免 | F99: element_red_rate | G99: 固定值 | H99: =H95*6 -> 480
D100: 15 | E100: 冰元素攻击 | F100: ice_atk | G100: 固定值 | H100: 10
D101: 16 | E101: 冰元素增伤 | F101: ice_inc_rate | G101: 万分比 | H101: 80
D102: 17 | E102: 冰元素减免 | F102: ice_red_rate | G102: 万分比 | H102: 80
D103: 18 | E103: 火元素攻击 | F103: fire_atk | G103: 固定值 | H103: 10
D104: 19 | E104: 火元素增伤 | F104: fire_inc_rate | G104: 万分比 | H104: 80
D105: 20 | E105: 火元素减免 | F105: fire_red_rate | G105: 万分比 | H105: 80
D106: 21 | E106: 电元素攻击 | F106: lightning_atk | G106: 固定值 | H106: 10
D107: 22 | E107: 电元素增伤 | F107: lightning_inc_rate | G107: 万分比 | H107: 80
D108: 23 | E108: 电元素减免 | F108: lightning_red_rate | G108: 万分比 | H108: 80
D109: 24 | E109: 风元素攻击 | F109: wind_atk | G109: 固定值 | H109: 10
D110: 25 | E110: 风元素增伤 | F110: wind_inc_rate | G110: 万分比 | H110: 80
D111: 26 | E111: 风元素减免 | F111: wind_red_rate | G111: 万分比 | H111: 80
... D117: 32 | E117: 物理减免 | F117: physic_red_rate | G117: 万分比 | H117: 80
D118: 33 | E118: 攻击速度 | F118: atk_speed | G118: 万分比 | H118: 待定
D119: 34 | E119: 技能冷却【毫秒】 | F119: skill_cd | G119: 固定值 | H119: 待定
D120: 35 | E120: 技能冷却效率 | F120: skill_cd_rate | G120: 万分比 | H120: 待定
D121: 36 | E121: 能量 | F121: max_energy | G121: 固定值 | H121: 待定
D122: 37 | E122: 能量增幅 | F122: energy_rate | G122: 万分比 | H122: 待定
D123: 38 | E123: 能量恢复效率【毫秒】 | F123: energy_recover | G123: 固定值 | H123: 待定
D124: 39 | E124: 能量恢复增幅 | F124: energy_recover_rate | G124: 万分比 | H124: 待定
...

Sheet 养成框架
C2: 养成框架
D3: 类型ID | E3: 定义
D4: 活跃 | E4: 定义为80%来源为日常游玩获取，极少付费加速。
D5: 活跃+付费 | E5: 定义为活跃有持续获取，且付费有比较大的加速空间。
D6: 付费 | E6: 定位为主要靠付费获取，活跃需要较长时间在活动或者商店兑换获取。（兑换周期一般在一周以上）
D8: 养成模块 | E8: 养成点 | F8: 开启时机 | G8: 简述 | H8: 商业化定位 | I8: 付费层级 | J8: 养成定位 | K8: 战斗影响 | L8: 主要获取途径
D9: 梦灵1 | E9: 升级 | F9: 首日 | G9: 游戏养成方面的主轴线，随英雄池拓展，步长稳定 | H9: 活跃 | I9: 免费 | J9: 细颗粒度 | K9: 属性+机制 | L9: 抽卡
D10: 梦灵2 | E10: 图鉴 | F10: 首日 | G10: 给老英雄提供价值，提供全局爆伤属性，为暴击属性铺垫 | H10: 活跃 | I10: 免费 | J10: 细颗粒度 | K10: 属性
D11: 梦灵3 | E11: 专属卡带 | F11: / | G11: 梦灵专武，变更梦灵技能效果，本体升星，拓宽梦灵深度 | H11: 活跃+付费 | I11: 大R | J11: 大颗粒度 | K11: 专属卡带+被动 | L11: 特殊商业化活动
D12: 梦灵4 | E12: 皮肤 | F12: 首日 | G12: 为高人气梦灵做全套定制的视觉差异，纯皮，针对超R | H12: 付费 | I12: 超R | J12: / | K12: / | L12: 运营活动
D13: 主角1 | E13: 装备 | F13: 首日 | G13: 前期高额基础属性，中期高额伤害加成，后期洗练拓宽保证步长稳定 | H13: 活跃 | I13: 免费 | J13: 细颗粒度 | K13: 固定属性 | L13: 挂机、组队玩法
D14: 主角2 | E14: 武器 | F14: 首日 | G14: 促进联盟发展，投放加速，围绕加速搭建生态 | H14: 活跃 | I14: 免费 | J14: 中颗粒度 | K14: 固定属性+技能 | L14: 日常+组队玩法+公会玩法
D15: 主角3 | E15: 宝石 | F15: 首日 | G15: 前期合成，中后期洗练 | H15: 活跃+付费 | I15: 中R | J15: 中颗粒度 | K15: 属性+技能+机制 | L15: 日常活跃
D16: 主角4 | E16: 武器皮肤 | F16: 首日 | G16: 个性化外观+局内触发类进攻技能售卖，超R追求满星 | H16: 付费 | I16: 大R | J16: / | K16: 属性+技能 | L16: 运营活动
D17: 主角5 | E17: 时装皮肤 | F17: 首日 | G17: 个性化外观+局内玩法机制类效果售卖，超R追求满星 | H17: 付费 | I17: 超R | J17: / | K17: 属性+机制 | L17: 运营活动
C19: 养成步长设计
D20: ID | E20: 养成步长思路
D21: 时期分类 | E21: 步长分为 新手期（前10关特殊调整产出，主要从首通、三星宝箱奖励上平衡步长）、前期（初始功能无，爽1~2天进入稳定期）、中期（稳定标准成长，小额进行衰减产出，基本不受新手期影响）、后期（性价比暴跌，被其他养成替代）
D22: 主轴分类 | E22: 核心cv包括主线关卡和等级两条线，天数&等级线是去控制基础属性的节奏（等级线是为技能系数服务的，确保成长的稳定和玩家差距），天数&关卡线是控制技能系数的节奏（通过核心产出关联，这样能确保英雄的释放节奏），天数&关卡线 和 天数&等级线都是单独出来的两条线，这里用关键节点去控体验
D23: 天数&关卡线
E24: 14天50关（大R7天50关，靠英雄释放节奏要爽），也是首月冲榜的关键节点
E25: 30天70关（每天1.5关，英雄转红卡节奏变慢，宝石慢慢成为主力）
E26: 60天100关（每天1关，宝石是主力，用最优解宝石组合去控成长）
E27: 120天150关（小R开始追不上大R，大R开始专项宝石拉开差距，拓展新养成和新英雄缩小差距）
D28: 天数&等级线（核心是基础装备，品质=>换代装备效率，等级=>换代装备节奏）
E29: 14天56级（装备换代定制到3~4天，到50级装备稳定打通50关，这里是关键节点），前期10~30级基础装备的体验核心是2天一个等级段、品质低换代效率高。40~50级是4天一个等极段，品质稍高但节奏依旧紧凑度更高，培养装备认识=多刷才跟得上，营造合作本中的交互
E30: 21天63级，28天70级（每周迭代一个版本装备），此处的假设是已经培养出装备的认识，要多刷，保证体验=将将好能实现 换代换代=换代效率+洗练节奏
E31: 34天~60天2周，60~120天2周一次是极限，品质进一步拉高，换代效率更慢了，两周一次换代，这里要能突出洗练的重要性（洗练属性的堆叠+词条的选择）
G61: 英雄 | K61: 2 | L61: 宝石 | N61: #不做保底 | R61: 玩家 | S61: 装备 | U61: 副本次数*5+扫荡*40/5 | V61: 基因 | W61: 对标装备
E62: 非r主线进度 | G62: 倍率成长 | R62: 挂件属性
D63: 天数 | E63: 主线进度 | F63: 每日关卡数 | G63: 品质 | H63: 蓝英雄 | I63: 紫英雄 | J63: 橙英雄 | K63: 红英雄 | L63: 宝石解锁 | M63: 宝石品质 | N63: 基础倍率 | O63: 英雄期望倍率 | P63: 宝石期望倍率 | Q63: 宝石总倍率 | R63: 每日升级 | S63: 玩家等级 | T63: 装备等级 | U63: 装备强化 | V63: 装备品质 | W63: 基因节点 | X63: 装备等级步长 | AA63: 专属符文 | AB63: 加成数值
D64: 1 | E64: 10 | F64: 10 | H64: 10 | I64: 5 | J64: 0 | K64: 0 | L64: 12 | M64: 绿 | N64: 1 | O64: 1.38 | Q64: 1.3 | R64: 12 | S64: =R64 -> 12 | T64: 10 | U64: =X64 -> 10 | V64: 蓝 | W64: 16 | X64: 10 | Z64: =30*4 -> 120 | AA64: 紫色符文 | AB64: 0.1
D65: 2 | E65: =E64+F65*(D65-D64) -> 15 | F65: 5 | G65: 橙卡1 | H65: 12 | I65: 6.67 | J65: 0 | K65: 0 | L65: 18 | N65: =N64+7% -> 1.07 | O65: 1.476025 | Q65: 1.3 | R65: 6 | S65: =INT(R65*(D65-D64)+S64) -> 18 | T65: =INT(S65/10)*10+10 -> 20 | U65: =U64+X65*(D65-D64) -> 16 | V65: 紫 | W65: 21 | X65: 6 | AA65: 橙色符文 | AB65: 0.15
D66: 3 | E66: =E65+F66*(D66-D65) -> 20 | F66: 5 | G66: 橙卡2 | H66: 14 | I66: 8.34 | J66: 5 | K66: 0 | L66: 22 | M66: 蓝 | N66: =N65+7% -> 1.14 | O66: 1.674 | Q66: =MAX(J107/N66/O66,Q65) -> 1.3 | R66: 4 | S66: =R66*(D66-D65)+S65 -> 22 | T66: =INT(S66/10)*10+10 -> 30 | U66: =U65+X66*(D66-D65) -> 20 | V66: 橙 | W66: 26 | X66: 4 | AA66: 红色符文 | AB66: 0.2
D67: 4 | E67: =E66+F67*(D67-D66) -> 24 | F67: 4 | G67: 橙卡3 | H67: 16 | I67: 10.01 | J67: 5.5 | K67: 0 | L67: 24 | M67: =AVERAGE(P71:P76) -> 0.019172963 | N67: =N66+7% -> 1.21 | O67: 1.734798 | P67: =((J108/N67/O67)^(1/L67*6)-1)/5 -> 0.014148227 | Q67: =MAX(J108/N67/O67,Q66) -> 1.3144315 | R67: 3 | S67: =R67*(D67-D66)+S66 -> 25 | T67: =INT(S67/10)*10+10 -> 30 | U67: =U66+X67*(D67-D66) -> 24 | V67: 橙 | W67: 30 | X67: 4 | Z67: 0.48 | AA67: 彩色符文 | AB67: 0.25
D68: 5 | E68: =E67+F68*(D68-D67) -> 27 | F68: 3 | G68: 橙卡4 | H68: 17 | I68: 10.71 | J68: 6 | K68: 0 | L68: 26 | N68: =N67+7% -> 1.28 | O68: 1.776658 | P68: =((J109/N68/O68)^(1/L68*6)-1)/5 -> 0.01439038 | Q68: =MAX(J109/N68/O68,Q67) -> 1.3513244 | R68: 3 | S68: =R68*(D68-D67)+S67 -> 28 | T68: =INT(S68/10)*10+10 -> 30 | U68: =U67+X68*(D68-D67) -> 27 | V68: 橙 | W68: 34 | X68: 3 | Z68: =0.36 -> 0.36
D69: 6 | E69: =E68+F69*(D69-D68) -> 30 | F69: 3 | G69: 橙卡5 | H69: 18 | I69: 11.41 | J69: 6.5 | K69: 0 | L69: 28 | N69: =N68+7% -> 1.35 | O69: 1.818518 | P69: =((J110/N69/O69)^(1/L69*6)-1)/5 -> 0.014108949 | Q69: =MAX(J110/N69/O69,Q68) -> 1.3745351 | R69: 2 | S69: =R69*(D69-D68)+S68 -> 30 | T69: =INT(S69/10)*10+10 -> 40 | U69: =U68+X69*(D69-D68) -> 30 | V69: 橙 | W69: 37 | X69: 3 | Z69: =0.75 -> 0.75
D70: 7 | E70: =E69+F70*(D70-D69) -> 33 | F70: 3 | G70: 橙卡6 | H70: 19 | I70: 12.11 | J70: 7 | K70: 0 | L70: 30 | N70: =N69+5% -> 1.4 | O70: 1.860378 | P70: =((J111/N70/O70)^(1/L70*6)-1)/5 -> 0.016444555 | Q70: =MAX(J111/N70/O70,Q69) -> 1.4845108 | R70: 2 | S70: =R70*(D70-D69)+S69 -> 32 | T70: =INT(S70/10)*10+10 -> 40 | U70: =U69+X70*(D70-D69) -> 32 | V70: 橙 | W70: 40 | X70: 2 | Z70: =0.9 -> 0.9
D71: 8 | E71: =E70+F71*(D71-D70) -> 35 | F71: 2 | G71: 红卡1 | H71: 20 | I71: 12.81 | J71: 7.5 | K71: 0 | L71: 30 | N71: =N70+5% -> 1.45 | O71: 1.902238 | P71: =((J112/N71/O71)^(1/L71*6)-1)/5 -> 0.017105817 | Q71: =MAX(J112/N71/O71,Q70) -> 1.5073264 | R71: 2 | S71: =R71*(D71-D70)+S70 -> 34 | T71: =INT(S71/10)*10+10 -> 40 | U71: =U70+X71*(D71-D70) -> 34 | V71: 红 | W71: 43 | X71: 2
D72: 9 | E72: =E71+F72*(D72-D71) -> 37 | F72: 2 | H72: 20.5 | I72: 13.51 | J72: 8 | K72: 0 | L72: 30 | N72: =N71+5% -> 1.5 | O72: 1.944098 | P72: =((J113/N72/O72)^(1/L72*6)-1)/5 -> 0.018005587 | Q72: =MAX(J113/N72/O72,Q71) -> 1.5388211 | R72: 2 | S72: =R72*(D72-D71)+S71 -> 36 | T72: =INT(S72/10)*10+10 -> 40 | U72: =U71+X72*(D72-D71) -> 36 | V72: 红 | W72: 46 | X72: 2
D73: 10 | E73: =E72+F73*(D73-D72) -> 39 | F73: 2 | G73: 红卡2 | H73: 21 | I73: 14.21 | J73: 8.5 | K73: 0 | L73: 30 | N73: =N72+5% -> 1.55 | O73: 1.985958 | P73: =((J114/N73/O73)^(1/L73*6)-1)/5 -> 0.019122632 | Q73: =MAX(J114/N73/O73,Q72) -> 1.5786513 | R73: 2 | S73: =R73*(D73-D72)+S72 -> 38 | T73: =INT(S73/10)*10+10 -> 40 | U73: =U72+X73*(D73-D72) -> 38 | V73: 红 | W73: 48 | X73: 2
D74: 11 | E74: =E73+F74*(D74-D73) -> 41 | F74: 2 | H74: 21.5 | I74: 14.91 | J74: 9 | K74: 0 | L74: 30 | N74: =N73+5% -> 1.6 | O74: 2.027818 | P74: =((J115/N74/O74)^(1/L74*6)-1)/5 -> 0.020441439 | Q74: =MAX(J115/N74/O74,Q73) -> 1.6267327 | R74: 2 | S74: =R74*(D74-D73)+S73 -> 40 | T74: =INT(S74/10)*10+10 -> 50 | U74: =U73+X74*(D74-D73) -> 40 | V74: 红 | W74: 50 | X74: 2
D75: 12 | E75: =E74+F75*(D75-D74) -> 43 | F75: 2 | G75: 红卡3 | H75: 22 | I75: 15.61 | J75: 9.5 | K75: 0 | L75: 30 | N75: =N74+5% -> 1.65 | O75: 2.149281 | P75: =((J116/N75/O75)^(1/L75*6)-1)/5 -> 0.020276211 | Q75: =MAX(J116/N75/O75,Q74) -> 1.6267327 | R75: 2 | S75: =R75*(D75-D74)+S74 -> 42 | T75: =INT(S75/10)*10+10 -> 50 | U75: =U74+X75*(D75-D74) -> 42 | V75: 红 | W75: 52 | X75: 2
D76: 13 | E76: =E75+F76*(D76-D75) -> 45 | F76: 2 | H76: 22.5 | I76: 15.96 | J76: 10 | K76: 0 | L76: 30 | N76: =N75+5% -> 1.7 | O76: 2.2869 | P76: =((J117/N76/O76)^(1/L76*6)-1)/5 -> 0.020086091 | Q76: =MAX(J117/N76/O76,Q75) -> 1.6267327 | R76: 2 | S76: =R76*(D76-D75)+S75 -> 44 | T76: =INT(S76/10)*10+10 -> 50 | U76: =U75+X76*(D76-D75) -> 44 | V76: 红 | W76: 54 | X76: 2
D77: 14 | E77: =E76+F77*(D77-D76) -> 47 | F77: 2 | G77: 红卡4 | H77: 23 | I77: 16.31 | J77: 10.25 | K77: 0 | L77: 30 | M77: 紫 | N77: 1.73 | O77: 2.309175 | P77: =((J118/N77/O77)^(1/L77*6)-1)/5 -> 0.022860762 | Q77: =MAX(J118/N77/O77,Q76) -> 1.7179799 | R77: 1 | S77: =R77*(D77-D76)+S76 -> 45 | T77: =INT(S77/10)*10+10 -> 50 | U77: =U76+X77*(D77-D76) -> 45 | V77: 红 | W77: 56 | X77: 1
D78: 15 | E78: =E77+F78*(D78-D77) -> 48 | F78: 1 | H78: 23.5 | I78: 16.66 | J78: 10.5 | K78: 0 | L78: 30 | M78: =AVERAGE(P78:P84) -> 0.035495293 | N78: =N77+3% -> 1.76 | O78: 2.33145 | P78: =((J119/N78/O78)^(1/L78*6)-1)/5 -> 0.022741527 | Q78: =MAX(J119/N78/O78,Q77) -> 1.7179799 | R78: 1 | S78: =R78*(D78-D77)+S77 -> 46 | T78: =INT(S78/10)*10+10 -> 50 | U78: =U77+X78*(D78-D77) -> 46 | V78: 红 | W78: 57 | X78: 1
D79: 16 | E79: =E78+F79*(D79-D78) -> 49 | F79: 1 | G79: 红卡5 | H79: 24 | I79: 17.01 | J79: 10.75 | K79: 0 | L79: 30 | N79: =N78+3% -> 1.79 | O79: 2.353725 | P79: =((J120/N79/O79)^(1/L79*6)-1)/5 -> 0.02272125 | Q79: =MAX(J120/N79/O79,Q78) -> 1.7179799 | R79: 1 | S79: =R79*(D79-D78)+S78 -> 47 | T79: =INT(S79/10)*10+10 -> 50 | U79: =U78+X79*(D79-D78) -> 47 | V79: 红 | W79: 58 | X79: 1
D80: 20 | E80: =E79+F80*(D80-D79) -> 53 | F80: 1 | H80: 26 | I80: 18.41 | J80: 11.75 | K80: 5 | L80: 30 | N80: =N79+3% -> 1.82 | O80: 2.442825 | P80: =((J121/N80/O80)^(1/L80*6)-1)/5 -> 0.025659427 | Q80: =MAX(J121/N80/O80,Q79) -> 1.8285946 | R80: 1 | S80: =R80*(D80-D79)+S79 -> 51 | T80: =INT(S80/5)*5+5 -> 55 | U80: =U79+X80*(D80-D79) -> 51 | V80: 红 | W80: 62 | X80: 1
D81: =D80+7 -> 27 | E81: =E80+F81*(D81-D80) -> 60 | F81: 1 | G81: 红卡6 | H81: 29.5 | I81: 20.56 | J81: 13.5 | K81: 7.1 | L81: 30 | N81: =N80+3% -> 1.85 | O81: 2.59875 | P81: =((J122/N81/O81)^(1/L81*6)-1)/5 -> 0.033725268 | Q81: =MAX(J122/N81/O81,Q80) -> 2.1796078 | R81: 0.71428571 | S81: =R81*(D81-D80)+S80 -> 56 | T81: =INT(S81/5)*5+5 -> 60 | U81: =U80+X81*(D81-D80) -> 58 | V81: 粉 | W81: 69 | X81: 1
D82: =D81+7 -> 34 | E82: =E81+F82*(D82-D81) -> 67 | F82: 1 | G82: 粉卡1 | H82: 30.3 | I82: 21.96 | J82: 15.1 | K82: 9.2 | L82: 30 | N82: =N81+3% -> 1.88 | O82: 2.99052 | P82: =((J123/N82/O82)^(1/L82*6)-1)/5 -> 0.040221962 | Q82: =MAX(J123/N82/O82,Q81) -> 2.4998478 | R82: 0.71428571 | S82: =R82*(D82-D81)+S81 -> 61 | T82: =INT(S82/5)*5+5 -> 65 | U82: =U81+X82*(D82-D81) -> 62.9 | V82: 粉 | W82: 74 | X82: 0.7
D83: =D82+7 -> 41 | E83: =E82+F83*(D83-D82) -> 74 | F83: 1 | H83: 30.65 | I83: 23.36 | J83: 15.8 | K83: 10.9 | L83: 30 | N83: =N82+3% -> 1.91 | O83: 3.6616 | P83: =((J124/N83/O83)^(1/L83*6)-1)/5 -> 0.04521306 | Q83: =MAX(J124/N83/O83,Q82) -> 2.7705629 | R83: 0.71428571 | S83: =R83*(D83-D82)+S82 -> 66 | T83: =INT(S83/5)*5+5 -> 70 | U83: =U82+X83*(D83-D82) -> 67.8 | V83: 粉 | W83: 79 | X83: 0.7
D84: =D83+7 -> 48 | E84: =E83+F84*(D84-D83) -> 81 | F84: 1 | H84: 31 | I84: 24.76 | J84: 16.5 | K84: 12.3 | L84: 30 | N84: =N83+3% -> 1.94 | O84: 3.9192 | P84: =((J125/N84/O84)^(1/L84*6)-1)/5 -> 0.058184555 | Q84: =MAX(J125/N84/O84,Q83) -> 3.5851004 | R84: 0.71428571 | S84: =R84*(D84-D83)+S83 -> 71 | T84: =INT(S84/5)*5+5 -> 75 | U84: =U83+X84*(D84-D83) -> 72.7 | V84: 粉 | W84: 84 | X84: 0.7
D85: =D84+7 -> 55 | E85: =E84+F85*(D85-D84) -> 84.5 | F85: 0.5 | G85: 粉卡2 | H85: 31.35 | I85: 26.16 | J85: 17.2 | K85: 13.7 | L85: 30 | M85: 橙 | N85: =N84+3% -> 1.97 | O85: 4.1768 | P85: =((J126/N85/O85)^(1/L85*6)-1)/5 -> 0.058554713 | Q85: =MAX(J126/N85/O85,Q84) -> 3.6108738 | R85: 0.71428571 | S85: =R85*(D85-D84)+S84 -> 76 | T85: =INT(S85/5)*5+5 -> 80 | U85: =U84+X85*(D85-D84) -> 77.6 | V85: 粉 | W85: 88 | X85: 0.7
D86: =D85+7 -> 62 | E86: =E85+F86*(D86-D85) -> 88 | F86: 0.5 | H86: 31.7 | I86: 27.56 | J86: 17.9 | K86: 15.1 | L86: 30 | M86: =AVERAGE(P85:P90) -> 0.11483379 | N86: =N85+3% -> 2 | O86: 4.5 | P86: =((J127/N86/O86)^(1/L86*6)-1)/5 -> 0.062536201 | Q86: =MAX(J127/N86/O86,Q85) -> 3.8975887 | R86: 0.35714286 | S86: =R86*(D86-D85)+S85 -> 78.5 | T86: =INT(S86/5)*5+5 -> 80 | U86: =U85+X86*(D86-D85) -> 80.4 | V86: 粉 | W86: 92 | X86: 0.4
D87: 90 | E87: =E86+F87*(D87-D86) -> 102 | F87: 0.5 | H87: 33.1 | I87: 30.91 | J87: 20.35 | K87: 17.34 | L87: 30 | N87: =N86+3% -> 2.03 | O87: 5.47872 | P87: =((J128/N87/O87)^(1/L87*6)-1)/5 -> 0.084463385 | Q87: =MAX(J128/N87/O87,Q86) -> 5.8207894 | R87: 0.35714286 | S87: =R87*(D87-D86)+S86 -> 88.5 | T87: =INT(S87/5)*5+5 -> 90 | U87: =U86+X87*(D87-D86) -> 91.6 | V87: 粉 | W87: 108 | X87: 0.4
D88: 120 | E88: =E87+F88*(D88-D87) -> 117 | F88: 0.5 | G88: 粉卡3 | H88: 34.6 | I88: 32.41 | J88: 21.85 | K88: 19.74 | L88: 30 | N88: =N87+3% -> 2.06 | O88: 7.66528 | P88: =((J129/N88/O88)^(1/L88*6)-1)/5 -> 0.1080631 | Q88: =MAX(J129/N88/O88,Q87) -> 8.6705859 | R88: 0.17857143 | S88: =R88*(D88-D87)+S87 -> 93.857143 | T88: =INT(S88/5)*5+5 -> 95 | U88: =U87+X88*(D88-D87) -> 97.6 | V88: 彩 | W88: 123 | X88: 0.2
D89: 150 | E89: =E88+F89*(D89-D88) -> 132 | F89: 0.5 | G89: 粉卡4 | H89: 36.1 | I89: 33.91 | J89: 23.35 | K89: 21.36 | L89: 30 | N89: =N88+3% -> 2.09 | O89: 8.47168 | P89: =((J130/N89/O89)^(1/L89*6)-1)/5 -> 0.15368893 | Q89: =MAX(J130/N89/O89,Q88) -> 17.296465 | R89: 0.17857143 | S89: =R89*(D89-D88)+S88 -> 99.214286 | T89: =INT(S89/5)*5+5 -> 100 | U89: =U88+X89*(D89-D88) -> 103.6 | V89: 彩 | W89: 137 | X89: 0.2
D90: 190 | E90: =E89+F90*(D90-D89) -> 152 | F90: 0.5 | G90: 粉卡5 | H90: 38.1 | I90: 35.91 | J90: 25.35 | K90: 23.36 | L90: 30 | N90: =N89+3% -> 2.12 | O90: 10.71104 | P90: =((J131/N90/O90)^(1/L90*6)-1)/5 -> 0.2216964 | Q90: =MAX(J131/N90/O90,Q89) -> 41.672495 | R90: 0.17857143 | S90: =R90*(D90-D89)+S89 -> 106.35714 | T90: =INT(S90/5)*5+5 -> 110 | U90: =U89+X90*(D90-D89) -> 111.6 | V90: 彩 | W90: 156 | X90: 0.2
D91: 250 | E91: =E90+F91*(D91-D90) -> 182 | F91: 0.5 | G91: 粉卡6 | H91: 41.1 | I91: 38.91 | J91: 28.35 | K91: 26.36 | L91: 30 | M91: 红 | N91: =N90+3% -> 2.15 | O91: 11.63264 | P91: =((J132/N91/O91)^(1/L91*6)-1)/5 -> 0.38880662 | Q91: =MAX(J132/N91/O91,Q90) -> 221.1635 | R91: 0.17857143 | S91: =R91*(D91-D90)+S90 -> 117.07143 | T91: =INT(S91/5)*5+5 -> 120 | U91: =U90+X91*(D91-D90) -> 123.6 | V91: 彩 | W91: 168 | X91: 0.2
D92: 310 | E92: =E91+F92*(D92-D91) -> 201.8 | F92: 0.33 | H92: 44.1 | I92: 41.91 | J92: 31.35 | K92: 29.36 | L92: 30 | M92: =AVERAGE(P91:P95) -> 0.74922492 | N92: =N91+3% -> 2.18 | O92: 14.12352 | P92: =((J133/N92/O92)^(1/L92*6)-1)/5 -> 0.50055901 | Q92: =MAX(J133/N92/O92,Q91) -> 527.31926 | R92: 0.17857143 | S92: =R92*(D92-D91)+S91 -> 127.78571 | T92: =INT(S92/5)*5+5 -> 130 | U92: =U91+X92*(D92-D91) -> 135.6 | V92: 彩 | W92: 168 | X92: 0.2
D93: 370 | E93: =E92+F93*(D93-D92) -> 221.6 | F93: 0.33 | H93: 47.1 | I93: 44.91 | J93: 34.35 | K93: 32.36 | L93: 30 | N93: =N92+3% -> 2.21 | O93: 15.16032 | P93: =((J134/N93/O93)^(1/L93*6)-1)/5 -> 0.67226471 | Q93: =MAX(J134/N93/O93,Q92) -> 1577.9438 | R93: 0.17857143 | S93: =R93*(D93-D92)+S92 -> 138.5 | T93: =INT(S93/5)*5+5 -> 140 | U93: =U92+X93*(D93-D92) -> 147.6 | V93: 彩 | W93: 168 | X93: 0.2
D94: 430 | E94: =E93+F94*(D94-D93) -> 241.4 | F94: 0.33 | H94: 50.1 | I94: 47.91 | J94: 37.35 | K94: 35.36 | L94: 30 | N94: =N93+3% -> 2.24 | O94: 17.9968 | P94: =((J135/N94/O94)^(1/L94*6)-1)/5 -> 0.8698777 | Q94: =MAX(J135/N94/O94,Q93) -> 4380.47 | R94: 0.17857143 | S94: =R94*(D94-D93)+S93 -> 149.21429 | T94: =INT(S94/5)*5+5 -> 150 | U94: =U93+X94*(D94-D93) -> 159.6 | V94: 彩 | W94: 168 | X94: 0.2
D95: 520 | E95: =E94+F95*(D95-D94) -> 271.1 | F95: 0.33 | H95: 54.6 | I95: 52.41 | J95: 41.85 | K95: 39.86 | L95: 30 | N95: =N94+3% -> 2.27 | O95: 19.7248 | P95: =((J136/N95/O95)^(1/L95*6)-1)/5 -> 1.3146165 | Q95: =MAX(J136/N95/O95,Q94) -> 24909.413 | R95: 0.17857143 | S95: =R95*(D95-D90)+S90 -> 165.28571 | T95: =INT(S95/5)*5+5 -> 170 | U95: =U94+X95*(D95-D94) -> 177.6 | V95: 彩 | W95: 168 | X95: 0.2
D96: 600 | E96: =E95+F96*(D96-D95) -> 297.5 | F96: 0.33 | H96: 55.6 | I96: 53.41 | J96: 42.85 | K96: 40.86 | L96: 30 | N96: =N95+3% -> 2.3 | O96: 20.7248 | P96: =((J137/N96/O96)^(1/L96*6)-1)/5 -> 1.8673751 | Q96: =MAX(J137/N96/O96,Q95) -> 118017.5 | R96: 0.17857143 | S96: =R96*(D96-D91)+S91 -> 179.57143 | T96: =INT(S96/5)*5+5 -> 180 | U96: =U95+X96*(D96-D95) -> 193.6 | V96: 彩 | W96: 169 | X96: 0.2
D98: 节奏篇
F103: 节奏
D104: 天数 | E104: 主线进度 | F104: 关卡成长 | G104: 每阶段 | H104: 攻击力 | I104: 每日成长 | J104: 应有的总的倍率 | K104: 每日倍率 | L104: 实际倍率 | M104: 单日成长 | N104: 单日倍率成长
D105: =D64 -> 1 | E105: =INT(E64) -> 10 | F105: =OFFSET($H$237,E105,0) -> 734 | G105: 1 | H105: 600 | J105: =F105/H105 -> 1.2233333 | L105: =(J105-1)/D105 -> 0.22333333
D106: =D65 -> 2 | E106: =INT(E65) -> 15 | F106: =OFFSET($H$237,E106,0) -> 1348 | G106: =(F106/F105)^(1/(E106-E105)) -> 1.1292725 | H106: =H105+M106*(D106-D105) -> 800 | I106: =(H106/H105-1)/(D106-D105) -> 0.33333333 | J106: =F106/H106 -> 1.685 | K106: =(J106/J105)^(1/(D106-D105))-1 -> 0.3773842 | L106: =(J106-1)/D106 -> 0.3425 | M106: 200 | N106: =K106 -> 0.3773842
D107: =D66 -> 3 | E107: =INT(E66) -> 20 | F107: =OFFSET($H$237,E107,0) -> 2169 | G107: =(F107/F106)^(1/(E107-E106)) -> 1.0998005 | H107: =H106+M107*(D107-D106) -> 1000 | I107: =(H107/H106-1)/(D107-D106) -> 0.25 | J107: =F107/H107 -> 2.169 | K107: =(J107/J106)^(1/(D107-D106))-1 -> 0.28724036 | L107: =(J107-1)/D107 -> 0.38966667 | M107: 200 | N107: =K107 -> 0.28724036
D108: =D67 -> 4 | E108: =INT(E67) -> 24 | F108: =OFFSET($H$237,E108,0) -> 3173 | G108: =(F108/F107)^(1/(E108-E107)) -> 1.0997719 | H108: =H107+M108*(D108-D107) -> 1150 | I108: =(H108/H107-1)/(D108-D107) -> 0.15 | J108: =F108/H108 -> 2.7591304 | K108: =(J108/J107)^(1/(D108-D107))-1 -> 0.27207489 | L108: =(J108-1)/D108 -> 0.43978261 | M108: 150 | N108: =K108 -> 0.27207489
D109: =D68 -> 5 | E109: =INT(E68) -> 27 | F109: =OFFSET($H$237,E109,0) -> 3995 | G109: =(F109/F108)^(1/(E109-E108)) -> 1.0798139 | H109: =H108+M109*(D109-D108) -> 1300 | I109: =(H109/H108-1)/(D109-D108) -> 0.13043478 | J109: =F109/H109 -> 3.0730769 | K109: =(J109/J108)^(1/(D109-D108))-1 -> 0.11378458 | L109: =(J109-1)/D109 -> 0.41461538 | M109: 150 | N109: =K109 -> 0.11378458
D110: =D69 -> 6 | E110: =INT(E69) -> 30 | F110: =OFFSET($H$237,E110,0) -> 4893 | G110: =(F110/F109)^(1/(E110-E109)) -> 1.0699237 | H110: =H109+M110*(D110-D109) -> 1450 | I110: =(H110/H109-1)/(D110-D109) -> 0.11538462 | J110: =F110/H110 -> 3.3744828 | K110: =(J110/J109)^(1/(D110-D109))-1 -> 0.098079496 | L110: =(J110-1)/D110 -> 0.39574713 | M110: 150 | N110: =K110 -> 0.098079496
D111: =D70 -> 7 | E111: =INT(E70) -> 33 | F111: =OFFSET($H$237,E111,0) -> 5993 | G111: =(F111/F110)^(1/(E111-E110)) -> 1.0699324 | H111: =H110+M111*(D111-D110) -> 1550 | I111: =(H111/H110-1)/(D111-D110) -> 0.068965517 | J111: =F111/H111 -> 3.8664516 | K111: =(J111/J110)^(1/(D111-D110))-1 -> 0.14579089 | L111: =(J111-1)/D111 -> 0.40949309 | M111: 100 | N111: =K111 -> 0.14579089
D112: =D71 -> 8 | E112: =INT(E71) -> 35 | F112: =OFFSET($H$237,E112,0) -> 6860 | G112: =(F112/F111)^(1/(E112-E111)) -> 1.0698919 | H112: =H111+M112*(D112-D111) -> 1650 | I112: =(H112/H111-1)/(D112-D111) -> 0.064516129 | J112: =F112/H112 -> 4.1575758 | K112: =(J112/J111)^(1/(D112-D111))-1 -> 0.075294915 | L112: =(J112-1)/D112 -> 0.39469697 | M112: 100 | N112: =K112 -> 0.075294915
D113: =D72 -> 9 | E113: =INT(E72) -> 37 | F113: =OFFSET($H$237,E113,0) -> 7853 | G113: =(F113/F112)^(1/(E113-E112)) -> 1.0699309 | H113: =H112+M113*(D113-D112) -> 1750 | I113: =(H113/H112-1)/(D113-D112) -> 0.060606061 | J113: =F113/H113 -> 4.4874286 | K113: =(J113/J112)^(1/(D113-D112))-1 -> 0.079337776 | L113: =(J113-1)/D113 -> 0.38749206 | M113: 100 | N113: =K113 -> 0.079337776
D114: =D73 -> 10 | E114: =INT(E73) -> 39 | F114: =OFFSET($H$237,E114,0) -> 8990 | G114: =(F114/F113)^(1/(E114-E113)) -> 1.0699465 | H114: =H113+M114*(D114-D113) -> 1850 | I114: =(H114/H113-1)/(D114-D113) -> 0.057142857 | J114: =F114/H114 -> 4.8594595 | K114: =(J114/J113)^(1/(D114-D113))-1 -> 0.082905139 | L114: =(J114-1)/D114 -> 0.38594595 | M114: 100 | N114: =K114 -> 0.082905139
D115: =D74 -> 11 | E115: =INT(E74) -> 41 | F115: =OFFSET($H$237,E115,0) -> 10292 | G115: =(F115/F114)^(1/(E115-E114)) -> 1.0699662 | H115: =H114+M115*(D115-D114) -> 1950 | I115: =(H115/H114-1)/(D115-D114) -> 0.054054054 | J115: =F115/H115 -> 5.2779487 | K115: =(J115/J114)^(1/(D115-D114))-1 -> 0.086118479 | L115: =(J115-1)/D115 -> 0.38890443 | M115: 100 | N115: =K115 -> 0.086118479
D116: =D75 -> 12 | E116: =INT(E75) -> 43 | F116: =OFFSET($H$237,E116,0) -> 11782 | G116: =(F116/F115)^(1/(E116-E115)) -> 1.0699405 | H116: =H115+M116*(D116-D115) -> 2050 | I116: =(H116/H115-1)/(D116-D115) -> 0.051282051 | J116: =F116/H116 -> 5.7473171 | K116: =(J116/J115)^(1/(D116-D115))-1 -> 0.088930071 | L116: =(J116-1)/D116 -> 0.39560976 | M116: 100 | N116: =K116 -> 0.088930071
D117: =D76 -> 13 | E117: =INT(E76) -> 45 | F117: =OFFSET($H$237,E117,0) -> 13488 | G117: =(F117/F116)^(1/(E117-E116)) -> 1.0699519 | H117: =H116+M117*(D117-D116) -> 2150 | I117: =(H117/H116-1)/(D117-D116) -> 0.048780488 | J117: =F117/H117 -> 6.2734884 | K117: =(J117/J116)^(1/(D117-D116))-1 -> 0.091550769 | L117: =(J117-1)/D117 -> 0.40565295 | M117: 100 | N117: =K117 -> 0.091550769
... D120: =D79 -> 16 | E120: =INT(E79) -> 49 | F120: =OFFSET($H$237,E120,0) -> 17678 | G120: =(F120/F119)^(1/(E120-E119)) -> 1.0699673 | H120: =H119+M120*(D120-D119) -> 2450 | I120: =(H120/H119-1)/(D120-D119) -> 0.042553191 | J120: =F120/H120 -> 7.2155102 | K120: =(J120/J119)^(1/(D120-D119))-1 -> 0.026295181 | L120: =(J120-1)/D120 -> 0.38846939 | M120: 100 | N120: =K120 -> 0.026295181
D121: =D80 -> 20 | E121: =INT(E80) -> 53 | F121: =OFFSET($H$237,E121,0) -> 23170 | G121: =(F121/F120)^(1/(E121-E120)) -> 1.069974 | H121: =H120+M121*(D121-D120) -> 2850 | I121: =(H121/H120-1)/(D121-D120) -> 0.040816327 | J121: =F121/H121 -> 8.1298246 | K121: =(J121/J120)^(1/(D121-D120))-1 -> 0.030275879 | L121: =(J121-1)/D121 -> 0.35649123 | M121: 100 | N121: =K121 -> 0.030275879 | W121: =30% -> 0.3
D122: =D81 -> 27 | E122: =INT(E81) -> 60 | F122: =OFFSET($H$237,E122,0) -> 37200 | G122: =(F122/F121)^(1/(E122-E121)) -> 1.0699755 | H122: =H121+M122*(D122-D121) -> 3550 | I122: =(H122/H121-1)/(D122-D121) -> 0.035087719 | J122: =F122/H122 -> 10.478873 | K122: =(J122/J121)^(1/(D122-D121))-1 -> 0.036925681 | L122: =(J122-1)/D122 -> 0.35106938 | M122: 100 | N122: =K122 -> 0.036925681 | W122: =1000% -> 10 | X122: =W122+0.1 -> 10.1
D123: =D82 -> 34 | E123: =INT(E82) -> 67 | F123: =OFFSET($H$237,E123,0) -> 59732 | G123: =(F123/F122)^(1/(E123-E122)) -> 1.0699921 | H123: =H122+M123*(D123-D122) -> 4250 | I123: =(H123/H122-1)/(D123-D122) -> 0.028169014 | J123: =F123/H123 -> 14.054588 | K123: =(J123/J122)^(1/(D123-D122))-1 -> 0.042833061 | L123: =(J123-1)/D123 -> 0.38395848 | M123: 100 | N123: =K123 -> 0.042833061 | W123: =W122*W121+1-W121 -> 3.7
D124: =D83 -> 41 | E124: =INT(E83) -> 74 | F124: =OFFSET($H$237,E124,0) -> 95913 | G124: =(F124/F123)^(1/(E124-E123)) -> 1.0699944 | H124: =H123+M124*(D124-D123) -> 4950 | I124: =(H124/H123-1)/(D124-D123) -> 0.023529412 | J124: =F124/H124 -> 19.376364 | K124: =(J124/J123)^(1/(D124-D123))-1 -> 0.046940551 | L124: =(J124-1)/D124 -> 0.44820399 | M124: 100 | N124: =K124 -> 0.046940551
D125: =D84 -> 48 | E125: =INT(E84) -> 81 | F125: =OFFSET($H$237,E125,0) -> 154010 | G125: =(F125/F124)^(1/(E125-E124)) -> 1.0699947 | H125: =H124+M125*(D125-D124) -> 5650 | I125: =(H125/H124-1)/(D125-D124) -> 0.02020202 | J125: =F125/H125 -> 27.258407 | K125: =(J125/J124)^(1/(D125-D124))-1 -> 0.049966534 | L125: =(J125-1)/D125 -> 0.54705015 | M125: 100 | N125: =K125 -> 0.049966534
D126: =D85 -> 55 | E126: =INT(E85) -> 84 | F126: =OFFSET($H$237,E126,0) -> 188667 | G126: =(F126/F125)^(1/(E126-E125)) -> 1.0699965 | H126: =H125+M126*(D126-D125) -> 6350 | I126: =(H126/H125-1)/(D126-D125) -> 0.017699115 | J126: =F126/H126 -> 29.711339 | K126: =(J126/J125)^(1/(D126-D125))-1 -> 0.01238561 | L126: =(J126-1)/D126 -> 0.52202434 | M126: 100 | N126: =K126 -> 0.01238561
D127: =D86 -> 62 | E127: =INT(E86) -> 88 | F127: =OFFSET($H$237,E127,0) -> 247302 | G127: =(F127/F126)^(1/(E127-E126)) -> 1.0699979 | H127: =H126+M127*(D127-D126) -> 7050 | I127: =(H127/H126-1)/(D127-D126) -> 0.015748031 | J127: =F127/H127 -> 35.078298 | K127: =(J127/J126)^(1/(D127-D126))-1 -> 0.02400559 | L127: =(J127-1)/D127 -> 0.54964997 | M127: 100 | N127: =K127 -> 0.02400559
D128: =D87 -> 90 | E128: =INT(E87) -> 102 | F128: =OFFSET($H$237,E128,0) -> 637666 | G128: =(F128/F127)^(1/(E128-E127)) -> 1.0699987 | H128: =H127+M128*(D128-D127) -> 9850 | I128: =(H128/H127-1)/(D128-D127) -> 0.014184397 | J128: =F128/H128 -> 64.737665 | K128: =(J128/J127)^(1/(D128-D127))-1 -> 0.022125523 | L128: =(J128-1)/D128 -> 0.70819628 | M128: 100 | N128: =K128 -> 0.022125523
D129: =D88 -> 120 | E129: =INT(E88) -> 117 | F129: =OFFSET($H$237,E129,0) -> 1759328 | G129: =(F129/F128)^(1/(E129-E128)) -> 1.0699995 | H129: =H128+M129*(D129-D128) -> 12850 | I129: =(H129/H128-1)/(D129-D128) -> 0.010152284 | J129: =F129/H129 -> 136.91268 | K129: =(J129/J128)^(1/(D129-D128))-1 -> 0.025280951 | L129: =(J129-1)/D129 -> 1.1326057 | M129: 100 | N129: =K129 -> 0.025280951
D130: =D89 -> 150 | E130: =INT(E89) -> 132 | F130: =OFFSET($H$237,E130,0) -> 4854030 | G130: =(F130/F129)^(1/(E130-E129)) -> 1.0699998 | H130: =H129+M130*(D130-D129) -> 15850 | I130: =(H130/H129-1)/(D130-D129) -> 0.0077821012 | J130: =F130/H130 -> 306.24795 | K130: =(J130/J129)^(1/(D130-D129))-1 -> 0.027198359 | L130: =(J130-1)/D130 -> 2.0349863 | M130: 100 | N130: =K130 -> 0.027198359
D131: =D90 -> 190 | E131: =INT(E90) -> 152 | F131: =OFFSET($H$237,E131,0) -> 18783543 | G131: =(F131/F130)^(1/(E131-E130)) -> 1.0699999 | H131: =H130+M131*(D131-D130) -> 19850 | I131: =(H131/H130-1)/(D131-D130) -> 0.0063091483 | J131: =F131/H131 -> 946.27421 | K131: =(J131/J130)^(1/(D131-D130))-1 -> 0.028604915 | L131: =(J131-1)/D131 -> 4.9751274 | M131: 100 | N131: =K131 -> 0.028604915
D132: =D91 -> 250 | E132: =INT(E91) -> 182 | F132: =OFFSET($H$237,E132,0) -> 142985089 | G132: =(F132/F131)^(1/(E132-E131)) -> 1.07 | H132: =H131+M132*(D132-D131) -> 25850 | I132: =(H132/H131-1)/(D132-D131) -> 0.0050377834 | J132: =F132/H132 -> 5531.3381 | K132: =(J132/J131)^(1/(D132-D131))-1 -> 0.029864813 | L132: =(J132-1)/D132 -> 22.121352 | M132: 100 | N132: =K132 -> 0.029864813
D133: =D92 -> 310 | E133: =INT(E92) -> 201 | F133: =OFFSET($H$237,E133,0) -> 517109494 | G133: =(F133/F132)^(1/(E133-E132)) -> 1.07 | H133: =H132+M133*(D133-D132) -> 31850 | I133: =(H133/H132-1)/(D133-D132) -> 0.003868472 | J133: =F133/H133 -> 16235.777 | K133: =(J133/J132)^(1/(D133-D132))-1 -> 0.018108464 | L133: =(J133-1)/D133 -> 52.370248 | M133: 100 | N133: =K133 -> 0.018108464
D134: =D93 -> 370 | E134: =INT(E93) -> 221 | F134: =OFFSET($H$237,E134,0) -> 2001050556 | G134: =(F134/F133)^(1/(E134-E133)) -> 1.07 | H134: =H133+M134*(D134-D133) -> 37850 | I134: =(H134/H133-1)/(D134-D133) -> 0.0031397174 | J134: =F134/H134 -> 52867.914 | K134: =(J134/J133)^(1/(D134-D133))-1 -> 0.019871177 | L134: =(J134-1)/D134 -> 142.88355 | M134: 100 | N134: =K134 -> 0.019871177
D135: =D94 -> 430 | E135: =INT(E94) -> 241 | F135: =OFFSET($H$237,E135,0) -> 7743434222 | G135: =(F135/F134)^(1/(E135-E134)) -> 1.07 | H135: =H134+M135*(D135-D134) -> 43850 | I135: =(H135/H134-1)/(D135-D134) -> 0.0026420079 | J135: =F135/H135 -> 176589.15 | K135: =(J135/J134)^(1/(D135-D134))-1 -> 0.020303862 | L135: =(J135-1)/D135 -> 410.67012 | M135: 100 | N135: =K135 -> 0.020303862
... D137: =D96 -> 600 | E137: =INT(E96) -> 297 | F137: =OFFSET($H$237,E137,0) -> 342314395851 | G137: =(F137/F136)^(1/(E137-E136)) -> 1.07 | H137: =H136+M137*(D137-D136) -> 60850 | I137: =(H137/H136-1)/(D137-D136) -> 0.0018921476 | J137: =F137/H137 -> 5625544.7 | K137: =(J137/J136)^(1/(D137-D136))-1 -> 0.020433089 | L137: =(J137-1)/D137 -> 9375.9062 | M137: 100 | N137: =K137 -> 0.020433089
D138: 680 | H138: =H137+M138*(D138-D137) -> 68850 | M138: 100
D139: 剧本篇
E140: 装备剧本
...

Sheet 养成框架(补充给运营)
C2: 练度预期
D3: 非R，不买体力，满肝度，每日三次组队本
D4: 当前计算为未折算的成长预期
D5: 后续优化：前七天具体计算，当前七天未核算的有体力
C7: 玩家等级
E9: 等级预期 | L9: 主线关卡数
D10: 天数 | E10: 非R | F10: 小R | G10: 中R | H10: 大R | K10: 天数 | L10: 非R | M10: 小R | N10: 中R | O10: 大R
D11: 1 | E11: 11 | F11: 11 | G11: 11 | H11: 15 | K11: 1 | L11: 12 | M11: 16 | N11: 20 | O11: 25
D12: 2 | E12: 16 | F12: 17 | G12: 17 | H12: 24 | K12: 2 | L12: 18 | M12: 24 | N12: 30 | O12: 37
D13: 3 | E13: 21 | F13: 23 | G13: 23 | H13: 31 | K13: 3 | L13: 23 | M13: 29 | N13: 35 | O13: 43
D14: 4 | E14: 26 | F14: 28 | G14: 28 | H14: 37 | K14: 4 | L14: 27 | M14: 34 | N14: 42 | O14: 52
D15: 5 | E15: 30 | F15: 32 | G15: 32 | H15: 42 | K15: 5 | L15: 30 | M15: 38 | N15: 46 | O15: 57
D16: 6 | E16: 33 | F16: 36 | G16: 36 | H16: 46 | K16: 6 | L16: 33 | M16: 41 | N16: 49 | O16: 61
D17: 7 | E17: 37 | F17: 39 | G17: 39 | H17: 50 | K17: 7 | L17: 36 | M17: 44 | N17: 52 | O17: 65
D18: 8 | E18: 39 | F18: 42 | G18: 42 | H18: 53 | K18: 8 | L18: 39 | M18: 47 | N18: 55 | O18: 68
D19: 9 | E19: 42 | F19: 45 | G19: 45 | H19: 55 | K19: 9 | L19: 41 | M19: 49 | N19: 58 | O19: 72
D20: 10 | E20: 45 | F20: 48 | G20: 48 | H20: 57 | K20: 10 | L20: 43 | M20: 52 | N20: 61 | O20: 76
D21: 11 | E21: 47 | F21: 50 | G21: 50 | H21: 58 | K21: 11 | L21: 45 | M21: 54 | N21: 64 | O21: 80
D22: 12 | E22: 49 | F22: 52 | G22: 52 | H22: 60 | K22: 12 | L22: 47 | M22: 56 | N22: 66 | O22: 82
... D70: 60 | E70: 86 | F70: 91 | G70: 91 | H70: 110 | K70: 60 | L70: 87 | M70: 101 | N70: 116 | O70: 145
C73: 装备预期（同基础属性汇总）
E75: 总属性预期 | J75: 练度预期 | K75: 强化等级 | Q75: 装备等级 | X75: 装备品质
D76: 天数 | E76: 非R | F76: 小R | G76: 中R | H76: 大R | J76: 天数 | K76: 非R | L76: 小R | M76: 中R | N76: 大R | P76: 天数 | Q76: 非R | R76: 小R | S76: 中R | T76: 大R | W76: 天数 | X76: 非R | Y76: 小R | Z76: 中R | AA76: 大R | AC76: 天数 | AD76: 非R | AE76: 小R | AF76: 中R | AG76: 大R
D77: 1 | E77: {=_xlfn.XLOOKUP(K77,[3]装备属性!$D$571:$D$870,[3]装备属性!$I$571:$I$870)*6+_xlfn.XLOOKUP(Q77&X77,[3]装备属性!$E$62:$E$277&[3]装备属性!$G$62:$G$277,[3]装备属性!$I$62:$I$277)*6+IFERROR(_xlfn.XLOOKUP(Q77&X77,[3]装备属性!$D$309:$D$557&[3]装备属性!$F$309:$F$557,[3]装备属性!$H$309:$H$557)*AD77*6,0)+VLOOKUP(E210,$V$209:$X$216,3,0)*Q210+100} -> 598 | F77: {=_xlfn.XLOOKUP(L77,[3]装备属性!$D$571:$D$870,[3]装备属性!$I$571:$I$870)*6+_xlfn.XLOOKUP(R77&Y77,[3]装备属性!$E$62:$E$277&[3]装备属性!$G$62:$G$277,[3]装备属性!$I$62:$I$277)*6+IFERROR(_xlfn.XLOOKUP(R77&Y77,[3]装备属性!$D$309:$D$557&[3]装备属性!$F$309:$F$557,[3]装备属性!$H$309:$H$557)*AE77*6,0)+VLOOKUP(F210,$V$209:$X$216,3,0)*R210+100} -> 674 | G77: {=_xlfn.XLOOKUP(M77,[3]装备属性!$D$571:$D$870,[3]装备属性!$I$571:$I$870)*6+_xlfn.XLOOKUP(S77&Z77,[3]装备属性!$E$62:$E$277&[3]装备属性!$G$62:$G$277,[3]装备属性!$I$62:$I$277)*6+IFERROR(_xlfn.XLOOKUP(S77&Z77,[3]装备属性!$D$309:$D$557&[3]装备属性!$F$309:$F$557,[3]装备属性!$H$309:$H$557)*AF77*6,0)+VLOOKUP(G210,$V$209:$X$216,3,0)*S210+100} -> 770 | H77: {=_xlfn.XLOOKUP(N77,[3]装备属性!$D$571:$D$870,[3]装备属性!$I$571:$I$870)*6+_xlfn.XLOOKUP(T77&AA77,[3]装备属性!$E$62:$E$277&[3]装备属性!$G$62:$G$277,[3]装备属性!$I$62:$I$277)*6+IFERROR(_xlfn.XLOOKUP(T77&AA77,[3]装备属性!$D$309:$D$557&[3]装备属性!$F$309:$F$557,[3]装备属性!$H$309:$H$557)*AG77*6,0)+VLOOKUP(H210,$V$209:$X$216,3,0)*T210+100} -> 898 | J77: 1 | K77: 9 | L77: 9 | M77: 11 | N77: 12 | P77: 1 | Q77: 10 | R77: 10 | S77: 20 | T77: 20 | W77: 1 | X77: 蓝 | Y77: =VLOOKUP(INT(M11/10),$AI$77:$AJ$96,2,0) -> 紫 | Z77: 紫 | AA77: =VLOOKUP(INT(O11/10),$AI$77:$AJ$96,2,0) -> 橙 | AC77: 1 | AD77: 0 | AE77: 0 | AF77: 0 | AG77: 0 | AI77: 1 | AJ77: 紫
D78: 2 | E78: {=_xlfn.XLOOKUP(K78,[3]装备属性!$D$571:$D$870,[3]装备属性!$I$571:$I$870)*6+_xlfn.XLOOKUP(Q78&X78,[3]装备属性!$E$62:$E$277&[3]装备属性!$G$62:$G$277,[3]装备属性!$I$62:$I$277)*6+IFERROR(_xlfn.XLOOKUP(Q78&X78,[3]装备属性!$D$309:$D$557&[3]装备属性!$F$309:$F$557,[3]装备属性!$H$309:$H$557)*AD78*6,0)+VLOOKUP(E211,$V$209:$X$216,3,0)*Q211+100} -> 858 | F78: {=_xlfn.XLOOKUP(L78,[3]装备属性!$D$571:$D$870,[3]装备属性!$I$571:$I$870)*6+_xlfn.XLOOKUP(R78&Y78,[3]装备属性!$E$62:$E$277&[3]装备属性!$G$62:$G$277,[3]装备属性!$I$62:$I$277)*6+IFERROR(_xlfn.XLOOKUP(R78&Y78,[3]装备属性!$D$309:$D$557&[3]装备属性!$F$309:$F$557,[3]装备属性!$H$309:$H$557)*AE78*6,0)+VLOOKUP(F211,$V$209:$X$216,3,0)*R211+100} -> 938 | G78: {=_xlfn.XLOOKUP(M78,[3]装备属性!$D$571:$D$870,[3]装备属性!$I$571:$I$870)*6+_xlfn.XLOOKUP(S78&Z78,[3]装备属性!$E$62:$E$277&[3]装备属性!$G$62:$G$277,[3]装备属性!$I$62:$I$277)*6+IFERROR(_xlfn.XLOOKUP(S78&Z78,[3]装备属性!$D$309:$D$557&[3]装备属性!$F$309:$F$557,[3]装备属性!$H$309:$H$557)*AF78*6,0)+VLOOKUP(G211,$V$209:$X$216,3,0)*S211+100} -> 1010 | H78: {=_xlfn.XLOOKUP(N78,[3]装备属性!$D$571:$D$870,[3]装备属性!$I$571:$I$870)*6+_xlfn.XLOOKUP(T78&AA78,[3]装备属性!$E$62:$E$277&[3]装备属性!$G$62:$G$277,[3]装备属性!$I$62:$I$277)*6+IFERROR(_xlfn.XLOOKUP(T78&AA78,[3]装备属性!$D$309:$D$557&[3]装备属性!$F$309:$F$557,[3]装备属性!$H$309:$H$557)*AG78*6,0)+VLOOKUP(H211,$V$209:$X$216,3,0)*T211+100} -> 1228 | J78: 2 | K78: 13 | L78: 13 | M78: 16 | N78: 17 | P78: 2 | Q78: 20 | R78: 20 | S78: 20 | T78: 30 | W78: 2 | X78: =VLOOKUP(INT(L12/10),$AI$77:$AJ$96,2,0) -> 紫 | Y78: =VLOOKUP(INT(M12/10),$AI$77:$AJ$96,2,0) -> 橙 | Z78: =VLOOKUP(INT(N12/10),$AI$77:$AJ$96,2,0) -> 橙 | AA78: =VLOOKUP(INT(O12/10),$AI$77:$AJ$96,2,0) -> 橙 | AC78: 2 | AD78: 0 | AE78: 0 | AF78: 0 | AG78: 0 | AI78: 2 | AJ78: 橙
D79: 3 | E79: {=_xlfn.XLOOKUP(K79,[3]装备属性!$D$571:$D$870,[3]装备属性!$I$571:$I$870)*6+_xlfn.XLOOKUP(Q79&X79,[3]装备属性!$E$62:$E$277&[3]装备属性!$G$62:$G$277,[3]装备属性!$I$62:$I$277)*6+IFERROR(_xlfn.XLOOKUP(Q79&X79,[3]装备属性!$D$309:$D$557&[3]装备属性!$F$309:$F$557,[3]装备属性!$H$309:$H$557)*AD79*6,0)+VLOOKUP(E212,$V$209:$X$216,3,0)*Q212+100} -> 1100 | F79: {=_xlfn.XLOOKUP(L79,[3]装备属性!$D$571:$D$870,[3]装备属性!$I$571:$I$870)*6+_xlfn.XLOOKUP(R79&Y79,[3]装备属性!$E$62:$E$277&[3]装备属性!$G$62:$G$277,[3]装备属性!$I$62:$I$277)*6+IFERROR(_xlfn.XLOOKUP(R79&Y79,[3]装备属性!$D$309:$D$557&[3]装备属性!$F$309:$F$557,[3]装备属性!$H$309:$H$557)*AE79*6,0)+VLOOKUP(F212,$V$209:$X$216,3,0)*R212+100} -> 1108 | G79: {=_xlfn.XLOOKUP(M79,[3]装备属性!$D$571:$D$870,[3]装备属性!$I$571:$I$870)*6+_xlfn.XLOOKUP(S79&Z79,[3]装备属性!$E$62:$E$277&[3]装备属性!$G$62:$G$277,[3]装备属性!$I$62:$I$277)*6+IFERROR(_xlfn.XLOOKUP(S79&Z79,[3]装备属性!$D$309:$D$557&[3]装备属性!$F$309:$F$557,[3]装备属性!$H$309:$H$557)*AF79*6,0)+VLOOKUP(G212,$V$209:$X$216,3,0)*S212+100} -> 1180 | H79: {=_xlfn.XLOOKUP(N79,[3]装备属性!$D$571:$D$870,[3]装备属性!$I$571:$I$870)*6+_xlfn.XLOOKUP(T79&AA79,[3]装备属性!$E$62:$E$277&[3]装备属性!$G$62:$G$277,[3]装备属性!$I$62:$I$277)*6+IFERROR(_xlfn.XLOOKUP(T79&AA79,[3]装备属性!$D$309:$D$557&[3]装备属性!$F$309:$F$557,[3]装备属性!$H$309:$H$557)*AG79*6,0)+VLOOKUP(H212,$V$209:$X$216,3,0)*T212+100} -> 1558 | J79: 3 | K79: 16 | L79: 16 | M79: 19 | N79: 20 | P79: 3 | Q79: 30 | R79: 30 | S79: 30 | T79: 40 | W79: 3 | X79: =VLOOKUP(INT(L13/10),$AI$77:$AJ$96,2,0) -> 橙 | Y79: =VLOOKUP(INT(M13/10),$AI$77:$AJ$96,2,0) -> 橙 | Z79: =VLOOKUP(INT(N13/10),$AI$77:$AJ$96,2,0) -> 橙 | AA79: =VLOOKUP(INT(O13/10),$AI$77:$AJ$96,2,0) -> 红 | AC79: 3 | AD79: 0 | AE79: 0 | AF79: 0 | AG79: 0 | AI79: 3 | AJ79: 橙
D80: 4 | E80: {=_xlfn.XLOOKUP(K80,[3]装备属性!$D$571:$D$870,[3]装备属性!$I$571:$I$870)*6+_xlfn.XLOOKUP(Q80&X80,[3]装备属性!$E$62:$E$277&[3]装备属性!$G$62:$G$277,[3]装备属性!$I$62:$I$277)*6+IFERROR(_xlfn.XLOOKUP(Q80&X80,[3]装备属性!$D$309:$D$557&[3]装备属性!$F$309:$F$557,[3]装备属性!$H$309:$H$557)*AD80*6,0)+VLOOKUP(E213,$V$209:$X$216,3,0)*Q213+100} -> 1172 | F80: {=_xlfn.XLOOKUP(L80,[3]装备属性!$D$571:$D$870,[3]装备属性!$I$571:$I$870)*6+_xlfn.XLOOKUP(R80&Y80,[3]装备属性!$E$62:$E$277&[3]装备属性!$G$62:$G$277,[3]装备属性!$I$62:$I$277)*6+IFERROR(_xlfn.XLOOKUP(R80&Y80,[3]装备属性!$D$309:$D$557&[3]装备属性!$F$309:$F$557,[3]装备属性!$H$309:$H$557)*AE80*6,0)+VLOOKUP(F213,$V$209:$X$216,3,0)*R213+100} -> 1204 | G80: {=_xlfn.XLOOKUP(M80,[3]装备属性!$D$571:$D$870,[3]装备属性!$I$571:$I$870)*6+_xlfn.XLOOKUP(S80&Z80,[3]装备属性!$E$62:$E$277&[3]装备属性!$G$62:$G$277,[3]装备属性!$I$62:$I$277)*6+IFERROR(_xlfn.XLOOKUP(S80&Z80,[3]装备属性!$D$309:$D$557&[3]装备属性!$F$309:$F$557,[3]装备属性!$H$309:$H$557)*AF80*6,0)+VLOOKUP(G213,$V$209:$X$216,3,0)*S213+100} -> 1414 | H80: {=_xlfn.XLOOKUP(N80,[3]装备属性!$D$571:$D$870,[3]装备属性!$I$571:$I$870)*6+_xlfn.XLOOKUP(T80&AA80,[3]装备属性!$E$62:$E$277&[3]装备属性!$G$62:$G$277,[3]装备属性!$I$62:$I$277)*6+IFERROR(_xlfn.XLOOKUP(T80&AA80,[3]装备属性!$D$309:$D$557&[3]装备属性!$F$309:$F$557,[3]装备属性!$H$309:$H$557)*AG80*6,0)+VLOOKUP(H213,$V$209:$X$216,3,0)*T213+100} -> 1684 | J80: 4 | K80: 18 | L80: 19 | M80: 22 | N80: 23 | P80: 4 | Q80: 30 | R80: 30 | S80: 30 | T80: 40 | W80: 4 | X80: =VLOOKUP(INT(L14/10),$AI$77:$AJ$96,2,0) -> 橙 | Y80: =VLOOKUP(INT(M14/10),$AI$77:$AJ$96,2,0) -> 橙 | Z80: =VLOOKUP(INT(N14/10),$AI$77:$AJ$96,2,0) -> 红 | AA80: =VLOOKUP(INT(O14/10),$AI$77:$AJ$96,2,0) -> 红 | AC80: 4 | AD80: 0 | AE80: 0 | AF80: 0 | AG80: 0 | AI80: 4 | AJ80: 红
D81: 5 | E81: {=_xlfn.XLOOKUP(K81,[3]装备属性!$D$571:$D$870,[3]装备属性!$I$571:$I$870)*6+_xlfn.XLOOKUP(Q81&X81,[3]装备属性!$E$62:$E$277&[3]装备属性!$G$62:$G$277,[3]装备属性!$I$62:$I$277)*6+IFERROR(_xlfn.XLOOKUP(Q81&X81,[3]装备属性!$D$309:$D$557&[3]装备属性!$F$309:$F$557,[3]装备属性!$H$309:$H$557)*AD81*6,0)+VLOOKUP(E214,$V$209:$X$216,3,0)*Q214+100} -> 1320 | F81: {=_xlfn.XLOOKUP(L81,[3]装备属性!$D$571:$D$870,[3]装备属性!$I$571:$I$870)*6+_xlfn.XLOOKUP(R81&Y81,[3]装备属性!$E$62:$E$277&[3]装备属性!$G$62:$G$277,[3]装备属性!$I$62:$I$277)*6+IFERROR(_xlfn.XLOOKUP(R81&Y81,[3]装备属性!$D$309:$D$557&[3]装备属性!$F$309:$F$557,[3]装备属性!$H$309:$H$557)*AE81*6,0)+VLOOKUP(F214,$V$209:$X$216,3,0)*R214+100} -> 1388 | G81: {=_xlfn.XLOOKUP(M81,[3]装备属性!$D$571:$D$870,[3]装备属性!$I$571:$I$870)*6+_xlfn.XLOOKUP(S81&Z81,[3]装备属性!$E$62:$E$277&[3]装备属性!$G$62:$G$277,[3]装备属性!$I$62:$I$277)*6+IFERROR(_xlfn.XLOOKUP(S81&Z81,[3]装备属性!$D$309:$D$557&[3]装备属性!$F$309:$F$557,[3]装备属性!$H$309:$H$557)*AF81*6,0)+VLOOKUP(G214,$V$209:$X$216,3,0)*S214+100} -> 1616 | H81: {=_xlfn.XLOOKUP(N81,[3]装备属性!$D$571:$D$870,[3]装备属性!$I$571:$I$870)*6+_xlfn.XLOOKUP(T81&AA81,[3]装备属性!$E$62:$E$277&[3]装备属性!$G$62:$G$277,[3]装备属性!$I$62:$I$277)*6+IFERROR(_xlfn.XLOOKUP(T81&AA81,[3]装备属性!$D$309:$D$557&[3]装备属性!$F$309:$F$557,[3]装备属性!$H$309:$H$557)*AG81*6,0)+VLOOKUP(H214,$V$209:$X$216,3,0)*T214+100} -> 1906 | J81: 5 | K81: 20 | L81: 22 | M81: 25 | N81: 26 | P81: 5 | Q81: 40 | R81: 40 | S81: 40 | T81: 50 | W81: 5 | X81: =VLOOKUP(INT(L15/10),$AI$77:$AJ$96,2,0) -> 橙 | Y81: =VLOOKUP(INT(M15/10),$AI$77:$AJ$96,2,0) -> 橙 | Z81: =VLOOKUP(INT(N15/10),$AI$77:$AJ$96,2,0) -> 红 | AA81: =VLOOKUP(INT(O15/10),$AI$77:$AJ$96,2,0) -> 红 | AC81: 5 | AD81: 0 | AE81: 0 | AF81: 0 | AG81: 0 | AI81: 5 | AJ81: 红
D82: 6 | E82: {=_xlfn.XLOOKUP(K82,[3]装备属性!$D$571:$D$870,[3]装备属性!$I$571:$I$870)*6+_xlfn.XLOOKUP(Q82&X82,[3]装备属性!$E$62:$E$277&[3]装备属性!$G$62:$G$277,[3]装备属性!$I$62:$I$277)*6+IFERROR(_xlfn.XLOOKUP(Q82&X82,[3]装备属性!$D$309:$D$557&[3]装备属性!$F$309:$F$557,[3]装备属性!$H$309:$H$557)*AD82*6,0)+VLOOKUP(E215,$V$209:$X$216,3,0)*Q215+100} -> 1388 | F82: {=_xlfn.XLOOKUP(L82,[3]装备属性!$D$571:$D$870,[3]装备属性!$I$571:$I$870)*6+_xlfn.XLOOKUP(R82&Y82,[3]装备属性!$E$62:$E$277&[3]装备属性!$G$62:$G$277,[3]装备属性!$I$62:$I$277)*6+IFERROR(_xlfn.XLOOKUP(R82&Y82,[3]装备属性!$D$309:$D$557&[3]装备属性!$F$309:$F$557,[3]装备属性!$H$309:$H$557)*AE82*6,0)+VLOOKUP(F215,$V$209:$X$216,3,0)*R215+100} -> 1602 | G82: {=_xlfn.XLOOKUP(M82,[3]装备属性!$D$571:$D$870,[3]装备属性!$I$571:$I$870)*6+_xlfn.XLOOKUP(S82&Z82,[3]装备属性!$E$62:$E$277&[3]装备属性!$G$62:$G$277,[3]装备属性!$I$62:$I$277)*6+IFERROR(_xlfn.XLOOKUP(S82&Z82,[3]装备属性!$D$309:$D$557&[3]装备属性!$F$309:$F$557,[3]装备属性!$H$309:$H$557)*AF82*6,0)+VLOOKUP(G215,$V$209:$X$216,3,0)*S215+100} -> 1692 | H82: {=_xlfn.XLOOKUP(N82,[3]装备属性!$D$571:$D$870,[3]装备属性!$I$571:$I$870)*6+_xlfn.XLOOKUP(T82&AA82,[3]装备属性!$E$62:$E$277&[3]装备属性!$G$62:$G$277,[3]装备属性!$I$62:$I$277)*6+IFERROR(_xlfn.XLOOKUP(T82&AA82,[3]装备属性!$D$309:$D$557&[3]装备属性!$F$309:$F$557,[3]装备属性!$H$309:$H$557)*AG82*6,0)+VLOOKUP(H215,$V$209:$X$216,3,0)*T215+100} -> 2206 | J82: 6 | K82: 22 | L82: 24 | M82: 27 | N82: 29 | P82: 6 | Q82: 40 | R82: 40 | S82: 40 | T82: 50 | W82: 6 | X82: =VLOOKUP(INT(L16/10),$AI$77:$AJ$96,2,0) -> 橙 | Y82: =VLOOKUP(INT(M16/10),$AI$77:$AJ$96,2,0) -> 红 | Z82: =VLOOKUP(INT(N16/10),$AI$77:$AJ$96,2,0) -> 红 | AA82: =VLOOKUP(INT(O16/10),$AI$77:$AJ$96,2,0) -> 粉 | AC82: 6 | AD82: 0 | AE82: 0 | AF82: 0 | AG82: 0 | AI82: 6 | AJ82: 粉
D83: 7 | E83: {=_xlfn.XLOOKUP(K83,[3]装备属性!$D$571:$D$870,[3]装备属性!$I$571:$I$870)*6+_xlfn.XLOOKUP(Q83&X83,[3]装备属性!$E$62:$E$277&[3]装备属性!$G$62:$G$277,[3]装备属性!$I$62:$I$277)*6+IFERROR(_xlfn.XLOOKUP(Q83&X83,[3]装备属性!$D$309:$D$557&[3]装备属性!$F$309:$F$557,[3]装备属性!$H$309:$H$557)*AD83*6,0)+VLOOKUP(E216,$V$209:$X$216,3,0)*Q216+100} -> 1464 | F83: {=_xlfn.XLOOKUP(L83,[3]装备属性!$D$571:$D$870,[3]装备属性!$I$571:$I$870)*6+_xlfn.XLOOKUP(R83&Y83,[3]装备属性!$E$62:$E$277&[3]装备属性!$G$62:$G$277,[3]装备属性!$I$62:$I$277)*6+IFERROR(_xlfn.XLOOKUP(R83&Y83,[3]装备属性!$D$309:$D$557&[3]装备属性!$F$309:$F$557,[3]装备属性!$H$309:$H$557)*AE83*6,0)+VLOOKUP(F216,$V$209:$X$216,3,0)*R216+100} -> 1786 | G83: {=_xlfn.XLOOKUP(M83,[3]装备属性!$D$571:$D$870,[3]装备属性!$I$571:$I$870)*6+_xlfn.XLOOKUP(S83&Z83,[3]装备属性!$E$62:$E$277&[3]装备属性!$G$62:$G$277,[3]装备属性!$I$62:$I$277)*6+IFERROR(_xlfn.XLOOKUP(S83&Z83,[3]装备属性!$D$309:$D$557&[3]装备属性!$F$309:$F$557,[3]装备属性!$H$309:$H$557)*AF83*6,0)+VLOOKUP(G216,$V$209:$X$216,3,0)*S216+100} -> 1876 | H83: {=_xlfn.XLOOKUP(N83,[3]装备属性!$D$571:$D$870,[3]装备属性!$I$571:$I$870)*6+_xlfn.XLOOKUP(T83&AA83,[3]装备属性!$E$62:$E$277&[3]装备属性!$G$62:$G$277,[3]装备属性!$I$62:$I$277)*6+IFERROR(_xlfn.XLOOKUP(T83&AA83,[3]装备属性!$D$309:$D$557&[3]装备属性!$F$309:$F$557,[3]装备属性!$H$309:$H$557)*AG83*6,0)+VLOOKUP(H216,$V$209:$X$216,3,0)*T216+100} -> 2452 | J83: 7 | K83: 24 | L83: 26 | M83: 29 | N83: 32 | P83: 7 | Q83: 40 | R83: 40 | S83: 40 | T83: 60 | W83: 7 | X83: =VLOOKUP(INT(L17/10),$AI$77:$AJ$96,2,0) -> 橙 | Y83: =VLOOKUP(INT(M17/10),$AI$77:$AJ$96,2,0) -> 红 | Z83: =VLOOKUP(INT(N17/10),$AI$77:$AJ$96,2,0) -> 红 | AA83: =VLOOKUP(INT(O17/10),$AI$77:$AJ$96,2,0) -> 粉 | AC83: 7 | AD83: 0 | AE83: 0 | AF83: 0 | AG83: 0 | AI83: 7 | AJ83: 粉
D84: 8 | E84: {=_xlfn.XLOOKUP(K84,[3]装备属性!$D$571:$D$870,[3]装备属性!$I$571:$I$870)*6+_xlfn.XLOOKUP(Q84&X84,[3]装备属性!$E$62:$E$277&[3]装备属性!$G$62:$G$277,[3]装备属性!$I$62:$I$277)*6+IFERROR(_xlfn.XLOOKUP(Q84&X84,[3]装备属性!$D$309:$D$557&[3]装备属性!$F$309:$F$557,[3]装备属性!$H$309:$H$557)*AD84*6,0)+VLOOKUP(E217,$V$209:$X$216,3,0)*Q217+100} -> 1532 | F84: {=_xlfn.XLOOKUP(L84,[3]装备属性!$D$571:$D$870,[3]装备属性!$I$571:$I$870)*6+_xlfn.XLOOKUP(R84&Y84,[3]装备属性!$E$62:$E$277&[3]装备属性!$G$62:$G$277,[3]装备属性!$I$62:$I$277)*6+IFERROR(_xlfn.XLOOKUP(R84&Y84,[3]装备属性!$D$309:$D$557&[3]装备属性!$F$309:$F$557,[3]装备属性!$H$309:$H$557)*AE84*6,0)+VLOOKUP(F217,$V$209:$X$216,3,0)*R217+100} -> 1966 | G84: {=_xlfn.XLOOKUP(M84,[3]装备属性!$D$571:$D$870,[3]装备属性!$I$571:$I$870)*6+_xlfn.XLOOKUP(S84&Z84,[3]装备属性!$E$62:$E$277&[3]装备属性!$G$62:$G$277,[3]装备属性!$I$62:$I$277)*6+IFERROR(_xlfn.XLOOKUP(S84&Z84,[3]装备属性!$D$309:$D$557&[3]装备属性!$F$309:$F$557,[3]装备属性!$H$309:$H$557)*AF84*6,0)+VLOOKUP(G217,$V$209:$X$216,3,0)*S217+100} -> 2086 | H84: {=_xlfn.XLOOKUP(N84,[3]装备属性!$D$571:$D$870,[3]装备属性!$I$571:$I$870)*6+_xlfn.XLOOKUP(T84&AA84,[3]装备属性!$E$62:$E$277&[3]装备属性!$G$62:$G$277,[3]装备属性!$I$62:$I$277)*6+IFERROR(_xlfn.XLOOKUP(T84&AA84,[3]装备属性!$D$309:$D$557&[3]装备属性!$F$309:$F$557,[3]装备属性!$H$309:$H$557)*AG84*6,0)+VLOOKUP(H217,$V$209:$X$216,3,0)*T217+100} -> 2512 | J84: 8 | K84: 26 | L84: 28 | M84: 32 | N84: 34 | P84: 8 | Q84: 40 | R84: 50 | S84: 50 | T84: 60 | W84: 8 | X84: =VLOOKUP(INT(L18/10),$AI$77:$AJ$96,2,0) -> 橙 | Y84: =VLOOKUP(INT(M18/10),$AI$77:$AJ$96,2,0) -> 红 | Z84: =VLOOKUP(INT(N18/10),$AI$77:$AJ$96,2,0) -> 红 | AA84: =VLOOKUP(INT(O18/10),$AI$77:$AJ$96,2,0) -> 粉 | AC84: 8 | AD84: 0 | AE84: 0 | AF84: 0 | AG84: 0 | AI84: 8 | AJ84: 粉
D85: 9 | E85: {=_xlfn.XLOOKUP(K85,[3]装备属性!$D$571:$D$870,[3]装备属性!$I$571:$I$870)*6+_xlfn.XLOOKUP(Q85&X85,[3]装备属性!$E$62:$E$277&[3]装备属性!$G$62:$G$277,[3]装备属性!$I$62:$I$277)*6+IFERROR(_xlfn.XLOOKUP(Q85&X85,[3]装备属性!$D$309:$D$557&[3]装备属性!$F$309:$F$557,[3]装备属性!$H$309:$H$557)*AD85*6,0)+VLOOKUP(E218,$V$209:$X$216,3,0)*Q218+100} -> 1846 | F85: {=_xlfn.XLOOKUP(L85,[3]装备属性!$D$571:$D$870,[3]装备属性!$I$571:$I$870)*6+_xlfn.XLOOKUP(R85&Y85,[3]装备属性!$E$62:$E$277&[3]装备属性!$G$62:$G$277,[3]装备属性!$I$62:$I$277)*6+IFERROR(_xlfn.XLOOKUP(R85&Y85,[3]装备属性!$D$309:$D$557&[3]装备属性!$F$309:$F$557,[3]装备属性!$H$309:$H$557)*AE85*6,0)+VLOOKUP(F218,$V$209:$X$216,3,0)*R218+100} -> 2026 | G85: {=_xlfn.XLOOKUP(M85,[3]装备属性!$D$571:$D$870,[3]装备属性!$I$571:$I$870)*6+_xlfn.XLOOKUP(S85&Z85,[3]装备属性!$E$62:$E$277&[3]装备属性!$G$62:$G$277,[3]装备属性!$I$62:$I$277)*6+IFERROR(_xlfn.XLOOKUP(S85&Z85,[3]装备属性!$D$309:$D$557&[3]装备属性!$F$309:$F$557,[3]装备属性!$H$309:$H$557)*AF85*6,0)+VLOOKUP(G218,$V$209:$X$216,3,0)*S218+100} -> 2146 | H85: {=_xlfn.XLOOKUP(N85,[3]装备属性!$D$571:$D$870,[3]装备属性!$I$571:$I$870)*6+_xlfn.XLOOKUP(T85&AA85,[3]装备属性!$E$62:$E$277&[3]装备属性!$G$62:$G$277,[3]装备属性!$I$62:$I$277)*6+IFERROR(_xlfn.XLOOKUP(T85&AA85,[3]装备属性!$D$309:$D$557&[3]装备属性!$F$309:$F$557,[3]装备属性!$H$309:$H$557)*AG85*6,0)+VLOOKUP(H218,$V$209:$X$216,3,0)*T218+100} -> 2674 | J85: 9 | K85: 28 | L85: 30 | M85: 34 | N85: 36 | P85: 9 | Q85: 50 | R85: 50 | S85: 50 | T85: 60 | W85: 9 | X85: =VLOOKUP(INT(L19/10),$AI$77:$AJ$96,2,0) -> 红 | Y85: =VLOOKUP(INT(M19/10),$AI$77:$AJ$96,2,0) -> 红 | Z85: =VLOOKUP(INT(N19/10),$AI$77:$AJ$96,2,0) -> 红 | AA85: =VLOOKUP(INT(O19/10),$AI$77:$AJ$96,2,0) -> 粉 | AC85: 9 | AD85: 0 | AE85: 0 | AF85: 0 | AG85: 0 | AI85: 9 | AJ85: 粉
D86: 10 | E86: {=_xlfn.XLOOKUP(K86,[3]装备属性!$D$571:$D$870,[3]装备属性!$I$571:$I$870)*6+_xlfn.XLOOKUP(Q86&X86,[3]装备属性!$E$62:$E$277&[3]装备属性!$G$62:$G$277,[3]装备属性!$I$62:$I$277)*6+IFERROR(_xlfn.XLOOKUP(Q86&X86,[3]装备属性!$D$309:$D$557&[3]装备属性!$F$309:$F$557,[3]装备属性!$H$309:$H$557)*AD86*6,0)+VLOOKUP(E219,$V$209:$X$216,3,0)*Q219+100} -> 1906 | F86: {=_xlfn.XLOOKUP(L86,[3]装备属性!$D$571:$D$870,[3]装备属性!$I$571:$I$870)*6+_xlfn.XLOOKUP(R86&Y86,[3]装备属性!$E$62:$E$277&[3]装备属性!$G$62:$G$277,[3]装备属性!$I$62:$I$277)*6+IFERROR(_xlfn.XLOOKUP(R86&Y86,[3]装备属性!$D$309:$D$557&[3]装备属性!$F$309:$F$557,[3]装备属性!$H$309:$H$557)*AE86*6,0)+VLOOKUP(F219,$V$209:$X$216,3,0)*R219+100} -> 2086 | G86: {=_xlfn.XLOOKUP(M86,[3]装备属性!$D$571:$D$870,[3]装备属性!$I$571:$I$870)*6+_xlfn.XLOOKUP(S86&Z86,[3]装备属性!$E$62:$E$277&[3]装备属性!$G$62:$G$277,[3]装备属性!$I$62:$I$277)*6+IFERROR(_xlfn.XLOOKUP(S86&Z86,[3]装备属性!$D$309:$D$557&[3]装备属性!$F$309:$F$557,[3]装备属性!$H$309:$H$557)*AF86*6,0)+VLOOKUP(G219,$V$209:$X$216,3,0)*S219+100} -> 2428 | H86: {=_xlfn.XLOOKUP(N86,[3]装备属性!$D$571:$D$870,[3]装备属性!$I$571:$I$870)*6+_xlfn.XLOOKUP(T86&AA86,[3]装备属性!$E$62:$E$277&[3]装备属性!$G$62:$G$277,[3]装备属性!$I$62:$I$277)*6+IFERROR(_xlfn.XLOOKUP(T86&AA86,[3]装备属性!$D$309:$D$557&[3]装备属性!$F$309:$F$557,[3]装备属性!$H$309:$H$557)*AG86*6,0)+VLOOKUP(H219,$V$209:$X$216,3,0)*T219+100} -> 2746 | J86: 10 | K86: 30 | L86: 32 | M86: 36 | N86: 38 | P86: 10 | Q86: 50 | R86: 50 | S86: 50 | T86: 60 | W86: 10 | X86: =VLOOKUP(INT(L20/10),$AI$77:$AJ$96,2,0) -> 红 | Y86: =VLOOKUP(INT(M20/10),$AI$77:$AJ$96,2,0) -> 红 | Z86: =VLOOKUP(INT(N20/10),$AI$77:$AJ$96,2,0) -> 粉 | AA86: =VLOOKUP(INT(O20/10),$AI$77:$AJ$96,2,0) -> 粉 | AC86: 10 | AD86: 0 | AE86: 0 | AF86: 0 | AG86: 0 | AI86: 10 | AJ86: 粉
D87: 11 | E87: {=_xlfn.XLOOKUP(K87,[3]装备属性!$D$571:$D$870,[3]装备属性!$I$571:$I$870)*6+_xlfn.XLOOKUP(Q87&X87,[3]装备属性!$E$62:$E$277&[3]装备属性!$G$62:$G$277,[3]装备属性!$I$62:$I$277)*6+IFERROR(_xlfn.XLOOKUP(Q87&X87,[3]装备属性!$D$309:$D$557&[3]装备属性!$F$309:$F$557,[3]装备属性!$H$309:$H$557)*AD87*6,0)+VLOOKUP(E220,$V$209:$X$216,3,0)*Q220+100} -> 1936 | F87: {=_xlfn.XLOOKUP(L87,[3]装备属性!$D$571:$D$870,[3]装备属性!$I$571:$I$870)*6+_xlfn.XLOOKUP(R87&Y87,[3]装备属性!$E$62:$E$277&[3]装备属性!$G$62:$G$277,[3]装备属性!$I$62:$I$277)*6+IFERROR(_xlfn.XLOOKUP(R87&Y87,[3]装备属性!$D$309:$D$557&[3]装备属性!$F$309:$F$557,[3]装备属性!$H$309:$H$557)*AE87*6,0)+VLOOKUP(F220,$V$209:$X$216,3,0)*R220+100} -> 2272 | G87: {=_xlfn.XLOOKUP(M87,[3]装备属性!$D$571:$D$870,[3]装备属性!$I$571:$I$870)*6+_xlfn.XLOOKUP(S87&Z87,[3]装备属性!$E$62:$E$277&[3]装备属性!$G$62:$G$277,[3]装备属性!$I$62:$I$277)*6+IFERROR(_xlfn.XLOOKUP(S87&Z87,[3]装备属性!$D$309:$D$557&[3]装备属性!$F$309:$F$557,[3]装备属性!$H$309:$H$557)*AF87*6,0)+VLOOKUP(G220,$V$209:$X$216,3,0)*S220+100} -> 2656 | H87: {=_xlfn.XLOOKUP(N87,[3]装备属性!$D$571:$D$870,[3]装备属性!$I$571:$I$870)*6+_xlfn.XLOOKUP(T87&AA87,[3]装备属性!$E$62:$E$277&[3]装备属性!$G$62:$G$277,[3]装备属性!$I$62:$I$277)*6+IFERROR(_xlfn.XLOOKUP(T87&AA87,[3]装备属性!$D$309:$D$557&[3]装备属性!$F$309:$F$557,[3]装备属性!$H$309:$H$557)*AG87*6,0)+VLOOKUP(H220,$V$209:$X$216,3,0)*T220+100} -> 2824 | J87: 11 | K87: 31 | L87: 34 | M87: 38 | N87: 40 | P87: 11 | Q87: 50 | R87: 60 | S87: 60 | T87: 60 | W87: 11 | X87: =VLOOKUP(INT(L21/10),$AI$77:$AJ$96,2,0) -> 红 | Y87: =VLOOKUP(INT(M21/10),$AI$77:$AJ$96,2,0) -> 红 | Z87: =VLOOKUP(INT(N21/10),$AI$77:$AJ$96,2,0) -> 粉 | AA87: =VLOOKUP(INT(O21/10),$AI$77:$AJ$96,2,0) -> 粉 | AC87: 11 | AD87: 0 | AE87: 0 | AF87: 0 | AG87: 0 | AI87: 11 | AJ87: 彩
D88: 12 | E88: {=_xlfn.XLOOKUP(K88,[3]装备属性!$D$571:$D$870,[3]装备属性!$I$571:$I$870)*6+_xlfn.XLOOKUP(Q88&X88,[3]装备属性!$E$62:$E$277&[3]装备属性!$G$62:$G$277,[3]装备属性!$I$62:$I$277)*6+IFERROR(_xlfn.XLOOKUP(Q88&X88,[3]装备属性!$D$309:$D$557&[3]装备属性!$F$309:$F$557,[3]装备属性!$H$309:$H$557)*AD88*6,0)+VLOOKUP(E221,$V$209:$X$216,3,0)*Q221+100} -> 1996 | F88: {=_xlfn.XLOOKUP(L88,[3]装备属性!$D$571:$D$870,[3]装备属性!$I$571:$I$870)*6+_xlfn.XLOOKUP(R88&Y88,[3]装备属性!$E$62:$E$277&[3]装备属性!$G$62:$G$277,[3]装备属性!$I$62:$I$277)*6+IFERROR(_xlfn.XLOOKUP(R88&Y88,[3]装备属性!$D$309:$D$557&[3]装备属性!$F$309:$F$557,[3]装备属性!$H$309:$H$557)*AE88*6,0)+VLOOKUP(F221,$V$209:$X$216,3,0)*R221+100} -> 2344 | G88: {=_xlfn.XLOOKUP(M88,[3]装备属性!$D$571:$D$870,[3]装备属性!$I$571:$I$870)*6+_xlfn.XLOOKUP(S88&Z88,[3]装备属性!$E$62:$E$277&[3]装备属性!$G$62:$G$277,[3]装备属性!$I$62:$I$277)*6+IFERROR(_xlfn.XLOOKUP(S88&Z88,[3]装备属性!$D$309:$D$557&[3]装备属性!$F$309:$F$557,[3]装备属性!$H$309:$H$557)*AF88*6,0)+VLOOKUP(G221,$V$209:$X$216,3,0)*S221+100} -> 2734 | H88: {=_xlfn.XLOOKUP(N88,[3]装备属性!$D$571:$D$870,[3]装备属性!$I$571:$I$870)*6+_xlfn.XLOOKUP(T88&AA88,[3]装备属性!$E$62:$E$277&[3]装备属性!$G$62:$G$277,[3]装备属性!$I$62:$I$277)*6+IFERROR(_xlfn.XLOOKUP(T88&AA88,[3]装备属性!$D$309:$D$557&[3]装备属性!$F$309:$F$557,[3]装备属性!$H$309:$H$557)*AG88*6,0)+VLOOKUP(H221,$V$209:$X$216,3,0)*T221+100} -> 3088 | J88: 12 | K88: 33 | L88: 36 | M88: 40 | N88: 42 | P88: 12 | Q88: 50 | R88: 60 | S88: 60 | T88: 70 | W88: 12 | X88: =VLOOKUP(INT(L22/10),$AI$77:$AJ$96,2,0) -> 红 | Y88: =VLOOKUP(INT(M22/10),$AI$77:$AJ$96,2,0) -> 红 | Z88: =VLOOKUP(INT(N22/10),$AI$77:$AJ$96,2,0) -> 粉 | AA88: =VLOOKUP(INT(O22/10),$AI$77:$AJ$96,2,0) -> 粉 | AC88: 12 | AD88: 0 | AE88: 0 | AF88: 0 | AG88: 0 | AI88: 12 | AJ88: 彩
D89: 13 | E89: {=_xlfn.XLOOKUP(K89,[3]装备属性!$D$571:$D$870,[3]装备属性!$I$571:$I$870)*6+_xlfn.XLOOKUP(Q89&X89,[3]装备属性!$E$62:$E$277&[3]装备属性!$G$62:$G$277,[3]装备属性!$I$62:$I$277)*6+IFERROR(_xlfn.XLOOKUP(Q89&X89,[3]装备属性!$D$309:$D$557&[3]装备属性!$F$309:$F$557,[3]装备属性!$H$309:$H$557)*AD89*6,0)+VLOOKUP(E222,$V$209:$X$216,3,0)*Q222+100} -> 2152 | F89: {=_xlfn.XLOOKUP(L89,[3]装备属性!$D$571:$D$870,[3]装备属性!$I$571:$I$870)*6+_xlfn.XLOOKUP(R89&Y89,[3]装备属性!$E$62:$E$277&[3]装备属性!$G$62:$G$277,[3]装备属性!$I$62:$I$277)*6+IFERROR(_xlfn.XLOOKUP(R89&Y89,[3]装备属性!$D$309:$D$557&[3]装备属性!$F$309:$F$557,[3]装备属性!$H$309:$H$557)*AE89*6,0)+VLOOKUP(F222,$V$209:$X$216,3,0)*R222+100} -> 2380 | G89: {=_xlfn.XLOOKUP(M89,[3]装备属性!$D$571:$D$870,[3]装备属性!$I$571:$I$870)*6+_xlfn.XLOOKUP(S89&Z89,[3]装备属性!$E$62:$E$277&[3]装备属性!$G$62:$G$277,[3]装备属性!$I$62:$I$277)*6+IFERROR(_xlfn.XLOOKUP(S89&Z89,[3]装备属性!$D$309:$D$557&[3]装备属性!$F$309:$F$557,[3]装备属性!$H$309:$H$557)*AF89*6,0)+VLOOKUP(G222,$V$209:$X$216,3,0)*S222+100} -> 2776 | H89: {=_xlfn.XLOOKUP(N89,[3]装备属性!$D$571:$D$870,[3]装备属性!$I$571:$I$870)*6+_xlfn.XLOOKUP(T89&AA89,[3]装备属性!$E$62:$E$277&[3]装备属性!$G$62:$G$277,[3]装备属性!$I$62:$I$277)*6+IFERROR(_xlfn.XLOOKUP(T89&AA89,[3]装备属性!$D$309:$D$557&[3]装备属性!$F$309:$F$557,[3]装备属性!$H$309:$H$557)*AG89*6,0)+VLOOKUP(H222,$V$209:$X$216,3,0)*T222+100} -> 3172 | J89: 13 | K89: 34 | L89: 37 | M89: 41 | N89: 44 | P89: 13 | Q89: 60 | R89: 60 | S89: 60 | T89: 70 | W89: 13 | X89: =VLOOKUP(INT(L23/10),$AI$77:$AJ$96,2,0) -> 红 | Y89: =VLOOKUP(INT(M23/10),$AI$77:$AJ$96,2,0) -> 红 | Z89: =VLOOKUP(INT(N23/10),$AI$77:$AJ$96,2,0) -> 粉 | AA89: =VLOOKUP(INT(O23/10),$AI$77:$AJ$96,2,0) -> 粉 | AC89: 13 | AD89: 0 | AE89: 0 | AF89: 0 | AG89: 0 | AI89: 13 | AJ89: 彩
... D96: 20 | E96: {=_xlfn.XLOOKUP(K96,[3]装备属性!$D$571:$D$870,[3]装备属性!$I$571:$I$870)*6+_xlfn.XLOOKUP(Q96&X96,[3]装备属性!$E$62:$E$277&[3]装备属性!$G$62:$G$277,[3]装备属性!$I$62:$I$277)*6+IFERROR(_xlfn.XLOOKUP(Q96&X96,[3]装备属性!$D$309:$D$557&[3]装备属性!$F$309:$F$557,[3]装备属性!$H$309:$H$557)*AD96*6,0)+VLOOKUP(E229,$V$209:$X$216,3,0)*Q229+100} -> 2620 | F96: {=_xlfn.XLOOKUP(L96,[3]装备属性!$D$571:$D$870,[3]装备属性!$I$571:$I$870)*6+_xlfn.XLOOKUP(R96&Y96,[3]装备属性!$E$62:$E$277&[3]装备属性!$G$62:$G$277,[3]装备属性!$I$62:$I$277)*6+IFERROR(_xlfn.XLOOKUP(R96&Y96,[3]装备属性!$D$309:$D$557&[3]装备属性!$F$309:$F$557,[3]装备属性!$H$309:$H$557)*AE96*6,0)+VLOOKUP(F229,$V$209:$X$216,3,0)*R229+100} -> 3208 | G96: {=_xlfn.XLOOKUP(M96,[3]装备属性!$D$571:$D$870,[3]装备属性!$I$571:$I$870)*6+_xlfn.XLOOKUP(S96&Z96,[3]装备属性!$E$62:$E$277&[3]装备属性!$G$62:$G$277,[3]装备属性!$I$62:$I$277)*6+IFERROR(_xlfn.XLOOKUP(S96&Z96,[3]装备属性!$D$309:$D$557&[3]装备属性!$F$309:$F$557,[3]装备属性!$H$309:$H$557)*AF96*6,0)+VLOOKUP(G229,$V$209:$X$216,3,0)*S229+100} -> 3412 | H96: {=_xlfn.XLOOKUP(N96,[3]装备属性!$D$571:$D$870,[3]装备属性!$I$571:$I$870)*6+_xlfn.XLOOKUP(T96&AA96,[3]装备属性!$E$62:$E$277&[3]装备属性!$G$62:$G$277,[3]装备属性!$I$62:$I$277)*6+IFERROR(_xlfn.XLOOKUP(T96&AA96,[3]装备属性!$D$309:$D$557&[3]装备属性!$F$309:$F$557,[3]装备属性!$H$309:$H$557)*AG96*6,0)+VLOOKUP(H229,$V$209:$X$216,3,0)*T229+100} -> 3886 | J96: 20 | K96: 43 | L96: 47 | M96: 51 | N96: 54 | P96: 20 | Q96: 60 | R96: 70 | S96: 70 | T96: 80 | W96: 20 | X96: =VLOOKUP(INT(L30/10),$AI$77:$AJ$96,2,0) -> 红 | Y96: =VLOOKUP(INT(M30/10),$AI$77:$AJ$96,2,0) -> 粉 | Z96: =VLOOKUP(INT(N30/10),$AI$77:$AJ$96,2,0) -> 粉 | AA96: =VLOOKUP(INT(O30/10),$AI$77:$AJ$96,2,0) -> 粉 | AC96: 20 | AD96: 0 | AE96: 0 | AF96: 0 | AG96: 0 | AI96: 20 | AJ96: 彩
D97: 21 | E97: {=_xlfn.XLOOKUP(K97,[3]装备属性!$D$571:$D$870,[3]装备属性!$I$571:$I$870)*6+_xlfn.XLOOKUP(Q97&X97,[3]装备属性!$E$62:$E$277&[3]装备属性!$G$62:$G$277,[3]装备属性!$I$62:$I$277)*6+IFERROR(_xlfn.XLOOKUP(Q97&X97,[3]装备属性!$D$309:$D$557&[3]装备属性!$F$309:$F$557,[3]装备属性!$H$309:$H$557)*AD97*6,0)+VLOOKUP(E230,$V$209:$X$216,3,0)*Q230+100} -> 2848 | F97: {=_xlfn.XLOOKUP(L97,[3]装备属性!$D$571:$D$870,[3]装备属性!$I$571:$I$870)*6+_xlfn.XLOOKUP(R97&Y97,[3]装备属性!$E$62:$E$277&[3]装备属性!$G$62:$G$277,[3]装备属性!$I$62:$I$277)*6+IFERROR(_xlfn.XLOOKUP(R97&Y97,[3]装备属性!$D$309:$D$557&[3]装备属性!$F$309:$F$557,[3]装备属性!$H$309:$H$557)*AE97*6,0)+VLOOKUP(F230,$V$209:$X$216,3,0)*R230+100} -> 3256 | G97: {=_xlfn.XLOOKUP(M97,[3]装备属性!$D$571:$D$870,[3]装备属性!$I$571:$I$870)*6+_xlfn.XLOOKUP(S97&Z97,[3]装备属性!$E$62:$E$277&[3]装备属性!$G$62:$G$277,[3]装备属性!$I$62:$I$277)*6+IFERROR(_xlfn.XLOOKUP(S97&Z97,[3]装备属性!$D$309:$D$557&[3]装备属性!$F$309:$F$557,[3]装备属性!$H$309:$H$557)*AF97*6,0)+VLOOKUP(G230,$V$209:$X$216,3,0)*S230+100} -> 3472 | H97: {=_xlfn.XLOOKUP(N97,[3]装备属性!$D$571:$D$870,[3]装备属性!$I$571:$I$870)*6+_xlfn.XLOOKUP(T97&AA97,[3]装备属性!$E$62:$E$277&[3]装备属性!$G$62:$G$277,[3]装备属性!$I$62:$I$277)*6+IFERROR(_xlfn.XLOOKUP(T97&AA97,[3]装备属性!$D$309:$D$557&[3]装备属性!$F$309:$F$557,[3]装备属性!$H$309:$H$557)*AG97*6,0)+VLOOKUP(H230,$V$209:$X$216,3,0)*T230+100} -> 3946 | J97: 21 | K97: 45 | L97: 48 | M97: 52 | N97: 55 | P97: 21 | Q97: 70 | R97: 70 | S97: 70 | T97: 80 | W97: 21 | X97: =VLOOKUP(INT(L31/10),$AI$77:$AJ$96,2,0) -> 红 | Y97: =VLOOKUP(INT(M31/10),$AI$77:$AJ$96,2,0) -> 粉 | Z97: =VLOOKUP(INT(N31/10),$AI$77:$AJ$96,2,0) -> 粉 | AA97: =VLOOKUP(INT(O31/10),$AI$77:$AJ$96,2,0) -> 粉 | AC97: 21 | AD97: 0 | AE97: 0 | AF97: 0 | AG97: 0
D98: 22 | E98: {=_xlfn.XLOOKUP(K98,[3]装备属性!$D$571:$D$870,[3]装备属性!$I$571:$I$870)*6+_xlfn.XLOOKUP(Q98&X98,[3]装备属性!$E$62:$E$277&[3]装备属性!$G$62:$G$277,[3]装备属性!$I$62:$I$277)*6+IFERROR(_xlfn.XLOOKUP(Q98&X98,[3]装备属性!$D$309:$D$557&[3]装备属性!$F$309:$F$557,[3]装备属性!$H$309:$H$557)*AD98*6,0)+VLOOKUP(E231,$V$209:$X$216,3,0)*Q231+100} -> 2890 | F98: {=_xlfn.XLOOKUP(L98,[3]装备属性!$D$571:$D$870,[3]装备属性!$I$571:$I$870)*6+_xlfn.XLOOKUP(R98&Y98,[3]装备属性!$E$62:$E$277&[3]装备属性!$G$62:$G$277,[3]装备属性!$I$62:$I$277)*6+IFERROR(_xlfn.XLOOKUP(R98&Y98,[3]装备属性!$D$309:$D$557&[3]装备属性!$F$309:$F$557,[3]装备属性!$H$309:$H$557)*AE98*6,0)+VLOOKUP(F231,$V$209:$X$216,3,0)*R231+100} -> 3304 | G98: {=_xlfn.XLOOKUP(M98,[3]装备属性!$D$571:$D$870,[3]装备属性!$I$571:$I$870)*6+_xlfn.XLOOKUP(S98&Z98,[3]装备属性!$E$62:$E$277&[3]装备属性!$G$62:$G$277,[3]装备属性!$I$62:$I$277)*6+IFERROR(_xlfn.XLOOKUP(S98&Z98,[3]装备属性!$D$309:$D$557&[3]装备属性!$F$309:$F$557,[3]装备属性!$H$309:$H$557)*AF98*6,0)+VLOOKUP(G231,$V$209:$X$216,3,0)*S231+100} -> 3532 | H98: {=_xlfn.XLOOKUP(N98,[3]装备属性!$D$571:$D$870,[3]装备属性!$I$571:$I$870)*6+_xlfn.XLOOKUP(T98&AA98,[3]装备属性!$E$62:$E$277&[3]装备属性!$G$62:$G$277,[3]装备属性!$I$62:$I$277)*6+IFERROR(_xlfn.XLOOKUP(T98&AA98,[3]装备属性!$D$309:$D$557&[3]装备属性!$F$309:$F$557,[3]装备属性!$H$309:$H$557)*AG98*6,0)+VLOOKUP(H231,$V$209:$X$216,3,0)*T231+100} -> 4006 | J98: 22 | K98: 46 | L98: 49 | M98: 53 | N98: 56 | P98: 22 | Q98: 70 | R98: 70 | S98: 70 | T98: 80 | W98: 22 | X98: =VLOOKUP(INT(L32/10),$AI$77:$AJ$96,2,0) -> 红 | Y98: =VLOOKUP(INT(M32/10),$AI$77:$AJ$96,2,0) -> 粉 | Z98: =VLOOKUP(INT(N32/10),$AI$77:$AJ$96,2,0) -> 粉 | AA98: =VLOOKUP(INT(O32/10),$AI$77:$AJ$96,2,0) -> 粉 | AC98: 22 | AD98: 0 | AE98: 0 | AF98: 0 | AG98: 0
D99: 23 | E99: {=_xlfn.XLOOKUP(K99,[3]装备属性!$D$571:$D$870,[3]装备属性!$I$571:$I$870)*6+_xlfn.XLOOKUP(Q99&X99,[3]装备属性!$E$62:$E$277&[3]装备属性!$G$62:$G$277,[3]装备属性!$I$62:$I$277)*6+IFERROR(_xlfn.XLOOKUP(Q99&X99,[3]装备属性!$D$309:$D$557&[3]装备属性!$F$309:$F$557,[3]装备属性!$H$309:$H$557)*AD99*6,0)+VLOOKUP(E232,$V$209:$X$216,3,0)*Q232+100} -> 3208 | F99: {=_xlfn.XLOOKUP(L99,[3]装备属性!$D$571:$D$870,[3]装备属性!$I$571:$I$870)*6+_xlfn.XLOOKUP(R99&Y99,[3]装备属性!$E$62:$E$277&[3]装备属性!$G$62:$G$277,[3]装备属性!$I$62:$I$277)*6+IFERROR(_xlfn.XLOOKUP(R99&Y99,[3]装备属性!$D$309:$D$557&[3]装备属性!$F$309:$F$557,[3]装备属性!$H$309:$H$557)*AE99*6,0)+VLOOKUP(F232,$V$209:$X$216,3,0)*R232+100} -> 3412 | G99: {=_xlfn.XLOOKUP(M99,[3]装备属性!$D$571:$D$870,[3]装备属性!$I$571:$I$870)*6+_xlfn.XLOOKUP(S99&Z99,[3]装备属性!$E$62:$E$277&[3]装备属性!$G$62:$G$277,[3]装备属性!$I$62:$I$277)*6+IFERROR(_xlfn.XLOOKUP(S99&Z99,[3]装备属性!$D$309:$D$557&[3]装备属性!$F$309:$F$557,[3]装备属性!$H$309:$H$557)*AF99*6,0)+VLOOKUP(G232,$V$209:$X$216,3,0)*S232+100} -> 3592 | H99: {=_xlfn.XLOOKUP(N99,[3]装备属性!$D$571:$D$870,[3]装备属性!$I$571:$I$870)*6+_xlfn.XLOOKUP(T99&AA99,[3]装备属性!$E$62:$E$277&[3]装备属性!$G$62:$G$277,[3]装备属性!$I$62:$I$277)*6+IFERROR(_xlfn.XLOOKUP(T99&AA99,[3]装备属性!$D$309:$D$557&[3]装备属性!$F$309:$F$557,[3]装备属性!$H$309:$H$557)*AG99*6,0)+VLOOKUP(H232,$V$209:$X$216,3,0)*T232+100} -> 4126 | J99: 23 | K99: 47 | L99: 51 | M99: 54 | N99: 58 | P99: 23 | Q99: 70 | R99: 70 | S99: 70 | T99: 80 | W99: 23 | X99: =VLOOKUP(INT(L33/10),$AI$77:$AJ$96,2,0) -> 粉 | Y99: =VLOOKUP(INT(M33/10),$AI$77:$AJ$96,2,0) -> 粉 | Z99: =VLOOKUP(INT(N33/10),$AI$77:$AJ$96,2,0) -> 粉 | AA99: =VLOOKUP(INT(O33/10),$AI$77:$AJ$96,2,0) -> 粉 | AC99: 23 | AD99: 0 | AE99: 0 | AF99: 0 | AG99: 0
D100: 24 | E100: {=_xlfn.XLOOKUP(K100,[3]装备属性!$D$571:$D$870,[3]装备属性!$I$571:$I$870)*6+_xlfn.XLOOKUP(Q100&X100,[3]装备属性!$E$62:$E$277&[3]装备属性!$G$62:$G$277,[3]装备属性!$I$62:$I$277)*6+IFERROR(_xlfn.XLOOKUP(Q100&X100,[3]装备属性!$D$309:$D$557&[3]装备属性!$F$309:$F$557,[3]装备属性!$H$309:$H$557)*AD100*6,0)+VLOOKUP(E233,$V$209:$X$216,3,0)*Q233+100} -> 3256 | F100: {=_xlfn.XLOOKUP(L100,[3]装备属性!$D$571:$D$870,[3]装备属性!$I$571:$I$870)*6+_xlfn.XLOOKUP(R100&Y100,[3]装备属性!$E$62:$E$277&[3]装备属性!$G$62:$G$277,[3]装备属性!$I$62:$I$277)*6+IFERROR(_xlfn.XLOOKUP(R100&Y100,[3]装备属性!$D$309:$D$557&[3]装备属性!$F$309:$F$557,[3]装备属性!$H$309:$H$557)*AE100*6,0)+VLOOKUP(F233,$V$209:$X$216,3,0)*R233+100} -> 3472 | G100: {=_xlfn.XLOOKUP(M100,[3]装备属性!$D$571:$D$870,[3]装备属性!$I$571:$I$870)*6+_xlfn.XLOOKUP(S100&Z100,[3]装备属性!$E$62:$E$277&[3]装备属性!$G$62:$G$277,[3]装备属性!$I$62:$I$277)*6+IFERROR(_xlfn.XLOOKUP(S100&Z100,[3]装备属性!$D$309:$D$557&[3]装备属性!$F$309:$F$557,[3]装备属性!$H$309:$H$557)*AF100*6,0)+VLOOKUP(G233,$V$209:$X$216,3,0)*S233+100} -> 3652 | H100: {=_xlfn.XLOOKUP(N100,[3]装备属性!$D$571:$D$870,[3]装备属性!$I$571:$I$870)*6+_xlfn.XLOOKUP(T100&AA100,[3]装备属性!$E$62:$E$277&[3]装备属性!$G$62:$G$277,[3]装备属性!$I$62:$I$277)*6+IFERROR(_xlfn.XLOOKUP(T100&AA100,[3]装备属性!$D$309:$D$557&[3]装备属性!$F$309:$F$557,[3]装备属性!$H$309:$H$557)*AG100*6,0)+VLOOKUP(H233,$V$209:$X$216,3,0)*T233+100} -> 4186 | J100: 24 | K100: 48 | L100: 52 | M100: 55 | N100: 59 | P100: 24 | Q100: 70 | R100: 70 | S100: 70 | T100: 80 | W100: 24 | X100: =VLOOKUP(INT(L34/10),$AI$77:$AJ$96,2,0) -> 粉 | Y100: =VLOOKUP(INT(M34/10),$AI$77:$AJ$96,2,0) -> 粉 | Z100: =VLOOKUP(INT(N34/10),$AI$77:$AJ$96,2,0) -> 粉 | AA100: =VLOOKUP(INT(O34/10),$AI$77:$AJ$96,2,0) -> 粉 | AC100: 24 | AD100: 0 | AE100: 0 | AF100: 0 | AG100: 0
D101: 25 | E101: {=_xlfn.XLOOKUP(K101,[3]装备属性!$D$571:$D$870,[3]装备属性!$I$571:$I$870)*6+_xlfn.XLOOKUP(Q101&X101,[3]装备属性!$E$62:$E$277&[3]装备属性!$G$62:$G$277,[3]装备属性!$I$62:$I$277)*6+IFERROR(_xlfn.XLOOKUP(Q101&X101,[3]装备属性!$D$309:$D$557&[3]装备属性!$F$309:$F$557,[3]装备属性!$H$309:$H$557)*AD101*6,0)+VLOOKUP(E234,$V$209:$X$216,3,0)*Q234+100} -> 3304 | F101: {=_xlfn.XLOOKUP(L101,[3]装备属性!$D$571:$D$870,[3]装备属性!$I$571:$I$870)*6+_xlfn.XLOOKUP(R101&Y101,[3]装备属性!$E$62:$E$277&[3]装备属性!$G$62:$G$277,[3]装备属性!$I$62:$I$277)*6+IFERROR(_xlfn.XLOOKUP(R101&Y101,[3]装备属性!$D$309:$D$557&[3]装备属性!$F$309:$F$557,[3]装备属性!$H$309:$H$557)*AE101*6,0)+VLOOKUP(F234,$V$209:$X$216,3,0)*R234+100} -> 3532 | G101: {=_xlfn.XLOOKUP(M101,[3]装备属性!$D$571:$D$870,[3]装备属性!$I$571:$I$870)*6+_xlfn.XLOOKUP(S101&Z101,[3]装备属性!$E$62:$E$277&[3]装备属性!$G$62:$G$277,[3]装备属性!$I$62:$I$277)*6+IFERROR(_xlfn.XLOOKUP(S101&Z101,[3]装备属性!$D$309:$D$557&[3]装备属性!$F$309:$F$557,[3]装备属性!$H$309:$H$557)*AF101*6,0)+VLOOKUP(G234,$V$209:$X$216,3,0)*S234+100} -> 3712 | H101: {=_xlfn.XLOOKUP(N101,[3]装备属性!$D$571:$D$870,[3]装备属性!$I$571:$I$870)*6+_xlfn.XLOOKUP(T101&AA101,[3]装备属性!$E$62:$E$277&[3]装备属性!$G$62:$G$277,[3]装备属性!$I$62:$I$277)*6+IFERROR(_xlfn.XLOOKUP(T101&AA101,[3]装备属性!$D$309:$D$557&[3]装备属性!$F$309:$F$557,[3]装备属性!$H$309:$H$557)*AG101*6,0)+VLOOKUP(H234,$V$209:$X$216,3,0)*T234+100} -> 4246 | J101: 25 | K101: 49 | L101: 53 | M101: 56 | N101: 60 | P101: 25 | Q101: 70 | R101: 70 | S101: 70 | T101: 80 | W101: 25 | X101: =VLOOKUP(INT(L35/10),$AI$77:$AJ$96,2,0) -> 粉 | Y101: =VLOOKUP(INT(M35/10),$AI$77:$AJ$96,2,0) -> 粉 | Z101: =VLOOKUP(INT(N35/10),$AI$77:$AJ$96,2,0) -> 粉 | AA101: =VLOOKUP(INT(O35/10),$AI$77:$AJ$96,2,0) -> 粉 | AC101: 25 | AD101: 0 | AE101: 0 | AF101: 0 | AG101: 0
D102: 26 | E102: {=_xlfn.XLOOKUP(K102,[3]装备属性!$D$571:$D$870,[3]装备属性!$I$571:$I$870)*6+_xlfn.XLOOKUP(Q102&X102,[3]装备属性!$E$62:$E$277&[3]装备属性!$G$62:$G$277,[3]装备属性!$I$62:$I$277)*6+IFERROR(_xlfn.XLOOKUP(Q102&X102,[3]装备属性!$D$309:$D$557&[3]装备属性!$F$309:$F$557,[3]装备属性!$H$309:$H$557)*AD102*6,0)+VLOOKUP(E235,$V$209:$X$216,3,0)*Q235+100} -> 3352 | F102: {=_xlfn.XLOOKUP(L102,[3]装备属性!$D$571:$D$870,[3]装备属性!$I$571:$I$870)*6+_xlfn.XLOOKUP(R102&Y102,[3]装备属性!$E$62:$E$277&[3]装备属性!$G$62:$G$277,[3]装备属性!$I$62:$I$277)*6+IFERROR(_xlfn.XLOOKUP(R102&Y102,[3]装备属性!$D$309:$D$557&[3]装备属性!$F$309:$F$557,[3]装备属性!$H$309:$H$557)*AE102*6,0)+VLOOKUP(F235,$V$209:$X$216,3,0)*R235+100} -> 3592 | G102: {=_xlfn.XLOOKUP(M102,[3]装备属性!$D$571:$D$870,[3]装备属性!$I$571:$I$870)*6+_xlfn.XLOOKUP(S102&Z102,[3]装备属性!$E$62:$E$277&[3]装备属性!$G$62:$G$277,[3]装备属性!$I$62:$I$277)*6+IFERROR(_xlfn.XLOOKUP(S102&Z102,[3]装备属性!$D$309:$D$557&[3]装备属性!$F$309:$F$557,[3]装备属性!$H$309:$H$557)*AF102*6,0)+VLOOKUP(G235,$V$209:$X$216,3,0)*S235+100} -> 3772 | H102: {=_xlfn.XLOOKUP(N102,[3]装备属性!$D$571:$D$870,[3]装备属性!$I$571:$I$870)*6+_xlfn.XLOOKUP(T102&AA102,[3]装备属性!$E$62:$E$277&[3]装备属性!$G$62:$G$277,[3]装备属性!$I$62:$I$277)*6+IFERROR(_xlfn.XLOOKUP(T102&AA102,[3]装备属性!$D$309:$D$557&[3]装备属性!$F$309:$F$557,[3]装备属性!$H$309:$H$557)*AG102*6,0)+VLOOKUP(H235,$V$209:$X$216,3,0)*T235+100} -> 4306 | J102: 26 | K102: 50 | L102: 54 | M102: 57 | N102: 61 | P102: 26 | Q102: 70 | R102: 70 | S102: 70 | T102: 80 | W102: 26 | X102: =VLOOKUP(INT(L36/10),$AI$77:$AJ$96,2,0) -> 粉 | Y102: =VLOOKUP(INT(M36/10),$AI$77:$AJ$96,2,0) -> 粉 | Z102: =VLOOKUP(INT(N36/10),$AI$77:$AJ$96,2,0) -> 粉 | AA102: =VLOOKUP(INT(O36/10),$AI$77:$AJ$96,2,0) -> 粉 | AC102: 26 | AD102: 0 | AE102: 0 | AF102: 0 | AG102: 0
D103: 27 | E103: {=_xlfn.XLOOKUP(K103,[3]装备属性!$D$571:$D$870,[3]装备属性!$I$571:$I$870)*6+_xlfn.XLOOKUP(Q103&X103,[3]装备属性!$E$62:$E$277&[3]装备属性!$G$62:$G$277,[3]装备属性!$I$62:$I$277)*6+IFERROR(_xlfn.XLOOKUP(Q103&X103,[3]装备属性!$D$309:$D$557&[3]装备属性!$F$309:$F$557,[3]装备属性!$H$309:$H$557)*AD103*6,0)+VLOOKUP(E236,$V$209:$X$216,3,0)*Q236+100} -> 3412 | F103: {=_xlfn.XLOOKUP(L103,[3]装备属性!$D$571:$D$870,[3]装备属性!$I$571:$I$870)*6+_xlfn.XLOOKUP(R103&Y103,[3]装备属性!$E$62:$E$277&[3]装备属性!$G$62:$G$277,[3]装备属性!$I$62:$I$277)*6+IFERROR(_xlfn.XLOOKUP(R103&Y103,[3]装备属性!$D$309:$D$557&[3]装备属性!$F$309:$F$557,[3]装备属性!$H$309:$H$557)*AE103*6,0)+VLOOKUP(F236,$V$209:$X$216,3,0)*R236+100} -> 3652 | G103: {=_xlfn.XLOOKUP(M103,[3]装备属性!$D$571:$D$870,[3]装备属性!$I$571:$I$870)*6+_xlfn.XLOOKUP(S103&Z103,[3]装备属性!$E$62:$E$277&[3]装备属性!$G$62:$G$277,[3]装备属性!$I$62:$I$277)*6+IFERROR(_xlfn.XLOOKUP(S103&Z103,[3]装备属性!$D$309:$D$557&[3]装备属性!$F$309:$F$557,[3]装备属性!$H$309:$H$557)*AF103*6,0)+VLOOKUP(G236,$V$209:$X$216,3,0)*S236+100} -> 3892 | H103: {=_xlfn.XLOOKUP(N103,[3]装备属性!$D$571:$D$870,[3]装备属性!$I$571:$I$870)*6+_xlfn.XLOOKUP(T103&AA103,[3]装备属性!$E$62:$E$277&[3]装备属性!$G$62:$G$277,[3]装备属性!$I$62:$I$277)*6+IFERROR(_xlfn.XLOOKUP(T103&AA103,[3]装备属性!$D$309:$D$557&[3]装备属性!$F$309:$F$557,[3]装备属性!$H$309:$H$557)*AG103*6,0)+VLOOKUP(H236,$V$209:$X$216,3,0)*T236+100} -> 4366 | J103: 27 | K103: 51 | L103: 55 | M103: 59 | N103: 62 | P103: 27 | Q103: 70 | R103: 70 | S103: 70 | T103: 80 | W103: 27 | X103: =VLOOKUP(INT(L37/10),$AI$77:$AJ$96,2,0) -> 粉 | Y103: =VLOOKUP(INT(M37/10),$AI$77:$AJ$96,2,0) -> 粉 | Z103: =VLOOKUP(INT(N37/10),$AI$77:$AJ$96,2,0) -> 粉 | AA103: =VLOOKUP(INT(O37/10),$AI$77:$AJ$96,2,0) -> 粉 | AC103: 27 | AD103: 0 | AE103: 0 | AF103: 0 | AG103: 0
D104: 28 | E104: {=_xlfn.XLOOKUP(K104,[3]装备属性!$D$571:$D$870,[3]装备属性!$I$571:$I$870)*6+_xlfn.XLOOKUP(Q104&X104,[3]装备属性!$E$62:$E$277&[3]装备属性!$G$62:$G$277,[3]装备属性!$I$62:$I$277)*6+IFERROR(_xlfn.XLOOKUP(Q104&X104,[3]装备属性!$D$309:$D$557&[3]装备属性!$F$309:$F$557,[3]装备属性!$H$309:$H$557)*AD104*6,0)+VLOOKUP(E237,$V$209:$X$216,3,0)*Q237+100} -> 3472 | F104: {=_xlfn.XLOOKUP(L104,[3]装备属性!$D$571:$D$870,[3]装备属性!$I$571:$I$870)*6+_xlfn.XLOOKUP(R104&Y104,[3]装备属性!$E$62:$E$277&[3]装备属性!$G$62:$G$277,[3]装备属性!$I$62:$I$277)*6+IFERROR(_xlfn.XLOOKUP(R104&Y104,[3]装备属性!$D$309:$D$557&[3]装备属性!$F$309:$F$557,[3]装备属性!$H$309:$H$557)*AE104*6,0)+VLOOKUP(F237,$V$209:$X$216,3,0)*R237+100} -> 3712 | G104: {=_xlfn.XLOOKUP(M104,[3]装备属性!$D$571:$D$870,[3]装备属性!$I$571:$I$870)*6+_xlfn.XLOOKUP(S104&Z104,[3]装备属性!$E$62:$E$277&[3]装备属性!$G$62:$G$277,[3]装备属性!$I$62:$I$277)*6+IFERROR(_xlfn.XLOOKUP(S104&Z104,[3]装备属性!$D$309:$D$557&[3]装备属性!$F$309:$F$557,[3]装备属性!$H$309:$H$557)*AF104*6,0)+VLOOKUP(G237,$V$209:$X$216,3,0)*S237+100} -> 4042 | H104: {=_xlfn.XLOOKUP(N104,[3]装备属性!$D$571:$D$870,[3]装备属性!$I$571:$I$870)*6+_xlfn.XLOOKUP(T104&AA104,[3]装备属性!$E$62:$E$277&[3]装备属性!$G$62:$G$277,[3]装备属性!$I$62:$I$277)*6+IFERROR(_xlfn.XLOOKUP(T104&AA104,[3]装备属性!$D$309:$D$557&[3]装备属性!$F$309:$F$557,[3]装备属性!$H$309:$H$557)*AG104*6,0)+VLOOKUP(H237,$V$209:$X$216,3,0)*T237+100} -> 4726 | J104: 28 | K104: 52 | L104: 56 | M104: 60 | N104: 64 | P104: 28 | Q104: 70 | R104: 70 | S104: 70 | T104: 90 | W104: 28 | X104: =VLOOKUP(INT(L38/10),$AI$77:$AJ$96,2,0) -> 粉 | Y104: =VLOOKUP(INT(M38/10),$AI$77:$AJ$96,2,0) -> 粉 | Z104: =VLOOKUP(INT(N38/10),$AI$77:$AJ$96,2,0) -> 粉 | AA104: =VLOOKUP(INT(O38/10),$AI$77:$AJ$96,2,0) -> 粉 | AC104: 28 | AD104: 0 | AE104: 0 | AF104: 0 | AG104: 0
D105: 29 | E105: {=_xlfn.XLOOKUP(K105,[3]装备属性!$D$571:$D$870,[3]装备属性!$I$571:$I$870)*6+_xlfn.XLOOKUP(Q105&X105,[3]装备属性!$E$62:$E$277&[3]装备属性!$G$62:$G$277,[3]装备属性!$I$62:$I$277)*6+IFERROR(_xlfn.XLOOKUP(Q105&X105,[3]装备属性!$D$309:$D$557&[3]装备属性!$F$309:$F$557,[3]装备属性!$H$309:$H$557)*AD105*6,0)+VLOOKUP(E238,$V$209:$X$216,3,0)*Q238+100} -> 3472 | F105: {=_xlfn.XLOOKUP(L105,[3]装备属性!$D$571:$D$870,[3]装备属性!$I$571:$I$870)*6+_xlfn.XLOOKUP(R105&Y105,[3]装备属性!$E$62:$E$277&[3]装备属性!$G$62:$G$277,[3]装备属性!$I$62:$I$277)*6+IFERROR(_xlfn.XLOOKUP(R105&Y105,[3]装备属性!$D$309:$D$557&[3]装备属性!$F$309:$F$557,[3]装备属性!$H$309:$H$557)*AE105*6,0)+VLOOKUP(F238,$V$209:$X$216,3,0)*R238+100} -> 4066 | G105: {=_xlfn.XLOOKUP(M105,[3]装备属性!$D$571:$D$870,[3]装备属性!$I$571:$I$870)*6+_xlfn.XLOOKUP(S105&Z105,[3]装备属性!$E$62:$E$277&[3]装备属性!$G$62:$G$277,[3]装备属性!$I$62:$I$277)*6+IFERROR(_xlfn.XLOOKUP(S105&Z105,[3]装备属性!$D$309:$D$557&[3]装备属性!$F$309:$F$557,[3]装备属性!$H$309:$H$557)*AF105*6,0)+VLOOKUP(G238,$V$209:$X$216,3,0)*S238+100} -> 4306 | H105: {=_xlfn.XLOOKUP(N105,[3]装备属性!$D$571:$D$870,[3]装备属性!$I$571:$I$870)*6+_xlfn.XLOOKUP(T105&AA105,[3]装备属性!$E$62:$E$277&[3]装备属性!$G$62:$G$277,[3]装备属性!$I$62:$I$277)*6+IFERROR(_xlfn.XLOOKUP(T105&AA105,[3]装备属性!$D$309:$D$557&[3]装备属性!$F$309:$F$557,[3]装备属性!$H$309:$H$557)*AG105*6,0)+VLOOKUP(H238,$V$209:$X$216,3,0)*T238+100} -> 4786 | J105: 29 | K105: 52 | L105: 57 | M105: 61 | N105: 65 | P105: 29 | Q105: 70 | R105: 80 | S105: 80 | T105: 90 | W105: 29 | X105: =VLOOKUP(INT(L39/10),$AI$77:$AJ$96,2,0) -> 粉 | Y105: =VLOOKUP(INT(M39/10),$AI$77:$AJ$96,2,0) -> 粉 | Z105: =VLOOKUP(INT(N39/10),$AI$77:$AJ$96,2,0) -> 粉 | AA105: =VLOOKUP(INT(O39/10),$AI$77:$AJ$96,2,0) -> 粉 | AC105: 29 | AD105: 0 | AE105: 0 | AF105: 0 | AG105: 0
D106: 30 | E106: {=_xlfn.XLOOKUP(K106,[3]装备属性!$D$571:$D$870,[3]装备属性!$I$571:$I$870)*6+_xlfn.XLOOKUP(Q106&X106,[3]装备属性!$E$62:$E$277&[3]装备属性!$G$62:$G$277,[3]装备属性!$I$62:$I$277)*6+IFERROR(_xlfn.XLOOKUP(Q106&X106,[3]装备属性!$D$309:$D$557&[3]装备属性!$F$309:$F$557,[3]装备属性!$H$309:$H$557)*AD106*6,0)+VLOOKUP(E239,$V$209:$X$216,3,0)*Q239+100} -> 3532 | F106: {=_xlfn.XLOOKUP(L106,[3]装备属性!$D$571:$D$870,[3]装备属性!$I$571:$I$870)*6+_xlfn.XLOOKUP(R106&Y106,[3]装备属性!$E$62:$E$277&[3]装备属性!$G$62:$G$277,[3]装备属性!$I$62:$I$277)*6+IFERROR(_xlfn.XLOOKUP(R106&Y106,[3]装备属性!$D$309:$D$557&[3]装备属性!$F$309:$F$557,[3]装备属性!$H$309:$H$557)*AE106*6,0)+VLOOKUP(F239,$V$209:$X$216,3,0)*R239+100} -> 4126 | G106: {=_xlfn.XLOOKUP(M106,[3]装备属性!$D$571:$D$870,[3]装备属性!$I$571:$I$870)*6+_xlfn.XLOOKUP(S106&Z106,[3]装备属性!$E$62:$E$277&[3]装备属性!$G$62:$G$277,[3]装备属性!$I$62:$I$277)*6+IFERROR(_xlfn.XLOOKUP(S106&Z106,[3]装备属性!$D$309:$D$557&[3]装备属性!$F$309:$F$557,[3]装备属性!$H$309:$H$557)*AF106*6,0)+VLOOKUP(G239,$V$209:$X$216,3,0)*S239+100} -> 4366 | H106: {=_xlfn.XLOOKUP(N106,[3]装备属性!$D$571:$D$870,[3]装备属性!$I$571:$I$870)*6+_xlfn.XLOOKUP(T106&AA106,[3]装备属性!$E$62:$E$277&[3]装备属性!$G$62:$G$277,[3]装备属性!$I$62:$I$277)*6+IFERROR(_xlfn.XLOOKUP(T106&AA106,[3]装备属性!$D$309:$D$557&[3]装备属性!$F$309:$F$557,[3]装备属性!$H$309:$H$557)*AG106*6,0)+VLOOKUP(H239,$V$209:$X$216,3,0)*T239+100} -> 4846 | J106: 30 | K106: 53 | L106: 58 | M106: 62 | N106: 66 | P106: 30 | Q106: 70 | R106: 80 | S106: 80 | T106: 90 | W106: 30 | X106: =VLOOKUP(INT(L40/10),$AI$77:$AJ$96,2,0) -> 粉 | Y106: =VLOOKUP(INT(M40/10),$AI$77:$AJ$96,2,0) -> 粉 | Z106: =VLOOKUP(INT(N40/10),$AI$77:$AJ$96,2,0) -> 粉 | AA106: =VLOOKUP(INT(O40/10),$AI$77:$AJ$96,2,0) -> 粉 | AC106: 30 | AD106: 0 | AE106: 0 | AF106: 0 | AG106: 0
D107: 31 | E107: {=_xlfn.XLOOKUP(K107,[3]装备属性!$D$571:$D$870,[3]装备属性!$I$571:$I$870)*6+_xlfn.XLOOKUP(Q107&X107,[3]装备属性!$E$62:$E$277&[3]装备属性!$G$62:$G$277,[3]装备属性!$I$62:$I$277)*6+IFERROR(_xlfn.XLOOKUP(Q107&X107,[3]装备属性!$D$309:$D$557&[3]装备属性!$F$309:$F$557,[3]装备属性!$H$309:$H$557)*AD107*6,0)+VLOOKUP(E240,$V$209:$X$216,3,0)*Q240+100} -> 3592 | F107: {=_xlfn.XLOOKUP(L107,[3]装备属性!$D$571:$D$870,[3]装备属性!$I$571:$I$870)*6+_xlfn.XLOOKUP(R107&Y107,[3]装备属性!$E$62:$E$277&[3]装备属性!$G$62:$G$277,[3]装备属性!$I$62:$I$277)*6+IFERROR(_xlfn.XLOOKUP(R107&Y107,[3]装备属性!$D$309:$D$557&[3]装备属性!$F$309:$F$557,[3]装备属性!$H$309:$H$557)*AE107*6,0)+VLOOKUP(F240,$V$209:$X$216,3,0)*R240+100} -> 4186 | G107: {=_xlfn.XLOOKUP(M107,[3]装备属性!$D$571:$D$870,[3]装备属性!$I$571:$I$870)*6+_xlfn.XLOOKUP(S107&Z107,[3]装备属性!$E$62:$E$277&[3]装备属性!$G$62:$G$277,[3]装备属性!$I$62:$I$277)*6+IFERROR(_xlfn.XLOOKUP(S107&Z107,[3]装备属性!$D$309:$D$557&[3]装备属性!$F$309:$F$557,[3]装备属性!$H$309:$H$557)*AF107*6,0)+VLOOKUP(G240,$V$209:$X$216,3,0)*S240+100} -> 4426 | H107: {=_xlfn.XLOOKUP(N107,[3]装备属性!$D$571:$D$870,[3]装备属性!$I$571:$I$870)*6+_xlfn.XLOOKUP(T107&AA107,[3]装备属性!$E$62:$E$277&[3]装备属性!$G$62:$G$277,[3]装备属性!$I$62:$I$277)*6+IFERROR(_xlfn.XLOOKUP(T107&AA107,[3]装备属性!$D$309:$D$557&[3]装备属性!$F$309:$F$557,[3]装备属性!$H$309:$H$557)*AG107*6,0)+VLOOKUP(H240,$V$209:$X$216,3,0)*T240+100} -> 4906 | J107: 31 | K107: 54 | L107: 59 | M107: 63 | N107: 67 | P107: 31 | Q107: 70 | R107: 80 | S107: 80 | T107: 90 | W107: 31 | X107: =VLOOKUP(INT(L41/10),$AI$77:$AJ$96,2,0) -> 粉 | Y107: =VLOOKUP(INT(M41/10),$AI$77:$AJ$96,2,0) -> 粉 | Z107: =VLOOKUP(INT(N41/10),$AI$77:$AJ$96,2,0) -> 粉 | AA107: =VLOOKUP(INT(O41/10),$AI$77:$AJ$96,2,0) -> 粉 | AC107: 31 | AD107: 0 | AE107: 0 | AF107: 0 | AG107: 0
D108: 32 | E108: {=_xlfn.XLOOKUP(K108,[3]装备属性!$D$571:$D$870,[3]装备属性!$I$571:$I$870)*6+_xlfn.XLOOKUP(Q108&X108,[3]装备属性!$E$62:$E$277&[3]装备属性!$G$62:$G$277,[3]装备属性!$I$62:$I$277)*6+IFERROR(_xlfn.XLOOKUP(Q108&X108,[3]装备属性!$D$309:$D$557&[3]装备属性!$F$309:$F$557,[3]装备属性!$H$309:$H$557)*AD108*6,0)+VLOOKUP(E241,$V$209:$X$216,3,0)*Q241+100} -> 3652 | F108: {=_xlfn.XLOOKUP(L108,[3]装备属性!$D$571:$D$870,[3]装备属性!$I$571:$I$870)*6+_xlfn.XLOOKUP(R108&Y108,[3]装备属性!$E$62:$E$277&[3]装备属性!$G$62:$G$277,[3]装备属性!$I$62:$I$277)*6+IFERROR(_xlfn.XLOOKUP(R108&Y108,[3]装备属性!$D$309:$D$557&[3]装备属性!$F$309:$F$557,[3]装备属性!$H$309:$H$557)*AE108*6,0)+VLOOKUP(F241,$V$209:$X$216,3,0)*R241+100} -> 4246 | G108: {=_xlfn.XLOOKUP(M108,[3]装备属性!$D$571:$D$870,[3]装备属性!$I$571:$I$870)*6+_xlfn.XLOOKUP(S108&Z108,[3]装备属性!$E$62:$E$277&[3]装备属性!$G$62:$G$277,[3]装备属性!$I$62:$I$277)*6+IFERROR(_xlfn.XLOOKUP(S108&Z108,[3]装备属性!$D$309:$D$557&[3]装备属性!$F$309:$F$557,[3]装备属性!$H$309:$H$557)*AF108*6,0)+VLOOKUP(G241,$V$209:$X$216,3,0)*S241+100} -> 4486 | H108: {=_xlfn.XLOOKUP(N108,[3]装备属性!$D$571:$D$870,[3]装备属性!$I$571:$I$870)*6+_xlfn.XLOOKUP(T108&AA108,[3]装备属性!$E$62:$E$277&[3]装备属性!$G$62:$G$277,[3]装备属性!$I$62:$I$277)*6+IFERROR(_xlfn.XLOOKUP(T108&AA108,[3]装备属性!$D$309:$D$557&[3]装备属性!$F$309:$F$557,[3]装备属性!$H$309:$H$557)*AG108*6,0)+VLOOKUP(H241,$V$209:$X$216,3,0)*T241+100} -> 5422 | J108: 32 | K108: 55 | L108: 60 | M108: 64 | N108: 68 | P108: 32 | Q108: 70 | R108: 80 | S108: 80 | T108: 90 | W108: 32 | X108: =VLOOKUP(INT(L42/10),$AI$77:$AJ$96,2,0) -> 粉 | Y108: =VLOOKUP(INT(M42/10),$AI$77:$AJ$96,2,0) -> 粉 | Z108: =VLOOKUP(INT(N42/10),$AI$77:$AJ$96,2,0) -> 粉 | AA108: =VLOOKUP(INT(O42/10),$AI$77:$AJ$96,2,0) -> 彩 | AC108: 32 | AD108: 0 | AE108: 0 | AF108: 0 | AG108: 0
... D136: 60 | E136: {=_xlfn.XLOOKUP(K136,[3]装备属性!$D$571:$D$870,[3]装备属性!$I$571:$I$870)*6+_xlfn.XLOOKUP(Q136&X136,[3]装备属性!$E$62:$E$277&[3]装备属性!$G$62:$G$277,[3]装备属性!$I$62:$I$277)*6+IFERROR(_xlfn.XLOOKUP(Q136&X136,[3]装备属性!$D$309:$D$557&[3]装备属性!$F$309:$F$557,[3]装备属性!$H$309:$H$557)*AD136*6,0)+VLOOKUP(E269,$V$209:$X$216,3,0)*Q269+100} -> 5458 | F136: {=_xlfn.XLOOKUP(L136,[3]装备属性!$D$571:$D$870,[3]装备属性!$I$571:$I$870)*6+_xlfn.XLOOKUP(R136&Y136,[3]装备属性!$E$62:$E$277&[3]装备属性!$G$62:$G$277,[3]装备属性!$I$62:$I$277)*6+IFERROR(_xlfn.XLOOKUP(R136&Y136,[3]装备属性!$D$309:$D$557&[3]装备属性!$F$309:$F$557,[3]装备属性!$H$309:$H$557)*AE136*6,0)+VLOOKUP(F269,$V$209:$X$216,3,0)*R269+100} -> 6400 | G136: {=_xlfn.XLOOKUP(M136,[3]装备属性!$D$571:$D$870,[3]装备属性!$I$571:$I$870)*6+_xlfn.XLOOKUP(S136&Z136,[3]装备属性!$E$62:$E$277&[3]装备属性!$G$62:$G$277,[3]装备属性!$I$62:$I$277)*6+IFERROR(_xlfn.XLOOKUP(S136&Z136,[3]装备属性!$D$309:$D$557&[3]装备属性!$F$309:$F$557,[3]装备属性!$H$309:$H$557)*AF136*6,0)+VLOOKUP(G269,$V$209:$X$216,3,0)*S269+100} -> 7408 | H136: {=_xlfn.XLOOKUP(N136,[3]装备属性!$D$571:$D$870,[3]装备属性!$I$571:$I$870)*6+_xlfn.XLOOKUP(T136&AA136,[3]装备属性!$E$62:$E$277&[3]装备属性!$G$62:$G$277,[3]装备属性!$I$62:$I$277)*6+IFERROR(_xlfn.XLOOKUP(T136&AA136,[3]装备属性!$D$309:$D$557&[3]装备属性!$F$309:$F$557,[3]装备属性!$H$309:$H$557)*AG136*6,0)+VLOOKUP(H269,$V$209:$X$216,3,0)*T269+100} -> 8914 | J136: 60 | K136: 75 | L136: 83 | M136: 88 | N136: 93 | P136: 60 | Q136: 90 | R136: 100 | S136: 100 | T136: 120 | W136: 60 | X136: =VLOOKUP(INT(L70/10),$AI$77:$AJ$96,2,0) -> 粉 | Y136: =VLOOKUP(INT(M70/10),$AI$77:$AJ$96,2,0) -> 粉 | Z136: =VLOOKUP(INT(N70/10),$AI$77:$AJ$96,2,0) -> 彩 | AA136: =VLOOKUP(INT(O70/10),$AI$77:$AJ$96,2,0) -> 彩 | AC136: 60 | AD136: 0 | AE136: 0 | AF136: 0 | AG136: 0
C141: 梦灵预期
E143: 释放期望天数 | K143: 卡池等级 | V143: 每周可用兑换积分对模型影响较小
D144: 招募释放 | E144: 非R | F144: 小R | G144: 中R | H144: 大R | J144: 天数 | K144: 非R | L144: 小R | M144: 中R | N144: 大R | P144: 活动总抽 | Q144: 非R | R144: 小R | S144: 中R | T144: 大R | V144: 兑换积分 | W144: 非R | X144: 小R | Y144: 中R | Z144: 大R | AB144: 蓝卡等级 | AC144: 非R | AD144: 小R | AE144: 中R | AF144: 大R | AH144: 紫卡等级 | AI144: 非R | AJ144: 小R | AK144: 中R | AL144: 大R | AN144: 橙卡等级 | AO144: 非R | AP144: 小R | AQ144: 中R | AR144: 大R | AT144: 红卡等级 | AU144: 非R | AV144: 小R | AW144: 中R | AX144: 大R
D145: 1 | E145: 雷震子 | F145: 关羽 | G145: 东方不败 | H145: 东方不败 | J145: 1 | K145: 1 | L145: 2 | M145: 2 | N145: 2 | P145: 1 | Q145: 223.42857 | R145: 300.10476 | S145: 429.48571 | T145: 503.10714 | V145: 1 | W145: =100*30*1.1*7 -> 23100 | X145: =130*1.1*30*7 -> 30030 | Y145: =208*1.1*30*7 -> 48048 | Z145: =275*1.1*30*7 -> 63525 | AB145: 1 | AC145: =MATCH(_xlfn.XLOOKUP(K145,[1]梦灵本体产出!$D$30:$D$38,[1]梦灵本体产出!$J$30:$J$38)*Q145*10/[1]梦灵属性!$K$26,[1]梦灵属性!$K$56:$K$104,1) -> 10 | AD145: =MATCH(_xlfn.XLOOKUP(L145,[1]梦灵本体产出!$D$30:$D$38,[1]梦灵本体产出!$J$30:$J$38)*R145*10/[1]梦灵属性!$K$26,[1]梦灵属性!$K$56:$K$104,1) -> 11 | AE145: =MATCH(_xlfn.XLOOKUP(M145,[1]梦灵本体产出!$D$30:$D$38,[1]梦灵本体产出!$J$30:$J$38)*S145*10/[1]梦灵属性!$K$26,[1]梦灵属性!$K$56:$K$104,1) -> 14 | AF145: =MATCH(_xlfn.XLOOKUP(N145,[1]梦灵本体产出!$D$30:$D$38,[1]梦灵本体产出!$J$30:$J$38)*T145*10/[1]梦灵属性!$K$26,[1]梦灵属性!$K$56:$K$104,1) -> 15 | AH145: 1 | AI145: =MATCH(_xlfn.XLOOKUP(K145,[1]梦灵本体产出!$D$30:$D$38,[1]梦灵本体产出!$K$30:$K$38)*Q145*10/[1]梦灵属性!$K$26,[1]梦灵属性!$K$56:$K$104,1) -> 5 | AJ145: =MATCH(_xlfn.XLOOKUP(L145,[1]梦灵本体产出!$D$30:$D$38,[1]梦灵本体产出!$K$30:$K$38)*R145*10/[1]梦灵属性!$K$26,[1]梦灵属性!$K$56:$K$104,1) -> 6 | AK145: =MATCH(_xlfn.XLOOKUP(M145,[1]梦灵本体产出!$D$30:$D$38,[1]梦灵本体产出!$K$30:$K$38)*S145*10/[1]梦灵属性!$K$26,[1]梦灵属性!$K$56:$K$104,1) -> 8 | AL145: =MATCH(_xlfn.XLOOKUP(N145,[1]梦灵本体产出!$D$30:$D$38,[1]梦灵本体产出!$K$30:$K$38)*T145*10/[1]梦灵属性!$K$26,[1]梦灵属性!$K$56:$K$104,1) -> 9 | AN145: 1 | AO145: =IFERROR(MATCH(_xlfn.XLOOKUP(K145,[1]梦灵本体产出!$D$30:$D$38,[1]梦灵本体产出!$L$30:$L$38)*Q145*10/[1]梦灵属性!$K$26,[1]梦灵属性!$K$56:$K$104,1),0) -> 0 | AP145: =MATCH(_xlfn.XLOOKUP(L145,[1]梦灵本体产出!$D$30:$D$38,[1]梦灵本体产出!$L$30:$L$38)*R145*10/[1]梦灵属性!$K$26,[1]梦灵属性!$K$56:$K$104,1) -> 2 | AQ145: =MATCH(_xlfn.XLOOKUP(M145,[1]梦灵本体产出!$D$30:$D$38,[1]梦灵本体产出!$L$30:$L$38)*S145*10/[1]梦灵属性!$K$26,[1]梦灵属性!$K$56:$K$104,1) -> 3 | AR145: =MATCH(_xlfn.XLOOKUP(N145,[1]梦灵本体产出!$D$30:$D$38,[1]梦灵本体产出!$L$30:$L$38)*T145*10/[1]梦灵属性!$K$26,[1]梦灵属性!$K$56:$K$104,1) -> 4 | AT145: 1 | AU145: =IFERROR(MATCH(_xlfn.XLOOKUP(K145,[1]梦灵本体产出!$D$30:$D$38,[1]梦灵本体产出!$M$30:$M$38)*Q145*10/[1]梦灵属性!$K$26,[1]梦灵属性!$K$56:$K$104,1),0) -> 0 | AV145: =IFERROR(MATCH(_xlfn.XLOOKUP(L145,[1]梦灵本体产出!$D$30:$D$38,[1]梦灵本体产出!$M$30:$M$38)*R145*10/[1]梦灵属性!$K$26,[1]梦灵属性!$K$56:$K$104,1),0) -> 0 | AW145: =IFERROR(MATCH(_xlfn.XLOOKUP(M145,[1]梦灵本体产出!$D$30:$D$38,[1]梦灵本体产出!$M$30:$M$38)*S145*10/[1]梦灵属性!$K$26,[1]梦灵属性!$K$56:$K$104,1),0) -> 0 | AX145: =IFERROR(MATCH(_xlfn.XLOOKUP(N145,[1]梦灵本体产出!$D$30:$D$38,[1]梦灵本体产出!$M$30:$M$38)*T145*10/[1]梦灵属性!$K$26,[1]梦灵属性!$K$56:$K$104,1),0) -> 0 | AZ145: =AC145*1*3+AI145*1.2*6+AO145*1.4*6+AU145*1.6*6+150 -> 216
C146: 1橙 | D146: 2 | E146: 东方不败 | F146: 东方不败 | G146: 镭射眼 | H146: 镭射眼 | J146: 2 | K146: 2 | L146: 2 | M146: 2 | N146: 2 | P146: 2 | Q146: 395.54286 | R146: 564.20952 | S146: 800.97143 | T146: 948.21429 | V146: 2 | W146: =100*30*1.1*7 -> 23100 | X146: =130*1.1*30*7 -> 30030 | Y146: =208*1.1*30*7 -> 48048 | Z146: =275*1.1*30*7 -> 63525 | AB146: 2 | AC146: =MATCH(_xlfn.XLOOKUP(K146,[1]梦灵本体产出!$D$30:$D$38,[1]梦灵本体产出!$J$30:$J$38)*Q146*10/[1]梦灵属性!$K$26,[1]梦灵属性!$K$56:$K$104,1) -> 13 | AD146: =MATCH(_xlfn.XLOOKUP(L146,[1]梦灵本体产出!$D$30:$D$38,[1]梦灵本体产出!$J$30:$J$38)*R146*10/[1]梦灵属性!$K$26,[1]梦灵属性!$K$56:$K$104,1) -> 15 | AE146: =MATCH(_xlfn.XLOOKUP(M146,[1]梦灵本体产出!$D$30:$D$38,[1]梦灵本体产出!$J$30:$J$38)*S146*10/[1]梦灵属性!$K$26,[1]梦灵属性!$K$56:$K$104,1) -> 19 | AF146: =MATCH(_xlfn.XLOOKUP(N146,[1]梦灵本体产出!$D$30:$D$38,[1]梦灵本体产出!$J$30:$J$38)*T146*10/[1]梦灵属性!$K$26,[1]梦灵属性!$K$56:$K$104,1) -> 20 | AH146: 2 | AI146: =MATCH(_xlfn.XLOOKUP(K146,[1]梦灵本体产出!$D$30:$D$38,[1]梦灵本体产出!$K$30:$K$38)*Q146*10/[1]梦灵属性!$K$26,[1]梦灵属性!$K$56:$K$104,1) -> 7 | AJ146: =MATCH(_xlfn.XLOOKUP(L146,[1]梦灵本体产出!$D$30:$D$38,[1]梦灵本体产出!$K$30:$K$38)*R146*10/[1]梦灵属性!$K$26,[1]梦灵属性!$K$56:$K$104,1) -> 9 | AK146: =MATCH(_xlfn.XLOOKUP(M146,[1]梦灵本体产出!$D$30:$D$38,[1]梦灵本体产出!$K$30:$K$38)*S146*10/[1]梦灵属性!$K$26,[1]梦灵属性!$K$56:$K$104,1) -> 11 | AL146: =MATCH(_xlfn.XLOOKUP(N146,[1]梦灵本体产出!$D$30:$D$38,[1]梦灵本体产出!$K$30:$K$38)*T146*10/[1]梦灵属性!$K$26,[1]梦灵属性!$K$56:$K$104,1) -> 12 | AN146: 2 | AO146: =MATCH(_xlfn.XLOOKUP(K146,[1]梦灵本体产出!$D$30:$D$38,[1]梦灵本体产出!$L$30:$L$38)*Q146*10/[1]梦灵属性!$K$26,[1]梦灵属性!$K$56:$K$104,1) -> 3 | AP146: =MATCH(_xlfn.XLOOKUP(L146,[1]梦灵本体产出!$D$30:$D$38,[1]梦灵本体产出!$L$30:$L$38)*R146*10/[1]梦灵属性!$K$26,[1]梦灵属性!$K$56:$K$104,1) -> 4 | AQ146: =MATCH(_xlfn.XLOOKUP(M146,[1]梦灵本体产出!$D$30:$D$38,[1]梦灵本体产出!$L$30:$L$38)*S146*10/[1]梦灵属性!$K$26,[1]梦灵属性!$K$56:$K$104,1) -> 4 | AR146: =MATCH(_xlfn.XLOOKUP(N146,[1]梦灵本体产出!$D$30:$D$38,[1]梦灵本体产出!$L$30:$L$38)*T146*10/[1]梦灵属性!$K$26,[1]梦灵属性!$K$56:$K$104,1) -> 5 | AT146: 2 | AU146: =IFERROR(MATCH(_xlfn.XLOOKUP(K146,[1]梦灵本体产出!$D$30:$D$38,[1]梦灵本体产出!$M$30:$M$38)*Q146*10/[1]梦灵属性!$K$26,[1]梦灵属性!$K$56:$K$104,1),0) -> 0 | AV146: =IFERROR(MATCH(_xlfn.XLOOKUP(L146,[1]梦灵本体产出!$D$30:$D$38,[1]梦灵本体产出!$M$30:$M$38)*R146*10/[1]梦灵属性!$K$26,[1]梦灵属性!$K$56:$K$104,1),0) -> 0 | AW146: =IFERROR(MATCH(_xlfn.XLOOKUP(M146,[1]梦灵本体产出!$D$30:$D$38,[1]梦灵本体产出!$M$30:$M$38)*S146*10/[1]梦灵属性!$K$26,[1]梦灵属性!$K$56:$K$104,1),0) -> 0 | AX146: =IFERROR(MATCH(_xlfn.XLOOKUP(N146,[1]梦灵本体产出!$D$30:$D$38,[1]梦灵本体产出!$M$30:$M$38)*T146*10/[1]梦灵属性!$K$26,[1]梦灵属性!$K$56:$K$104,1),0) -> 0 | AZ146: =AC146*1*3+AI146*1.2*6+AO146*1.4*6+AU146*1.6*6+150 -> 264.6
C147: 1橙 | D147: 3 | E147: 东方不败 | F147: 镭射眼 | G147: 亚瑟 | H147: 亚瑟 | J147: 3 | K147: 2 | L147: 2 | M147: 2 | N147: 3 | P147: 3 | Q147: 624.81429 | R147: 767.81429 | S147: 1089.9571 | T147: 1310.8214 | V147: 3 | W147: =100*30*1.1*7 -> 23100 | X147: =130*1.1*30*7 -> 30030 | Y147: =208*1.1*30*7 -> 48048 | Z147: =275*1.1*30*7 -> 63525 | AB147: 3 | AC147: =MATCH(_xlfn.XLOOKUP(K147,[1]梦灵本体产出!$D$30:$D$38,[1]梦灵本体产出!$J$30:$J$38)*Q147*10/[1]梦灵属性!$K$26,[1]梦灵属性!$K$56:$K$104,1) -> 16 | AD147: =MATCH(_xlfn.XLOOKUP(L147,[1]梦灵本体产出!$D$30:$D$38,[1]梦灵本体产出!$J$30:$J$38)*R147*10/[1]梦灵属性!$K$26,[1]梦灵属性!$K$56:$K$104,1) -> 18 | AE147: =MATCH(_xlfn.XLOOKUP(M147,[1]梦灵本体产出!$D$30:$D$38,[1]梦灵本体产出!$J$30:$J$38)*S147*10/[1]梦灵属性!$K$26,[1]梦灵属性!$K$56:$K$104,1) -> 21 | AF147: =MATCH(_xlfn.XLOOKUP(N147,[1]梦灵本体产出!$D$30:$D$38,[1]梦灵本体产出!$J$30:$J$38)*T147*10/[1]梦灵属性!$K$26,[1]梦灵属性!$K$56:$K$104,1) -> 22 | AH147: 3 | AI147: =MATCH(_xlfn.XLOOKUP(K147,[1]梦灵本体产出!$D$30:$D$38,[1]梦灵本体产出!$K$30:$K$38)*Q147*10/[1]梦灵属性!$K$26,[1]梦灵属性!$K$56:$K$104,1) -> 9 | AJ147: =MATCH(_xlfn.XLOOKUP(L147,[1]梦灵本体产出!$D$30:$D$38,[1]梦灵本体产出!$K$30:$K$38)*R147*10/[1]梦灵属性!$K$26,[1]梦灵属性!$K$56:$K$104,1) -> 10 | AK147: =MATCH(_xlfn.XLOOKUP(M147,[1]梦灵本体产出!$D$30:$D$38,[1]梦灵本体产出!$K$30:$K$38)*S147*10/[1]梦灵属性!$K$26,[1]梦灵属性!$K$56:$K$104,1) -> 13 | AL147: =MATCH(_xlfn.XLOOKUP(N147,[1]梦灵本体产出!$D$30:$D$38,[1]梦灵本体产出!$K$30:$K$38)*T147*10/[1]梦灵属性!$K$26,[1]梦灵属性!$K$56:$K$104,1) -> 15 | AN147: 3 | AO147: =MATCH(_xlfn.XLOOKUP(K147,[1]梦灵本体产出!$D$30:$D$38,[1]梦灵本体产出!$L$30:$L$38)*Q147*10/[1]梦灵属性!$K$26,[1]梦灵属性!$K$56:$K$104,1) -> 4 | AP147: =MATCH(_xlfn.XLOOKUP(L147,[1]梦灵本体产出!$D$30:$D$38,[1]梦灵本体产出!$L$30:$L$38)*R147*10/[1]梦灵属性!$K$26,[1]梦灵属性!$K$56:$K$104,1) -> 4 | AQ147: =MATCH(_xlfn.XLOOKUP(M147,[1]梦灵本体产出!$D$30:$D$38,[1]梦灵本体产出!$L$30:$L$38)*S147*10/[1]梦灵属性!$K$26,[1]梦灵属性!$K$56:$K$104,1) -> 5 | AR147: =MATCH(_xlfn.XLOOKUP(N147,[1]梦灵本体产出!$D$30:$D$38,[1]梦灵本体产出!$L$30:$L$38)*T147*10/[1]梦灵属性!$K$26,[1]梦灵属性!$K$56:$K$104,1) -> 9 | AT147: 3 | AU147: =IFERROR(MATCH(_xlfn.XLOOKUP(K147,[1]梦灵本体产出!$D$30:$D$38,[1]梦灵本体产出!$M$30:$M$38)*Q147*10/[1]梦灵属性!$K$26,[1]梦灵属性!$K$56:$K$104,1),0) -> 0 | AV147: =IFERROR(MATCH(_xlfn.XLOOKUP(L147,[1]梦灵本体产出!$D$30:$D$38,[1]梦灵本体产出!$M$30:$M$38)*R147*10/[1]梦灵属性!$K$26,[1]梦灵属性!$K$56:$K$104,1),0) -> 0 | AW147: =IFERROR(MATCH(_xlfn.XLOOKUP(M147,[1]梦灵本体产出!$D$30:$D$38,[1]梦灵本体产出!$M$30:$M$38)*S147*10/[1]梦灵属性!$K$26,[1]梦灵属性!$K$56:$K$104,1),0) -> 0 | AX147: =IFERROR(MATCH(_xlfn.XLOOKUP(N147,[1]梦灵本体产出!$D$30:$D$38,[1]梦灵本体产出!$M$30:$M$38)*T147*10/[1]梦灵属性!$K$26,[1]梦灵属性!$K$56:$K$104,1),0) -> 0 | AZ147: =AC147*1*3+AI147*1.2*6+AO147*1.4*6+AU147*1.6*6+150 -> 296.4
C148: 2橙 | D148: 4 | E148: 镭射眼 | F148: 亚瑟 | G148: 蜘蛛女王 | H148: 蜘蛛女王 | J148: 4 | K148: 2 | L148: 2 | M148: 3 | N148: 3 | P148: 4 | Q148: 881.58571 | R148: 1053.919 | S148: 1477.9429 | T148: 1772.4286 | V148: 4 | W148: =100*30*1.1*7 -> 23100 | X148: =130*1.1*30*7 -> 30030 | Y148: =208*1.1*30*7 -> 48048 | Z148: =275*1.1*30*7 -> 63525 | AB148: 4 | AC148: =MATCH(_xlfn.XLOOKUP(K148,[1]梦灵本体产出!$D$30:$D$38,[1]梦灵本体产出!$J$30:$J$38)*Q148*10/[1]梦灵属性!$K$26,[1]梦灵属性!$K$56:$K$104,1) -> 19 | AD148: =MATCH(_xlfn.XLOOKUP(L148,[1]梦灵本体产出!$D$30:$D$38,[1]梦灵本体产出!$J$30:$J$38)*R148*10/[1]梦灵属性!$K$26,[1]梦灵属性!$K$56:$K$104,1) -> 21 | AE148: =MATCH(_xlfn.XLOOKUP(M148,[1]梦灵本体产出!$D$30:$D$38,[1]梦灵本体产出!$J$30:$J$38)*S148*10/[1]梦灵属性!$K$26,[1]梦灵属性!$K$56:$K$104,1) -> 23 | AF148: =MATCH(_xlfn.XLOOKUP(N148,[1]梦灵本体产出!$D$30:$D$38,[1]梦灵本体产出!$J$30:$J$38)*T148*10/[1]梦灵属性!$K$26,[1]梦灵属性!$K$56:$K$104,1) -> 25 | AH148: 4 | AI148: =MATCH(_xlfn.XLOOKUP(K148,[1]梦灵本体产出!$D$30:$D$38,[1]梦灵本体产出!$K$30:$K$38)*Q148*10/[1]梦灵属性!$K$26,[1]梦灵属性!$K$56:$K$104,1) -> 11 | AJ148: =MATCH(_xlfn.XLOOKUP(L148,[1]梦灵本体产出!$D$30:$D$38,[1]梦灵本体产出!$K$30:$K$38)*R148*10/[1]梦灵属性!$K$26,[1]梦灵属性!$K$56:$K$104,1) -> 12 | AK148: =MATCH(_xlfn.XLOOKUP(M148,[1]梦灵本体产出!$D$30:$D$38,[1]梦灵本体产出!$K$30:$K$38)*S148*10/[1]梦灵属性!$K$26,[1]梦灵属性!$K$56:$K$104,1) -> 16 | AL148: =MATCH(_xlfn.XLOOKUP(N148,[1]梦灵本体产出!$D$30:$D$38,[1]梦灵本体产出!$K$30:$K$38)*T148*10/[1]梦灵属性!$K$26,[1]梦灵属性!$K$56:$K$104,1) -> 17 | AN148: 4 | AO148: =MATCH(_xlfn.XLOOKUP(K148,[1]梦灵本体产出!$D$30:$D$38,[1]梦灵本体产出!$L$30:$L$38)*Q148*10/[1]梦灵属性!$K$26,[1]梦灵属性!$K$56:$K$104,1) -> 5 | AP148: =MATCH(_xlfn.XLOOKUP(L148,[1]梦灵本体产出!$D$30:$D$38,[1]梦灵本体产出!$L$30:$L$38)*R148*10/[1]梦灵属性!$K$26,[1]梦灵属性!$K$56:$K$104,1) -> 5 | AQ148: =MATCH(_xlfn.XLOOKUP(M148,[1]梦灵本体产出!$D$30:$D$38,[1]梦灵本体产出!$L$30:$L$38)*S148*10/[1]梦灵属性!$K$26,[1]梦灵属性!$K$56:$K$104,1) -> 9 | AR148: =MATCH(_xlfn.XLOOKUP(N148,[1]梦灵本体产出!$D$30:$D$38,[1]梦灵本体产出!$L$30:$L$38)*T148*10/[1]梦灵属性!$K$26,[1]梦灵属性!$K$56:$K$104,1) -> 10 | AT148: 4 | AU148: =IFERROR(MATCH(_xlfn.XLOOKUP(K148,[1]梦灵本体产出!$D$30:$D$38,[1]梦灵本体产出!$M$30:$M$38)*Q148*10/[1]梦灵属性!$K$26,[1]梦灵属性!$K$56:$K$104,1),0) -> 0 | AV148: =IFERROR(MATCH(_xlfn.XLOOKUP(L148,[1]梦灵本体产出!$D$30:$D$38,[1]梦灵本体产出!$M$30:$M$38)*R148*10/[1]梦灵属性!$K$26,[1]梦灵属性!$K$56:$K$104,1),0) -> 0 | AW148: =IFERROR(MATCH(_xlfn.XLOOKUP(M148,[1]梦灵本体产出!$D$30:$D$38,[1]梦灵本体产出!$M$30:$M$38)*S148*10/[1]梦灵属性!$K$26,[1]梦灵属性!$K$56:$K$104,1),0) -> 0 | AX148: =IFERROR(MATCH(_xlfn.XLOOKUP(N148,[1]梦灵本体产出!$D$30:$D$38,[1]梦灵本体产出!$M$30:$M$38)*T148*10/[1]梦灵属性!$K$26,[1]梦灵属性!$K$56:$K$104,1),0) -> 0 | AZ148: =AC148*1*3+AI148*1.2*6+AO148*1.4*6+AU148*1.6*6+150 -> 328.2
C149: 3橙 | D149: 5 | E149: 亚瑟 | F149: 亚瑟 | G149: 蜘蛛女王 | H149: 唐小僧 | J149: 5 | K149: 2 | L149: 2 | M149: 3 | N149: 3 | P149: 5 | Q149: 1044.8571 | R149: 1246.5238 | S149: 1761.4286 | T149: 2129.5357 | V149: 5 | W149: =100*30*1.1*7 -> 23100 | X149: =130*1.1*30*7 -> 30030 | Y149: =208*1.1*30*7 -> 48048 | Z149: =275*1.1*30*7 -> 63525 | AB149: 5 | AC149: =MATCH(_xlfn.XLOOKUP(K149,[1]梦灵本体产出!$D$30:$D$38,[1]梦灵本体产出!$J$30:$J$38)*Q149*10/[1]梦灵属性!$K$26,[1]梦灵属性!$K$56:$K$104,1) -> 21 | AD149: =MATCH(_xlfn.XLOOKUP(L149,[1]梦灵本体产出!$D$30:$D$38,[1]梦灵本体产出!$J$30:$J$38)*R149*10/[1]梦灵属性!$K$26,[1]梦灵属性!$K$56:$K$104,1) -> 23 | AE149: =MATCH(_xlfn.XLOOKUP(M149,[1]梦灵本体产出!$D$30:$D$38,[1]梦灵本体产出!$J$30:$J$38)*S149*10/[1]梦灵属性!$K$26,[1]梦灵属性!$K$56:$K$104,1) -> 25 | AF149: =MATCH(_xlfn.XLOOKUP(N149,[1]梦灵本体产出!$D$30:$D$38,[1]梦灵本体产出!$J$30:$J$38)*T149*10/[1]梦灵属性!$K$26,[1]梦灵属性!$K$56:$K$104,1) -> 26 | AH149: 5 | AI149: =MATCH(_xlfn.XLOOKUP(K149,[1]梦灵本体产出!$D$30:$D$38,[1]梦灵本体产出!$K$30:$K$38)*Q149*10/[1]梦灵属性!$K$26,[1]梦灵属性!$K$56:$K$104,1) -> 12 | AJ149: =MATCH(_xlfn.XLOOKUP(L149,[1]梦灵本体产出!$D$30:$D$38,[1]梦灵本体产出!$K$30:$K$38)*R149*10/[1]梦灵属性!$K$26,[1]梦灵属性!$K$56:$K$104,1) -> 14 | AK149: =MATCH(_xlfn.XLOOKUP(M149,[1]梦灵本体产出!$D$30:$D$38,[1]梦灵本体产出!$K$30:$K$38)*S149*10/[1]梦灵属性!$K$26,[1]梦灵属性!$K$56:$K$104,1) -> 17 | AL149: =MATCH(_xlfn.XLOOKUP(N149,[1]梦灵本体产出!$D$30:$D$38,[1]梦灵本体产出!$K$30:$K$38)*T149*10/[1]梦灵属性!$K$26,[1]梦灵属性!$K$56:$K$104,1) -> 19 | AN149: 5 | AO149: =MATCH(_xlfn.XLOOKUP(K149,[1]梦灵本体产出!$D$30:$D$38,[1]梦灵本体产出!$L$30:$L$38)*Q149*10/[1]梦灵属性!$K$26,[1]梦灵属性!$K$56:$K$104,1) -> 5 | AP149: =MATCH(_xlfn.XLOOKUP(L149,[1]梦灵本体产出!$D$30:$D$38,[1]梦灵本体产出!$L$30:$L$38)*R149*10/[1]梦灵属性!$K$26,[1]梦灵属性!$K$56:$K$104,1) -> 6 | AQ149: =MATCH(_xlfn.XLOOKUP(M149,[1]梦灵本体产出!$D$30:$D$38,[1]梦灵本体产出!$L$30:$L$38)*S149*10/[1]梦灵属性!$K$26,[1]梦灵属性!$K$56:$K$104,1) -> 10 | AR149: =MATCH(_xlfn.XLOOKUP(N149,[1]梦灵本体产出!$D$30:$D$38,[1]梦灵本体产出!$L$30:$L$38)*T149*10/[1]梦灵属性!$K$26,[1]梦灵属性!$K$56:$K$104,1) -> 11 | AT149: 5 | AU149: =IFERROR(MATCH(_xlfn.XLOOKUP(K149,[1]梦灵本体产出!$D$30:$D$38,[1]梦灵本体产出!$M$30:$M$38)*Q149*10/[1]梦灵属性!$K$26,[1]梦灵属性!$K$56:$K$104,1),0) -> 0 | AV149: =IFERROR(MATCH(_xlfn.XLOOKUP(L149,[1]梦灵本体产出!$D$30:$D$38,[1]梦灵本体产出!$M$30:$M$38)*R149*10/[1]梦灵属性!$K$26,[1]梦灵属性!$K$56:$K$104,1),0) -> 0 | AW149: =IFERROR(MATCH(_xlfn.XLOOKUP(M149,[1]梦灵本体产出!$D$30:$D$38,[1]梦灵本体产出!$M$30:$M$38)*S149*10/[1]梦灵属性!$K$26,[1]梦灵属性!$K$56:$K$104,1),0) -> 0 | AX149: =IFERROR(MATCH(_xlfn.XLOOKUP(N149,[1]梦灵本体产出!$D$30:$D$38,[1]梦灵本体产出!$M$30:$M$38)*T149*10/[1]梦灵属性!$K$26,[1]梦灵属性!$K$56:$K$104,1),0) -> 0 | AZ149: =AC149*1*3+AI149*1.2*6+AO149*1.4*6+AU149*1.6*6+150 -> 341.4
C150: 3橙 | D150: 6 | E150: 亚瑟 | F150: 蜘蛛女王 | G150: 唐小僧 | H150: 唐小僧 | J150: 6 | K150: 2 | L150: 3 | M150: 3 | N150: 3 | P150: 6 | Q150: 1208.1286 | R150: 1439.1286 | S150: 2039.4143 | T150: 2481.1429 | V150: 6 | W150: =100*30*1.1*7 -> 23100 | X150: =130*1.1*30*7 -> 30030 | Y150: =208*1.1*30*7 -> 48048 | Z150: =275*1.1*30*7 -> 63525 | AB150: 6 | AC150: =MATCH(_xlfn.XLOOKUP(K150,[1]梦灵本体产出!$D$30:$D$38,[1]梦灵本体产出!$J$30:$J$38)*Q150*10/[1]梦灵属性!$K$26,[1]梦灵属性!$K$56:$K$104,1) -> 23 | AD150: =MATCH(_xlfn.XLOOKUP(L150,[1]梦灵本体产出!$D$30:$D$38,[1]梦灵本体产出!$J$30:$J$38)*R150*10/[1]梦灵属性!$K$26,[1]梦灵属性!$K$56:$K$104,1) -> 23 | AE150: =MATCH(_xlfn.XLOOKUP(M150,[1]梦灵本体产出!$D$30:$D$38,[1]梦灵本体产出!$J$30:$J$38)*S150*10/[1]梦灵属性!$K$26,[1]梦灵属性!$K$56:$K$104,1) -> 26 | AF150: =MATCH(_xlfn.XLOOKUP(N150,[1]梦灵本体产出!$D$30:$D$38,[1]梦灵本体产出!$J$30:$J$38)*T150*10/[1]梦灵属性!$K$26,[1]梦灵属性!$K$56:$K$104,1) -> 28 | AH150: 6 | AI150: =MATCH(_xlfn.XLOOKUP(K150,[1]梦灵本体产出!$D$30:$D$38,[1]梦灵本体产出!$K$30:$K$38)*Q150*10/[1]梦灵属性!$K$26,[1]梦灵属性!$K$56:$K$104,1) -> 13 | AJ150: =MATCH(_xlfn.XLOOKUP(L150,[1]梦灵本体产出!$D$30:$D$38,[1]梦灵本体产出!$K$30:$K$38)*R150*10/[1]梦灵属性!$K$26,[1]梦灵属性!$K$56:$K$104,1) -> 16 | AK150: =MATCH(_xlfn.XLOOKUP(M150,[1]梦灵本体产出!$D$30:$D$38,[1]梦灵本体产出!$K$30:$K$38)*S150*10/[1]梦灵属性!$K$26,[1]梦灵属性!$K$56:$K$104,1) -> 19 | AL150: =MATCH(_xlfn.XLOOKUP(N150,[1]梦灵本体产出!$D$30:$D$38,[1]梦灵本体产出!$K$30:$K$38)*T150*10/[1]梦灵属性!$K$26,[1]梦灵属性!$K$56:$K$104,1) -> 20 | AN150: 6 | AO150: =MATCH(_xlfn.XLOOKUP(K150,[1]梦灵本体产出!$D$30:$D$38,[1]梦灵本体产出!$L$30:$L$38)*Q150*10/[1]梦灵属性!$K$26,[1]梦灵属性!$K$56:$K$104,1) -> 6 | AP150: =MATCH(_xlfn.XLOOKUP(L150,[1]梦灵本体产出!$D$30:$D$38,[1]梦灵本体产出!$L$30:$L$38)*R150*10/[1]梦灵属性!$K$26,[1]梦灵属性!$K$56:$K$104,1) -> 9 | AQ150: =MATCH(_xlfn.XLOOKUP(M150,[1]梦灵本体产出!$D$30:$D$38,[1]梦灵本体产出!$L$30:$L$38)*S150*10/[1]梦灵属性!$K$26,[1]梦灵属性!$K$56:$K$104,1) -> 11 | AR150: =MATCH(_xlfn.XLOOKUP(N150,[1]梦灵本体产出!$D$30:$D$38,[1]梦灵本体产出!$L$30:$L$38)*T150*10/[1]梦灵属性!$K$26,[1]梦灵属性!$K$56:$K$104,1) -> 12 | AT150: 6 | AU150: =IFERROR(MATCH(_xlfn.XLOOKUP(K150,[1]梦灵本体产出!$D$30:$D$38,[1]梦灵本体产出!$M$30:$M$38)*Q150*10/[1]梦灵属性!$K$26,[1]梦灵属性!$K$56:$K$104,1),0) -> 0 | AV150: =IFERROR(MATCH(_xlfn.XLOOKUP(L150,[1]梦灵本体产出!$D$30:$D$38,[1]梦灵本体产出!$M$30:$M$38)*R150*10/[1]梦灵属性!$K$26,[1]梦灵属性!$K$56:$K$104,1),0) -> 0 | AW150: =IFERROR(MATCH(_xlfn.XLOOKUP(M150,[1]梦灵本体产出!$D$30:$D$38,[1]梦灵本体产出!$M$30:$M$38)*S150*10/[1]梦灵属性!$K$26,[1]梦灵属性!$K$56:$K$104,1),0) -> 0 | AX150: =IFERROR(MATCH(_xlfn.XLOOKUP(N150,[1]梦灵本体产出!$D$30:$D$38,[1]梦灵本体产出!$M$30:$M$38)*T150*10/[1]梦灵属性!$K$26,[1]梦灵属性!$K$56:$K$104,1),0) -> 0 | AZ150: =AC150*1*3+AI150*1.2*6+AO150*1.4*6+AU150*1.6*6+150 -> 363
C151: 4橙 | D151: 7 | E151: 蜘蛛女王 | F151: 蜘蛛女王 | G151: 唐小僧 | H151: 唐小僧 | J151: 7 | K151: 3 | L151: 3 | M151: 3 | N151: 3 | P151: 7 | Q151: 1481.4 | R151: 1741.7333 | S151: 2427.4 | T151: 2942.75 | V151: 7 | W151: =100*30*1.1*7 -> 23100 | X151: =130*1.1*30*7 -> 30030 | Y151: =208*1.1*30*7 -> 48048 | Z151: =275*1.1*30*7 -> 63525 | AB151: 7 | AC151: =MATCH(_xlfn.XLOOKUP(K151,[1]梦灵本体产出!$D$30:$D$38,[1]梦灵本体产出!$J$30:$J$38)*Q151*10/[1]梦灵属性!$K$26,[1]梦灵属性!$K$56:$K$104,1) -> 23 | AD151: =MATCH(_xlfn.XLOOKUP(L151,[1]梦灵本体产出!$D$30:$D$38,[1]梦灵本体产出!$J$30:$J$38)*R151*10/[1]梦灵属性!$K$26,[1]梦灵属性!$K$56:$K$104,1) -> 25 | AE151: =MATCH(_xlfn.XLOOKUP(M151,[1]梦灵本体产出!$D$30:$D$38,[1]梦灵本体产出!$J$30:$J$38)*S151*10/[1]梦灵属性!$K$26,[1]梦灵属性!$K$56:$K$104,1) -> 28 | AF151: =MATCH(_xlfn.XLOOKUP(N151,[1]梦灵本体产出!$D$30:$D$38,[1]梦灵本体产出!$J$30:$J$38)*T151*10/[1]梦灵属性!$K$26,[1]梦灵属性!$K$56:$K$104,1) -> 29 | AH151: 7 | AI151: =MATCH(_xlfn.XLOOKUP(K151,[1]梦灵本体产出!$D$30:$D$38,[1]梦灵本体产出!$K$30:$K$38)*Q151*10/[1]梦灵属性!$K$26,[1]梦灵属性!$K$56:$K$104,1) -> 16 | AJ151: =MATCH(_xlfn.XLOOKUP(L151,[1]梦灵本体产出!$D$30:$D$38,[1]梦灵本体产出!$K$30:$K$38)*R151*10/[1]梦灵属性!$K$26,[1]梦灵属性!$K$56:$K$104,1) -> 17 | AK151: =MATCH(_xlfn.XLOOKUP(M151,[1]梦灵本体产出!$D$30:$D$38,[1]梦灵本体产出!$K$30:$K$38)*S151*10/[1]梦灵属性!$K$26,[1]梦灵属性!$K$56:$K$104,1) -> 20 | AL151: =MATCH(_xlfn.XLOOKUP(N151,[1]梦灵本体产出!$D$30:$D$38,[1]梦灵本体产出!$K$30:$K$38)*T151*10/[1]梦灵属性!$K$26,[1]梦灵属性!$K$56:$K$104,1) -> 22 | AN151: 7 | AO151: =MATCH(_xlfn.XLOOKUP(K151,[1]梦灵本体产出!$D$30:$D$38,[1]梦灵本体产出!$L$30:$L$38)*Q151*10/[1]梦灵属性!$K$26,[1]梦灵属性!$K$56:$K$104,1) -> 9 | AP151: =MATCH(_xlfn.XLOOKUP(L151,[1]梦灵本体产出!$D$30:$D$38,[1]梦灵本体产出!$L$30:$L$38)*R151*10/[1]梦灵属性!$K$26,[1]梦灵属性!$K$56:$K$104,1) -> 10 | AQ151: =MATCH(_xlfn.XLOOKUP(M151,[1]梦灵本体产出!$D$30:$D$38,[1]梦灵本体产出!$L$30:$L$38)*S151*10/[1]梦灵属性!$K$26,[1]梦灵属性!$K$56:$K$104,1) -> 12 | AR151: =MATCH(_xlfn.XLOOKUP(N151,[1]梦灵本体产出!$D$30:$D$38,[1]梦灵本体产出!$L$30:$L$38)*T151*10/[1]梦灵属性!$K$26,[1]梦灵属性!$K$56:$K$104,1) -> 14 | AT151: 7 | AU151: =IFERROR(MATCH(_xlfn.XLOOKUP(K151,[1]梦灵本体产出!$D$30:$D$38,[1]梦灵本体产出!$M$30:$M$38)*Q151*10/[1]梦灵属性!$K$26,[1]梦灵属性!$K$56:$K$104,1),0) -> 0 | AV151: =IFERROR(MATCH(_xlfn.XLOOKUP(L151,[1]梦灵本体产出!$D$30:$D$38,[1]梦灵本体产出!$M$30:$M$38)*R151*10/[1]梦灵属性!$K$26,[1]梦灵属性!$K$56:$K$104,1),0) -> 0 | AW151: =IFERROR(MATCH(_xlfn.XLOOKUP(M151,[1]梦灵本体产出!$D$30:$D$38,[1]梦灵本体产出!$M$30:$M$38)*S151*10/[1]梦灵属性!$K$26,[1]梦灵属性!$K$56:$K$104,1),0) -> 0 | AX151: =IFERROR(MATCH(_xlfn.XLOOKUP(N151,[1]梦灵本体产出!$D$30:$D$38,[1]梦灵本体产出!$M$30:$M$38)*T151*10/[1]梦灵属性!$K$26,[1]梦灵属性!$K$56:$K$104,1),0) -> 0 | AZ151: =AC151*1*3+AI151*1.2*6+AO151*1.4*6+AU151*1.6*6+150 -> 409.8
C152: 4橙 | D152: 8 | E152: 蜘蛛女王 | F152: 蜘蛛女王 | G152: 唐小僧 | H152: 唐小僧 | J152: 8 | K152: 3 | L152: 3 | M152: 3 | N152: 3 | P152: 8 | Q152: 1595.1714 | R152: 1884.8381 | S152: 2655.8857 | T152: 3244.8571 | V152: 8 | W152: =100*30*1.1*7 -> 23100 | X152: =130*1.1*30*7 -> 30030 | Y152: =208*1.1*30*7 -> 48048 | Z152: =275*1.1*30*7 -> 63525 | AB152: 8 | AC152: =MATCH(_xlfn.XLOOKUP(K152,[1]梦灵本体产出!$D$30:$D$38,[1]梦灵本体产出!$J$30:$J$38)*Q152*10/[1]梦灵属性!$K$26,[1]梦灵属性!$K$56:$K$104,1) -> 24 | AD152: =MATCH(_xlfn.XLOOKUP(L152,[1]梦灵本体产出!$D$30:$D$38,[1]梦灵本体产出!$J$30:$J$38)*R152*10/[1]梦灵属性!$K$26,[1]梦灵属性!$K$56:$K$104,1) -> 25 | AE152: =MATCH(_xlfn.XLOOKUP(M152,[1]梦灵本体产出!$D$30:$D$38,[1]梦灵本体产出!$J$30:$J$38)*S152*10/[1]梦灵属性!$K$26,[1]梦灵属性!$K$56:$K$104,1) -> 29 | AF152: =MATCH(_xlfn.XLOOKUP(N152,[1]梦灵本体产出!$D$30:$D$38,[1]梦灵本体产出!$J$30:$J$38)*T152*10/[1]梦灵属性!$K$26,[1]梦灵属性!$K$56:$K$104,1) -> 30 | AH152: 8 | AI152: =MATCH(_xlfn.XLOOKUP(K152,[1]梦灵本体产出!$D$30:$D$38,[1]梦灵本体产出!$K$30:$K$38)*Q152*10/[1]梦灵属性!$K$26,[1]梦灵属性!$K$56:$K$104,1) -> 16 | AJ152: =MATCH(_xlfn.XLOOKUP(L152,[1]梦灵本体产出!$D$30:$D$38,[1]梦灵本体产出!$K$30:$K$38)*R152*10/[1]梦灵属性!$K$26,[1]梦灵属性!$K$56:$K$104,1) -> 18 | AK152: =MATCH(_xlfn.XLOOKUP(M152,[1]梦灵本体产出!$D$30:$D$38,[1]梦灵本体产出!$K$30:$K$38)*S152*10/[1]梦灵属性!$K$26,[1]梦灵属性!$K$56:$K$104,1) -> 21 | AL152: =MATCH(_xlfn.XLOOKUP(N152,[1]梦灵本体产出!$D$30:$D$38,[1]梦灵本体产出!$K$30:$K$38)*T152*10/[1]梦灵属性!$K$26,[1]梦灵属性!$K$56:$K$104,1) -> 23 | AN152: 8 | AO152: =MATCH(_xlfn.XLOOKUP(K152,[1]梦灵本体产出!$D$30:$D$38,[1]梦灵本体产出!$L$30:$L$38)*Q152*10/[1]梦灵属性!$K$26,[1]梦灵属性!$K$56:$K$104,1) -> 10 | AP152: =MATCH(_xlfn.XLOOKUP(L152,[1]梦灵本体产出!$D$30:$D$38,[1]梦灵本体产出!$L$30:$L$38)*R152*10/[1]梦灵属性!$K$26,[1]梦灵属性!$K$56:$K$104,1) -> 11 | AQ152: =MATCH(_xlfn.XLOOKUP(M152,[1]梦灵本体产出!$D$30:$D$38,[1]梦灵本体产出!$L$30:$L$38)*S152*10/[1]梦灵属性!$K$26,[1]梦灵属性!$K$56:$K$104,1) -> 13 | AR152: =MATCH(_xlfn.XLOOKUP(N152,[1]梦灵本体产出!$D$30:$D$38,[1]梦灵本体产出!$L$30:$L$38)*T152*10/[1]梦灵属性!$K$26,[1]梦灵属性!$K$56:$K$104,1) -> 14 | AT152: 8 | AU152: =IFERROR(MATCH(_xlfn.XLOOKUP(K152,[1]梦灵本体产出!$D$30:$D$38,[1]梦灵本体产出!$M$30:$M$38)*Q152*10/[1]梦灵属性!$K$26,[1]梦灵属性!$K$56:$K$104,1),0) -> 0 | AV152: =IFERROR(MATCH(_xlfn.XLOOKUP(L152,[1]梦灵本体产出!$D$30:$D$38,[1]梦灵本体产出!$M$30:$M$38)*R152*10/[1]梦灵属性!$K$26,[1]梦灵属性!$K$56:$K$104,1),0) -> 0 | AW152: =IFERROR(MATCH(_xlfn.XLOOKUP(M152,[1]梦灵本体产出!$D$30:$D$38,[1]梦灵本体产出!$M$30:$M$38)*S152*10/[1]梦灵属性!$K$26,[1]梦灵属性!$K$56:$K$104,1),0) -> 0 | AX152: =IFERROR(MATCH(_xlfn.XLOOKUP(N152,[1]梦灵本体产出!$D$30:$D$38,[1]梦灵本体产出!$M$30:$M$38)*T152*10/[1]梦灵属性!$K$26,[1]梦灵属性!$K$56:$K$104,1),0) -> 0 | AZ152: =AC152*1*3+AI152*1.2*6+AO152*1.4*6+AU152*1.6*6+150 -> 421.2
C153: 4橙 | D153: 9 | E153: 蜘蛛女王 | F153: 蜘蛛女王 | G153: 唐小僧 | H153: 诸葛亮 | J153: 9 | K153: 3 | L153: 3 | M153: 3 | N153: 4 | P153: 9 | Q153: 1708.9429 | R153: 2027.9429 | S153: 2884.3714 | T153: 3546.9643 | V153: 9 | W153: =100*30*1.1*7 -> 23100 | X153: =130*1.1*30*7 -> 30030 | Y153: =208*1.1*30*7 -> 48048 | Z153: =275*1.1*30*7 -> 63525 | AB153: 9 | AC153: =MATCH(_xlfn.XLOOKUP(K153,[1]梦灵本体产出!$D$30:$D$38,[1]梦灵本体产出!$J$30:$J$38)*Q153*10/[1]梦灵属性!$K$26,[1]梦灵属性!$K$56:$K$104,1) -> 24 | AD153: =MATCH(_xlfn.XLOOKUP(L153,[1]梦灵本体产出!$D$30:$D$38,[1]梦灵本体产出!$J$30:$J$38)*R153*10/[1]梦灵属性!$K$26,[1]梦灵属性!$K$56:$K$104,1) -> 26 | AE153: =MATCH(_xlfn.XLOOKUP(M153,[1]梦灵本体产出!$D$30:$D$38,[1]梦灵本体产出!$J$30:$J$38)*S153*10/[1]梦灵属性!$K$26,[1]梦灵属性!$K$56:$K$104,1) -> 29 | AF153: =MATCH(_xlfn.XLOOKUP(N153,[1]梦灵本体产出!$D$30:$D$38,[1]梦灵本体产出!$J$30:$J$38)*T153*10/[1]梦灵属性!$K$26,[1]梦灵属性!$K$56:$K$104,1) -> 29 | AH153: 9 | AI153: =MATCH(_xlfn.XLOOKUP(K153,[1]梦灵本体产出!$D$30:$D$38,[1]梦灵本体产出!$K$30:$K$38)*Q153*10/[1]梦灵属性!$K$26,[1]梦灵属性!$K$56:$K$104,1) -> 17 | AJ153: =MATCH(_xlfn.XLOOKUP(L153,[1]梦灵本体产出!$D$30:$D$38,[1]梦灵本体产出!$K$30:$K$38)*R153*10/[1]梦灵属性!$K$26,[1]梦灵属性!$K$56:$K$104,1) -> 19 | AK153: =MATCH(_xlfn.XLOOKUP(M153,[1]梦灵本体产出!$D$30:$D$38,[1]梦灵本体产出!$K$30:$K$38)*S153*10/[1]梦灵属性!$K$26,[1]梦灵属性!$K$56:$K$104,1) -> 22 | AL153: =MATCH(_xlfn.XLOOKUP(N153,[1]梦灵本体产出!$D$30:$D$38,[1]梦灵本体产出!$K$30:$K$38)*T153*10/[1]梦灵属性!$K$26,[1]梦灵属性!$K$56:$K$104,1) -> 25 | AN153: 9 | AO153: =MATCH(_xlfn.XLOOKUP(K153,[1]梦灵本体产出!$D$30:$D$38,[1]梦灵本体产出!$L$30:$L$38)*Q153*10/[1]梦灵属性!$K$26,[1]梦灵属性!$K$56:$K$104,1) -> 10 | AP153: =MATCH(_xlfn.XLOOKUP(L153,[1]梦灵本体产出!$D$30:$D$38,[1]梦灵本体产出!$L$30:$L$38)*R153*10/[1]梦灵属性!$K$26,[1]梦灵属性!$K$56:$K$104,1) -> 11 | AQ153: =MATCH(_xlfn.XLOOKUP(M153,[1]梦灵本体产出!$D$30:$D$38,[1]梦灵本体产出!$L$30:$L$38)*S153*10/[1]梦灵属性!$K$26,[1]梦灵属性!$K$56:$K$104,1) -> 13 | AR153: =MATCH(_xlfn.XLOOKUP(N153,[1]梦灵本体产出!$D$30:$D$38,[1]梦灵本体产出!$L$30:$L$38)*T153*10/[1]梦灵属性!$K$26,[1]梦灵属性!$K$56:$K$104,1) -> 16 | AT153: 9 | AU153: =IFERROR(MATCH(_xlfn.XLOOKUP(K153,[1]梦灵本体产出!$D$30:$D$38,[1]梦灵本体产出!$M$30:$M$38)*Q153*10/[1]梦灵属性!$K$26,[1]梦灵属性!$K$56:$K$104,1),0) -> 0 | AV153: =IFERROR(MATCH(_xlfn.XLOOKUP(L153,[1]梦灵本体产出!$D$30:$D$38,[1]梦灵本体产出!$M$30:$M$38)*R153*10/[1]梦灵属性!$K$26,[1]梦灵属性!$K$56:$K$104,1),0) -> 0 | AW153: =IFERROR(MATCH(_xlfn.XLOOKUP(M153,[1]梦灵本体产出!$D$30:$D$38,[1]梦灵本体产出!$M$30:$M$38)*S153*10/[1]梦灵属性!$K$26,[1]梦灵属性!$K$56:$K$104,1),0) -> 0 | AX153: =IFERROR(MATCH(_xlfn.XLOOKUP(N153,[1]梦灵本体产出!$D$30:$D$38,[1]梦灵本体产出!$M$30:$M$38)*T153*10/[1]梦灵属性!$K$26,[1]梦灵属性!$K$56:$K$104,1),0) -> 8 | AZ153: =AC153*1*3+AI153*1.2*6+AO153*1.4*6+AU153*1.6*6+150 -> 428.4
C154: 4橙 | D154: 10 | E154: 蜘蛛女王 | F154: 唐小僧 | G154: 唐小僧 | H154: 诸葛亮 | J154: 10 | K154: 3 | L154: 3 | M154: 3 | N154: 4 | P154: 10 | Q154: 1822.7143 | R154: 2171.0476 | S154: 3112.8571 | T154: 3849.0714 | V154: 10 | W154: =100*30*1.1*7 -> 23100 | X154: =130*1.1*30*7 -> 30030 | Y154: =208*1.1*30*7 -> 48048 | Z154: =275*1.1*30*7 -> 63525 | AB154: 10 | AC154: =MATCH(_xlfn.XLOOKUP(K154,[1]梦灵本体产出!$D$30:$D$38,[1]梦灵本体产出!$J$30:$J$38)*Q154*10/[1]梦灵属性!$K$26,[1]梦灵属性!$K$56:$K$104,1) -> 25 | AD154: =MATCH(_xlfn.XLOOKUP(L154,[1]梦灵本体产出!$D$30:$D$38,[1]梦灵本体产出!$J$30:$J$38)*R154*10/[1]梦灵属性!$K$26,[1]梦灵属性!$K$56:$K$104,1) -> 26 | AE154: =MATCH(_xlfn.XLOOKUP(M154,[1]梦灵本体产出!$D$30:$D$38,[1]梦灵本体产出!$J$30:$J$38)*S154*10/[1]梦灵属性!$K$26,[1]梦灵属性!$K$56:$K$104,1) -> 29 | AF154: =MATCH(_xlfn.XLOOKUP(N154,[1]梦灵本体产出!$D$30:$D$38,[1]梦灵本体产出!$J$30:$J$38)*T154*10/[1]梦灵属性!$K$26,[1]梦灵属性!$K$56:$K$104,1) -> 30 | AH154: 10 | AI154: =MATCH(_xlfn.XLOOKUP(K154,[1]梦灵本体产出!$D$30:$D$38,[1]梦灵本体产出!$K$30:$K$38)*Q154*10/[1]梦灵属性!$K$26,[1]梦灵属性!$K$56:$K$104,1) -> 18 | AJ154: =MATCH(_xlfn.XLOOKUP(L154,[1]梦灵本体产出!$D$30:$D$38,[1]梦灵本体产出!$K$30:$K$38)*R154*10/[1]梦灵属性!$K$26,[1]梦灵属性!$K$56:$K$104,1) -> 19 | AK154: =MATCH(_xlfn.XLOOKUP(M154,[1]梦灵本体产出!$D$30:$D$38,[1]梦灵本体产出!$K$30:$K$38)*S154*10/[1]梦灵属性!$K$26,[1]梦灵属性!$K$56:$K$104,1) -> 23 | AL154: =MATCH(_xlfn.XLOOKUP(N154,[1]梦灵本体产出!$D$30:$D$38,[1]梦灵本体产出!$K$30:$K$38)*T154*10/[1]梦灵属性!$K$26,[1]梦灵属性!$K$56:$K$104,1) -> 26 | AN154: 10 | AO154: =MATCH(_xlfn.XLOOKUP(K154,[1]梦灵本体产出!$D$30:$D$38,[1]梦灵本体产出!$L$30:$L$38)*Q154*10/[1]梦灵属性!$K$26,[1]梦灵属性!$K$56:$K$104,1) -> 10 | AP154: =MATCH(_xlfn.XLOOKUP(L154,[1]梦灵本体产出!$D$30:$D$38,[1]梦灵本体产出!$L$30:$L$38)*R154*10/[1]梦灵属性!$K$26,[1]梦灵属性!$K$56:$K$104,1) -> 11 | AQ154: =MATCH(_xlfn.XLOOKUP(M154,[1]梦灵本体产出!$D$30:$D$38,[1]梦灵本体产出!$L$30:$L$38)*S154*10/[1]梦灵属性!$K$26,[1]梦灵属性!$K$56:$K$104,1) -> 14 | AR154: =MATCH(_xlfn.XLOOKUP(N154,[1]梦灵本体产出!$D$30:$D$38,[1]梦灵本体产出!$L$30:$L$38)*T154*10/[1]梦灵属性!$K$26,[1]梦灵属性!$K$56:$K$104,1) -> 17 | AT154: 10 | AU154: =IFERROR(MATCH(_xlfn.XLOOKUP(K154,[1]梦灵本体产出!$D$30:$D$38,[1]梦灵本体产出!$M$30:$M$38)*Q154*10/[1]梦灵属性!$K$26,[1]梦灵属性!$K$56:$K$104,1),0) -> 0 | AV154: =IFERROR(MATCH(_xlfn.XLOOKUP(L154,[1]梦灵本体产出!$D$30:$D$38,[1]梦灵本体产出!$M$30:$M$38)*R154*10/[1]梦灵属性!$K$26,[1]梦灵属性!$K$56:$K$104,1),0) -> 0 | AW154: =IFERROR(MATCH(_xlfn.XLOOKUP(M154,[1]梦灵本体产出!$D$30:$D$38,[1]梦灵本体产出!$M$30:$M$38)*S154*10/[1]梦灵属性!$K$26,[1]梦灵属性!$K$56:$K$104,1),0) -> 0 | AX154: =IFERROR(MATCH(_xlfn.XLOOKUP(N154,[1]梦灵本体产出!$D$30:$D$38,[1]梦灵本体产出!$M$30:$M$38)*T154*10/[1]梦灵属性!$K$26,[1]梦灵属性!$K$56:$K$104,1),0) -> 9 | AZ154: =AC154*1*3+AI154*1.2*6+AO154*1.4*6+AU154*1.6*6+150 -> 438.6
C155: 4橙 | D155: 11 | E155: 蜘蛛女王 | F155: 唐小僧 | G155: 诸葛亮 | H155: 诸葛亮 | J155: 11 | K155: 3 | L155: 3 | M155: 4 | N155: 4 | P155: 11 | Q155: 1936.4857 | R155: 2314.1524 | S155: 3341.3429 | T155: 4151.1786 | V155: 11 | W155: =100*30*1.1*7 -> 23100 | X155: =130*1.1*30*7 -> 30030 | Y155: =208*1.1*30*7 -> 48048 | Z155: =275*1.1*30*7 -> 63525 | AB155: 11 | AC155: =MATCH(_xlfn.XLOOKUP(K155,[1]梦灵本体产出!$D$30:$D$38,[1]梦灵本体产出!$J$30:$J$38)*Q155*10/[1]梦灵属性!$K$26,[1]梦灵属性!$K$56:$K$104,1) -> 25 | AD155: =MATCH(_xlfn.XLOOKUP(L155,[1]梦灵本体产出!$D$30:$D$38,[1]梦灵本体产出!$J$30:$J$38)*R155*10/[1]梦灵属性!$K$26,[1]梦灵属性!$K$56:$K$104,1) -> 27 | AE155: =MATCH(_xlfn.XLOOKUP(M155,[1]梦灵本体产出!$D$30:$D$38,[1]梦灵本体产出!$J$30:$J$38)*S155*10/[1]梦灵属性!$K$26,[1]梦灵属性!$K$56:$K$104,1) -> 29 | AF155: =MATCH(_xlfn.XLOOKUP(N155,[1]梦灵本体产出!$D$30:$D$38,[1]梦灵本体产出!$J$30:$J$38)*T155*10/[1]梦灵属性!$K$26,[1]梦灵属性!$K$56:$K$104,1) -> 30 | AH155: 11 | AI155: =MATCH(_xlfn.XLOOKUP(K155,[1]梦灵本体产出!$D$30:$D$38,[1]梦灵本体产出!$K$30:$K$38)*Q155*10/[1]梦灵属性!$K$26,[1]梦灵属性!$K$56:$K$104,1) -> 18 | AJ155: =MATCH(_xlfn.XLOOKUP(L155,[1]梦灵本体产出!$D$30:$D$38,[1]梦灵本体产出!$K$30:$K$38)*R155*10/[1]梦灵属性!$K$26,[1]梦灵属性!$K$56:$K$104,1) -> 20 | AK155: =MATCH(_xlfn.XLOOKUP(M155,[1]梦灵本体产出!$D$30:$D$38,[1]梦灵本体产出!$K$30:$K$38)*S155*10/[1]梦灵属性!$K$26,[1]梦灵属性!$K$56:$K$104,1) -> 25 | AL155: =MATCH(_xlfn.XLOOKUP(N155,[1]梦灵本体产出!$D$30:$D$38,[1]梦灵本体产出!$K$30:$K$38)*T155*10/[1]梦灵属性!$K$26,[1]梦灵属性!$K$56:$K$104,1) -> 26 | AN155: 11 | AO155: =MATCH(_xlfn.XLOOKUP(K155,[1]梦灵本体产出!$D$30:$D$38,[1]梦灵本体产出!$L$30:$L$38)*Q155*10/[1]梦灵属性!$K$26,[1]梦灵属性!$K$56:$K$104,1) -> 11 | AP155: =MATCH(_xlfn.XLOOKUP(L155,[1]梦灵本体产出!$D$30:$D$38,[1]梦灵本体产出!$L$30:$L$38)*R155*10/[1]梦灵属性!$K$26,[1]梦灵属性!$K$56:$K$104,1) -> 12 | AQ155: =MATCH(_xlfn.XLOOKUP(M155,[1]梦灵本体产出!$D$30:$D$38,[1]梦灵本体产出!$L$30:$L$38)*S155*10/[1]梦灵属性!$K$26,[1]梦灵属性!$K$56:$K$104,1) -> 15 | AR155: =MATCH(_xlfn.XLOOKUP(N155,[1]梦灵本体产出!$D$30:$D$38,[1]梦灵本体产出!$L$30:$L$38)*T155*10/[1]梦灵属性!$K$26,[1]梦灵属性!$K$56:$K$104,1) -> 17 | AT155: 11 | AU155: =IFERROR(MATCH(_xlfn.XLOOKUP(K155,[1]梦灵本体产出!$D$30:$D$38,[1]梦灵本体产出!$M$30:$M$38)*Q155*10/[1]梦灵属性!$K$26,[1]梦灵属性!$K$56:$K$104,1),0) -> 0 | AV155: =IFERROR(MATCH(_xlfn.XLOOKUP(L155,[1]梦灵本体产出!$D$30:$D$38,[1]梦灵本体产出!$M$30:$M$38)*R155*10/[1]梦灵属性!$K$26,[1]梦灵属性!$K$56:$K$104,1),0) -> 0 | AW155: =IFERROR(MATCH(_xlfn.XLOOKUP(M155,[1]梦灵本体产出!$D$30:$D$38,[1]梦灵本体产出!$M$30:$M$38)*S155*10/[1]梦灵属性!$K$26,[1]梦灵属性!$K$56:$K$104,1),0) -> 8 | AX155: =IFERROR(MATCH(_xlfn.XLOOKUP(N155,[1]梦灵本体产出!$D$30:$D$38,[1]梦灵本体产出!$M$30:$M$38)*T155*10/[1]梦灵属性!$K$26,[1]梦灵属性!$K$56:$K$104,1),0) -> 9 | AZ155: =AC155*1*3+AI155*1.2*6+AO155*1.4*6+AU155*1.6*6+150 -> 447
C156: 5橙 | D156: 12 | E156: 唐小僧 | F156: 唐小僧 | G156: 诸葛亮 | H156: 后羿 | J156: 12 | K156: 3 | L156: 3 | M156: 4 | N156: 4 | P156: 12 | Q156: 2050.2571 | R156: 2457.2571 | S156: 3569.8286 | T156: 4453.2857 | V156: 12 | W156: =100*30*1.1*7 -> 23100 | X156: =130*1.1*30*7 -> 30030 | Y156: =208*1.1*30*7 -> 48048 | Z156: =275*1.1*30*7 -> 63525 | AB156: 12 | AC156: =MATCH(_xlfn.XLOOKUP(K156,[1]梦灵本体产出!$D$30:$D$38,[1]梦灵本体产出!$J$30:$J$38)*Q156*10/[1]梦灵属性!$K$26,[1]梦灵属性!$K$56:$K$104,1) -> 26 | AD156: =MATCH(_xlfn.XLOOKUP(L156,[1]梦灵本体产出!$D$30:$D$38,[1]梦灵本体产出!$J$30:$J$38)*R156*10/[1]梦灵属性!$K$26,[1]梦灵属性!$K$56:$K$104,1) -> 28 | AE156: =MATCH(_xlfn.XLOOKUP(M156,[1]梦灵本体产出!$D$30:$D$38,[1]梦灵本体产出!$J$30:$J$38)*S156*10/[1]梦灵属性!$K$26,[1]梦灵属性!$K$56:$K$104,1) -> 29 | AF156: =MATCH(_xlfn.XLOOKUP(N156,[1]梦灵本体产出!$D$30:$D$38,[1]梦灵本体产出!$J$30:$J$38)*T156*10/[1]梦灵属性!$K$26,[1]梦灵属性!$K$56:$K$104,1) -> 31 | AH156: 12 | AI156: =MATCH(_xlfn.XLOOKUP(K156,[1]梦灵本体产出!$D$30:$D$38,[1]梦灵本体产出!$K$30:$K$38)*Q156*10/[1]梦灵属性!$K$26,[1]梦灵属性!$K$56:$K$104,1) -> 19 | AJ156: =MATCH(_xlfn.XLOOKUP(L156,[1]梦灵本体产出!$D$30:$D$38,[1]梦灵本体产出!$K$30:$K$38)*R156*10/[1]梦灵属性!$K$26,[1]梦灵属性!$K$56:$K$104,1) -> 20 | AK156: =MATCH(_xlfn.XLOOKUP(M156,[1]梦灵本体产出!$D$30:$D$38,[1]梦灵本体产出!$K$30:$K$38)*S156*10/[1]梦灵属性!$K$26,[1]梦灵属性!$K$56:$K$104,1) -> 25 | AL156: =MATCH(_xlfn.XLOOKUP(N156,[1]梦灵本体产出!$D$30:$D$38,[1]梦灵本体产出!$K$30:$K$38)*T156*10/[1]梦灵属性!$K$26,[1]梦灵属性!$K$56:$K$104,1) -> 27 | AN156: 12 | AO156: =MATCH(_xlfn.XLOOKUP(K156,[1]梦灵本体产出!$D$30:$D$38,[1]梦灵本体产出!$L$30:$L$38)*Q156*10/[1]梦灵属性!$K$26,[1]梦灵属性!$K$56:$K$104,1) -> 11 | AP156: =MATCH(_xlfn.XLOOKUP(L156,[1]梦灵本体产出!$D$30:$D$38,[1]梦灵本体产出!$L$30:$L$38)*R156*10/[1]梦灵属性!$K$26,[1]梦灵属性!$K$56:$K$104,1) -> 12 | AQ156: =MATCH(_xlfn.XLOOKUP(M156,[1]梦灵本体产出!$D$30:$D$38,[1]梦灵本体产出!$L$30:$L$38)*S156*10/[1]梦灵属性!$K$26,[1]梦灵属性!$K$56:$K$104,1) -> 16 | AR156: =MATCH(_xlfn.XLOOKUP(N156,[1]梦灵本体产出!$D$30:$D$38,[1]梦灵本体产出!$L$30:$L$38)*T156*10/[1]梦灵属性!$K$26,[1]梦灵属性!$K$56:$K$104,1) -> 18 | AT156: 12 | AU156: =IFERROR(MATCH(_xlfn.XLOOKUP(K156,[1]梦灵本体产出!$D$30:$D$38,[1]梦灵本体产出!$M$30:$M$38)*Q156*10/[1]梦灵属性!$K$26,[1]梦灵属性!$K$56:$K$104,1),0) -> 0 | AV156: =IFERROR(MATCH(_xlfn.XLOOKUP(L156,[1]梦灵本体产出!$D$30:$D$38,[1]梦灵本体产出!$M$30:$M$38)*R156*10/[1]梦灵属性!$K$26,[1]梦灵属性!$K$56:$K$104,1),0) -> 0 | AW156: =IFERROR(MATCH(_xlfn.XLOOKUP(M156,[1]梦灵本体产出!$D$30:$D$38,[1]梦灵本体产出!$M$30:$M$38)*S156*10/[1]梦灵属性!$K$26,[1]梦灵属性!$K$56:$K$104,1),0) -> 8 | AX156: =IFERROR(MATCH(_xlfn.XLOOKUP(N156,[1]梦灵本体产出!$D$30:$D$38,[1]梦灵本体产出!$M$30:$M$38)*T156*10/[1]梦灵属性!$K$26,[1]梦灵属性!$K$56:$K$104,1),0) -> 9 | AZ156: =AC156*1*3+AI156*1.2*6+AO156*1.4*6+AU156*1.6*6+150 -> 457.2
C157: 5橙 | D157: 13 | E157: 唐小僧 | F157: 唐小僧 | G157: 诸葛亮 | H157: 后羿 | J157: 13 | K157: 3 | L157: 3 | M157: 4 | N157: 4 | P157: 13 | Q157: 2164.0286 | R157: 2600.3619 | S157: 3798.3143 | T157: 4755.3929 | V157: 13 | W157: =100*30*1.1*7 -> 23100 | X157: =130*1.1*30*7 -> 30030 | Y157: =208*1.1*30*7 -> 48048 | Z157: =275*1.1*30*7 -> 63525 | AB157: 13 | AC157: =MATCH(_xlfn.XLOOKUP(K157,[1]梦灵本体产出!$D$30:$D$38,[1]梦灵本体产出!$J$30:$J$38)*Q157*10/[1]梦灵属性!$K$26,[1]梦灵属性!$K$56:$K$104,1) -> 26 | AD157: =MATCH(_xlfn.XLOOKUP(L157,[1]梦灵本体产出!$D$30:$D$38,[1]梦灵本体产出!$J$30:$J$38)*R157*10/[1]梦灵属性!$K$26,[1]梦灵属性!$K$56:$K$104,1) -> 28 | AE157: =MATCH(_xlfn.XLOOKUP(M157,[1]梦灵本体产出!$D$30:$D$38,[1]梦灵本体产出!$J$30:$J$38)*S157*10/[1]梦灵属性!$K$26,[1]梦灵属性!$K$56:$K$104,1) -> 30 | AF157: =MATCH(_xlfn.XLOOKUP(N157,[1]梦灵本体产出!$D$30:$D$38,[1]梦灵本体产出!$J$30:$J$38)*T157*10/[1]梦灵属性!$K$26,[1]梦灵属性!$K$56:$K$104,1) -> 32 | AH157: 13 | AI157: =MATCH(_xlfn.XLOOKUP(K157,[1]梦灵本体产出!$D$30:$D$38,[1]梦灵本体产出!$K$30:$K$38)*Q157*10/[1]梦灵属性!$K$26,[1]梦灵属性!$K$56:$K$104,1) -> 19 | AJ157: =MATCH(_xlfn.XLOOKUP(L157,[1]梦灵本体产出!$D$30:$D$38,[1]梦灵本体产出!$K$30:$K$38)*R157*10/[1]梦灵属性!$K$26,[1]梦灵属性!$K$56:$K$104,1) -> 21 | AK157: =MATCH(_xlfn.XLOOKUP(M157,[1]梦灵本体产出!$D$30:$D$38,[1]梦灵本体产出!$K$30:$K$38)*S157*10/[1]梦灵属性!$K$26,[1]梦灵属性!$K$56:$K$104,1) -> 26 | AL157: =MATCH(_xlfn.XLOOKUP(N157,[1]梦灵本体产出!$D$30:$D$38,[1]梦灵本体产出!$K$30:$K$38)*T157*10/[1]梦灵属性!$K$26,[1]梦灵属性!$K$56:$K$104,1) -> 28 | AN157: 13 | AO157: =MATCH(_xlfn.XLOOKUP(K157,[1]梦灵本体产出!$D$30:$D$38,[1]梦灵本体产出!$L$30:$L$38)*Q157*10/[1]梦灵属性!$K$26,[1]梦灵属性!$K$56:$K$104,1) -> 11 | AP157: =MATCH(_xlfn.XLOOKUP(L157,[1]梦灵本体产出!$D$30:$D$38,[1]梦灵本体产出!$L$30:$L$38)*R157*10/[1]梦灵属性!$K$26,[1]梦灵属性!$K$56:$K$104,1) -> 13 | AQ157: =MATCH(_xlfn.XLOOKUP(M157,[1]梦灵本体产出!$D$30:$D$38,[1]梦灵本体产出!$L$30:$L$38)*S157*10/[1]梦灵属性!$K$26,[1]梦灵属性!$K$56:$K$104,1) -> 16 | AR157: =MATCH(_xlfn.XLOOKUP(N157,[1]梦灵本体产出!$D$30:$D$38,[1]梦灵本体产出!$L$30:$L$38)*T157*10/[1]梦灵属性!$K$26,[1]梦灵属性!$K$56:$K$104,1) -> 19 | AT157: 13 | AU157: =IFERROR(MATCH(_xlfn.XLOOKUP(K157,[1]梦灵本体产出!$D$30:$D$38,[1]梦灵本体产出!$M$30:$M$38)*Q157*10/[1]梦灵属性!$K$26,[1]梦灵属性!$K$56:$K$104,1),0) -> 0 | AV157: =IFERROR(MATCH(_xlfn.XLOOKUP(L157,[1]梦灵本体产出!$D$30:$D$38,[1]梦灵本体产出!$M$30:$M$38)*R157*10/[1]梦灵属性!$K$26,[1]梦灵属性!$K$56:$K$104,1),0) -> 0 | AW157: =IFERROR(MATCH(_xlfn.XLOOKUP(M157,[1]梦灵本体产出!$D$30:$D$38,[1]梦灵本体产出!$M$30:$M$38)*S157*10/[1]梦灵属性!$K$26,[1]梦灵属性!$K$56:$K$104,1),0) -> 9 | AX157: =IFERROR(MATCH(_xlfn.XLOOKUP(N157,[1]梦灵本体产出!$D$30:$D$38,[1]梦灵本体产出!$M$30:$M$38)*T157*10/[1]梦灵属性!$K$26,[1]梦灵属性!$K$56:$K$104,1),0) -> 10 | AZ157: =AC157*1*3+AI157*1.2*6+AO157*1.4*6+AU157*1.6*6+150 -> 457.2
... C204: 3红 | D204: 60 | E204: 女娲 | F204: 女娲 | G204: 女娲 | H204: 女娲 | J204: 60 | K204: 5 | L204: 5 | M204: 6 | N204: 7 | P204: 60 | Q204: 7511.2857 | R204: 9326.2857 | S204: 14537.143 | T204: 18954.429 | V204: 60 | W204: =100*30*1.1*7 -> 23100 | X204: =130*1.1*30*7 -> 30030 | Y204: =208*1.1*30*7 -> 48048 | Z204: =275*1.1*30*7 -> 63525 | AB204: 60 | AC204: =MATCH(_xlfn.XLOOKUP(K204,[1]梦灵本体产出!$D$30:$D$38,[1]梦灵本体产出!$J$30:$J$38)*Q204*10/[1]梦灵属性!$K$26,[1]梦灵属性!$K$56:$K$104,1) -> 34 | AD204: =MATCH(_xlfn.XLOOKUP(L204,[1]梦灵本体产出!$D$30:$D$38,[1]梦灵本体产出!$J$30:$J$38)*R204*10/[1]梦灵属性!$K$26,[1]梦灵属性!$K$56:$K$104,1) -> 36 | AE204: =MATCH(_xlfn.XLOOKUP(M204,[1]梦灵本体产出!$D$30:$D$38,[1]梦灵本体产出!$J$30:$J$38)*S204*10/[1]梦灵属性!$K$26,[1]梦灵属性!$K$56:$K$104,1) -> #N/A | AF204: =MATCH(_xlfn.XLOOKUP(N204,[1]梦灵本体产出!$D$30:$D$38,[1]梦灵本体产出!$J$30:$J$38)*T204*10/[1]梦灵属性!$K$26,[1]梦灵属性!$K$56:$K$104,1) -> #N/A | AH204: 60 | AI204: =MATCH(_xlfn.XLOOKUP(K204,[1]梦灵本体产出!$D$30:$D$38,[1]梦灵本体产出!$K$30:$K$38)*Q204*10/[1]梦灵属性!$K$26,[1]梦灵属性!$K$56:$K$104,1) -> 32 | AJ204: =MATCH(_xlfn.XLOOKUP(L204,[1]梦灵本体产出!$D$30:$D$38,[1]梦灵本体产出!$K$30:$K$38)*R204*10/[1]梦灵属性!$K$26,[1]梦灵属性!$K$56:$K$104,1) -> 34 | AK204: =MATCH(_xlfn.XLOOKUP(M204,[1]梦灵本体产出!$D$30:$D$38,[1]梦灵本体产出!$K$30:$K$38)*S204*10/[1]梦灵属性!$K$26,[1]梦灵属性!$K$56:$K$104,1) -> #N/A | AL204: =MATCH(_xlfn.XLOOKUP(N204,[1]梦灵本体产出!$D$30:$D$38,[1]梦灵本体产出!$K$30:$K$38)*T204*10/[1]梦灵属性!$K$26,[1]梦灵属性!$K$56:$K$104,1) -> #N/A | AN204: 60 | AO204: =MATCH(_xlfn.XLOOKUP(K204,[1]梦灵本体产出!$D$30:$D$38,[1]梦灵本体产出!$L$30:$L$38)*Q204*10/[1]梦灵属性!$K$26,[1]梦灵属性!$K$56:$K$104,1) -> 25 | AP204: =MATCH(_xlfn.XLOOKUP(L204,[1]梦灵本体产出!$D$30:$D$38,[1]梦灵本体产出!$L$30:$L$38)*R204*10/[1]梦灵属性!$K$26,[1]梦灵属性!$K$56:$K$104,1) -> 27 | AQ204: =MATCH(_xlfn.XLOOKUP(M204,[1]梦灵本体产出!$D$30:$D$38,[1]梦灵本体产出!$L$30:$L$38)*S204*10/[1]梦灵属性!$K$26,[1]梦灵属性!$K$56:$K$104,1) -> #N/A | AR204: =MATCH(_xlfn.XLOOKUP(N204,[1]梦灵本体产出!$D$30:$D$38,[1]梦灵本体产出!$L$30:$L$38)*T204*10/[1]梦灵属性!$K$26,[1]梦灵属性!$K$56:$K$104,1) -> #N/A | AT204: 60 | AU204: =IFERROR(MATCH(_xlfn.XLOOKUP(K204,[1]梦灵本体产出!$D$30:$D$38,[1]梦灵本体产出!$M$30:$M$38)*Q204*10/[1]梦灵属性!$K$26,[1]梦灵属性!$K$56:$K$104,1),0) -> 14 | AV204: =IFERROR(MATCH(_xlfn.XLOOKUP(L204,[1]梦灵本体产出!$D$30:$D$38,[1]梦灵本体产出!$M$30:$M$38)*R204*10/[1]梦灵属性!$K$26,[1]梦灵属性!$K$56:$K$104,1),0) -> 16 | AW204: =IFERROR(MATCH(_xlfn.XLOOKUP(M204,[1]梦灵本体产出!$D$30:$D$38,[1]梦灵本体产出!$M$30:$M$38)*S204*10/[1]梦灵属性!$K$26,[1]梦灵属性!$K$56:$K$104,1),0) -> 0 | AX204: =IFERROR(MATCH(_xlfn.XLOOKUP(N204,[1]梦灵本体产出!$D$30:$D$38,[1]梦灵本体产出!$M$30:$M$38)*T204*10/[1]梦灵属性!$K$26,[1]梦灵属性!$K$56:$K$104,1),0) -> 0 | AZ204: =AC204*1*3+AI204*1.2*6+AO204*1.4*6+AU204*1.6*6+150 -> 826.8
C207: 符文预期
K208: 131 | L208: 267 | M208: 276 | N208: 841
D209: 宝石品质 | E209: 非R | F209: 小R | G209: 中R | H209: 大R | J209: 宝石总产 | K209: 非R | L209: 小R | M209: 中R | N209: 大R | P209: 宝石数量 | Q209: 非R | R209: 小R | S209: 中R | T209: 大R | V209: 品质 | W209: 合成消耗/白 | X209: 属性
D210: 1 | E210: =OFFSET($V$209,MATCH(K210/OFFSET(内容释放节奏!$L$51,MATCH(E11,内容释放节奏!$K$52:$K$81,1),0),$W$210:$W$216,1),0) -> 绿 | F210: =OFFSET($V$209,MATCH(L210/OFFSET(内容释放节奏!$L$51,MATCH(F11,内容释放节奏!$K$52:$K$81,1),0),$W$210:$W$216,1),0) -> 蓝 | G210: =OFFSET($V$209,MATCH(M210/OFFSET(内容释放节奏!$L$51,MATCH(G11,内容释放节奏!$K$52:$K$81,1),0),$W$210:$W$216,1),0) -> 蓝 | H210: =OFFSET($V$209,MATCH(N210/OFFSET(内容释放节奏!$L$51,MATCH(H11,内容释放节奏!$K$52:$K$81,1),0),$W$210:$W$216,1),0) -> 蓝 | J210: 1 | K210: =K$208*$J210+L11*2 -> 155 | L210: =L$208*$J210+M11*2 -> 299 | M210: =M$208*$J210+N11*2 -> 316 | N210: =N$208*$J210+O11*2 -> 891 | P210: 1 | Q210: =OFFSET(内容释放节奏!$L$51,MATCH(E11,内容释放节奏!$K$52:$K$81,1),0) -> 11 | R210: =OFFSET(内容释放节奏!$L$51,MATCH(F11,内容释放节奏!$K$52:$K$81,1),0) -> 11 | S210: =OFFSET(内容释放节奏!$L$51,MATCH(G11,内容释放节奏!$K$52:$K$81,1),0) -> 11 | T210: =OFFSET(内容释放节奏!$L$51,MATCH(H11,内容释放节奏!$K$52:$K$81,1),0) -> 15 | V210: 白 | W210: 1 | X210: 3
D211: 2 | E211: =OFFSET($V$209,MATCH(K211/OFFSET(内容释放节奏!$L$51,MATCH(E12,内容释放节奏!$K$52:$K$81,1),0),$W$210:$W$216,1),0) -> 蓝 | F211: =OFFSET($V$209,MATCH(L211/OFFSET(内容释放节奏!$L$51,MATCH(F12,内容释放节奏!$K$52:$K$81,1),0),$W$210:$W$216,1),0) -> 蓝 | G211: =OFFSET($V$209,MATCH(M211/OFFSET(内容释放节奏!$L$51,MATCH(G12,内容释放节奏!$K$52:$K$81,1),0),$W$210:$W$216,1),0) -> 蓝 | H211: =OFFSET($V$209,MATCH(N211/OFFSET(内容释放节奏!$L$51,MATCH(H12,内容释放节奏!$K$52:$K$81,1),0),$W$210:$W$216,1),0) -> 紫 | J211: 2 | K211: =K$208*$J211+L12*2 -> 298 | L211: =L$208*$J211+M12*2 -> 582 | M211: =M$208*$J211+N12*2 -> 612 | N211: =N$208*$J211+O12*2 -> 1756 | P211: 2 | Q211: =OFFSET(内容释放节奏!$L$51,MATCH(E12,内容释放节奏!$K$52:$K$81,1),0) -> 16 | R211: =OFFSET(内容释放节奏!$L$51,MATCH(F12,内容释放节奏!$K$52:$K$81,1),0) -> 17 | S211: =OFFSET(内容释放节奏!$L$51,MATCH(G12,内容释放节奏!$K$52:$K$81,1),0) -> 17 | T211: =OFFSET(内容释放节奏!$L$51,MATCH(H12,内容释放节奏!$K$52:$K$81,1),0) -> 22 | V211: 绿 | W211: =W210*4 -> 4 | X211: 6
D212: 3 | E212: =OFFSET($V$209,MATCH(K212/OFFSET(内容释放节奏!$L$51,MATCH(E13,内容释放节奏!$K$52:$K$81,1),0),$W$210:$W$216,1),0) -> 蓝 | F212: =OFFSET($V$209,MATCH(L212/OFFSET(内容释放节奏!$L$51,MATCH(F13,内容释放节奏!$K$52:$K$81,1),0),$W$210:$W$216,1),0) -> 蓝 | G212: =OFFSET($V$209,MATCH(M212/OFFSET(内容释放节奏!$L$51,MATCH(G13,内容释放节奏!$K$52:$K$81,1),0),$W$210:$W$216,1),0) -> 蓝 | H212: =OFFSET($V$209,MATCH(N212/OFFSET(内容释放节奏!$L$51,MATCH(H13,内容释放节奏!$K$52:$K$81,1),0),$W$210:$W$216,1),0) -> 紫 | J212: 3 | K212: =K$208*$J212+L13*2 -> 439 | L212: =L$208*$J212+M13*2 -> 859 | M212: =M$208*$J212+N13*2 -> 898 | N212: =N$208*$J212+O13*2 -> 2609 | P212: 3 | Q212: =OFFSET(内容释放节奏!$L$51,MATCH(E13,内容释放节奏!$K$52:$K$81,1),0) -> 20 | R212: =OFFSET(内容释放节奏!$L$51,MATCH(F13,内容释放节奏!$K$52:$K$81,1),0) -> 21 | S212: =OFFSET(内容释放节奏!$L$51,MATCH(G13,内容释放节奏!$K$52:$K$81,1),0) -> 21 | T212: =OFFSET(内容释放节奏!$L$51,MATCH(H13,内容释放节奏!$K$52:$K$81,1),0) -> 25 | V212: 蓝 | W212: =W211*4 -> 16 | X212: 8
D213: 4 | E213: =OFFSET($V$209,MATCH(K213/OFFSET(内容释放节奏!$L$51,MATCH(E14,内容释放节奏!$K$52:$K$81,1),0),$W$210:$W$216,1),0) -> 蓝 | F213: =OFFSET($V$209,MATCH(L213/OFFSET(内容释放节奏!$L$51,MATCH(F14,内容释放节奏!$K$52:$K$81,1),0),$W$210:$W$216,1),0) -> 蓝 | G213: =OFFSET($V$209,MATCH(M213/OFFSET(内容释放节奏!$L$51,MATCH(G14,内容释放节奏!$K$52:$K$81,1),0),$W$210:$W$216,1),0) -> 蓝 | H213: =OFFSET($V$209,MATCH(N213/OFFSET(内容释放节奏!$L$51,MATCH(H14,内容释放节奏!$K$52:$K$81,1),0),$W$210:$W$216,1),0) -> 紫 | J213: 4 | K213: =K$208*$J213+L14*2 -> 578 | L213: =L$208*$J213+M14*2 -> 1136 | M213: =M$208*$J213+N14*2 -> 1188 | N213: =N$208*$J213+O14*2 -> 3468 | P213: 4 | Q213: =OFFSET(内容释放节奏!$L$51,MATCH(E14,内容释放节奏!$K$52:$K$81,1),0) -> 23 | R213: =OFFSET(内容释放节奏!$L$51,MATCH(F14,内容释放节奏!$K$52:$K$81,1),0) -> 24 | S213: =OFFSET(内容释放节奏!$L$51,MATCH(G14,内容释放节奏!$K$52:$K$81,1),0) -> 24 | T213: =OFFSET(内容释放节奏!$L$51,MATCH(H14,内容释放节奏!$K$52:$K$81,1),0) -> 28 | V213: 紫 | W213: =W212*4 -> 64 | X213: 12
D214: 5 | E214: =OFFSET($V$209,MATCH(K214/OFFSET(内容释放节奏!$L$51,MATCH(E15,内容释放节奏!$K$52:$K$81,1),0),$W$210:$W$216,1),0) -> 蓝 | F214: =OFFSET($V$209,MATCH(L214/OFFSET(内容释放节奏!$L$51,MATCH(F15,内容释放节奏!$K$52:$K$81,1),0),$W$210:$W$216,1),0) -> 蓝 | G214: =OFFSET($V$209,MATCH(M214/OFFSET(内容释放节奏!$L$51,MATCH(G15,内容释放节奏!$K$52:$K$81,1),0),$W$210:$W$216,1),0) -> 蓝 | H214: =OFFSET($V$209,MATCH(N214/OFFSET(内容释放节奏!$L$51,MATCH(H15,内容释放节奏!$K$52:$K$81,1),0),$W$210:$W$216,1),0) -> 紫 | J214: 5 | K214: =K$208*$J214+L15*2 -> 715 | L214: =L$208*$J214+M15*2 -> 1411 | M214: =M$208*$J214+N15*2 -> 1472 | N214: =N$208*$J214+O15*2 -> 4319 | P214: 5 | Q214: =OFFSET(内容释放节奏!$L$51,MATCH(E15,内容释放节奏!$K$52:$K$81,1),0) -> 25 | R214: =OFFSET(内容释放节奏!$L$51,MATCH(F15,内容释放节奏!$K$52:$K$81,1),0) -> 26 | S214: =OFFSET(内容释放节奏!$L$51,MATCH(G15,内容释放节奏!$K$52:$K$81,1),0) -> 26 | T214: =OFFSET(内容释放节奏!$L$51,MATCH(H15,内容释放节奏!$K$52:$K$81,1),0) -> 30 | V214: 橙 | W214: =W213*4 -> 256 | X214: 15
D215: 6 | E215: =OFFSET($V$209,MATCH(K215/OFFSET(内容释放节奏!$L$51,MATCH(E16,内容释放节奏!$K$52:$K$81,1),0),$W$210:$W$216,1),0) -> 蓝 | F215: =OFFSET($V$209,MATCH(L215/OFFSET(内容释放节奏!$L$51,MATCH(F16,内容释放节奏!$K$52:$K$81,1),0),$W$210:$W$216,1),0) -> 蓝 | G215: =OFFSET($V$209,MATCH(M215/OFFSET(内容释放节奏!$L$51,MATCH(G16,内容释放节奏!$K$52:$K$81,1),0),$W$210:$W$216,1),0) -> 蓝 | H215: =OFFSET($V$209,MATCH(N215/OFFSET(内容释放节奏!$L$51,MATCH(H16,内容释放节奏!$K$52:$K$81,1),0),$W$210:$W$216,1),0) -> 紫 | J215: 6 | K215: =K$208*$J215+L16*2 -> 852 | L215: =L$208*$J215+M16*2 -> 1684 | M215: =M$208*$J215+N16*2 -> 1754 | N215: =N$208*$J215+O16*2 -> 5168 | P215: 6 | Q215: =OFFSET(内容释放节奏!$L$51,MATCH(E16,内容释放节奏!$K$52:$K$81,1),0) -> 26 | R215: =OFFSET(内容释放节奏!$L$51,MATCH(F16,内容释放节奏!$K$52:$K$81,1),0) -> 28 | S215: =OFFSET(内容释放节奏!$L$51,MATCH(G16,内容释放节奏!$K$52:$K$81,1),0) -> 28 | T215: =OFFSET(内容释放节奏!$L$51,MATCH(H16,内容释放节奏!$K$52:$K$81,1),0) -> 30 | V215: 红 | W215: =W214*4 -> 1024 | X215: 18
D216: 7 | E216: =OFFSET($V$209,MATCH(K216/OFFSET(内容释放节奏!$L$51,MATCH(E17,内容释放节奏!$K$52:$K$81,1),0),$W$210:$W$216,1),0) -> 蓝 | F216: =OFFSET($V$209,MATCH(L216/OFFSET(内容释放节奏!$L$51,MATCH(F17,内容释放节奏!$K$52:$K$81,1),0),$W$210:$W$216,1),0) -> 紫 | G216: =OFFSET($V$209,MATCH(M216/OFFSET(内容释放节奏!$L$51,MATCH(G17,内容释放节奏!$K$52:$K$81,1),0),$W$210:$W$216,1),0) -> 紫 | H216: =OFFSET($V$209,MATCH(N216/OFFSET(内容释放节奏!$L$51,MATCH(H17,内容释放节奏!$K$52:$K$81,1),0),$W$210:$W$216,1),0) -> 紫 | J216: 7 | K216: =K$208*$J216+L17*2 -> 989 | L216: =L$208*$J216+M17*2 -> 1957 | M216: =M$208*$J216+N17*2 -> 2036 | N216: =N$208*$J216+O17*2 -> 6017 | P216: 7 | Q216: =OFFSET(内容释放节奏!$L$51,MATCH(E17,内容释放节奏!$K$52:$K$81,1),0) -> 28 | R216: =OFFSET(内容释放节奏!$L$51,MATCH(F17,内容释放节奏!$K$52:$K$81,1),0) -> 29 | S216: =OFFSET(内容释放节奏!$L$51,MATCH(G17,内容释放节奏!$K$52:$K$81,1),0) -> 29 | T216: =OFFSET(内容释放节奏!$L$51,MATCH(H17,内容释放节奏!$K$52:$K$81,1),0) -> 30 | V216: 彩 | W216: =W215*4 -> 4096 | X216: 20
D217: 8 | E217: =OFFSET($V$209,MATCH(K217/OFFSET(内容释放节奏!$L$51,MATCH(E18,内容释放节奏!$K$52:$K$81,1),0),$W$210:$W$216,1),0) -> 蓝 | F217: =OFFSET($V$209,MATCH(L217/OFFSET(内容释放节奏!$L$51,MATCH(F18,内容释放节奏!$K$52:$K$81,1),0),$W$210:$W$216,1),0) -> 紫 | G217: =OFFSET($V$209,MATCH(M217/OFFSET(内容释放节奏!$L$51,MATCH(G18,内容释放节奏!$K$52:$K$81,1),0),$W$210:$W$216,1),0) -> 紫 | H217: =OFFSET($V$209,MATCH(N217/OFFSET(内容释放节奏!$L$51,MATCH(H18,内容释放节奏!$K$52:$K$81,1),0),$W$210:$W$216,1),0) -> 紫 | J217: 8 | K217: =K$208*$J217+L18*2 -> 1126 | L217: =L$208*$J217+M18*2 -> 2230 | M217: =M$208*$J217+N18*2 -> 2318 | N217: =N$208*$J217+O18*2 -> 6864 | P217: 8 | Q217: =OFFSET(内容释放节奏!$L$51,MATCH(E18,内容释放节奏!$K$52:$K$81,1),0) -> 29 | R217: =OFFSET(内容释放节奏!$L$51,MATCH(F18,内容释放节奏!$K$52:$K$81,1),0) -> 30 | S217: =OFFSET(内容释放节奏!$L$51,MATCH(G18,内容释放节奏!$K$52:$K$81,1),0) -> 30 | T217: =OFFSET(内容释放节奏!$L$51,MATCH(H18,内容释放节奏!$K$52:$K$81,1),0) -> 30
D218: 9 | E218: =OFFSET($V$209,MATCH(K218/OFFSET(内容释放节奏!$L$51,MATCH(E19,内容释放节奏!$K$52:$K$81,1),0),$W$210:$W$216,1),0) -> 蓝 | F218: =OFFSET($V$209,MATCH(L218/OFFSET(内容释放节奏!$L$51,MATCH(F19,内容释放节奏!$K$52:$K$81,1),0),$W$210:$W$216,1),0) -> 紫 | G218: =OFFSET($V$209,MATCH(M218/OFFSET(内容释放节奏!$L$51,MATCH(G19,内容释放节奏!$K$52:$K$81,1),0),$W$210:$W$216,1),0) -> 紫 | H218: =OFFSET($V$209,MATCH(N218/OFFSET(内容释放节奏!$L$51,MATCH(H19,内容释放节奏!$K$52:$K$81,1),0),$W$210:$W$216,1),0) -> 橙 | J218: 9 | K218: =K$208*$J218+L19*2 -> 1261 | L218: =L$208*$J218+M19*2 -> 2501 | M218: =M$208*$J218+N19*2 -> 2600 | N218: =N$208*$J218+O19*2 -> 7713 | P218: 9 | Q218: =OFFSET(内容释放节奏!$L$51,MATCH(E19,内容释放节奏!$K$52:$K$81,1),0) -> 30 | R218: =OFFSET(内容释放节奏!$L$51,MATCH(F19,内容释放节奏!$K$52:$K$81,1),0) -> 30 | S218: =OFFSET(内容释放节奏!$L$51,MATCH(G19,内容释放节奏!$K$52:$K$81,1),0) -> 30 | T218: =OFFSET(内容释放节奏!$L$51,MATCH(H19,内容释放节奏!$K$52:$K$81,1),0) -> 30
D219: 10 | E219: =OFFSET($V$209,MATCH(K219/OFFSET(内容释放节奏!$L$51,MATCH(E20,内容释放节奏!$K$52:$K$81,1),0),$W$210:$W$216,1),0) -> 蓝 | F219: =OFFSET($V$209,MATCH(L219/OFFSET(内容释放节奏!$L$51,MATCH(F20,内容释放节奏!$K$52:$K$81,1),0),$W$210:$W$216,1),0) -> 紫 | G219: =OFFSET($V$209,MATCH(M219/OFFSET(内容释放节奏!$L$51,MATCH(G20,内容释放节奏!$K$52:$K$81,1),0),$W$210:$W$216,1),0) -> 紫 | H219: =OFFSET($V$209,MATCH(N219/OFFSET(内容释放节奏!$L$51,MATCH(H20,内容释放节奏!$K$52:$K$81,1),0),$W$210:$W$216,1),0) -> 橙 | J219: 10 | K219: =K$208*$J219+L20*2 -> 1396 | L219: =L$208*$J219+M20*2 -> 2774 | M219: =M$208*$J219+N20*2 -> 2882 | N219: =N$208*$J219+O20*2 -> 8562 | P219: 10 | Q219: =OFFSET(内容释放节奏!$L$51,MATCH(E20,内容释放节奏!$K$52:$K$81,1),0) -> 30 | R219: =OFFSET(内容释放节奏!$L$51,MATCH(F20,内容释放节奏!$K$52:$K$81,1),0) -> 30 | S219: =OFFSET(内容释放节奏!$L$51,MATCH(G20,内容释放节奏!$K$52:$K$81,1),0) -> 30 | T219: =OFFSET(内容释放节奏!$L$51,MATCH(H20,内容释放节奏!$K$52:$K$81,1),0) -> 30
D220: 11 | E220: =OFFSET($V$209,MATCH(K220/OFFSET(内容释放节奏!$L$51,MATCH(E21,内容释放节奏!$K$52:$K$81,1),0),$W$210:$W$216,1),0) -> 蓝 | F220: =OFFSET($V$209,MATCH(L220/OFFSET(内容释放节奏!$L$51,MATCH(F21,内容释放节奏!$K$52:$K$81,1),0),$W$210:$W$216,1),0) -> 紫 | G220: =OFFSET($V$209,MATCH(M220/OFFSET(内容释放节奏!$L$51,MATCH(G21,内容释放节奏!$K$52:$K$81,1),0),$W$210:$W$216,1),0) -> 紫 | H220: =OFFSET($V$209,MATCH(N220/OFFSET(内容释放节奏!$L$51,MATCH(H21,内容释放节奏!$K$52:$K$81,1),0),$W$210:$W$216,1),0) -> 橙 | J220: 11 | K220: =K$208*$J220+L21*2 -> 1531 | L220: =L$208*$J220+M21*2 -> 3045 | M220: =M$208*$J220+N21*2 -> 3164 | N220: =N$208*$J220+O21*2 -> 9411 | P220: 11 | Q220: =OFFSET(内容释放节奏!$L$51,MATCH(E21,内容释放节奏!$K$52:$K$81,1),0) -> 30 | R220: =OFFSET(内容释放节奏!$L$51,MATCH(F21,内容释放节奏!$K$52:$K$81,1),0) -> 30 | S220: =OFFSET(内容释放节奏!$L$51,MATCH(G21,内容释放节奏!$K$52:$K$81,1),0) -> 30 | T220: =OFFSET(内容释放节奏!$L$51,MATCH(H21,内容释放节奏!$K$52:$K$81,1),0) -> 30
D221: 12 | E221: =OFFSET($V$209,MATCH(K221/OFFSET(内容释放节奏!$L$51,MATCH(E22,内容释放节奏!$K$52:$K$81,1),0),$W$210:$W$216,1),0) -> 蓝 | F221: =OFFSET($V$209,MATCH(L221/OFFSET(内容释放节奏!$L$51,MATCH(F22,内容释放节奏!$K$52:$K$81,1),0),$W$210:$W$216,1),0) -> 紫 | G221: =OFFSET($V$209,MATCH(M221/OFFSET(内容释放节奏!$L$51,MATCH(G22,内容释放节奏!$K$52:$K$81,1),0),$W$210:$W$216,1),0) -> 紫 | H221: =OFFSET($V$209,MATCH(N221/OFFSET(内容释放节奏!$L$51,MATCH(H22,内容释放节奏!$K$52:$K$81,1),0),$W$210:$W$216,1),0) -> 橙 | J221: 12 | K221: =K$208*$J221+L22*2 -> 1666 | L221: =L$208*$J221+M22*2 -> 3316 | M221: =M$208*$J221+N22*2 -> 3444 | N221: =N$208*$J221+O22*2 -> 10256 | P221: 12 | Q221: =OFFSET(内容释放节奏!$L$51,MATCH(E22,内容释放节奏!$K$52:$K$81,1),0) -> 30 | R221: =OFFSET(内容释放节奏!$L$51,MATCH(F22,内容释放节奏!$K$52:$K$81,1),0) -> 30 | S221: =OFFSET(内容释放节奏!$L$51,MATCH(G22,内容释放节奏!$K$52:$K$81,1),0) -> 30 | T221: =OFFSET(内容释放节奏!$L$51,MATCH(H22,内容释放节奏!$K$52:$K$81,1),0) -> 30
D222: 13 | E222: =OFFSET($V$209,MATCH(K222/OFFSET(内容释放节奏!$L$51,MATCH(E23,内容释放节奏!$K$52:$K$81,1),0),$W$210:$W$216,1),0) -> 蓝 | F222: =OFFSET($V$209,MATCH(L222/OFFSET(内容释放节奏!$L$51,MATCH(F23,内容释放节奏!$K$52:$K$81,1),0),$W$210:$W$216,1),0) -> 紫 | G222: =OFFSET($V$209,MATCH(M222/OFFSET(内容释放节奏!$L$51,MATCH(G23,内容释放节奏!$K$52:$K$81,1),0),$W$210:$W$216,1),0) -> 紫 | H222: =OFFSET($V$209,MATCH(N222/OFFSET(内容释放节奏!$L$51,MATCH(H23,内容释放节奏!$K$52:$K$81,1),0),$W$210:$W$216,1),0) -> 橙 | J222: 13 | K222: =K$208*$J222+L23*2 -> 1799 | L222: =L$208*$J222+M23*2 -> 3587 | M222: =M$208*$J222+N23*2 -> 3724 | N222: =N$208*$J222+O23*2 -> 11103 | P222: 13 | Q222: =OFFSET(内容释放节奏!$L$51,MATCH(E23,内容释放节奏!$K$52:$K$81,1),0) -> 30 | R222: =OFFSET(内容释放节奏!$L$51,MATCH(F23,内容释放节奏!$K$52:$K$81,1),0) -> 30 | S222: =OFFSET(内容释放节奏!$L$51,MATCH(G23,内容释放节奏!$K$52:$K$81,1),0) -> 30 | T222: =OFFSET(内容释放节奏!$L$51,MATCH(H23,内容释放节奏!$K$52:$K$81,1),0) -> 30
D223: 14 | E223: =OFFSET($V$209,MATCH(K223/OFFSET(内容释放节奏!$L$51,MATCH(E24,内容释放节奏!$K$52:$K$81,1),0),$W$210:$W$216,1),0) -> 紫 | F223: =OFFSET($V$209,MATCH(L223/OFFSET(内容释放节奏!$L$51,MATCH(F24,内容释放节奏!$K$52:$K$81,1),0),$W$210:$W$216,1),0) -> 紫 | G223: =OFFSET($V$209,MATCH(M223/OFFSET(内容释放节奏!$L$51,MATCH(G24,内容释放节奏!$K$52:$K$81,1),0),$W$210:$W$216,1),0) -> 紫 | H223: =OFFSET($V$209,MATCH(N223/OFFSET(内容释放节奏!$L$51,MATCH(H24,内容释放节奏!$K$52:$K$81,1),0),$W$210:$W$216,1),0) -> 橙 | J223: 14 | K223: =K$208*$J223+L24*2 -> 1934 | L223: =L$208*$J223+M24*2 -> 3858 | M223: =M$208*$J223+N24*2 -> 4004 | N223: =N$208*$J223+O24*2 -> 11948 | P223: 14 | Q223: =OFFSET(内容释放节奏!$L$51,MATCH(E24,内容释放节奏!$K$52:$K$81,1),0) -> 30 | R223: =OFFSET(内容释放节奏!$L$51,MATCH(F24,内容释放节奏!$K$52:$K$81,1),0) -> 30 | S223: =OFFSET(内容释放节奏!$L$51,MATCH(G24,内容释放节奏!$K$52:$K$81,1),0) -> 30 | T223: =OFFSET(内容释放节奏!$L$51,MATCH(H24,内容释放节奏!$K$52:$K$81,1),0) -> 30
D224: 15 | E224: =OFFSET($V$209,MATCH(K224/OFFSET(内容释放节奏!$L$51,MATCH(E25,内容释放节奏!$K$52:$K$81,1),0),$W$210:$W$216,1),0) -> 紫 | F224: =OFFSET($V$209,MATCH(L224/OFFSET(内容释放节奏!$L$51,MATCH(F25,内容释放节奏!$K$52:$K$81,1),0),$W$210:$W$216,1),0) -> 紫 | G224: =OFFSET($V$209,MATCH(M224/OFFSET(内容释放节奏!$L$51,MATCH(G25,内容释放节奏!$K$52:$K$81,1),0),$W$210:$W$216,1),0) -> 紫 | H224: =OFFSET($V$209,MATCH(N224/OFFSET(内容释放节奏!$L$51,MATCH(H25,内容释放节奏!$K$52:$K$81,1),0),$W$210:$W$216,1),0) -> 橙 | J224: 15 | K224: =K$208*$J224+L25*2 -> 2067 | L224: =L$208*$J224+M25*2 -> 4127 | M224: =M$208*$J224+N25*2 -> 4282 | N224: =N$208*$J224+O25*2 -> 12791 | P224: 15 | Q224: =OFFSET(内容释放节奏!$L$51,MATCH(E25,内容释放节奏!$K$52:$K$81,1),0) -> 30 | R224: =OFFSET(内容释放节奏!$L$51,MATCH(F25,内容释放节奏!$K$52:$K$81,1),0) -> 30 | S224: =OFFSET(内容释放节奏!$L$51,MATCH(G25,内容释放节奏!$K$52:$K$81,1),0) -> 30 | T224: =OFFSET(内容释放节奏!$L$51,MATCH(H25,内容释放节奏!$K$52:$K$81,1),0) -> 30
D225: 16 | E225: =OFFSET($V$209,MATCH(K225/OFFSET(内容释放节奏!$L$51,MATCH(E26,内容释放节奏!$K$52:$K$81,1),0),$W$210:$W$216,1),0) -> 紫 | F225: =OFFSET($V$209,MATCH(L225/OFFSET(内容释放节奏!$L$51,MATCH(F26,内容释放节奏!$K$52:$K$81,1),0),$W$210:$W$216,1),0) -> 紫 | G225: =OFFSET($V$209,MATCH(M225/OFFSET(内容释放节奏!$L$51,MATCH(G26,内容释放节奏!$K$52:$K$81,1),0),$W$210:$W$216,1),0) -> 紫 | H225: =OFFSET($V$209,MATCH(N225/OFFSET(内容释放节奏!$L$51,MATCH(H26,内容释放节奏!$K$52:$K$81,1),0),$W$210:$W$216,1),0) -> 橙 | J225: 16 | K225: =K$208*$J225+L26*2 -> 2202 | L225: =L$208*$J225+M26*2 -> 4396 | M225: =M$208*$J225+N26*2 -> 4560 | N225: =N$208*$J225+O26*2 -> 13636 | P225: 16 | Q225: =OFFSET(内容释放节奏!$L$51,MATCH(E26,内容释放节奏!$K$52:$K$81,1),0) -> 30 | R225: =OFFSET(内容释放节奏!$L$51,MATCH(F26,内容释放节奏!$K$52:$K$81,1),0) -> 30 | S225: =OFFSET(内容释放节奏!$L$51,MATCH(G26,内容释放节奏!$K$52:$K$81,1),0) -> 30 | T225: =OFFSET(内容释放节奏!$L$51,MATCH(H26,内容释放节奏!$K$52:$K$81,1),0) -> 30
D226: 17 | E226: =OFFSET($V$209,MATCH(K226/OFFSET(内容释放节奏!$L$51,MATCH(E27,内容释放节奏!$K$52:$K$81,1),0),$W$210:$W$216,1),0) -> 紫 | F226: =OFFSET($V$209,MATCH(L226/OFFSET(内容释放节奏!$L$51,MATCH(F27,内容释放节奏!$K$52:$K$81,1),0),$W$210:$W$216,1),0) -> 紫 | G226: =OFFSET($V$209,MATCH(M226/OFFSET(内容释放节奏!$L$51,MATCH(G27,内容释放节奏!$K$52:$K$81,1),0),$W$210:$W$216,1),0) -> 紫 | H226: =OFFSET($V$209,MATCH(N226/OFFSET(内容释放节奏!$L$51,MATCH(H27,内容释放节奏!$K$52:$K$81,1),0),$W$210:$W$216,1),0) -> 橙 | J226: 17 | K226: =K$208*$J226+L27*2 -> 2335 | L226: =L$208*$J226+M27*2 -> 4665 | M226: =M$208*$J226+N27*2 -> 4838 | N226: =N$208*$J226+O27*2 -> 14479 | P226: 17 | Q226: =OFFSET(内容释放节奏!$L$51,MATCH(E27,内容释放节奏!$K$52:$K$81,1),0) -> 30 | R226: =OFFSET(内容释放节奏!$L$51,MATCH(F27,内容释放节奏!$K$52:$K$81,1),0) -> 30 | S226: =OFFSET(内容释放节奏!$L$51,MATCH(G27,内容释放节奏!$K$52:$K$81,1),0) -> 30 | T226: =OFFSET(内容释放节奏!$L$51,MATCH(H27,内容释放节奏!$K$52:$K$81,1),0) -> 30
D227: 18 | E227: =OFFSET($V$209,MATCH(K227/OFFSET(内容释放节奏!$L$51,MATCH(E28,内容释放节奏!$K$52:$K$81,1),0),$W$210:$W$216,1),0) -> 紫 | F227: =OFFSET($V$209,MATCH(L227/OFFSET(内容释放节奏!$L$51,MATCH(F28,内容释放节奏!$K$52:$K$81,1),0),$W$210:$W$216,1),0) -> 紫 | G227: =OFFSET($V$209,MATCH(M227/OFFSET(内容释放节奏!$L$51,MATCH(G28,内容释放节奏!$K$52:$K$81,1),0),$W$210:$W$216,1),0) -> 紫 | H227: =OFFSET($V$209,MATCH(N227/OFFSET(内容释放节奏!$L$51,MATCH(H28,内容释放节奏!$K$52:$K$81,1),0),$W$210:$W$216,1),0) -> 橙 | J227: 18 | K227: =K$208*$J227+L28*2 -> 2468 | L227: =L$208*$J227+M28*2 -> 4934 | M227: =M$208*$J227+N28*2 -> 5116 | N227: =N$208*$J227+O28*2 -> 15322 | P227: 18 | Q227: =OFFSET(内容释放节奏!$L$51,MATCH(E28,内容释放节奏!$K$52:$K$81,1),0) -> 30 | R227: =OFFSET(内容释放节奏!$L$51,MATCH(F28,内容释放节奏!$K$52:$K$81,1),0) -> 30 | S227: =OFFSET(内容释放节奏!$L$51,MATCH(G28,内容释放节奏!$K$52:$K$81,1),0) -> 30 | T227: =OFFSET(内容释放节奏!$L$51,MATCH(H28,内容释放节奏!$K$52:$K$81,1),0) -> 30
D228: 19 | E228: =OFFSET($V$209,MATCH(K228/OFFSET(内容释放节奏!$L$51,MATCH(E29,内容释放节奏!$K$52:$K$81,1),0),$W$210:$W$216,1),0) -> 紫 | F228: =OFFSET($V$209,MATCH(L228/OFFSET(内容释放节奏!$L$51,MATCH(F29,内容释放节奏!$K$52:$K$81,1),0),$W$210:$W$216,1),0) -> 紫 | G228: =OFFSET($V$209,MATCH(M228/OFFSET(内容释放节奏!$L$51,MATCH(G29,内容释放节奏!$K$52:$K$81,1),0),$W$210:$W$216,1),0) -> 紫 | H228: =OFFSET($V$209,MATCH(N228/OFFSET(内容释放节奏!$L$51,MATCH(H29,内容释放节奏!$K$52:$K$81,1),0),$W$210:$W$216,1),0) -> 橙 | J228: 19 | K228: =K$208*$J228+L29*2 -> 2601 | L228: =L$208*$J228+M29*2 -> 5203 | M228: =M$208*$J228+N29*2 -> 5394 | N228: =N$208*$J228+O29*2 -> 16165 | P228: 19 | Q228: =OFFSET(内容释放节奏!$L$51,MATCH(E29,内容释放节奏!$K$52:$K$81,1),0) -> 30 | R228: =OFFSET(内容释放节奏!$L$51,MATCH(F29,内容释放节奏!$K$52:$K$81,1),0) -> 30 | S228: =OFFSET(内容释放节奏!$L$51,MATCH(G29,内容释放节奏!$K$52:$K$81,1),0) -> 30 | T228: =OFFSET(内容释放节奏!$L$51,MATCH(H29,内容释放节奏!$K$52:$K$81,1),0) -> 30
... D269: 60 | E269: =OFFSET($V$209,MATCH(K269/OFFSET(内容释放节奏!$L$51,MATCH(E70,内容释放节奏!$K$52:$K$81,1),0),$W$210:$W$216,1),0) -> 橙 | F269: =OFFSET($V$209,MATCH(L269/OFFSET(内容释放节奏!$L$51,MATCH(F70,内容释放节奏!$K$52:$K$81,1),0),$W$210:$W$216,1),0) -> 橙 | G269: =OFFSET($V$209,MATCH(M269/OFFSET(内容释放节奏!$L$51,MATCH(G70,内容释放节奏!$K$52:$K$81,1),0),$W$210:$W$216,1),0) -> 橙 | H269: =OFFSET($V$209,MATCH(N269/OFFSET(内容释放节奏!$L$51,MATCH(H70,内容释放节奏!$K$52:$K$81,1),0),$W$210:$W$216,1),0) -> 红 | J269: 60 | K269: =K$208*$J269+L70*2 -> 8034 | L269: =L$208*$J269+M70*2 -> 16222 | M269: =M$208*$J269+N70*2 -> 16792 | N269: =N$208*$J269+O70*2 -> 50750 | P269: 60 | Q269: =OFFSET(内容释放节奏!$L$51,MATCH(E70,内容释放节奏!$K$52:$K$81,1),0) -> 30 | R269: =OFFSET(内容释放节奏!$L$51,MATCH(F70,内容释放节奏!$K$52:$K$81,1),0) -> 30 | S269: =OFFSET(内容释放节奏!$L$51,MATCH(G70,内容释放节奏!$K$52:$K$81,1),0) -> 30 | T269: =OFFSET(内容释放节奏!$L$51,MATCH(H70,内容释放节奏!$K$52:$K$81,1),0) -> 30

Sheet 属性规划（旧）
C2: 属性对关卡贡献预期
D4: 1、角色基础面板以第十关为基础，后续每关释放7%给各个系统
F6: #偏泛用户 | G6: #梦灵易达成，后续转向符文 | I6: #外观为主 | K6: 额外20%
D7: 天数 | E7: 主要内容 | F7: 装备成长 | G7: 梦灵成长 | H7: 符文成长 | I7: 宠物成长 | J7: 主角成长 | K7: 赛季养成
D8: 1 | E8: 梦灵+装备 | F8: =1-SUM(G8:J8) -> 0.4 | G8: 0.35 | H8: 0.2 | J8: 0.05 | K8: 0.2
D9: 2 | E9: 梦灵+装备 | F9: =1-SUM(G9:J9) -> 0.4 | G9: 0.35 | H9: 0.2 | J9: 0.05 | K9: 0.2
D10: 3 | E10: 梦灵+装备 | F10: =1-SUM(G10:J10) -> 0.35 | G10: 0.35 | H10: 0.2 | I10: 0.05 | J10: 0.05 | K10: 0.2
D11: 5 | E11: 梦灵+装备 | F11: =1-SUM(G11:J11) -> 0.35 | G11: 0.35 | H11: 0.2 | I11: 0.05 | J11: 0.05 | K11: 0.2
D12: 7 | E12: 梦灵+装备 | F12: =1-SUM(G12:J12) -> 0.35 | G12: 0.32 | H12: 0.2 | I12: 0.08 | J12: 0.05 | K12: 0.2
D13: 10 | E13: 梦灵周期 | F13: =1-SUM(G13:J13) -> 0.33 | G13: 0.32 | H13: 0.22 | I13: 0.08 | J13: 0.05 | K13: 0.2
D14: 14 | E14: 符文周期 | F14: =1-SUM(G14:J14) -> 0.32 | G14: 0.32 | H14: 0.23 | I14: 0.08 | J14: 0.05 | K14: 0.2
D15: 20 | E15: 宠物周期 | F15: =1-SUM(G15:J15) -> 0.3 | G15: 0.3 | H15: 0.27 | I15: 0.08 | J15: 0.05 | K15: 0.2
D16: 27 | E16: 梦灵周期 | F16: =1-SUM(G16:J16) -> 0.3 | G16: 0.27 | H16: 0.28 | I16: 0.1 | J16: 0.05 | K16: 0.2
D17: 34 | E17: 符文周期 | F17: =1-SUM(G17:J17) -> 0.3 | G17: 0.27 | H17: 0.28 | I17: 0.1 | J17: 0.05 | K17: 0.2
D18: 41 | E18: 宠物周期 | F18: =1-SUM(G18:J18) -> 0.3 | G18: 0.25 | H18: 0.3 | I18: 0.1 | J18: 0.05 | K18: 0.2
D19: 48 | E19: 清仓甩卖 | F19: =1-SUM(G19:J19) -> 0.3 | G19: 0.25 | H19: 0.3 | I19: 0.1 | J19: 0.05 | K19: 0.2
D20: 55 | F20: =1-SUM(G20:J20) -> 0.3 | G20: 0.25 | H20: 0.3 | I20: 0.1 | J20: 0.05 | K20: 0.2
D21: 62 | F21: =1-SUM(G21:J21) -> 0.3 | G21: 0.25 | H21: 0.3 | I21: 0.1 | J21: 0.05 | K21: 0.2
D24: 2、以当前版本的七天双卡玩家为例，梦灵系统在当前版本上的占比最高
D26: 系统名 | E26: 养成玩法 | F26: 标准模板(10关) | G26: 属性贡献(七天) | H26: 关卡贡献 | I26: 玩法地位
D27: 装备系统 | E27: 装备攻击 | F27: =OFFSET($F$58,0,J27) -> 450 | G27: =OFFSET($F$76,0,J27) -> 1500 | H27: =OFFSET($F$80,0,J27) -> 15.376355 | I27: =SUM(H27:H28)/SUM($H$27:$H$42)*0.95 -> 0.49702681 | J27: 1
E28: 装备词条 | F28: =OFFSET($F$58,0,J28) -> 1 | G28: =OFFSET($F$76,0,J28) -> 1.2 | H28: =OFFSET($F$80,0,J28) -> 3.1533304 | J28: 2
D29: 梦灵系统 | E29: 主技能倍率 | F29: =OFFSET($F$58,0,J29) -> 1.15 | G29: =OFFSET($F$76,0,J29) -> 1.35 | H29: =OFFSET($F$80,0,J29) -> 2.4247488 | I29: =SUM(H29:H33)/SUM($H$27:$H$42)*0.95 -> 0.14042543 | J29: 3
E30: 升阶系数 | F30: =OFFSET($F$58,0,J30) -> 1 | G30: =OFFSET($F$76,0,J30) -> 1 | H30: =OFFSET($F$80,0,J30) -> 0 | J30: 4
E31: 皮肤倍率 | F31: =OFFSET($F$58,0,J31) -> 1 | G31: =OFFSET($F$76,0,J31) -> 1 | H31: =OFFSET($F$80,0,J31) -> 0 | J31: 5
E32: 卡带加成 | F32: =OFFSET($F$58,0,J32) -> 1 | G32: =OFFSET($F$76,0,J32) -> 1.1 | H32: =OFFSET($F$80,0,J32) -> 1.6484309 | J32: 6
E33: 等级系数 | F33: =OFFSET($F$58,0,J33) -> 1.2 | G33: =OFFSET($F$76,0,J33) -> 1.3 | H33: =OFFSET($F$80,0,J33) -> 1.1620289 | J33: 7
D34: 符文系统 | E34: 符文攻击 | F34: =OFFSET($F$58,0,J34) -> 80 | G34: =OFFSET($F$76,0,J34) -> 180 | H34: =OFFSET($F$80,0,J34) -> 1.6750066 | I34: =SUM(H34:H39)/SUM(H27:H42)*0.95 -> 0.31254776 | J34: 8
E35: 梦灵增伤 | F35: =OFFSET($F$58,0,J35) -> 1.16 | G35: =OFFSET($F$76,0,J35) -> 1.5 | H35: =OFFSET($F$80,0,J35) -> 3.8549632 | J35: 9
E36: 怪物增伤 | F36: =OFFSET($F$58,0,J36) -> 1.1 | G36: =OFFSET($F$76,0,J36) -> 1.8 | J36: 10
E37: 专属符文 | F37: =OFFSET($F$58,0,J37) -> 1 | G37: =OFFSET($F$76,0,J37) -> 1.28 | H37: =OFFSET($F$80,0,J37) -> 4.2695521 | J37: 11
E38: 特殊符文 | F38: =OFFSET($F$58,0,J38) -> 1 | G38: =OFFSET($F$76,0,J38) -> 1 | H38: =OFFSET($F$80,0,J38) -> 0 | J38: 12
E39: 暴击收益 | F39: =OFFSET($F$58,0,J39) -> 1.03 | G39: =OFFSET($F$76,0,J39) -> 1.15 | H39: =OFFSET($F$80,0,J39) -> 1.8525888 | J39: 13
E40: 暴击伤害 | F40: =OFFSET($F$58,0,J40) -> 1.6 | G40: =OFFSET($F$76,0,J40) -> 4 | H40: =OFFSET($F$80,0,J40) -> 0 | J40: 14
E41: 体系增伤 | F41: =OFFSET($F$58,0,J41) -> 1 | G41: =OFFSET($F$76,0,J41) -> 1 | H41: =OFFSET($F$80,0,J41) -> 0 | J41: 15
D42: 宠物系统 | E42: 宠物升级 | F42: =OFFSET($F$58,0,J42) -> 0 | G42: =OFFSET($F$76,0,J42) -> 0 | H42: =OFFSET($F$80,0,J42) -> 0 | I42: 0.05 | J42: 16
C45: 属性计算细节
D47: 符文规划
E48: 共六个符文乘区，每个独立乘区都是可稀释的衰减
E49: 1、梦灵增伤=>满血增伤/残血增伤
E50: 2、肉盾增伤=>精英增伤
E51: 3、专属：一大哥+一小弟
E52: 4、符文最终增伤，确保不稀释，但是上限=5，国王（收益低）=>词条
E53: 5、暴击收益最稳定，会随着图鉴不断提升收益
E54: 6、职业+体系增伤
O55: 1~6 | P55: 1~6 | Q55: 1~6 | R55: 1~6 | S55: 1~6 | T55: 1~6
D56: 每关成长 | E56: 0.07 | G56: 装备成长 | I56: 梦灵成长 | N56: 符文成长 | W56: 宠物 | AA56: 主角成长
D57: 基础战力构造 | F57: 怪物生命 | G57: 攻击 | H57: 伤害加成 | I57: 主技能+被动 | J57: 升阶技能 | K57: 皮肤系数 | L57: 卡带加成 | M57: 等级系数 | N57: 符文攻击 | O57: 梦灵增伤 | P57: 怪物增伤 | Q57: 专属符文增伤 | R57: 符文最终增伤 | S57: 暴击收益 | T57: 暴击伤害 | U57: 职业/体系增伤 | V57: 宠物升级 | W57: 宠物升阶 | X57: 宠物主动技 | Y57: 宠物被动技 | Z57: 主角攻击 | AA57: 主角暴击 | AB57: 技能倍率 | AC57: 主角伤害加成
D58: 基础模板(10关) | F58: =(G58+N58)*H58*S58*I58*M58*O58*P58*Q58*R58*U58*K58*J58*L58 -> 961.26439 | G58: 450 | H58: 1 | I58: =115% -> 1.15 | J58: 1 | K58: 1 | L58: 1 | M58: =1+5%*4 -> 1.2 | N58: 80 | O58: 1.16 | P58: 1.1 | Q58: 1 | R58: 1 | S58: =T58*5%+(1-5%)*1 -> 1.03 | T58: 1.6 | U58: 1
D59: 增量1 | F59: =F58*1.01 -> 970.87704 | G59: =G58*1.01 -> 454.5 | H59: =H58+0.01 -> 1.01 | I59: =I58+0.01 -> 1.16 | J59: =J58+1% -> 1.01 | K59: =K58+0.01 -> 1.01 | L59: =L58+0.01 -> 1.01 | M59: =M58+0.01 -> 1.21 | N59: =N58+N58*0.01 -> 80.8 | O59: =O58+0.01 -> 1.17 | P59: =P58+0.01 -> 1.11 | Q59: =Q58+0.01 -> 1.01 | R59: =R58+0.01 -> 1.01 | S59: =S58+0.01 -> 1.04 | U59: 1.01
D60: 战斗回合 | E60: =F58/((G58+N58)*H58*(S58)*I58*M58*O58*P58*Q58*R58*U58*J58*K58*L58) -> 1 | F60: =F59/((G58+N58)*(H58)*S58*I58*M58*P58*O58*Q58*R58*U58*K58*J58*L58) -> 1.01 | G60: =F58/((G59+N58)*(H58)*S58*I58*M58*P58*O58*Q58*R58*U58*K58*J58*L58) -> 0.99158092 | H60: =F58/((G58+N58)*(H59)*S58*I58*M58*P58*O58*Q58*R58*U58*K58*J58*L58) -> 0.99009901 | I60: =F58/((G58+N58)*(H58)*S58*I59*M58*P58*O58*Q58*R58*U58*K58*J58*L58) -> 0.99137931 | J60: =F58/((G58+N58)*(H58)*S58*I58*M58*P58*O58*Q58*R58*U58*K58*J59*L58) -> 0.99009901 | K60: =F58/((G58+N58)*(H58)*S58*I58*M58*P58*O58*Q58*R58*U58*K59*J58*L58) -> 0.99009901 | L60: =F58/((G58+N58)*(H58)*S58*I58*M58*P58*O58*Q58*R58*U58*K58*J58*L59) -> 0.99009901 | M60: =F58/((G58+N58)*(H58)*S58*I58*M59*P58*O58*Q58*R58*U58*K58*J58*L58) -> 0.99173554 | N60: =F58/((G58+N59)*(H58)*S58*I58*M58*P58*O58*Q58*R58*U58*K58*J58*L58) -> 0.99849284 | O60: =F58/((G58+N58)*(H58)*S58*I58*M58*P58*O59*Q58*R58*U58*K58*J58*L58) -> 0.99145299 | P60: =F58/((G58+N58)*(H58)*S58*I58*M58*P59*O58*Q58*R58*U58*K58*J58*L58) -> 0.99099099 | Q60: =F58/((G58+N58)*(H58)*S58*I58*M58*P58*O58*Q59*R58*U58*K58*J58*L58) -> 0.99009901 | R60: =F58/((G58+N58)*(H58)*S58*I58*M58*P58*O58*Q58*R59*U58*K58*J58*L58) -> 0.99009901 | S60: =F58/((G58+N58)*(H58)*(S59)*I58*M58*P58*O58*Q58*R58*U58*K58*J58*L58) -> 0.99038462 | U60: =F58/((G58+N58)*(H58)*S58*I58*M58*P58*O58*Q58*R58*U59*K58*J58*L58) -> 0.99009901
D61: 战斗因子 | F61: =ABS(F60-E60)/ABS(F60-E60) -> 1 | G61: =ABS(G60-E60)/ABS(F60-E60) -> 0.84190833 | H61: =ABS(H60-E60)/ABS(F60-E60) -> 0.99009901 | I61: =ABS(I60-E60)/ABS(F60-E60) -> 0.86206897 | J61: =ABS(J60-E60)/ABS(F60-E60) -> 0.99009901 | K61: =ABS(K60-E60)/ABS(F60-E60) -> 0.99009901 | L61: =ABS(L60-E60)/ABS(F60-E60) -> 0.99009901 | M61: =ABS(M60-E60)/ABS(F60-E60) -> 0.82644628 | N61: =ABS(N60-E60)/ABS(F60-E60) -> 0.1507159 | O61: =ABS(O60-E60)/ABS(F60-E60) -> 0.85470085 | P61: =ABS(P60-E60)/ABS(F60-E60) -> 0.9009009 | Q61: =ABS(Q60-E60)/ABS(F60-E60) -> 0.99009901 | R61: =ABS(R60-E60)/ABS(F60-E60) -> 0.99009901 | S61: =ABS(S60-E60)/ABS(F60-E60) -> 0.96153846 | U61: =ABS(U60-E60)/ABS(F60-E60) -> 0.99009901
D64: 成长收益 | G64: =G61/G61*$E$56 -> 0.07 | H64: =G61/H61*$E$56 -> 0.059522919 | I64: =G61/I61*$E$56 -> 0.068362956 | J64: =G61/J61*$E$56 -> 0.059522919 | K64: =G61/K61*$E$56 -> 0.059522919 | L64: =G61/L61*$E$56 -> 0.059522919 | M64: =G61/M61*$E$56 -> 0.071309635 | N64: =G61/N61*$E$56 -> 0.39102432 | O64: =G61/O61*$E$56 -> 0.068952292 | P64: =G61/P61*$E$56 -> 0.065416277 | Q64: =G61/Q61*$E$56 -> 0.059522919 | R64: =G61/R61*$E$56 -> 0.059522919 | S64: =G61/S61*$E$56 -> 0.061290926 | U64: =G61/U61*$E$56 -> 0.059522919
N65: 3 | O65: 6 | P65: 7 | Q65: 4
N66: =N67/G67/N65 -> 0.04 | O66: =(O67/O$58-1)/O65 -> 0.020114943 | P66: =(P67/P$58-1)/P65 -> 0.038961039 | Q66: =(Q67/Q$58-1)/Q65 -> 0.045
C67: =(G67-G58)/(E71-E62) -> 16.700567 | D67: 标准模板(3天) | F67: =(G67+N67)*(H67)*(S67)*I67*J67*K67*L67*M67*O67*P67*Q67*R67*U67 -> 5359.2612 | G67: 1000 | H67: 1.1 | I67: =135% -> 1.35 | J67: 1 | K67: 1 | L67: 1.1 | M67: =100%+6%*4 -> 1.24 | N67: 120 | O67: 1.3 | P67: 1.4 | Q67: 1.18 | R67: 1 | S67: =5%*T67+0.95 -> 1.1 | T67: 3 | U67: 1
D68: 增量2 | F68: =F67*1.01 -> 5412.8538 | G68: =G67*1.01 -> 1010 | H68: =H67+1% -> 1.11 | I68: =I67+1% -> 1.36 | J68: =J67+1% -> 1.01 | K68: =K67+1% -> 1.01 | L68: =L67+1% -> 1.11 | M68: =M67+1% -> 1.25 | N68: =N67+1%*N67 -> 121.2 | O68: =O67+1% -> 1.31 | P68: =P67+0.01 -> 1.41 | Q68: =Q67+1% -> 1.19 | R68: =R67+1% -> 1.01 | S68: =S67+1% -> 1.11 | U68: =U67+1% -> 1.01
D69: 战斗回合 | E69: =F67/((G67+N67)*(H67)*(S67*100%)*I67*J67*K67*L67*M67*O67*P67*Q67*R67*U67) -> 1 | F69: =F68/((G67+N67)*(H67)*(S67*100%)*I67*M67*P67*O67*Q67*R67*U67*K67*J67*L67) -> 1.01 | G69: =F67/((G68+N67)*(H67)*(S67*100%)*I67*M67*P67*O67*Q67*R67*U67*K67*J67*L67) -> 0.99115044 | H69: =F67/((G67+N67)*(H68)*(S67*100%)*I67*M67*P67*O67*Q67*R67*U67*K67*J67*L67) -> 0.99099099 | I69: =F67/((G67+N67)*(H67)*(S67*100%)*I68*M67*P67*O67*Q67*R67*U67*K67*J67*L67) -> 0.99264706 | J69: =F67/((G67+N67)*(H67)*(S67*100%)*I67*M67*P67*O67*Q67*R67*U67*K67*J68*L67) -> 0.99009901 | K69: =F67/((G67+N67)*(H67)*(S67*100%)*I67*M67*P67*O67*Q67*R67*U67*K68*J67*L67) -> 0.99009901 | L69: =F67/((G67+N67)*(H67)*(S67*100%)*I67*M67*P67*O67*Q67*R67*U67*K67*J67*L68) -> 0.99099099 | M69: =F67/((G67+N67)*(H67)*(S67*100%)*I67*M68*P67*O67*Q67*R67*U67*K67*J67*L67) -> 0.992 | N69: =F67/((G67+N68)*(H67)*(S67*100%)*I67*M67*P67*O67*Q67*R67*U67*K67*J67*L67) -> 0.99892972 | O69: =F67/((G67+N67)*(H67)*(S67*100%)*I67*M67*P67*O68*Q67*R67*U67*K67*J67*L67) -> 0.99236641 | P69: =F67/((G67+N67)*(H67)*(S67*100%)*I67*M67*P68*O67*Q67*R67*U67*K67*J67*L67) -> 0.9929078 | Q69: =F67/((G67+N67)*(H67)*(S67*100%)*I67*M67*P67*O67*Q68*R67*U67*K67*J67*L67) -> 0.99159664 | R69: =F67/((G67+N67)*(H67)*(S67*100%)*I67*M67*P67*O67*Q67*R68*U67*K67*J67*L67) -> 0.99009901 | S69: =F67/((G67+N67)*(H67)*(S68)*I67*M67*P67*O67*Q67*R67*U67*K67*J67*L67) -> 0.99099099 | U69: =F67/((G67+N67)*(H67)*(S67)*I67*M67*P67*O67*Q67*R67*U68*K67*J67*L67) -> 0.99009901
D70: 战力因子 | F70: =ABS(F69-E69)/ABS(F69-E69) -> 1 | G70: =ABS(G69-E69)/ABS(F69-E69) -> 0.88495575 | H70: =ABS(H69-E69)/ABS(F69-E69) -> 0.9009009 | I70: =ABS(I69-E69)/ABS(F69-E69) -> 0.73529412 | J70: =ABS(J69-E69)/ABS(F69-E69) -> 0.99009901 | K70: =ABS(K69-E69)/ABS(F69-E69) -> 0.99009901 | L70: =ABS(L69-E69)/ABS(F69-E69) -> 0.9009009 | M70: =ABS(M69-E69)/ABS(F69-E69) -> 0.8 | N70: =ABS(N69-E69)/ABS(F69-E69) -> 0.10702818 | O70: =ABS(O69-E69)/ABS(F69-E69) -> 0.76335878 | P70: =ABS(P69-E69)/ABS(F69-E69) -> 0.70921986 | Q70: =ABS(Q69-E69)/ABS(F69-E69) -> 0.84033613 | R70: =ABS(R69-E69)/ABS(F69-E69) -> 0.99009901 | S70: =ABS(S69-E69)/ABS(F69-E69) -> 0.9009009 | U70: =ABS(U69-E69)/ABS(F69-E69) -> 0.99009901
D71: 期望关卡 | E71: =SUM(G71:U71)+10-$P71 -> 32.933013 | G71: =LOG(G67/(G$58+N$58),G$64+1) -> 9.3835494 | H71: =LOG(H67/H$58,H$64+1) -> 1.6484309 | I71: =LOG(I67/I$58,I$64+1) -> 2.4247488 | J71: =LOG(J67/J$58,J$64+1) -> 0 | K71: =LOG(K67/K$58,K$64+1) -> 0 | L71: =LOG(L67/L$58,L$64+1) -> 1.6484309 | M71: =LOG(M67/M$58,M$64+1) -> 0.47602988 | N71: =LOG((N67+G67)/(G67),G$64+1) -> 1.6750066 | O71: =LOG(O67/O$58,O$64+1) -> 1.7088477 | P71: =LOG(P67/P$58,P$64+1) -> 3.8058834 | Q71: =LOG(Q67/Q$58,Q$64+1) -> 2.862644 | R71: =LOG(R67/R$58,R$64+1) -> 0 | S71: =LOG(S67/S$58,S$64+1) -> 1.1053248 | U71: =LOG(U67/U$58,U$64+1) -> 0
D72: 养成地位 | G72: =G71/($E71-10) -> 0.40917211 | H72: =H71/($E71-10) -> 0.071880257 | I72: =I71/($E71-10) -> 0.1057318 | J72: =J71/($E71-10) -> 0 | K72: =K71/($E71-10) -> 0 | L72: =L71/($E71-10) -> 0.071880257 | M72: =M71/($E71-10) -> 0.020757407 | N72: =N71/($E71-10) -> 0.0730391 | ... S72: =S71/($E71-10) -> 0.048197977 | U72: =U71/($E71-10) -> 0
D73: 单关成长预期 | G73: =G70/G70*$E$56 -> 0.07 | H73: =G70/H70*$E$56 -> 0.068761062 | I73: =G70/I70*$E$56 -> 0.084247788 | J73: =G70/J70*$E$56 -> 0.062566372 | K73: =G70/K70*$E$56 -> 0.062566372 | L73: =G70/L70*$E$56 -> 0.068761062 | M73: =G70/M70*$E$56 -> 0.077433628 | N73: =G70/N70*$E$56 -> 0.57879056 | O73: =G70/O70*$E$56 -> 0.081150442 | P73: =G70/P70*$E$56 -> 0.087345133 | Q73: =G70/Q70*$E$56 -> 0.073716814 | R73: =G70/R70*$E$56 -> 0.062566372 | S73: =G70/S70*$E$56 -> 0.068761062 | U73: =G70/U70*$E$56 -> 0.062566372
N74: 4 | O74: 7 | P74: 8 | Q74: 4
N75: =N76/G76/N74 -> 0.03 | O75: =(O76/O$58-1)/O74 -> 0.041871921 | P75: =(P76/P$58-1)/P74 -> 0.079545455 | Q75: =(Q76/Q$58-1)/Q74 -> 0.07
C76: =(G76-G67)/(E80-E71) -> 40.051293 | D76: 标准模板(7天) | F76: =(G76+N76)*(H76)*(S76)*I76*J76*K76*L76*M76*O76*P76*Q76*R76*U76 -> 15467.92 | G76: 1500 | H76: 1.2 | I76: =135% -> 1.35 | J76: 1 | K76: 1 | L76: 1.1 | M76: =100%+6%*5 -> 1.3 | N76: 180 | O76: 1.5 | P76: 1.8 | Q76: 1.28 | R76: 1 | S76: =5%*T76+0.95 -> 1.15 | T76: 4 | U76: 1
D77: 增量2 | F77: =F76*1.01 -> 15622.599 | G77: =G76*1.01 -> 1515 | H77: =H76+1% -> 1.21 | I77: =I76+1% -> 1.36 | J77: =J76+1% -> 1.01 | K77: =K76+1% -> 1.01 | L77: =L76+1% -> 1.11 | M77: =M76+1% -> 1.31 | N77: =N76+1%*N76 -> 181.8 | O77: =O76+1% -> 1.51 | P77: =P76+0.01 -> 1.81 | Q77: =Q76+1% -> 1.29 | R77: =R76+1% -> 1.01 | S77: =S76+1% -> 1.16 | U77: =U76+1% -> 1.01
D78: 战斗回合 | E78: =F76/((G76+N76)*(H76)*(S76*100%)*I76*J76*K76*L76*M76*O76*P76*Q76*R76*U76) -> 1 | F78: =F77/((G76+N76)*(H76)*(S76*100%)*I76*M76*P76*O76*Q76*R76*U76*K76*J76*L76) -> 1.01 | G78: =F76/((G77+N76)*(H76)*(S76*100%)*I76*M76*P76*O76*Q76*R76*U76*K76*J76*L76) -> 0.99115044 | H78: =F76/((G76+N76)*(H77)*(S76*100%)*I76*M76*P76*O76*Q76*R76*U76*K76*J76*L76) -> 0.99173554 | I78: =F76/((G76+N76)*(H76)*(S76*100%)*I77*M76*P76*O76*Q76*R76*U76*K76*J76*L76) -> 0.99264706 | J78: =F76/((G76+N76)*(H76)*(S76*100%)*I76*M76*P76*O76*Q76*R76*U76*K76*J77*L76) -> 0.99009901 | K78: =F76/((G76+N76)*(H76)*(S76*100%)*I76*M76*P76*O76*Q76*R76*U76*K77*J76*L76) -> 0.99009901 | L78: =F76/((G76+N76)*(H76)*(S76*100%)*I76*M76*P76*O76*Q76*R76*U76*K76*J76*L77) -> 0.99099099 | M78: =F76/((G76+N76)*(H76)*(S76*100%)*I76*M77*P76*O76*Q76*R76*U76*K76*J76*L76) -> 0.99236641 | N78: =F76/((G76+N77)*(H76)*(S76*100%)*I76*M76*P76*O76*Q76*R76*U76*K76*J76*L76) -> 0.99892972 | O78: =F76/((G76+N76)*(H76)*(S76*100%)*I76*M76*P76*O77*Q76*R76*U76*K76*J76*L76) -> 0.99337748 | P78: =F76/((G76+N76)*(H76)*(S76*100%)*I76*M76*P77*O76*Q76*R76*U76*K76*J76*L76) -> 0.99447514 | Q78: =F76/((G76+N76)*(H76)*(S76*100%)*I76*M76*P76*O76*Q77*R76*U76*K76*J76*L76) -> 0.99224806 | R78: =F76/((G76+N76)*(H76)*(S76*100%)*I76*M76*P76*O76*Q76*R77*U76*K76*J76*L76) -> 0.99009901 | S78: =F76/((G76+N76)*(H76)*(S77)*I76*M76*P76*O76*Q76*R76*U76*K76*J76*L76) -> 0.99137931 | U78: =F76/((G76+N76)*(H76)*(S76)*I76*M76*P76*O76*Q76*R76*U77*K76*J76*L76) -> 0.99009901
D79: 战力因子 | F79: =ABS(F78-E78)/ABS(F78-E78) -> 1 | G79: =ABS(G78-E78)/ABS(F78-E78) -> 0.88495575 | H79: =ABS(H78-E78)/ABS(F78-E78) -> 0.82644628 | I79: =ABS(I78-E78)/ABS(F78-E78) -> 0.73529412 | J79: =ABS(J78-E78)/ABS(F78-E78) -> 0.99009901 | K79: =ABS(K78-E78)/ABS(F78-E78) -> 0.99009901 | L79: =ABS(L78-E78)/ABS(F78-E78) -> 0.9009009 | M79: =ABS(M78-E78)/ABS(F78-E78) -> 0.76335878 | N79: =ABS(N78-E78)/ABS(F78-E78) -> 0.10702818 | O79: =ABS(O78-E78)/ABS(F78-E78) -> 0.66225166 | P79: =ABS(P78-E78)/ABS(F78-E78) -> 0.55248619 | Q79: =ABS(Q78-E78)/ABS(F78-E78) -> 0.7751938 | R79: =ABS(R78-E78)/ABS(F78-E78) -> 0.99009901 | S79: =ABS(S78-E78)/ABS(F78-E78) -> 0.86206897 | U79: =ABS(U78-E78)/ABS(F78-E78) -> 0.99009901
D80: 期望关卡 | E80: =SUM(G80:U80)+10-$P80 -> 45.417004 | G80: =LOG(G76/(G$58+N$58),G$64+1) -> 15.376355 | H80: =LOG(H76/H$58,H$64+1) -> 3.1533304 | I80: =LOG(I76/I$58,I$64+1) -> 2.4247488 | J80: =LOG(J76/J$58,J$64+1) -> 0 | K80: =LOG(K76/K$58,K$64+1) -> 0 | L80: =LOG(L76/L$58,L$64+1) -> 1.6484309 | M80: =LOG(M76/M$58,M$64+1) -> 1.1620289 | N80: =LOG((N76+G76)/(G76),G$64+1) -> 1.6750066 | O80: =LOG(O76/O$58,O$64+1) -> 3.8549632 | P80: =LOG(P76/P$58,P$64+1) -> 7.7719857 | Q80: =LOG(Q76/Q$58,Q$64+1) -> 4.2695521 | R80: =LOG(R76/R$58,R$64+1) -> 0 | S80: =LOG(S76/S$58,S$64+1) -> 1.8525888 | U80: =LOG(U76/U$58,U$64+1) -> 0
D81: 养成地位 | G81: =G80/($E80-10) -> 0.43415176 | H81: =H80/($E80-10) -> 0.089034361 | I81: =I80/($E80-10) -> 0.068462844 | J81: =J80/($E80-10) -> 0 | K81: =K80/($E80-10) -> 0 | L81: =L80/($E80-10) -> 0.046543487 | M81: =M80/($E80-10) -> 0.032809914 | N81: =N80/($E80-10) -> 0.047293854 | ... S81: =S80/($E80-10) -> 0.052307892 | U81: =U80/($E80-10) -> 0
D82: 单关成长预期 | G82: =G79/G79*$E$56 -> 0.07 | H82: =G79/H79*$E$56 -> 0.074955752 | I82: =G79/I79*$E$56 -> 0.084247788 | J82: =G79/J79*$E$56 -> 0.062566372 | K82: =G79/K79*$E$56 -> 0.062566372 | L82: =G79/L79*$E$56 -> 0.068761062 | M82: =G79/M79*$E$56 -> 0.081150442 | N82: =G79/N79*$E$56 -> 0.57879056 | O82: =G79/O79*$E$56 -> 0.093539823 | P82: =G79/P79*$E$56 -> 0.11212389 | Q82: =G79/Q79*$E$56 -> 0.079911504 | R82: =G79/R79*$E$56 -> 0.062566372 | S82: =G79/S79*$E$56 -> 0.071858407 | U82: =G79/U79*$E$56 -> 0.062566372
E83: =SUM(F83:S83) -> 1 | G83: =SUM(G81:H81) -> 0.52318612 | I83: =SUM(I81:M81) -> 0.14781624 | N83: =SUM(N81:U81)-P81 -> 0.32899764
C85: =(G85-G76)/(E89-E80) -> 51.230758 | D85: 标准模板(7天小R) | F85: =(G85+N85)*(H85)*(S85)*I85*J85*K85*L85*M85*O85*P85*Q85*R85*U85 -> 25594.78 | G85: 1800 | H85: 1.2 | I85: =135% -> 1.35 | J85: 1 | K85: 1 | L85: 1.1 | M85: =100%+6%*9 -> 1.54 | N85: 180 | O85: 1.6 | P85: 2 | Q85: 1.28 | R85: 1 | S85: =5%*T85+0.95 -> 1.15 | T85: 4 | U85: 1
D86: 增量2 | F86: =F85*1.01 -> 25850.728 | G86: =G85*1.01 -> 1818 | H86: =H85+1% -> 1.21 | I86: =I85+1% -> 1.36 | J86: =J85+1% -> 1.01 | K86: =K85+1% -> 1.01 | L86: =L85+1% -> 1.11 | M86: =M85+1% -> 1.55 | N86: =N85+1%*N85 -> 181.8 | O86: =O85+1% -> 1.61 | P86: =P85+0.01 -> 2.01 | Q86: =Q85+1% -> 1.29 | R86: =R85+1% -> 1.01 | S86: =S85+1% -> 1.16 | U86: =U85+1% -> 1.01
D87: 战斗回合 | E87: =F85/((G85+N85)*(H85)*(S85*100%)*I85*J85*K85*L85*M85*O85*P85*Q85*R85*U85) -> 1 | F87: =F86/((G85+N85)*(H85)*(S85*100%)*I85*M85*P85*O85*Q85*R85*U85*K85*J85*L85) -> 1.01 | G87: =F85/((G86+N85)*(H85)*(S85*100%)*I85*M85*P85*O85*Q85*R85*U85*K85*J85*L85) -> 0.99099099 | H87: =F85/((G85+N85)*(H86)*(S85*100%)*I85*M85*P85*O85*Q85*R85*U85*K85*J85*L85) -> 0.99173554 | I87: =F85/((G85+N85)*(H85)*(S85*100%)*I86*M85*P85*O85*Q85*R85*U85*K85*J85*L85) -> 0.99264706 | J87: =F85/((G85+N85)*(H85)*(S85*100%)*I85*M85*P85*O85*Q85*R85*U85*K85*J86*L85) -> 0.99009901 | K87: =F85/((G85+N85)*(H85)*(S85*100%)*I85*M85*P85*O85*Q85*R85*U85*K86*J85*L85) -> 0.99009901 | L87: =F85/((G85+N85)*(H85)*(S85*100%)*I85*M85*P85*O85*Q85*R85*U85*K85*J85*L86) -> 0.99099099 | M87: =F85/((G85+N85)*(H85)*(S85*100%)*I85*M86*P85*O85*Q85*R85*U85*K85*J85*L85) -> 0.99354839 | N87: =F85/((G85+N86)*(H85)*(S85*100%)*I85*M85*P85*O85*Q85*R85*U85*K85*J85*L85) -> 0.99909173 | O87: =F85/((G85+N85)*(H85)*(S85*100%)*I85*M85*P85*O86*Q85*R85*U85*K85*J85*L85) -> 0.99378882 | P87: =F85/((G85+N85)*(H85)*(S85*100%)*I85*M85*P86*O85*Q85*R85*U85*K85*J85*L85) -> 0.99502488 | Q87: =F85/((G85+N85)*(H85)*(S85*100%)*I85*M85*P85*O85*Q86*R85*U85*K85*J85*L85) -> 0.99224806 | R87: =F85/((G85+N85)*(H85)*(S85*100%)*I85*M85*P85*O85*Q85*R86*U85*K85*J85*L85) -> 0.99009901 | S87: =F85/((G85+N85)*(H85)*(S86)*I85*M85*P85*O85*Q85*R85*U85*K85*J85*L85) -> 0.99137931 | U87: =F85/((G85+N85)*(H85)*(S85)*I85*M85*P85*O85*Q85*R85*U86*K85*J85*L85) -> 0.99009901
D88: 战力因子 | F88: =ABS(F87-E87)/ABS(F87-E87) -> 1 | G88: =ABS(G87-E87)/ABS(F87-E87) -> 0.9009009 | H88: =ABS(H87-E87)/ABS(F87-E87) -> 0.82644628 | I88: =ABS(I87-E87)/ABS(F87-E87) -> 0.73529412 | J88: =ABS(J87-E87)/ABS(F87-E87) -> 0.99009901 | K88: =ABS(K87-E87)/ABS(F87-E87) -> 0.99009901 | L88: =ABS(L87-E87)/ABS(F87-E87) -> 0.9009009 | M88: =ABS(M87-E87)/ABS(F87-E87) -> 0.64516129 | N88: =ABS(N87-E87)/ABS(F87-E87) -> 0.090826521 | O88: =ABS(O87-E87)/ABS(F87-E87) -> 0.62111801 | P88: =ABS(P87-E87)/ABS(F87-E87) -> 0.49751244 | Q88: =ABS(Q87-E87)/ABS(F87-E87) -> 0.7751938 | R88: =ABS(R87-E87)/ABS(F87-E87) -> 0.99009901 | S88: =ABS(S87-E87)/ABS(F87-E87) -> 0.86206897 | U88: =ABS(U87-E87)/ABS(F87-E87) -> 0.99009901
D89: 期望关卡 | E89: =SUM(G89:U89)+10-$P89 -> 51.272862 | G89: =LOG(G85/(G$58+N$58),G$64+1) -> 18.071081 | H89: =LOG(H85/H$58,H$64+1) -> 3.1533304 | I89: =LOG(I85/I$58,I$64+1) -> 2.4247488 | J89: =LOG(J85/J$58,J$64+1) -> 0 | K89: =LOG(K85/K$58,K$64+1) -> 0 | L89: =LOG(L85/L$58,L$64+1) -> 1.6484309 | M89: =LOG(M85/M$58,M$64+1) -> 3.6215756 | N89: =LOG((N85+G85)/(G85),G$64+1) -> 1.4086917 | O89: =LOG(O85/O$58,O$64+1) -> 4.822862 | P89: =LOG(P85/P$58,P$64+1) -> 9.4347259 | Q89: =LOG(Q85/Q$58,Q$64+1) -> 4.2695521 | R89: =LOG(R85/R$58,R$64+1) -> 0 | S89: =LOG(S85/S$58,S$64+1) -> 1.8525888 | U89: =LOG(U85/U$58,U$64+1) -> 0
D90: 养成地位 | G90: =G89/($E89-10) -> 0.43784416 | H90: =H89/($E89-10) -> 0.076402029 | I90: =I89/($E89-10) -> 0.05874923 | J90: =J89/($E89-10) -> 0 | K90: =K89/($E89-10) -> 0 | L90: =L89/($E89-10) -> 0.039939825 | M90: =M89/($E89-10) -> 0.087747142 | N90: =N89/($E89-10) -> 0.034131187 | ... S90: =S89/($E89-10) -> 0.044886368 | U90: =U89/($E89-10) -> 0
D91: 单关成长预期 | G91: =G88/G88*$E$56 -> 0.07 | H91: =G88/H88*$E$56 -> 0.076306306 | I91: =G88/I88*$E$56 -> 0.085765766 | J91: =G88/J88*$E$56 -> 0.063693694 | K91: =G88/K88*$E$56 -> 0.063693694 | L91: =G88/L88*$E$56 -> 0.07 | M91: =G88/M88*$E$56 -> 0.097747748 | N91: =G88/N88*$E$56 -> 0.69432432 | O91: =G88/O88*$E$56 -> 0.10153153 | P91: =G88/P88*$E$56 -> 0.12675676 | Q91: =G88/Q88*$E$56 -> 0.081351351 | R91: =G88/R88*$E$56 -> 0.063693694 | S91: =G88/S88*$E$56 -> 0.073153153 | U91: =G88/U88*$E$56 -> 0.063693694
E92: =SUM(F92:S92) -> 1 | G92: =SUM(G90:H90) -> 0.51424619 | I92: =SUM(I90:M90) -> 0.1864362 | N92: =SUM(N90:U90)-P90 -> 0.29931762
C94: =(G94-G76)/(E98-E80) -> 49.130068 | D94: 标准模板(14天) | F94: =(G94+N94)*(H94)*(S94)*I94*J94*K94*L94*M94*O94*P94*Q94*R94*U94 -> 43089.038 | G94: 2200 | H94: 1.3 | I94: =135% -> 1.35 | J94: 1 | K94: 1 | L94: 1.1 | M94: =100%+6%*9 -> 1.54 | N94: 240 | O94: 1.65 | P94: 2 | Q94: 1.5 | R94: 1 | S94: =5%*T94+0.95 -> 1.2 | T94: 5 | U94: 1
D95: 增量2 | F95: =F94*1.01 -> 43519.928 | G95: =G94*1.01 -> 2222 | H95: =H94+1% -> 1.31 | I95: =I94+1% -> 1.36 | J95: =J94+1% -> 1.01 | K95: =K94+1% -> 1.01 | L95: =L94+1% -> 1.11 | M95: =M94+1% -> 1.55 | N95: =N94+1%*N94 -> 242.4 | O95: =O94+1% -> 1.66 | P95: =P94+0.01 -> 2.01 | Q95: =Q94+1% -> 1.51 | R95: =R94+1% -> 1.01 | S95: =S94+1% -> 1.21 | U95: =U94+1% -> 1.01
D96: 战斗回合 | E96: =F94/((G94+N94)*(H94)*(S94*100%)*I94*J94*K94*L94*M94*O94*P94*Q94*R94*U94) -> 1 | F96: =F95/((G94+N94)*(H94)*(S94*100%)*I94*M94*P94*O94*Q94*R94*U94*K94*J94*L94) -> 1.01 | G96: =F94/((G95+N94)*(H94)*(S94*100%)*I94*M94*P94*O94*Q94*R94*U94*K94*J94*L94) -> 0.99106418 | H96: =F94/((G94+N94)*(H95)*(S94*100%)*I94*M94*P94*O94*Q94*R94*U94*K94*J94*L94) -> 0.99236641 | I96: =F94/((G94+N94)*(H94)*(S94*100%)*I95*M94*P94*O94*Q94*R94*U94*K94*J94*L94) -> 0.99264706 | J96: =F94/((G94+N94)*(H94)*(S94*100%)*I94*M94*P94*O94*Q94*R94*U94*K94*J95*L94) -> 0.99009901 | K96: =F94/((G94+N94)*(H94)*(S94*100%)*I94*M94*P94*O94*Q94*R94*U94*K95*J94*L94) -> 0.99009901 | L96: =F94/((G94+N94)*(H94)*(S94*100%)*I94*M94*P94*O94*Q94*R94*U94*K94*J94*L95) -> 0.99099099 | M96: =F94/((G94+N94)*(H94)*(S94*100%)*I94*M95*P94*O94*Q94*R94*U94*K94*J94*L94) -> 0.99354839 | N96: =F94/((G94+N95)*(H94)*(S94*100%)*I94*M94*P94*O94*Q94*R94*U94*K94*J94*L94) -> 0.99901736 | O96: =F94/((G94+N94)*(H94)*(S94*100%)*I94*M94*P94*O95*Q94*R94*U94*K94*J94*L94) -> 0.9939759 | P96: =F94/((G94+N94)*(H94)*(S94*100%)*I94*M94*P95*O94*Q94*R94*U94*K94*J94*L94) -> 0.99502488 | Q96: =F94/((G94+N94)*(H94)*(S94*100%)*I94*M94*P94*O94*Q95*R94*U94*K94*J94*L94) -> 0.99337748 | R96: =F94/((G94+N94)*(H94)*(S94*100%)*I94*M94*P94*O94*Q94*R95*U94*K94*J94*L94) -> 0.99009901 | S96: =F94/((G94+N94)*(H94)*(S95)*I94*M94*P94*O94*Q94*R94*U94*K94*J94*L94) -> 0.99173554 | U96: =F94/((G94+N94)*(H94)*(S94)*I94*M94*P94*O94*Q94*R94*U95*K94*J94*L94) -> 0.99009901
D97: 战力因子 | F97: =ABS(F96-E96)/ABS(F96-E96) -> 1 | G97: =ABS(G96-E96)/ABS(F96-E96) -> 0.89358245 | H97: =ABS(H96-E96)/ABS(F96-E96) -> 0.76335878 | I97: =ABS(I96-E96)/ABS(F96-E96) -> 0.73529412 | J97: =ABS(J96-E96)/ABS(F96-E96) -> 0.99009901 | K97: =ABS(K96-E96)/ABS(F96-E96) -> 0.99009901 | L97: =ABS(L96-E96)/ABS(F96-E96) -> 0.9009009 | M97: =ABS(M96-E96)/ABS(F96-E96) -> 0.64516129 | N97: =ABS(N96-E96)/ABS(F96-E96) -> 0.098264003 | O97: =ABS(O96-E96)/ABS(F96-E96) -> 0.60240964 | P97: =ABS(P96-E96)/ABS(F96-E96) -> 0.49751244 | Q97: =ABS(Q96-E96)/ABS(F96-E96) -> 0.66225166 | R97: =ABS(R96-E96)/ABS(F96-E96) -> 0.99009901 | S97: =ABS(S96-E96)/ABS(F96-E96) -> 0.82644628 | U97: =ABS(U96-E96)/ABS(F96-E96) -> 0.99009901
D98: 期望关卡 | E98: =SUM(G98:U98)+10-$P98 -> 59.664899 | G98: =LOG(G94/(G$58+N$58),G$64+1) -> 21.03701 | H98: =LOG(H94/H$58,H$64+1) -> 4.5377037 | I98: =LOG(I94/I$58,I$64+1) -> 2.4247488 | J98: =LOG(J94/J$58,J$64+1) -> 0 | K98: =LOG(K94/K$58,K$64+1) -> 0 | L98: =LOG(L94/L$58,L$64+1) -> 1.6484309 | M98: =LOG(M94/M$58,M$64+1) -> 3.6215756 | N98: =LOG((N94+G94)/(G94),G$64+1) -> 1.5303392 | O98: =LOG(O94/O$58,O$64+1) -> 5.2843515 | P98: =LOG(P94/P$58,P$64+1) -> 9.4347259 | Q98: =LOG(Q94/Q$58,Q$64+1) -> 7.0126948 | R98: =LOG(R94/R$58,R$64+1) -> 0 | S98: =LOG(S94/S$58,S$64+1) -> 2.5680446 | U98: =LOG(U94/U$58,U$64+1) -> 0
D99: 养成地位 | G99: =G98/($E98-10) -> 0.42357903 | H99: =H98/($E98-10) -> 0.091366414 | I99: =I98/($E98-10) -> 0.048822185 | J99: =J98/($E98-10) -> 0 | K99: =K98/($E98-10) -> 0 | L99: =L98/($E98-10) -> 0.033191065 | M99: =M98/($E98-10) -> 0.072920226 | N99: =N98/($E98-10) -> 0.030813295 | ... S99: =S98/($E98-10) -> 0.051707436 | U99: =U98/($E98-10) -> 0
D100: 单关成长预期 | G100: =G97/G97*$E$56 -> 0.07 | H100: =G97/H97*$E$56 -> 0.081941511 | I100: =G97/I97*$E$56 -> 0.08506905 | J100: =G97/J97*$E$56 -> 0.063176279 | K100: =G97/K97*$E$56 -> 0.063176279 | L100: =G97/L97*$E$56 -> 0.069431357 | M100: =G97/M97*$E$56 -> 0.096953696 | N100: =G97/N97*$E$56 -> 0.63655835 | O100: =G97/O97*$E$56 -> 0.10383428 | P100: =G97/P97*$E$56 -> 0.12572705 | Q100: =G97/Q97*$E$56 -> 0.094451665 | R100: =G97/R97*$E$56 -> 0.063176279 | S100: =G97/S97*$E$56 -> 0.075686434 | U100: =G97/U97*$E$56 -> 0.063176279
E101: =SUM(F101:S101) -> 1 | G101: =SUM(G99:H99) -> 0.51494544 | I101: =SUM(I99:M99) -> 0.15493348 | N101: =SUM(N99:U99)-P99 -> 0.33012108
C103: =(G103-G94)/(E107-E98) -> 55.074024 | D103: 标准模板(30天) | F103: =(G103+N103)*(H103)*(S103)*I103*J103*K103*L103*M103*O103*P103*Q103*R103*U103 -> 148942.31 | G103: =2840+360 -> 3200 | H103: 1.3 | I103: =I94 -> 1.35 | J103: =J94 -> 1 | K103: 1 | L103: 1.1 | M103: =100%+6%*14 -> 1.84 | N103: =64*5 -> 320 | O103: 1.8 | P103: 2.2 | Q103: =1.28*1.28 -> 1.6384 | R103: 1.2 | S103: =5%*T103+0.95 -> 1.275 | T103: 6.5 | U103: 1.2
D104: 增量2 | F104: =F103*1.01 -> 150431.74 | G104: =G103*1.01 -> 3232 | H104: =H103+1% -> 1.31 | I104: =I103+1% -> 1.36 | J104: =J103+1% -> 1.01 | K104: =K103+1% -> 1.01 | L104: =L103+1% -> 1.11 | M104: =M103+1% -> 1.85 | N104: =N103+1%*N103 -> 323.2 | O104: =O103+1% -> 1.81 | P104: =P103+0.01 -> 2.21 | Q104: =Q103+1% -> 1.6484 | R104: =R103+1% -> 1.21 | S104: =S103+1% -> 1.285 | U104: =U103+1% -> 1.21
D105: 战斗回合 | E105: =F103/((G103+N103)*(H103)*(S103*100%)*I103*J103*K103*L103*M103*O103*P103*Q103*R103*U103) -> 1 | F105: =F104/((G103+N103)*(H103)*(S103*100%)*I103*M103*P103*O103*Q103*R103*U103*K103*J103*L103) -> 1.01 | G105: =F103/((G104+N103)*(H103)*(S103*100%)*I103*M103*P103*O103*Q103*R103*U103*K103*J103*L103) -> 0.99099099 | H105: =F103/((G103+N103)*(H104)*(S103*100%)*I103*M103*P103*O103*Q103*R103*U103*K103*J103*L103) -> 0.99236641 | I105: =F103/((G103+N103)*(H103)*(S103*100%)*I104*M103*P103*O103*Q103*R103*U103*K103*J103*L103) -> 0.99264706 | J105: =F103/((G103+N103)*(H103)*(S103*100%)*I103*M103*P103*O103*Q103*R103*U103*K103*J104*L103) -> 0.99009901 | K105: =F103/((G103+N103)*(H103)*(S103*100%)*I103*M103*P103*O103*Q103*R103*U103*K104*J103*L103) -> 0.99009901 | L105: =F103/((G103+N103)*(H103)*(S103*100%)*I103*M103*P103*O103*Q103*R103*U103*K103*J103*L104) -> 0.99099099 | M105: =F103/((G103+N103)*(H103)*(S103*100%)*I103*M104*P103*O103*Q103*R103*U103*K103*J103*L103) -> 0.99459459 | N105: =F103/((G103+N104)*(H103)*(S103*100%)*I103*M103*P103*O103*Q103*R103*U103*K103*J103*L103) -> 0.99909173 | O105: =F103/((G103+N103)*(H103)*(S103*100%)*I103*M103*P103*O104*Q103*R103*U103*K103*J103*L103) -> 0.99447514 | P105: =F103/((G103+N103)*(H103)*(S103*100%)*I103*M103*P104*O103*Q103*R103*U103*K103*J103*L103) -> 0.99547511 | Q105: =F103/((G103+N103)*(H103)*(S103*100%)*I103*M103*P103*O103*Q104*R103*U103*K103*J103*L103) -> 0.99393351 | R105: =F103/((G103+N103)*(H103)*(S103*100%)*I103*M103*P103*O103*Q103*R104*U103*K103*J103*L103) -> 0.99173554 | S105: =F103/((G103+N103)*(H103)*(S104)*I103*M103*P103*O103*Q103*R103*U103*K103*J103*L103) -> 0.9922179 | U105: =F103/((G103+N103)*(H103)*(S103)*I103*M103*P103*O103*Q103*R103*U104*K103*J103*L103) -> 0.99173554
D106: 战力因子 | F106: =ABS(F105-E105)/ABS(F105-E105) -> 1 | G106: =ABS(G105-E105)/ABS(F105-E105) -> 0.9009009 | H106: =ABS(H105-E105)/ABS(F105-E105) -> 0.76335878 | I106: =ABS(I105-E105)/ABS(F105-E105) -> 0.73529412 | J106: =ABS(J105-E105)/ABS(F105-E105) -> 0.99009901 | K106: =ABS(K105-E105)/ABS(F105-E105) -> 0.99009901 | L106: =ABS(L105-E105)/ABS(F105-E105) -> 0.9009009 | M106: =ABS(M105-E105)/ABS(F105-E105) -> 0.54054054 | N106: =ABS(N105-E105)/ABS(F105-E105) -> 0.090826521 | O106: =ABS(O105-E105)/ABS(F105-E105) -> 0.55248619 | P106: =ABS(P105-E105)/ABS(F105-E105) -> 0.45248869 | Q106: =ABS(Q105-E105)/ABS(F105-E105) -> 0.60664887 | R106: =ABS(R105-E105)/ABS(F105-E105) -> 0.82644628 | S106: =ABS(S105-E105)/ABS(F105-E105) -> 0.77821012 | U106: =ABS(U105-E105)/ABS(F105-E105) -> 0.82644628
D107: 期望关卡 | E107: =SUM(G107:U107)+10-$P107 -> 77.822279 | G107: =LOG(G103/(G$58+N$58),G$64+1) -> 26.575007 | H107: =LOG(H103/H$58,H$64+1) -> 4.5377037 | I107: =LOG(I103/I$58,I$64+1) -> 2.4247488 | J107: =LOG(J103/J$58,J$64+1) -> 0 | K107: =LOG(K103/K$58,K$64+1) -> 0 | L107: =LOG(L103/L$58,L$64+1) -> 1.6484309 | M107: =LOG(M103/M$58,M$64+1) -> 6.2054658 | N107: =LOG((N103+G103)/(G103),G$64+1) -> 1.4086917 | O107: =LOG(O103/O$58,O$64+1) -> 6.5892807 | P107: =LOG(P103/P$58,P$64+1) -> 10.938857 | Q107: =LOG(Q103/Q$58,Q$64+1) -> 8.5391041 | R107: =LOG(R103/R$58,R$64+1) -> 3.1533304 | S107: =LOG(S103/S$58,S$64+1) -> 3.5871852 | U107: =LOG(U103/U$58,U$64+1) -> 3.1533304
D108: 养成地位 | G108: =G107/($E107-10) -> 0.391833 | H108: =H107/($E107-10) -> 0.066905798 | I108: =I107/($E107-10) -> 0.035751509 | J108: =J107/($E107-10) -> 0 | K108: =K107/($E107-10) -> 0 | L108: =L107/($E107-10) -> 0.024305153 | M108: =M107/($E107-10) -> 0.091495979 | N108: =N107/($E107-10) -> 0.020770339 | ... S108: =S107/($E107-10) -> 0.052890956 | U108: =U107/($E107-10) -> 0.046494019
D109: 单关成长预期 | G109: =G106/G106*$E$56 -> 0.07 | H109: =G106/H106*$E$56 -> 0.082612613 | I109: =G106/I106*$E$56 -> 0.085765766 | J109: =G106/J106*$E$56 -> 0.063693694 | K109: =G106/K106*$E$56 -> 0.063693694 | L109: =G106/L106*$E$56 -> 0.07 | M109: =G106/M106*$E$56 -> 0.11666667 | N109: =G106/N106*$E$56 -> 0.69432432 | O109: =G106/O106*$E$56 -> 0.11414414 | P109: =G106/P106*$E$56 -> 0.13936937 | Q109: =G106/Q106*$E$56 -> 0.10395315 | R109: =G106/R106*$E$56 -> 0.076306306 | S109: =G106/S106*$E$56 -> 0.081036036 | U109: =G106/U106*$E$56 -> 0.076306306
E110: =SUM(F110:S110) -> 1 | G110: =SUM(G108:H108) -> 0.4587388 | I110: =SUM(I108:M108) -> 0.15155264 | N110: =SUM(N108:U108)-P108 -> 0.38970856
C112: =(G112-G103)/(E116-E107) -> 101.27301 | D112: 标准模板(60天) | F112: =(G112+N112)*(H112)*(S112)*I112*J112*K112*L112*M112*O112*P112*Q112*R112*U112 -> 501775.45 | G112: 5000 | H112: 1.4 | I112: =I94 -> 1.35 | J112: =J103 -> 1 | K112: 1 | L112: 1.1 | M112: =100%+6%*19 -> 2.14 | N112: =64*5 -> 320 | O112: 2 | P112: 2.4 | Q112: =1.28*1.28*1.28 -> 2.097152 | R112: 1.3 | S112: =5%*T112+0.95 -> 1.35 | T112: 8 | U112: 1.2
D113: 增量2 | F113: =F112*1.01 -> 506793.2 | G113: =G112*1.01 -> 5050 | H113: =H112+1% -> 1.41 | I113: =I112+1% -> 1.36 | J113: =J112+1% -> 1.01 | K113: =K112+1% -> 1.01 | L113: =L112+1% -> 1.11 | M113: =M112+1% -> 2.15 | N113: =N112+1%*N112 -> 323.2 | O113: =O112+1% -> 2.01 | P113: =P112+0.01 -> 2.41 | Q113: =Q112+1% -> 2.107152 | R113: =R112+1% -> 1.31 | S113: =S112+1% -> 1.36 | U113: =U112+1% -> 1.21
D114: 战斗回合 | E114: =F112/((G112+N112)*(H112)*(S112*100%)*I112*J112*K112*L112*M112*O112*P112*Q112*R112*U112) -> 1 | F114: =F113/((G112+N112)*(H112)*(S112*100%)*I112*M112*P112*O112*Q112*R112*U112*K112*J112*L112) -> 1.01 | G114: =F112/((G113+N112)*(H112)*(S112*100%)*I112*M112*P112*O112*Q112*R112*U112*K112*J112*L112) -> 0.99068901 | H114: =F112/((G112+N112)*(H113)*(S112*100%)*I112*M112*P112*O112*Q112*R112*U112*K112*J112*L112) -> 0.9929078 | I114: =F112/((G112+N112)*(H112)*(S112*100%)*I113*M112*P112*O112*Q112*R112*U112*K112*J112*L112) -> 0.99264706 | J114: =F112/((G112+N112)*(H112)*(S112*100%)*I112*M112*P112*O112*Q112*R112*U112*K112*J113*L112) -> 0.99009901 | K114: =F112/((G112+N112)*(H112)*(S112*100%)*I112*M112*P112*O112*Q112*R112*U112*K113*J112*L112) -> 0.99009901 | L114: =F112/((G112+N112)*(H112)*(S112*100%)*I112*M112*P112*O112*Q112*R112*U112*K112*J112*L113) -> 0.99099099 | M114: =F112/((G112+N112)*(H112)*(S112*100%)*I112*M113*P112*O112*Q112*R112*U112*K112*J112*L112) -> 0.99534884 | N114: =F112/((G112+N113)*(H112)*(S112*100%)*I112*M112*P112*O112*Q112*R112*U112*K112*J112*L112) -> 0.99939886 | O114: =F112/((G112+N112)*(H112)*(S112*100%)*I112*M112*P112*O113*Q112*R112*U112*K112*J112*L112) -> 0.99502488 | P114: =F112/((G112+N112)*(H112)*(S112*100%)*I112*M112*P113*O112*Q112*R112*U112*K112*J112*L112) -> 0.99585062 | Q114: =F112/((G112+N112)*(H112)*(S112*100%)*I112*M112*P112*O112*Q113*R112*U112*K112*J112*L112) -> 0.99525426 | R114: =F112/((G112+N112)*(H112)*(S112*100%)*I112*M112*P112*O112*Q112*R113*U112*K112*J112*L112) -> 0.99236641 | S114: =F112/((G112+N112)*(H112)*(S113)*I112*M112*P112*O112*Q112*R112*U112*K112*J112*L112) -> 0.99264706 | U114: =F112/((G112+N112)*(H112)*(S112)*I112*M112*P112*O112*Q112*R112*U113*K112*J112*L112) -> 0.99173554
D115: 战力因子 | F115: =ABS(F114-E114)/ABS(F114-E114) -> 1 | G115: =ABS(G114-E114)/ABS(F114-E114) -> 0.9310987 | H115: =ABS(H114-E114)/ABS(F114-E114) -> 0.70921986 | I115: =ABS(I114-E114)/ABS(F114-E114) -> 0.73529412 | J115: =ABS(J114-E114)/ABS(F114-E114) -> 0.99009901 | K115: =ABS(K114-E114)/ABS(F114-E114) -> 0.99009901 | L115: =ABS(L114-E114)/ABS(F114-E114) -> 0.9009009 | M115: =ABS(M114-E114)/ABS(F114-E114) -> 0.46511628 | N115: =ABS(N114-E114)/ABS(F114-E114) -> 0.060114217 | O115: =ABS(O114-E114)/ABS(F114-E114) -> 0.49751244 | P115: =ABS(P114-E114)/ABS(F114-E114) -> 0.41493776 | Q115: =ABS(Q114-E114)/ABS(F114-E114) -> 0.47457421 | R115: =ABS(R114-E114)/ABS(F114-E114) -> 0.76335878 | S115: =ABS(S114-E114)/ABS(F114-E114) -> 0.73529412 | U115: =ABS(U114-E114)/ABS(F114-E114) -> 0.82644628
...

Sheet 属性规划(新)
C2: 规划模块
C4: 一、解决什么问题
D5: 提供稳定长线模型预期 | M5: #肉盾增伤验证
C6: 大类 | D6: 模块 | E6: 列1 | F6: 性质 | G6: 商业化性质 | H6: 养成预期 | I6: 膨胀周期 | J6: 验证类型 | K6: 极限关卡 | L6: 列5 | M6: 分层体验 | N6: 列6 | O6: 列7 | P6: 列8
C7: 基础模块1 | D7: 装备 | E7: 本体+强化+洗练 | F7: 会迭代，不适合投入超额付费 | G7: 无商业化 | H7: 每天100攻击+符文 | I7: 60天 | J7: 强验证 | K7: 每个周期局外拓展10关
C8: 基础模块2 | D8: 梦灵 | E8: 梦灵本体+升级 | F8: 会迭代，不适合投入超额付费，品质付费保留爆伤收益 | G8: 弱商业化，强反馈 | H8: 单梦灵25级极限 | K8: 每个周期局外拓展20关
C9: 迭代模块1 | D9: 符文 | E9: 符文洗练 | F9: 符文基础，提供洗练机会 | G9: 强商业化，弱反馈 | I9: 60天 | J9: 弱验证 | K9: 每个周期局外拓展80关 | M9: 非R3周期养60%,超R单周期养满,60天拓新系统
C10: 迭代模块2 | D10: 秘宝
C11: 迭代模块3 | D11: 主角皮肤 | E11: 皮肤本体+升星 | F11: 会迭代，跟关卡稀释，皮肤付费后保留攻击收益 | G11: 弱商业化，强反馈 | I11: 30天 | J11: 强验证 | K11: 每个周期局外拓展0
C12: 迭代模块4 | D12: 武器皮肤
C14: 二、实现逻辑
D15: 装备模块
E16: 前期靠战力提升，后期靠符文装、图腾装等洗练词条撑起来关卡数稳定
D17: 梦灵模块
E18: 梦灵品质 | F18: 梦灵倍率 | G18: 等级成长 | L18: 梦灵
E19: 3 | F19: 1.15 | G19: 0.05 | L19: 初始成长
E20: 4 | F20: 1.3 | G20: 0.06
E21: 5 | F21: 1.65 | G21: 0.1
E22: 6 | F22: =F21*2 -> 3.3 | G22: 0.1
E23: 7 | F23: =F22*2 -> 6.6 | G23: 0.1
E24: 7 | F24: =F23*2 -> 13.2 | G24: 0.1
E25: 8 | F25: =F24*2 -> 26.4 | G25: 0.1
E26: 9 | F26: =F25*2 -> 52.8 | G26: 0.1
E27: 10 | F27: =F26*2 -> 105.6 | G27: 0.1
E29: 梦灵品质：60天拓展一个品质（如蔚蓝哥斯拉间隔哪吒60天视作不同品质）
E30: 梦灵倍率：梦灵初始倍率大量膨胀，活动付费把梦灵推到10级，10级新品质高于旧品质梦灵25级强度。
E31: 梦灵等级成长：作为梦灵基础成长线，锚定10%的成长作为标准，20级时提升1级依旧有半关的体验
E32: 强验证：每个版本给关卡带入梦灵新系数（非该梦灵预期更难打过关卡）
D34: 符文模块
E35: 符文洗练通过性价比控制，低档次符文极限推关约100关
E36: 高档次符文性价比高于锚定50000钻石20%成长的预期
C39: 单关成长 | D39: 1.07 | E39: =LOG(1+D42,D39) -> 2.6947266
C41: 玩家层级 | D41: 锚定体验 | E41: 单关标准（钻石） | F41: 预期价格（钻石） | G41: 单关RMB
C42: 超R | D42: 0.2 | E42: =F42/LOG(D42+1,1.07) -> 18554.758 | F42: 50000 | G42: =E42/10 -> 1855.4758 | I42: 实际上这里砖比都是1：100
C43: 大R | D43: 0.2 | E43: =F43/LOG(D43+1,1.07) -> 3710.9517 | F43: 10000 | G43: =E43/10 -> 371.09517
C44: 中R | D44: 0.2 | E44: =F44/LOG(D44+1,1.07) -> 1113.2855 | F44: 3000 | G44: =E44/10 -> 111.32855
C45: 小R | D45: 0.2 | E45: =F45/LOG(D45+1,1.07) -> 371.09517 | F45: 1000 | G45: =E45/10 -> 37.109517
C48: 类型 | D48: 皮肤品质 | E48: 门槛强度 | F48: 白板数值 | G48: 定价 | H48: 回收价 | I48: 新回收价 | J48: 单关定价 | K48: 用户 | L48: 每点攻击价格 | M48: 每点倍率价格 | N48: 列2 | O48: 列12
A49: =IF(D49=$D$49,4,IF(D49=$D$50,5,6)) -> 4 | C49: 梦灵皮肤 | D49: 紫 | E49: =35% -> 0.35 | F49: 30 | G49: 1500 | H49: 300 | I49: 300 | J49: =IFERROR(G49/LOG(1+E49,1.07)+F49*5,0) -> 488.17534 | K49: =OFFSET($C$41,MATCH(J49,$E$42:$E$45,-1)+1,0) -> 小R | L49: =G49/F49 -> 50 | M49: =IFERROR(INT(G49/E49/100),"") -> 42 | N49: 皮肤倍率不保值，攻击做保值
A50: =IF(D50=$D$49,4,IF(D50=$D$50,5,6)) -> 5 | C50: 梦灵皮肤 | D50: 橙 | E50: =35% -> 0.35 | F50: 60 | G50: 4000 | H50: 1200 | I50: 2000 | J50: =IFERROR(G50/LOG(1+E50,1.07)+F50*5,0) -> 1201.8009 | K50: =OFFSET($C$41,MATCH(J50,$E$42:$E$45,-1)+1,0) -> 中R | L50: =G50/F50 -> 66.666667 | M50: =IFERROR(INT(G50/E50/100),"") -> 114
A51: =IF(D51=$D$49,4,IF(D51=$D$50,5,6)) -> 6 | C51: 梦灵皮肤 | D51: 红 | E51: =35% -> 0.35 | F51: 80 | G51: 8000 | H51: 2800 | I51: 4000 | J51: =IFERROR(G51/LOG(1+E51,1.07)+F51*5,0) -> 2203.6018 | K51: =OFFSET($C$41,MATCH(J51,$E$42:$E$45,-1)+1,0) -> 中R | L51: =G51/F51 -> 100 | M51: =IFERROR(INT(G51/E51/100),"") -> 228
C52: 秘宝皮肤 | D52: 紫 | E52: 0.2 | F52: 40 | G52: =G55*1.5 -> 3000 | H52: 600 | I52: 600 | J52: =IFERROR(G52/LOG(1+E52,1.07)+F52*5,0) -> 1313.2855 | K52: =OFFSET($C$41,MATCH(J52,$E$42:$E$45,-1)+1,0) -> 中R | L52: =G52/F52 -> 75 | M52: =IFERROR(INT(G52/E52/100),"") -> 150
A53: =IF(D53=$D$49,4,IF(D53=$D$50,5,6)) -> 5 | C53: 秘宝皮肤 | D53: 橙 | E53: 0.35 | F53: 60 | G53: =G56*1.5 -> 6000 | H53: 1800 | I53: 3000 | J53: =IFERROR(G53/LOG(1+E53,1.07)+F53*5,0) -> 1652.7014 | K53: =OFFSET($C$41,MATCH(J53,$E$42:$E$45,-1)+1,0) -> 中R | L53: =G53/F53 -> 100 | M53: =IFERROR(INT(G53/E53/100),"") -> 171 | N53: 适用场景不同，价值折中
A54: =IF(D54=$D$49,4,IF(D54=$D$50,5,6)) -> 6 | C54: 秘宝皮肤 | D54: 红 | E54: 0.35 | F54: 80 | G54: =G57*1.5 -> 12000 | H54: 4200 | I54: 6000 | J54: =IFERROR(G54/LOG(1+E54,1.07)+F54*5,0) -> 3105.4027 | K54: =OFFSET($C$41,MATCH(J54,$E$42:$E$45,-1)+1,0) -> 中R | L54: =G54/F54 -> 150 | M54: =IFERROR(INT(G54/E54/100),"") -> 342
C55: 武器皮肤 | D55: 紫 | E55: 0.1 | F55: 40 | G55: 2000 | H55: 400 | I55: 500 | J55: =IFERROR(G55/LOG(1+E55,1.07)+F55*5,0) -> 1619.757 | K55: =OFFSET($C$41,MATCH(J55,$E$42:$E$45,-1)+1,0) -> 中R | L55: =G55/F55 -> 50 | M55: =IFERROR(INT(G55/E55/100),"") -> 200
A56: =IF(D56=$D$49,4,IF(D56=$D$50,5,6)) -> 5 | C56: 武器皮肤 | D56: 橙 | E56: 0.15 | F56: 60 | G56: 4000 | H56: 1200 | I56: 2000 | J56: =IFERROR(G56/LOG(1+E56,1.07)+F56*5,0) -> 2236.3969 | K56: =OFFSET($C$41,MATCH(J56,$E$42:$E$45,-1)+1,0) -> 中R | L56: =G56/F56 -> 66.666667 | M56: =IFERROR(INT(G56/E56/100),"") -> 266 | N56: 适用场景不同，价值折中
A57: =IF(D57=$D$49,4,IF(D57=$D$50,5,6)) -> 6 | C57: 武器皮肤 | D57: 红 | E57: 0.25 | F57: 80 | G57: 8000 | H57: 2800 | I57: 4000 | J57: =IFERROR(G57/LOG(1+E57,1.07)+F57*5,0) -> 2825.6546 | K57: =OFFSET($C$41,MATCH(J57,$E$42:$E$45,-1)+1,0) -> 中R | L57: =G57/F57 -> 100 | M57: =IFERROR(INT(G57/E57/100),"") -> 320
A58: =IF(D58=$D$49,4,IF(D58=$D$50,5,6)) -> 4 | C58: 主角皮肤 | D58: 紫 | E58: 0 | F58: 25 | G58: 2500 | H58: 500 | I58: 500 | L58: =G58/(F58) -> 100 | M58: =IFERROR(INT(G58/E58/100),"")
A59: =IF(D59=$D$49,4,IF(D59=$D$50,5,6)) -> 5 | C59: 主角皮肤 | D59: 橙 | E59: 0.2 | F59: 50 | G59: 7000 | H59: 2100 | I59: 3500 | J59: =IFERROR((G59+G62)/LOG(1+E59,1.07)+F59*5,0) -> 3218.7613 | K59: =OFFSET($C$41,MATCH(J59,$E$42:$E$45,-1)+1,0) -> 中R | L59: =G59/(F59) -> 140 | M59: =IFERROR(INT(G59/E59/100),"") -> 350
A60: =IF(D60=$D$49,4,IF(D60=$D$50,5,6)) -> 6 | C60: 主角皮肤 | D60: 红 | E60: 0.3 | F60: 60 | G60: 12000 | H60: 4200 | I60: 6000 | J60: =IFERROR((G60+G63+G66)/LOG(1+E60,1.07)+F60*5,0) -> 4426.0893 | K60: =OFFSET($C$41,MATCH(J60,$E$42:$E$45,-1)+1,0) -> 大R | L60: =G60/(F60) -> 200 | M60: =IFERROR(INT(G60/E60/100),"") -> 400 | N60: 外观保值，周期更长
A61: =IF(D61=$D$49,4,IF(D61=$D$50,5,6)) -> 4 | C61: 主角头饰/脸饰 | D61: 紫 | E61: 0 | F61: 5 | G61: 500 | H61: 125 | I61: 100 | M61: =IFERROR(INT(G61/E61/100),"")
A62: =IF(D62=$D$49,4,IF(D62=$D$50,5,6)) -> 5 | C62: 主角头饰/脸饰 | D62: 橙 | E62: 0 | F62: 10 | G62: 1000 | H62: 250 | I62: 500 | M62: =IFERROR(INT(G62/E62/100),"")
A63: =IF(D63=$D$49,4,IF(D63=$D$50,5,6)) -> 6 | C63: 主角头饰/脸饰 | D63: 红 | E63: 0 | F63: 15 | G63: 1500 | H63: 375 | I63: 750 | M63: =IFERROR(INT(G63/E63/100),"")
C64: 主角背饰 | D64: 紫 | E64: 0 | F64: 0 | H64: =G64/2 -> 0 | M64: =IFERROR(INT(G64/E64/100),"")
C65: 主角背饰 | D65: 橙 | E65: 0 | F65: 0 | H65: =G65/2 -> 0 | M65: =IFERROR(INT(G65/E65/100),"")
C66: 主角背饰 | D66: 红 | E66: 0 | F66: 15 | G66: 2500 | H66: 625 | I66: 1250 | M66: =IFERROR(INT(G66/E66/100),"")
C69: 梦灵成长和锚定
C71: 锚定等级反馈 | L71: =100*30 -> 3000
C72: 0.5 | H72: =5 -> 5
H73: =0.015 -> 0.015 | I73: =H73*200 -> 3 | J73: =I73/6*10 -> 5 | K73: =J73+5 -> 10
C75: 梦灵品质 | D75: 梦灵倍率 | E75: 梦灵单日等级成长 | F75: 列1 | G75: 等级 | H75: 衰减 | J75: 加速 | L75: 装备成长 | M75: 倍率成长
C76: 1 | G76: 5 | H76: =10/30 -> 0.33333333 | I76: 60 | J76: 1 | K76: 初始 | L76: 600 | M76: 0.005
C77: 2 | D77: 1.15 | E77: 0.05 | F77: 紫 | G77: 10 | H77: =H76*I76/I77 -> 0.2 | I77: 100 | J77: 1
C78: 3 | D78: 1.3 | E78: 0.06 | F78: 橙 | G78: 15 | H78: =H77*I78/I77/J78 -> 0.2 | I78: 150 | J78: 1.5 | K78: 单日成长 | L78: 数值成长
C79: 4 | D79: 1.65 | E79: 0.1 | F79: 红1 | G79: 20 | H79: =H78*J79/(I79/I78) -> 0.2 | I79: 200 | J79: =1/0.75 -> 1.3333333 | K79: 非R | L79: 100 | AE79: 0.1
C80: 5 | D80: =D79*2 -> 3.3 | E80: 0.1 | F80: 红2 | G80: 25 | H80: =H79/(I80/I79) -> 0.13333333 | I80: 300 | J80: 1 | K80: 小R | L80: 100 | AD80: 1 | AE80: =100% -> 1
C81: 6 | D81: =D80*2 -> 6.6 | E81: 0.1 | F81: 粉1 | G81: 30 | H81: =H80/(I81/I80) -> 0.1 | I81: 400 | J81: 1 | K81: 中R | L81: 150 | AD81: 2 | AE81: =AE80+$AE$79 -> 1.1 | AF81: =AE81/AE80 -> 1.1 | AG81: =LOG(AF81,1.07) -> 1.4086917
C82: 7 | D82: =D81*2 -> 13.2 | E82: 0.1 | F82: 粉2 | G82: 35 | H82: =H81/(I82/I81) -> 0.08 | I82: 500 | J82: 1 | K82: 大R | L82: 200 | AD82: 3 | AE82: =AE81+$AE$79 -> 1.2 | AF82: =AE82/AE81 -> 1.0909091 | AG82: =LOG(AF82,1.07) -> 1.2860348
C83: 8 | D83: =D82*2 -> 26.4 | E83: 0.1 | F83: 彩1 | G83: 40 | H83: =H82/(I83/I82) -> 0.066666667 | I83: 600 | J83: 1 | AD83: 4 | AE83: =AE82+$AE$79 -> 1.3 | AF83: =AE83/AE82 -> 1.0833333 | AG83: =LOG(AF83,1.07) -> 1.1830373
C84: 9 | D84: =D83*2 -> 52.8 | E84: 0.1 | F84: 彩2 | G84: 45 | H84: =H83/(I84/I83) -> 0.057142857 | I84: 700 | J84: 1 | AD84: 5 | AE84: =AE83+$AE$79 -> 1.4 | AF84: =AE84/AE83 -> 1.0769231 | AG84: =LOG(AF84,1.07) -> 1.0953215
C85: 10 | D85: =D84*2 -> 105.6 | E85: 0.1 | F85: 彩3 | AD85: 6 | AE85: =AE84+$AE$79 -> 1.5 | AF85: =AE85/AE84 -> 1.0714286 | AG85: =LOG(AF85,1.07) -> 1.0197199
C86: 11 | D86: =D85*2 -> 211.2 | E86: 0.1 | F86: 彩4
C87: 12 | D87: =D86*2 -> 422.4 | E87: 0.1 | F87: 彩5 | P87: 2 | Q87: 3 | R87: 4 | S87: 5 | T87: 6
C88: 13 | D88: =D87*2 -> 844.8 | E88: 0.1 | F88: 彩6 | P88: 0.3
C89: 14 | D89: =D88*2 -> 1689.6 | E89: 0.1 | F89: 彩7 | P89: 0.3
C90: 15 | D90: =D89*2 -> 3379.2 | E90: 0.1 | F90: 彩8 | P90: 0.25 | Q90: 0.1 | R90: 0.03
C91: 16 | D91: =D90*2 -> 6758.4 | E91: 0.1 | F91: 彩9 | P91: 0.25 | Q91: 0.1 | R91: 0.03 | S91: 0.0075 | T91: 0.002
C92: 17 | D92: =D91*2 -> 13516.8 | E92: 0.1 | F92: 彩10 | P92: 0.25 | Q92: 0.1 | R92: 0.03 | S92: =0.0075 -> 0.0075 | T92: 0.002
C93: 18 | D93: =D92*2 -> 27033.6 | E93: 0.1 | F93: 彩11 | P93: 0.25 | Q93: 0.1 | R93: 0.03 | S93: 0.0075 | T93: 0.002
C94: 19 | D94: =D93*2 -> 54067.2 | E94: 0.1 | F94: 彩12 | P94: 0.25 | Q94: 0.1 | R94: 0.03 | S94: 0.0075 | T94: 0.002
C95: 20 | D95: =D94*2 -> 108134.4 | E95: 0.1 | F95: 彩13
AD96: 7 | AE96: =AE85+$AE$79 -> 1.6 | AF96: =AE96/AE85 -> 1.0666667 | AG96: =LOG(AF96,1.07) -> 0.95388428
C97: 符文模块 | AD97: 8 | AE97: =AE96+$AE$79 -> 1.7 | AF97: =AE97/AE96 -> 1.0625 | AG97: =LOG(AF97,1.07) -> 0.89603655
D98: 符文本体去控制速率上限，符文洗练去控制成长性价比 | AD98: 9 | AE98: =AE97+$AE$79 -> 1.8 | AF98: =AE98/AE97 -> 1.0588235 | AG98: =LOG(AF98,1.07) -> 0.84480573
G99: 1 | H99: 2 | I99: 4 | Q99: 1 | R99: 0.05 | S99: 30 | T99: =M116 -> 256 | AD99: 10 | AE99: =AE98+$AE$79 -> 1.9 | AF99: =AE99/AE98 -> 1.0555556 | AG99: =LOG(AF99,1.07) -> 0.79911767
D100: 增幅 | G100: 价格/钻石 | L100: 价格/钻石 | Q100: 2 | R100: 0.075 | S100: 30 | T100: =M116 -> 256 | AD100: 11 | AE100: =AE99+$AE$79 -> 2 | AF100: =AE100/AE99 -> 1.0526316 | AG100: =LOG(AF100,1.07) -> 0.75811881
C101: 档次 | D101: 橙 | E101: 红 | F101: 粉 | G101: 橙 | H101: 红 | I101: 粉 | L101: 橙 | M101: 红 | N101: 粉 | Q101: 3 | R101: 0.1 | S101: 30 | T101: =G102*2 -> 7200 | AD101: 12 | AE101: =AE100+$AE$79 -> 2.1 | AF101: =AE101/AE100 -> 1.05 | AG101: =LOG(AF101,1.07) -> 0.72112236
C102: 3 | D102: 0.1 | E102: 0.125 | F102: 0.16 | G102: 3600 | H102: =G102*2 -> 7200 | I102: =H102*2 -> 14400 | L102: 5000 | M102: =L102*2 -> 10000 | N102: =M102*2 -> 20000 | Q102: 4 | R102: 0.25 | S102: 30 | T102: =G103*2 -> 25000 | AD102: 13 | AE102: =AE101+$AE$79 -> 2.2 | AF102: =AE102/AE101 -> 1.047619 | AG102: =LOG(AF102,1.07) -> 0.68756939
C103: 4 | D103: 0.25 | E103: 0.32 | F103: 0.4 | G103: 12500 | H103: =G103*2 -> 25000 | I103: =H103*2 -> 50000 | L103: 12000 | M103: =L103*2 -> 24000 | N103: =M103*2 -> 48000 | Q103: 5 | R103: 0.32 | S103: 30 | T103: =G104*2 -> 100000 | AD103: 14 | AE103: =AE102+$AE$79 -> 2.3 | AF103: =AE103/AE102 -> 1.0454545 | AG103: =LOG(AF103,1.07) -> 0.65700045
C104: 5 | D104: 0.32 | E104: 0.4 | F104: 0.5 | G104: 50000 | H104: 100000 | I104: =H104*2 -> 200000 | L104: 25000 | M104: =L104*2 -> 50000 | N104: =M104*2 -> 100000 | Q104: 6 | R104: 0.2 | S104: 30 | T104: =G105*2 -> 400000 | AD104: 15 | AE104: =AE103+$AE$79 -> 2.4 | AF104: =AE104/AE103 -> 1.0434783 | AG104: =LOG(AF104,1.07) -> 0.62903436
C105: 6 | D105: 0.2 | E105: 0.25 | F105: 0.32 | G105: =G104*4 -> 200000 | H105: =G105*2 -> 400000 | I105: =H105*2 -> 800000 | L105: 50000 | M105: =L105*2 -> 100000 | N105: =M105*2 -> 200000 | AD105: 16 | AE105: =AE104+$AE$79 -> 2.5 | AF105: =AE105/AE104 -> 1.0416667 | AG105: =LOG(AF105,1.07) -> 0.6033522
AD106: 17 | AE106: =AE105+$AE$79 -> 2.6 | AF106: =AE106/AE105 -> 1.04 | AG106: =LOG(AF106,1.07) -> 0.57968514
C107: 档次 | D107: 橙 | E107: 红 | F107: 粉 | G107: 上限数量 | AD107: 18 | AE107: =AE106+$AE$79 -> 2.7 | AF107: =AE107/AE106 -> 1.0384615 | AG107: =LOG(AF107,1.07) -> 0.55780493
C108: 3 | D108: =G102/LOG(1+D102,$D$39) -> 2555.5626 | E108: =H102/LOG(1+E102,$D$39) -> 4135.929 | F108: =I102/LOG(1+F102,$D$39) -> 6564.3748 | AD108: 19 | AE108: =AE107+$AE$79 -> 2.8 | AF108: =AE108/AE107 -> 1.037037 | AG108: =LOG(AF108,1.07) -> 0.53751656
C109: 4 | D109: =G103/LOG(1+D103,$D$39) -> 3790.0854 | E109: =H103/LOG(1+E103,$D$39) -> 6092.4815 | F109: =I103/LOG(1+F103,$D$39) -> 10054.121 | G109: 6 | AD109: 20 | AE109: =AE108+$AE$79 -> 2.9 | AF109: =AE109/AE108 -> 1.0357143 | AG109: =LOG(AF109,1.07) -> 0.51865239
C110: 5 | D110: =G104/LOG(1+D104,$D$39) -> 12184.963 | E110: =H104/LOG(1+E104,$D$39) -> 20108.241 | F110: =I104/LOG(1+F104,$D$39) -> 33373.352 | G110: 6 | W110: 绿 | X110: 0.15 | Y110: =X111-X110 -> 0.05 | AD110: 21 | AE110: =AE109+$AE$79 -> 3 | AF110: =AE110/AE109 -> 1.0344828 | AG110: =LOG(AF110,1.07) -> 0.50106753
C111: 6 | D111: =G105/LOG(1+D105,$D$39) -> 74219.033 | E111: =H105/LOG(1+E105,$D$39) -> 121282.73 | F111: =I105/LOG(1+F105,$D$39) -> 194959.41 | G111: 12 | L111: 宝石品质 | M111: 合成数量 | N111: 价值 | S111: 权重 | T111: 1 | W111: 蓝 | X111: 0.2 | Y111: =X112-X111 -> 0.05 | AD111: 22 | AE111: =AE110+$AE$79 -> 3.1 | AF111: =AE111/AE110 -> 1.0333333 | AG111: =LOG(AF111,1.07) -> 0.48463609
L112: 白 | M112: 1 | N112: =M112*16 -> 16 | O112: 1 | S112: 白 | T112: 0.7 | W112: 紫 | X112: 0.25 | Y112: =X113-X112 -> 0.07 | AD112: 23 | AE112: =AE111+$AE$79 -> 3.2 | AF112: =AE112/AE111 -> 1.0322581 | AG112: =LOG(AF112,1.07) -> 0.46924819
H113: 30~60 | L113: 绿 | M113: =M112*4 -> 4 | N113: =M113*16 -> 64 | O113: 6 | S113: 绿 | T113: 0.7 | W113: 橙 | X113: 0.32 | Y113: =X114-X113 -> 0.08 | AD113: 24 | AE113: =AE112+$AE$79 -> 3.3 | AF113: =AE113/AE112 -> 1.03125 | AG113: =LOG(AF113,1.07) -> 0.45480747
C114: 用户层级 | D114: 符文付费成长 | E114: 符文关卡贡献 | F114: 洗练产出 | G114: 本体产出 | L114: 蓝 | M114: =M113*4 -> 16 | N114: =M114*16 -> 256 | O114: 26 | S114: 蓝 | T114: 0.62 | W114: 红 | X114: 0.4 | Y114: =X115-X114 -> 0.1 | AD114: 25 | AE114: =AE113+$AE$79 -> 3.4 | AF114: =AE114/AE113 -> 1.030303 | AG114: =LOG(AF114,1.07) -> 0.44122908
...

Sheet 玩法产出(新)
A2: 符文模块
B4: 充值金额 | C4: 符文洗练 | D4: 钻石价值
B5: 328 | C5: =24 -> 24 | D5: =C5*60 -> 1440
B6: 40000 | C6: =INT(B6/B5*C5) -> 2926 | D6: =C6*60 -> 175560
U7: A系统 | W7: B系统
C8: 增幅 | F8: 价格/钻石 | U8: 5万块钱 | W8: 10万
B9: 档次 | C9: 橙 | D9: 红 | E9: 粉 | F9: 橙 | G9: 红 | H9: 粉
B10: 3 | C10: 0.1 | D10: 0.125 | E10: 0.16 | F10: 5000 | G10: =F10*2 -> 10000 | H10: =G10*2 -> 20000 | I10: =$D$6/F10 -> 35.112 | J10: =$D$6/G10 -> 17.556 | N10: a | O10: bn | P10: c
B11: 4 | C11: 0.25 | D11: 0.32 | E11: 0.4 | F11: 12000 | G11: =F11*2 -> 24000 | H11: =G11*2 -> 48000 | I11: =$D$6/F11 -> 14.63 | J11: =$D$6/G11 -> 7.315 | N11: 2 | O11: 2 | P11: 2
B12: 5 | C12: 0.32 | D12: 0.4 | E12: 0.5 | F12: 25000 | G12: =F12*2 -> 50000 | H12: =G12*2 -> 100000 | I12: =$D$6/F12 -> 7.0224 | J12: =$D$6/G12 -> 3.5112 | N12: 46315
B13: 6 | C13: 0.2 | D13: 0.25 | E13: 0.32 | F13: 50000 | G13: =F13*2 -> 100000 | H13: =G13*2 -> 200000 | I13: =$D$6/F13 -> 3.5112 | J13: =$D$6/G13 -> 1.7556
N14: 5 | P14: 2 | Q14: 2 | R14: 4
N15: 50000
P16: 2
D17: 档次收益 | P17: 50000
B18: 等级 | C18: 攻击 | D18: 1 | E18: 2 | F18: 3 | G18: 4 | H18: 5 | I18: 6
B19: 白 | C19: 4 | D19: =E19 -> 0.02 | E19: 0.02
B20: 绿 | C20: =C19+4 -> 8 | D20: =E20 -> 0.03 | E20: 0.03
B21: 蓝 | C21: =C20+4 -> 12 | D21: =E21 -> 0.04 | E21: 0.04 | F21: 0.06 | G21: 0.075
B22: 紫 | C22: =C21+4 -> 16 | D22: =E22 -> 0.05 | E22: 0.05 | F22: 0.075 | G22: 0.1 | H22: 0.125 | I22: 0.15
B23: 橙 | C23: =C22+4 -> 20 | D23: =E23 -> 0.0625 | E23: 0.0625 | F23: 0.1 | G23: 0.25 | H23: 0.32 | I23: 0.2
B24: 红 | C24: =C23+4 -> 24 | D24: =E24 -> 0.075 | E24: 0.075 | F24: 0.125 | G24: 0.32 | H24: 0.4 | I24: 0.25
B25: 彩 | C25: =C24+4 -> 28 | D25: =E25 -> 0.1 | E25: 0.1 | F25: 0.16 | G25: 0.4 | H25: 0.5 | I25: 0.32
A28: 梦灵模块

Sheet 玩法框架
A2: 玩法规划
B3: 日常为标准产出，限次对标新手期的核心步长产出
F4: 设计思路 | L4: 100 | N4: 150
B5: 所属模块 | C5: 玩法名 | D5: 开启时间 | E5: 功能定位 | F5: 核心产出 | G5: 产出定位 | H5: 长周期占比 | I5: 分层方式 | M5: 125
B6: 卡牌PVE | C6: 主线推图 | D6: 初始 | E6: 多英雄练度验证 | G6: （一次性投放） | I6: 速率+能力 | Q6: =80+185 -> 265
B7: 卡牌PVP | C7: 情绪净化_单人 | D7: 第五关 | E7: 弱PVP冲榜 | F7: 招募券、金币 | I7: 活跃 | Q7: =Q6/2 -> 132.5
B8: 卡牌GVE | C8: 梦域巡航 | D8: 第十关 | E8: 最强一队验证 | F8: 装备 | I8: 速率+能力 | R8: =0.85-0.2 -> 0.65
B9: 卡牌GVG | C9: 情绪净化_双人 | D9: / | E9: 强GVG冲榜 | F9: 宝石 | I9: 速率+能力 | M9: 0.1
B10: 任务 | C10: 日常/周常 | D10: / | E10: 日常行为的引导 | I10: 无
B11: 商店 | C11: 每日商店 | D11: / | E11: 金币限量兑换高性价比 | I11: 无
B12: 常规商业化 | C12: 日·周·月礼包 | D12: / | E12: 中小R高性价比礼包 | F12: 招募券、宝石 | I12: 付费
B13: 核心活动 | C13: / | D13: /
B14: 开服活动 | C14: 七日目标 | D14: / | F14: 英雄、宝石
A17: 玩法产出
E47: #限次为前期控制步长的核心数据
F48: 英雄 | J48: 装备 | M48: 宝石 | R48: 武器 | U48: 专属卡带 | V48: 货币
B49: 所属模块 | C49: 玩法名 | D49: 产出途径 | E49: 玩法次数 | F49: 招募券 | G49: 高级招募 | H49: 英雄碎片 | I49: 英雄经验 | J49: 装备本体 | K49: 装备图纸 | L49: 装备洗练石 | M49: 宝石本体 | N49: 宝石锤 | O49: 高级宝石锤 | P49: 精灵木 | Q49: 宝石洗练石 | R49: 天赋石 | S49: 高级天赋石 | T49: 加速券 | U49: 专属卡带 | V49: 金币 | W49: 宝石 | X49: 星珀
B50: 卡牌_PVE | C50: 主线推图 | D50: 首通奖励 | R50: 限次 | V50: 限次
D51: 宝箱奖励 | F51: 限次 | G51: 限次 | I51: 限次 | J51: 限次 | K51: 限次 | N51: 限次 | P51: 限次 | R51: 限次 | S51: 限次
D52: 快速巡演/通关奖励 | F52: 日常 | I52: 日常 | J52: 填充 | K52: 填充 | M52: 日常 | P52: 日常*2 | R52: 日常*5 | V52: 日常 | W52: 一次性
D53: 收获人气（挂机） | I53: 日常 | M53: 日常 | N53: 日常*4 | V53: 日常 | W53: 日常
B54: 卡牌PVP | C54: 情绪净化_单人 | D54: 达成奖励 | F54: 日常*20 | V54: 日常
D55: 排行奖励 | I55: 周常 | N55: 日常*2 | O55: 日常*2
B56: 卡牌GVE | C56: 梦域巡航 | D56: 通关奖励 | J56: 日常 | K56: 日常 | M56: 日常 | N56: 日常*1 | P56: 日常*10 | R56: 日常*20 | T56: 日常
D57: 协助奖励 | J57: 日常 | K57: 日常 | M57: 日常 | N57: 日常*1 | P57: 日常*10 | R57: 日常*20 | T57: 日常
D58: 每周奖励 | L58: 周常 | W58: 周达标*300
D59: 成就奖励 | F59: 一次性 | W59: 一次性
B60: 卡牌_GVG | C60: 情绪净化_双人 | D60: 通关奖励
D61: 达成奖励 | N61: 周常*20 | O61: 周常*4
D62: 排行奖励 | O62: 周常*5 | Q62: 周常*12 | W62: 周常*300 | X62: 周常*50
B63: 氛围小游戏 | C63: / | D63: /
B64: 任务 | C64: 任务系统 | D64: 日常任务 | F64: 日常 | K64: 日常 | N64: 日常*1 | Q64: 日常*2 | W64: 日常*100
D65: 周常任务 | F65: 周常 | G65: 周常 | O65: 周常*2 | Q65: 周常*6 | W65: 周常*200
B66: 联盟社交 | C66: 联盟帮助 | D66: /
C67: 联盟商店 | D67: /
B68: 商店 | C68: 每日商店 | D68: 每日商店 | F68: 日常 | I68: 日常 | K68: 日常 | Q68: 日常
B69: 常规商业化 | C69: 抽卡（招募） | D69: 英雄招募 | H69: 日常 | I69: 日常 | R69: 日常 | V69: 日常
C70: 寻宝（图腾） | D70: 图腾寻宝
C71: 章节礼包 | D71: 章节礼包 | F71: 限次 | I71: 限次 | M71: 限次 | O71: 限次 | Q71: 限次
C72: 月卡 | D72: 特权月卡
D73: 福利月卡
C74: 战令 | D74: 普通奖励
D75: 进阶奖励
D76: 豪华奖励
C77: 每周签到 | D77: 每周签到
D78: 豪华签到
C79: 钻石基金 | D79: 首通奖励
D80: 豪华奖励
C81: 日&周&月礼包 | D81: 每日礼包 | F81: 日常 | I81: 日常 | K81: 日常 | L81: 日常 | O81: 日常 | P81: 日常 | Q81: 日常 | R81: 日常 | T81: 日常 | V81: 日常
D82: 每周礼包 | F82: 周常 | I82: 周常 | K82: 周常 | L82: 周常 | O82: 周常 | P82: 周常 | Q82: 周常 | R82: 周常 | T82: 周常 | V82: 周常
D83: 每月礼包 | F83: 月常 | I83: 月常 | K83: 月常 | L83: 月常 | M83: 月常 | O83: 月常 | P83: 月常 | Q83: 月常 | R83: 月常 | T83: 月常 | V83: 月常
C84: 每日特惠 | D84: 直购奖励
C85: 每日充值 | D85: 充值奖励
D86: 充值天数奖励
C87: 累充豪礼 | D87: 累充豪礼
B88: 核心活动 | C88: 冲刺活动（循环） | D88: 冲刺目标
D89: 冲刺排名
D90: 冲刺礼包
D91: 冲刺任务
C92: 祈愿/寻宝 | D92: 祈愿抽奖
D93: 祈愿任务
D94: 祈愿礼包
C95: 英雄试炼 | D95: 等级礼包
D96: 试炼礼包
D97: 试炼抽奖
B98: 开服活动 | C98: 七日目标 | D98: 七日任务
D99: 七日达标奖励
C100: 星火集结（30日签） | D100: 签到奖励

Sheet 内容释放节奏
C2: 内容释放节奏
D4: 时间 | E4: 玩家等级 | F4: 梦灵品质 | G4: 全局养成 | H4: 赛季养成
D5: 1 | E5: =VLOOKUP(D5,$D$52:$H$551,4,0) -> 12
D6: 7 | E6: =VLOOKUP(D6,$D$52:$H$551,4,0) -> 32
D7: 30 | E7: =VLOOKUP(D7,$D$52:$H$551,4,0) -> 59
D8: 60 | E8: =VLOOKUP(D8,$D$52:$H$551,4,0) -> 81
D9: 90 | E9: =VLOOKUP(D9,$D$52:$H$551,4,0) -> 92
D10: 120 | E10: =VLOOKUP(D10,$D$52:$H$551,4,0) -> 102
C13: 每日体力产出
C15: * | D15: 当前体力投放，先参考《僵尸》的投放途径，价格待定
D16: 途径 | E16: 每日次数
D17: 非R | E17: =H27/10 -> 40
D18: 双月卡 | E18: =H31/10 -> 46
D19: 大R | E19: =H34/10 -> 71.285714
D22: 途径 | E22: 每日次数 | F22: 单次体力 | G22: 单项体力 | H22: 累计体力 | I22: 钻石价格 | J22: rmb价格 | K22: 定位 | L22: 汇总说明 | M22: 列1
D23: 创号初始 | E23: 0 | F23: 60 | I23: 0 | K23: 全体
D24: 时间恢复 | E24: =10*24 -> 240 | F24: 1 | G24: =E24*F24 -> 240 | H24: =G24 -> 240 | I24: 0 | K24: 全体
D25: 每日广告 | E25: 3 | F25: 10 | G25: =E25*F25 -> 30 | H25: =G25+H24 -> 270 | I25: 0 | K25: 全体
D26: 食堂奖励 | E26: 4 | F26: 30 | G26: =E26*F26 -> 120 | H26: =G26+H25 -> 390 | I26: 0 | K26: 全体
D27: 日礼包免费 | E27: 1 | F27: 10 | G27: =E27*F27 -> 10 | H27: =G27+H26 -> 400 | I27: 0 | K27: 全体
D28: 月卡福利 | E28: 1 | F28: 10 | G28: =E28*F28 -> 10 | H28: =G28+H27 -> 410 | J28: 1 | K28: 小R
D29: 每日特惠礼包1 | E29: 1 | F29: 10 | G29: =E29*F29 -> 10 | H29: =G29+H28 -> 420 | J29: 1 | K29: 小R | L29: 预留给小R
D30: 每日特惠礼包2 | E30: 1 | F30: 15 | G30: =E30*F30 -> 15 | H30: =G30+H29 -> 435 | J30: 6 | K30: 小R | L30: 预留给小R
D31: 每日特惠礼包3 | E31: 1 | F31: 25 | G31: =E31*F31 -> 25 | H31: =G31+H30 -> 460 | J31: 18 | K31: 小R | L31: 预留给小R
D32: 日礼包购买 | E32: 1 | F32: 60 | G32: =E32*F32 -> 60 | H32: =G32+H31 -> 520 | I32: 96 | K32: 中R
D33: 周礼包购买 | E33: =1/7 -> 0.14285714 | F33: =60*5 -> 300 | G33: =E33*F33 -> 42.857143 | H33: =G33+H32 -> 562.85714 | I33: =84*5 -> 420 | K33: 中R | L33: 每周1次
D34: 宝石购买 | E34: 5 | F34: 30 | G34: =E34*F34 -> 150 | H34: =G34+H33 -> 712.85714 | I34: 60 | K34: 大R
C36: 每日体力消耗
C38: * | D38: 月卡党的扫荡效率提升30%
D40: 途径 | E40: 每日次数 | F40: 点数
D41: 主线通关 | E41: 1 | F41: 10
D42: 扫荡【体力】 | E42: 3 | F42: 10
D43: 扫荡【月卡】 | E43: 无限 | F43: 10
D44: 精英副本 | E44: 无限 | F44: 20
C47: 具体天数内容
D51: 天数 | E51: 等级差值 | F51: 玩家等级 | G51: 玩家等级数值取整 | H51: 宝石数
D52: 1 | E52: =OFFSET(养成框架!$R$63,MATCH(D52,养成框架!$D$64:$D$96,1),0) -> 12 | F52: =E52 -> 12 | G52: =INT(F52) -> 12 | H52: =OFFSET($L$51,MATCH(F52,$K$52:$K$81,1),0) -> 12 | I52: 8 | J52: =OFFSET($L$51,MATCH(I52,$K$52:$K$81,1),0) -> 8 | K52: 1 | L52: 6 | M52: 12
D53: 2 | E53: =OFFSET(养成框架!$R$63,MATCH(D53,养成框架!$D$64:$D$96,1),0) -> 6 | F53: =E53+F52 -> 18 | G53: =INT(F53) -> 18 | H53: =OFFSET($L$51,MATCH(F53,$K$52:$K$81,1),0) -> 18 | I53: 12 | J53: =OFFSET($L$51,MATCH(I53,$K$52:$K$81,1),0) -> 12 | K53: 2 | L53: 6 | M53: 16
D54: 3 | E54: =OFFSET(养成框架!$R$63,MATCH(D54,养成框架!$D$64:$D$96,1),0) -> 4 | F54: =E54+F53 -> 22 | G54: =INT(F54) -> 22 | H54: =OFFSET($L$51,MATCH(F54,$K$52:$K$81,1),0) -> 21 | I54: 15 | J54: =OFFSET($L$51,MATCH(I54,$K$52:$K$81,1),0) -> 15 | K54: 3 | L54: 6 | M54: 18
D55: 4 | E55: =OFFSET(养成框架!$R$63,MATCH(D55,养成框架!$D$64:$D$96,1),0) -> 3 | F55: =E55+F54 -> 25 | G55: =INT(F55) -> 25 | H55: =OFFSET($L$51,MATCH(F55,$K$52:$K$81,1),0) -> 22 | I55: 18 | J55: =OFFSET($L$51,MATCH(I55,$K$52:$K$81,1),0) -> 18 | K55: 4 | L55: 6 | M55: 21
D56: 5 | E56: =OFFSET(养成框架!$R$63,MATCH(D56,养成框架!$D$64:$D$96,1),0) -> 3 | F56: =E56+F55 -> 28 | G56: =INT(F56) -> 28 | H56: =OFFSET($L$51,MATCH(F56,$K$52:$K$81,1),0) -> 24 | I56: 20 | J56: =OFFSET($L$51,MATCH(I56,$K$52:$K$81,1),0) -> 20 | K56: 5 | L56: 6 | M56: 23
D57: 6 | E57: =OFFSET(养成框架!$R$63,MATCH(D57,养成框架!$D$64:$D$96,1),0) -> 2 | F57: =E57+F56 -> 30 | G57: =INT(F57) -> 30 | H57: =OFFSET($L$51,MATCH(F57,$K$52:$K$81,1),0) -> 25 | I57: 22 | J57: =OFFSET($L$51,MATCH(I57,$K$52:$K$81,1),0) -> 21 | K57: 6 | L57: 6 | M57: 24
D58: 7 | E58: =OFFSET(养成框架!$R$63,MATCH(D58,养成框架!$D$64:$D$96,1),0) -> 2 | F58: =E58+F57 -> 32 | G58: =INT(F58) -> 32 | H58: =OFFSET($L$51,MATCH(F58,$K$52:$K$81,1),0) -> 26 | I58: 23 | J58: =OFFSET($L$51,MATCH(I58,$K$52:$K$81,1),0) -> 21 | K58: 7 | L58: 7 | M58: 25
D59: 8 | E59: =OFFSET(养成框架!$R$63,MATCH(D59,养成框架!$D$64:$D$96,1),0) -> 2 | F59: =E59+F58 -> 34 | G59: =INT(F59) -> 34 | H59: =OFFSET($L$51,MATCH(F59,$K$52:$K$81,1),0) -> 27 | I59: 25 | J59: =OFFSET($L$51,MATCH(I59,$K$52:$K$81,1),0) -> 22 | K59: 8 | L59: 8 | M59: 26
D60: 9 | E60: =OFFSET(养成框架!$R$63,MATCH(D60,养成框架!$D$64:$D$96,1),0) -> 2 | F60: =E60+F59 -> 36 | G60: =INT(F60) -> 36 | H60: =OFFSET($L$51,MATCH(F60,$K$52:$K$81,1),0) -> 28 | I60: 27 | J60: =OFFSET($L$51,MATCH(I60,$K$52:$K$81,1),0) -> 23 | K60: 9 | L60: 9 | M60: 27
D61: 10 | E61: =OFFSET(养成框架!$R$63,MATCH(D61,养成框架!$D$64:$D$96,1),0) -> 2 | F61: =E61+F60 -> 38 | G61: =INT(F61) -> 38 | H61: =OFFSET($L$51,MATCH(F61,$K$52:$K$81,1),0) -> 29 | I61: 28 | J61: =OFFSET($L$51,MATCH(I61,$K$52:$K$81,1),0) -> 24 | K61: 10 | L61: 10 | M61: 28
D62: 11 | E62: =OFFSET(养成框架!$R$63,MATCH(D62,养成框架!$D$64:$D$96,1),0) -> 2 | F62: =E62+F61 -> 40 | G62: =INT(F62) -> 40 | H62: =OFFSET($L$51,MATCH(F62,$K$52:$K$81,1),0) -> 30 | I62: 29 | J62: =OFFSET($L$51,MATCH(I62,$K$52:$K$81,1),0) -> 24 | K62: 11 | L62: 11 | M62: 29
D63: 12 | E63: =OFFSET(养成框架!$R$63,MATCH(D63,养成框架!$D$64:$D$96,1),0) -> 2 | F63: =E63+F62 -> 42 | G63: =INT(F63) -> 42 | H63: =OFFSET($L$51,MATCH(F63,$K$52:$K$81,1),0) -> 30 | I63: 30 | J63: =OFFSET($L$51,MATCH(I63,$K$52:$K$81,1),0) -> 25 | K63: 12 | L63: 12 | M63: 30
D64: 13 | E64: =OFFSET(养成框架!$R$63,MATCH(D64,养成框架!$D$64:$D$96,1),0) -> 2 | F64: =E64+F63 -> 44 | G64: =INT(F64) -> 44 | H64: =OFFSET($L$51,MATCH(F64,$K$52:$K$81,1),0) -> 30 | I64: 31 | J64: =OFFSET($L$51,MATCH(I64,$K$52:$K$81,1),0) -> 25 | K64: 13 | L64: 13 | M64: 30
... D81: 30 | E81: =OFFSET(养成框架!$R$63,MATCH(D81,养成框架!$D$64:$D$96,1),0) -> 0.71428571 | F81: =E81+F80 -> 59.857143 | G81: =INT(F81) -> 59 | H81: =OFFSET($L$51,MATCH(F81,$K$52:$K$81,1),0) -> 30 | I81: 46 | J81: =OFFSET($L$51,MATCH(I81,$K$52:$K$81,1),0) -> 30 | K81: 40 | L81: 30 | M81: 30
D82: 31 | E82: =OFFSET(养成框架!$R$63,MATCH(D82,养成框架!$D$64:$D$96,1),0) -> 0.71428571 | F82: =E82+F81 -> 60.571429 | G82: =INT(F82) -> 60 | H82: =OFFSET($L$51,MATCH(F82,$K$52:$K$81,1),0) -> 30 | I82: 47 | J82: =OFFSET($L$51,MATCH(I82,$K$52:$K$81,1),0) -> 30 | M82: 30
D83: 32 | E83: =OFFSET(养成框架!$R$63,MATCH(D83,养成框架!$D$64:$D$96,1),0) -> 0.71428571 | F83: =E83+F82 -> 61.285714 | G83: =INT(F83) -> 61 | H83: =OFFSET($L$51,MATCH(F83,$K$52:$K$81,1),0) -> 30 | I83: 47 | J83: =OFFSET($L$51,MATCH(I83,$K$52:$K$81,1),0) -> 30 | M83: 30
D84: 33 | E84: =OFFSET(养成框架!$R$63,MATCH(D84,养成框架!$D$64:$D$96,1),0) -> 0.71428571 | F84: =E84+F83 -> 62 | G84: =INT(F84) -> 62 | H84: =OFFSET($L$51,MATCH(F84,$K$52:$K$81,1),0) -> 30 | I84: 48 | J84: =OFFSET($L$51,MATCH(I84,$K$52:$K$81,1),0) -> 30 | M84: 30
D85: 34 | E85: =OFFSET(养成框架!$R$63,MATCH(D85,养成框架!$D$64:$D$96,1),0) -> 0.71428571 | F85: =E85+F84 -> 62.714286 | G85: =INT(F85) -> 62 | H85: =OFFSET($L$51,MATCH(F85,$K$52:$K$81,1),0) -> 30 | I85: 48 | J85: =OFFSET($L$51,MATCH(I85,$K$52:$K$81,1),0) -> 30 | M85: 30
D86: 35 | E86: =OFFSET(养成框架!$R$63,MATCH(D86,养成框架!$D$64:$D$96,1),0) -> 0.71428571 | F86: =E86+F85 -> 63.428571 | G86: =INT(F86) -> 63 | H86: =OFFSET($L$51,MATCH(F86,$K$52:$K$81,1),0) -> 30 | I86: 49 | J86: =OFFSET($L$51,MATCH(I86,$K$52:$K$81,1),0) -> 30 | M86: 30
D87: 36 | E87: =OFFSET(养成框架!$R$63,MATCH(D87,养成框架!$D$64:$D$96,1),0) -> 0.71428571 | F87: =E87+F86 -> 64.142857 | G87: =INT(F87) -> 64 | H87: =OFFSET($L$51,MATCH(F87,$K$52:$K$81,1),0) -> 30 | I87: 49 | J87: =OFFSET($L$51,MATCH(I87,$K$52:$K$81,1),0) -> 30 | M87: 30
D88: 37 | E88: =OFFSET(养成框架!$R$63,MATCH(D88,养成框架!$D$64:$D$96,1),0) -> 0.71428571 | F88: =E88+F87 -> 64.857143 | G88: =INT(F88) -> 64 | H88: =OFFSET($L$51,MATCH(F88,$K$52:$K$81,1),0) -> 30 | I88: 50 | J88: =OFFSET($L$51,MATCH(I88,$K$52:$K$81,1),0) -> 30 | M88: 30
D89: 38 | E89: =OFFSET(养成框架!$R$63,MATCH(D89,养成框架!$D$64:$D$96,1),0) -> 0.71428571 | F89: =E89+F88 -> 65.571429 | G89: =INT(F89) -> 65 | H89: =OFFSET($L$51,MATCH(F89,$K$52:$K$81,1),0) -> 30 | I89: 50 | J89: =OFFSET($L$51,MATCH(I89,$K$52:$K$81,1),0) -> 30 | M89: 30
D90: 39 | E90: =OFFSET(养成框架!$R$63,MATCH(D90,养成框架!$D$64:$D$96,1),0) -> 0.71428571 | F90: =E90+F89 -> 66.285714 | G90: =INT(F90) -> 66 | H90: =OFFSET($L$51,MATCH(F90,$K$52:$K$81,1),0) -> 30 | I90: 51 | J90: =OFFSET($L$51,MATCH(I90,$K$52:$K$81,1),0) -> 30 | M90: 30
D91: 40 | E91: =OFFSET(养成框架!$R$63,MATCH(D91,养成框架!$D$64:$D$96,1),0) -> 0.71428571 | F91: =E91+F90 -> 67 | G91: =INT(F91) -> 67 | H91: =OFFSET($L$51,MATCH(F91,$K$52:$K$81,1),0) -> 30 | I91: 51 | J91: =OFFSET($L$51,MATCH(I91,$K$52:$K$81,1),0) -> 30 | M91: 30
D92: 41 | E92: =OFFSET(养成框架!$R$63,MATCH(D92,养成框架!$D$64:$D$96,1),0) -> 0.71428571 | F92: =E92+F91 -> 67.714286 | G92: =INT(F92) -> 67 | H92: =OFFSET($L$51,MATCH(F92,$K$52:$K$81,1),0) -> 30 | I92: 52 | J92: =OFFSET($L$51,MATCH(I92,$K$52:$K$81,1),0) -> 30 | M92: 30
D93: 42 | E93: =OFFSET(养成框架!$R$63,MATCH(D93,养成框架!$D$64:$D$96,1),0) -> 0.71428571 | F93: =E93+F92 -> 68.428571 | G93: =INT(F93) -> 68 | H93: =OFFSET($L$51,MATCH(F93,$K$52:$K$81,1),0) -> 30 | I93: 52 | J93: =OFFSET($L$51,MATCH(I93,$K$52:$K$81,1),0) -> 30 | M93: 30
... D351: 300 | E351: =OFFSET(养成框架!$R$63,MATCH(D351,养成框架!$D$64:$D$96,1),0) -> 0.17857143 | F351: =E351+F350 -> 135.03571 | G351: =INT(F351) -> 135 | H351: =OFFSET($L$51,MATCH(F351,$K$52:$K$81,1),0) -> 30 | I351: 109 | J351: =OFFSET($L$51,MATCH(I351,$K$52:$K$81,1),0) -> 30 | M351: 30
D352: 301 | E352: =OFFSET(养成框架!$R$63,MATCH(D352,养成框架!$D$64:$D$96,1),0) -> 0.17857143 | F352: =E352+F351 -> 135.21429 | G352: =INT(F352) -> 135 | H352: =OFFSET($L$51,MATCH(F352,$K$52:$K$81,1),0) -> 30 | J352: =OFFSET($L$51,MATCH(I352,$K$52:$K$81,1),0) -> #N/A
D353: 302 | E353: =OFFSET(养成框架!$R$63,MATCH(D353,养成框架!$D$64:$D$96,1),0) -> 0.17857143 | F353: =E353+F352 -> 135.39286 | G353: =INT(F353) -> 135 | H353: =OFFSET($L$51,MATCH(F353,$K$52:$K$81,1),0) -> 30 | J353: =OFFSET($L$51,MATCH(I353,$K$52:$K$81,1),0) -> #N/A
D354: 303 | E354: =OFFSET(养成框架!$R$63,MATCH(D354,养成框架!$D$64:$D$96,1),0) -> 0.17857143 | F354: =E354+F353 -> 135.57143 | G354: =INT(F354) -> 135 | H354: =OFFSET($L$51,MATCH(F354,$K$52:$K$81,1),0) -> 30 | J354: =OFFSET($L$51,MATCH(I354,$K$52:$K$81,1),0) -> #N/A
D355: 304 | E355: =OFFSET(养成框架!$R$63,MATCH(D355,养成框架!$D$64:$D$96,1),0) -> 0.17857143 | F355: =E355+F354 -> 135.75 | G355: =INT(F355) -> 135 | H355: =OFFSET($L$51,MATCH(F355,$K$52:$K$81,1),0) -> 30 | J355: =OFFSET($L$51,MATCH(I355,$K$52:$K$81,1),0) -> #N/A
D356: 305 | E356: =OFFSET(养成框架!$R$63,MATCH(D356,养成框架!$D$64:$D$96,1),0) -> 0.17857143 | F356: =E356+F355 -> 135.92857 | G356: =INT(F356) -> 135 | H356: =OFFSET($L$51,MATCH(F356,$K$52:$K$81,1),0) -> 30 | J356: =OFFSET($L$51,MATCH(I356,$K$52:$K$81,1),0) -> #N/A
D357: 306 | E357: =OFFSET(养成框架!$R$63,MATCH(D357,养成框架!$D$64:$D$96,1),0) -> 0.17857143 | F357: =E357+F356 -> 136.10714 | G357: =INT(F357) -> 136 | H357: =OFFSET($L$51,MATCH(F357,$K$52:$K$81,1),0) -> 30 | J357: =OFFSET($L$51,MATCH(I357,$K$52:$K$81,1),0) -> #N/A
