Workbook

Sheet 说明
A1: 梦灵养成
A3: 说明
C5: 梦灵升级
D6: 梦灵属性=梦灵初始属性×（1＋（梦灵等级－1）×等级系数）
D7: 梦灵升级消耗【能量特饮】＋【金币】
D8: 梦灵升级本质上是上阵编队位置的升级，替换梦灵，等级继承
D9: 梦灵升级不能超过上阵编队最低等级位置10级
C11: 梦灵升星
D12: 梦灵升星属性＝梦灵等级属性×（1+品质系数）＋梦灵初始属性×升星系数×（品质id-1）
D13: 梦灵升星消耗【本体碎片】＋【金币】
D14: 梦灵升星到一定阶段后，需要【进阶石】
C16: 关联配置
D18: 配置 | E18: 字段 | F18: 值 | G18: 说明
D19: D_单位_unit_data
D20: D_道具_item_data | G20: *涉及梦灵道具与梦灵初始品质
G22: *预留最后一行
A24: 本页结束

Sheet 养成规划
A1: 养成属性
C3: 属性规划
D5: 途径 | E5: 生命百分比 | F5: 攻击百分比 | G5: 暴击伤害
D6: 梦灵 | E6: 4.2 | F6: 4.2 | G6: 9 | H6: *引用属性规划
D8: 养成分项
D9: 梦灵升级 | E9: 4.2 | F9: 420 | L9: *引用属性规划
D10: 梦灵图鉴 | G10: 9 | L10: *特殊属性
A23: 本页结束

Sheet 梦灵属性
A1: 设计思路
C3: 属性规划
D5: 途径 | E5: 生命百分比 | F5: 攻击百分比
D6: 养成1 | E6: 4.2 | F6: 4.2
C8: 养成规划
D10: 满级参数
D11: 养成周期/天 | E11: 180 | F11: *引用商业化框架
D12: 养成成本/钻 | E12: 240000 | F12: *引用商业化框架
D13: 每日碎片产出 | E13: =40*46+18*24 -> 2272
D16: 内容 | E16: 价值
D17: 蓝色梦灵碎片 | E17: 600
D18: 紫色梦灵碎片 | E18: 1200
D19: 橙色梦灵碎片 | E19: 2400
D20: 红色梦灵碎片 | E20: 4800
C23: 梦灵设定
E24: 梦灵职业
D25: 梦灵品质 | E25: 战士 | F25: 法师 | G25: 射手 | H25: 辅助 | I25: 控制 | J25: 毒系 | K25: 总和
D26: 蓝 | F26: 1 | G26: 1 | H26: 1 | K26: =SUM(E26:J26) -> 3
D27: 紫 | E27: 2 | F27: 1 | G27: 1 | H27: 1 | J27: 1 | K27: =SUM(E27:J27) -> 6
D28: 橙 | E28: 1 | F28: 1 | G28: 1 | H28: 1 | I28: 1 | J28: 1 | K28: =SUM(E28:J28) -> 6
D29: 红 | E29: 1 | F29: 1 | G29: 1 | H29: 1 | I29: 1 | J29: 1 | K29: =SUM(E29:J29) -> 6
A33: 梦灵养成数值和消耗
C35: 基础品质系数
D36: 梦灵属性=全局攻击力*（1+品质系数*梦灵等级）
D37: 品质 | E37: 品质系数 | F37: 品质 | G37: 攻击 | H37: 生命 | I37: 技能系数 | J37: 进阶消耗 | K37: 预期养成周期 | L37: 每日产出 | M37: 单价 | N37: 总坑深
D38: 蓝 | E38: 0.04 | F38: 3 | I38: 0.7 | J38: =SUMIFS($J$56:$J$255,$D$56:$D$255,D38,$E$56:$E$255,"<"&E46)/10 -> 2134 | K38: 60 | L38: =梦灵本体产出!$J$41*梦灵本体产出!$E$69*$K38 -> 1643.6137 | M38: 60 | N38: =M38*L38 -> 98616.825 | P38: 1
D39: 紫 | E39: 0.05 | F39: 4 | G39: 60 | H39: 600 | I39: 0.8 | J39: =SUMIFS($J$56:$J$255,$D$56:$D$255,D39,$E$56:$E$255,"<"&E47)/10 -> 874 | K39: 60 | L39: =梦灵本体产出!$K$41*梦灵本体产出!$E$69*$K39 -> 975.18367 | M39: 120 | N39: =M39*L39 -> 117022.04 | P39: 1.2
D40: 橙 | E40: 0.06 | F40: 5 | G40: 120 | H40: 1200 | I40: 1.05 | J40: =SUMIFS($J$56:$J$255,$D$56:$D$255,D40,$E$56:$E$255,"<"&E48)/10 -> 244 | K40: 60 | L40: =梦灵本体产出!$L$41*梦灵本体产出!$E$69*$K40 -> 744.68571 | M40: 240 | N40: =M40*L40 -> 178724.57 | P40: =P38*1.2*1.2 -> 1.44
D41: 红 | E41: 0.1 | F41: 6 | G41: 180 | H41: 1800 | I41: 1.4 | J41: =SUMIFS($J$56:$J$255,$D$56:$D$255,D41,$E$56:$E$255,"<"&E49)/10 -> 184 | K41: 60 | L41: =梦灵本体产出!$M$41*梦灵本体产出!$E$69*$K41 -> 282.08013 | M41: 480 | N41: =M41*L41 -> 135398.46 | P41: =P38*1.2^3 -> 1.728
D42: 彩 | E42: 0.14 | F42: 7 | G42: 240 | H42: 2400 | I42: 1.6 | J42: =SUMIFS($J$56:$J$255,$D$56:$D$255,D42,$E$56:$E$255,"<"&E50)/10 -> 0 | K42: 60 | M42: 960 | N42: =M42*L42 -> 0 | P42: =P39*1.2^4 -> 2.48832
N43: {=SUMPRODUCT(N38:N41,K26:K29)} -> 2882720.9
D44: 升级碎片
D45: 品质 | E45: 期望养成等级 | F45: 进阶消耗
D46: 蓝 | E46: 50 | F46: =SUMIFS($H$56:$H$255,$D$56:$D$255,D46,$E$56:$E$255,"<"&E46) -> 54240
D47: 紫 | E47: 40 | F47: =SUMIFS($H$56:$H$255,$D$56:$D$255,D47,$E$56:$E$255,"<"&E47) -> 50760
D48: 橙 | E48: 30 | F48: =SUMIFS($H$56:$H$255,$D$56:$D$255,D48,$E$56:$E$255,"<"&E48) -> 36480
D49: 红 | E49: 30 | F49: =SUMIFS($H$56:$H$255,$D$56:$D$255,D49,$E$56:$E$255,"<"&E49) -> 45600
D50: 彩 | E50: 30 | F50: =SUMIFS($H$56:$H$255,$D$56:$D$255,D50,$E$56:$E$255,"<"&E50) -> 0
F51: {=SUMPRODUCT(F46:F49,K26:K29)} -> 959760
D53: 品质系数：梦灵每级所提供的属性 | H53: #控制活跃速率
F54: 进阶属性加成 | H54: 进阶消耗
D55: 品质 | E55: 等级 | F55: 生命比 | G55: 攻击比 | H55: 英雄经验 | I55: 步长 | J55: 英雄碎片 | K55: 列1 | L55: 列2
D56: 蓝 | E56: 1 | F56: =VLOOKUP($D56,$D$38:$E$41,2,0)*($E56-1) -> 0 | G56: =VLOOKUP($D56,$D$38:$E$41,2,0)*($E56-1) -> 0 | H56: 24 | I56: =H56*6/$E$13 -> 0.063380282 | J56: 10 | K56: =SUM($J$56:J56) -> 10
D57: 蓝 | E57: 2 | F57: =VLOOKUP($D57,$D$38:$E$41,2,0)*($E57-1) -> 0.04 | G57: =VLOOKUP($D57,$D$38:$E$41,2,0)*($E57-1) -> 0.04 | H57: 48 | I57: =H57*6/$E$13 -> 0.12676056 | J57: 10 | K57: =SUM($J$56:J57) -> 20
D58: 蓝 | E58: 3 | F58: =VLOOKUP($D58,$D$38:$E$41,2,0)*($E58-1) -> 0.08 | G58: =VLOOKUP($D58,$D$38:$E$41,2,0)*($E58-1) -> 0.08 | H58: 72 | I58: =H58*6/$E$13 -> 0.19014085 | J58: 10 | K58: =SUM($J$56:J58) -> 30
D59: 蓝 | E59: 4 | F59: =VLOOKUP($D59,$D$38:$E$41,2,0)*($E59-1) -> 0.12 | G59: =VLOOKUP($D59,$D$38:$E$41,2,0)*($E59-1) -> 0.12 | H59: 96 | I59: =H59*6/$E$13 -> 0.25352113 | J59: 10 | K59: =SUM($J$56:J59) -> 40
D60: 蓝 | E60: 5 | F60: =VLOOKUP($D60,$D$38:$E$41,2,0)*($E60-1) -> 0.16 | G60: =VLOOKUP($D60,$D$38:$E$41,2,0)*($E60-1) -> 0.16 | H60: 144 | I60: =H60*6/$E$13 -> 0.38028169 | J60: 30 | K60: =SUM($J$56:J60) -> 70
D61: 蓝 | E61: 6 | F61: =VLOOKUP($D61,$D$38:$E$41,2,0)*($E61-1) -> 0.2 | G61: =VLOOKUP($D61,$D$38:$E$41,2,0)*($E61-1) -> 0.2 | H61: 192 | I61: =H61*6/$E$13 -> 0.50704225 | J61: 30 | K61: =SUM($J$56:J61) -> 100
D62: 蓝 | E62: 7 | F62: =VLOOKUP($D62,$D$38:$E$41,2,0)*($E62-1) -> 0.24 | G62: =VLOOKUP($D62,$D$38:$E$41,2,0)*($E62-1) -> 0.24 | H62: 240 | I62: =H62*6/$E$13 -> 0.63380282 | J62: 30 | K62: =SUM($J$56:J62) -> 130
D63: 蓝 | E63: 8 | F63: =VLOOKUP($D63,$D$38:$E$41,2,0)*($E63-1) -> 0.28 | G63: =VLOOKUP($D63,$D$38:$E$41,2,0)*($E63-1) -> 0.28 | H63: 288 | I63: =H63*6/$E$13 -> 0.76056338 | J63: 30 | K63: =SUM($J$56:J63) -> 160
D64: 蓝 | E64: 9 | F64: =VLOOKUP($D64,$D$38:$E$41,2,0)*($E64-1) -> 0.32 | G64: =VLOOKUP($D64,$D$38:$E$41,2,0)*($E64-1) -> 0.32 | H64: 336 | I64: =H64*6/$E$13 -> 0.88732394 | J64: 30 | K64: =SUM($J$56:J64) -> 190
D65: 蓝 | E65: 10 | F65: =VLOOKUP($D65,$D$38:$E$41,2,0)*($E65-1) -> 0.36 | G65: =VLOOKUP($D65,$D$38:$E$41,2,0)*($E65-1) -> 0.36 | H65: 384 | I65: =H65*6/$E$13 -> 1.0140845 | J65: 60 | K65: =SUM($J$56:J65) -> 250
D66: 蓝 | E66: 11 | F66: =VLOOKUP($D66,$D$38:$E$41,2,0)*($E66-1) -> 0.4 | G66: =VLOOKUP($D66,$D$38:$E$41,2,0)*($E66-1) -> 0.4 | H66: 432 | I66: =H66*6/$E$13 -> 1.1408451 | J66: 60 | K66: =SUM($J$56:J66) -> 310
D67: 蓝 | E67: 12 | F67: =VLOOKUP($D67,$D$38:$E$41,2,0)*($E67-1) -> 0.44 | G67: =VLOOKUP($D67,$D$38:$E$41,2,0)*($E67-1) -> 0.44 | H67: 480 | I67: =H67*6/$E$13 -> 1.2676056 | J67: 60 | K67: =SUM($J$56:J67) -> 370
... D69: 蓝 | E69: 14 | F69: =VLOOKUP($D69,$D$38:$E$41,2,0)*($E69-1) -> 0.52 | G69: =VLOOKUP($D69,$D$38:$E$41,2,0)*($E69-1) -> 0.52 | H69: 576 | I69: =H69*6/$E$13 -> 1.5211268 | J69: 60 | K69: =SUM($J$56:J69) -> 490
D70: 蓝 | E70: 15 | F70: =VLOOKUP($D70,$D$38:$E$41,2,0)*($E70-1) -> 0.56 | G70: =VLOOKUP($D70,$D$38:$E$41,2,0)*($E70-1) -> 0.56 | H70: 624 | I70: =H70*6/$E$13 -> 1.6478873 | J70: 90 | K70: =SUM($J$56:J70) -> 580 | M70: 0.5
D71: 蓝 | E71: 16 | F71: =VLOOKUP($D71,$D$38:$E$41,2,0)*($E71-1) -> 0.6 | G71: =VLOOKUP($D71,$D$38:$E$41,2,0)*($E71-1) -> 0.6 | H71: 672 | I71: =H71*6/$E$13 -> 1.7746479 | J71: 90 | K71: =SUM($J$56:J71) -> 670
D72: 蓝 | E72: 17 | F72: =VLOOKUP($D72,$D$38:$E$41,2,0)*($E72-1) -> 0.64 | G72: =VLOOKUP($D72,$D$38:$E$41,2,0)*($E72-1) -> 0.64 | H72: 720 | I72: =H72*6/$E$13 -> 1.9014085 | J72: 90 | K72: =SUM($J$56:J72) -> 760
D73: 蓝 | E73: 18 | F73: =VLOOKUP($D73,$D$38:$E$41,2,0)*($E73-1) -> 0.68 | G73: =VLOOKUP($D73,$D$38:$E$41,2,0)*($E73-1) -> 0.68 | H73: 768 | I73: =H73*6/$E$13 -> 2.028169 | J73: 90 | K73: =SUM($J$56:J73) -> 850
D74: 蓝 | E74: 19 | F74: =VLOOKUP($D74,$D$38:$E$41,2,0)*($E74-1) -> 0.72 | G74: =VLOOKUP($D74,$D$38:$E$41,2,0)*($E74-1) -> 0.72 | H74: 816 | I74: =H74*6/$E$13 -> 2.1549296 | J74: 90 | K74: =SUM($J$56:J74) -> 940
D75: 蓝 | E75: 20 | F75: =VLOOKUP($D75,$D$38:$E$41,2,0)*($E75-1) -> 0.76 | G75: =VLOOKUP($D75,$D$38:$E$41,2,0)*($E75-1) -> 0.76 | H75: 864 | I75: =H75*6/$E$13 -> 2.2816901 | J75: 120 | K75: =SUM($J$56:J75) -> 1060
D76: 蓝 | E76: 21 | F76: =VLOOKUP($D76,$D$38:$E$41,2,0)*($E76-1) -> 0.8 | G76: =VLOOKUP($D76,$D$38:$E$41,2,0)*($E76-1) -> 0.8 | H76: 912 | I76: =H76*6/$E$13 -> 2.4084507 | J76: 120 | K76: =SUM($J$56:J76) -> 1180
D77: 蓝 | E77: 22 | F77: =VLOOKUP($D77,$D$38:$E$41,2,0)*($E77-1) -> 0.84 | G77: =VLOOKUP($D77,$D$38:$E$41,2,0)*($E77-1) -> 0.84 | H77: 960 | I77: =H77*6/$E$13 -> 2.5352113 | J77: 120 | K77: =SUM($J$56:J77) -> 1300
D78: 蓝 | E78: 23 | F78: =VLOOKUP($D78,$D$38:$E$41,2,0)*($E78-1) -> 0.88 | G78: =VLOOKUP($D78,$D$38:$E$41,2,0)*($E78-1) -> 0.88 | H78: 1008 | I78: =H78*6/$E$13 -> 2.6619718 | J78: 120 | K78: =SUM($J$56:J78) -> 1420
D79: 蓝 | E79: 24 | F79: =VLOOKUP($D79,$D$38:$E$41,2,0)*($E79-1) -> 0.92 | G79: =VLOOKUP($D79,$D$38:$E$41,2,0)*($E79-1) -> 0.92 | H79: 1056 | I79: =H79*6/$E$13 -> 2.7887324 | J79: 120 | K79: =SUM($J$56:J79) -> 1540
D80: 蓝 | E80: 25 | F80: =VLOOKUP($D80,$D$38:$E$41,2,0)*($E80-1) -> 0.96 | G80: =VLOOKUP($D80,$D$38:$E$41,2,0)*($E80-1) -> 0.96 | H80: 1104 | I80: =H80*6/$E$13 -> 2.915493 | J80: 240 | K80: =SUM($J$56:J80) -> 1780
D81: 蓝 | E81: 26 | F81: =VLOOKUP($D81,$D$38:$E$41,2,0)*($E81-1) -> 1 | G81: =VLOOKUP($D81,$D$38:$E$41,2,0)*($E81-1) -> 1 | H81: 1152 | I81: =H81*6/$E$13 -> 3.0422535 | J81: 240 | K81: =SUM($J$56:J81) -> 2020
D82: 蓝 | E82: 27 | F82: =VLOOKUP($D82,$D$38:$E$41,2,0)*($E82-1) -> 1.04 | G82: =VLOOKUP($D82,$D$38:$E$41,2,0)*($E82-1) -> 1.04 | H82: 1200 | I82: =H82*6/$E$13 -> 3.1690141 | J82: 240 | K82: =SUM($J$56:J82) -> 2260
... D104: 蓝 | E104: 49 | F104: =VLOOKUP($D104,$D$38:$E$41,2,0)*($E104-1) -> 1.92 | G104: =VLOOKUP($D104,$D$38:$E$41,2,0)*($E104-1) -> 1.92 | H104: 2256 | I104: =H104*6/$E$13 -> 5.9577465 | J104: 1440 | K104: =SUM($J$56:J104) -> 21340
D105: 蓝 | E105: 50 | F105: =VLOOKUP($D105,$D$38:$E$41,2,0)*($E105-1) -> 1.96 | G105: =VLOOKUP($D105,$D$38:$E$41,2,0)*($E105-1) -> 1.96 | I105: =H105*6/$E$13 -> 0
D106: 紫 | E106: 1 | F106: =VLOOKUP($D106,$D$38:$E$41,2,0)*($E106-1) -> 0 | G106: =VLOOKUP($D106,$D$38:$E$41,2,0)*($E106-1) -> 0 | H106: 36 | I106: =H106*6/$E$13 -> 0.095070423 | J106: 10 | K106: =SUM($J$106:J106) -> 10 | L106: 24 | N106: 橙 | O106: 1 | P106: =VLOOKUP($D106,$D$38:$E$41,2,0)*($E106-1) -> 0
D107: 紫 | E107: 2 | F107: =VLOOKUP($D107,$D$38:$E$41,2,0)*($E107-1) -> 0.05 | G107: =VLOOKUP($D107,$D$38:$E$41,2,0)*($E107-1) -> 0.05 | H107: 72 | I107: =H107*6/$E$13 -> 0.19014085 | J107: 10 | K107: =SUM($J$106:J107) -> 20 | L107: 48 | N107: 橙 | O107: 2 | P107: =VLOOKUP($D107,$D$38:$E$41,2,0)*($E107-1) -> 0.05
D108: 紫 | E108: 3 | F108: =VLOOKUP($D108,$D$38:$E$41,2,0)*($E108-1) -> 0.1 | G108: =VLOOKUP($D108,$D$38:$E$41,2,0)*($E108-1) -> 0.1 | H108: 108 | I108: =H108*6/$E$13 -> 0.28521127 | J108: 10 | K108: =SUM($J$106:J108) -> 30 | L108: 72 | N108: 橙 | O108: 3 | P108: =VLOOKUP($D108,$D$38:$E$41,2,0)*($E108-1) -> 0.1
D109: 紫 | E109: 4 | F109: =VLOOKUP($D109,$D$38:$E$41,2,0)*($E109-1) -> 0.15 | G109: =VLOOKUP($D109,$D$38:$E$41,2,0)*($E109-1) -> 0.15 | H109: 144 | I109: =H109*6/$E$13 -> 0.38028169 | J109: 10 | K109: =SUM($J$106:J109) -> 40 | L109: 96 | N109: 橙 | O109: 4 | P109: =VLOOKUP($D109,$D$38:$E$41,2,0)*($E109-1) -> 0.15
D110: 紫 | E110: 5 | F110: =VLOOKUP($D110,$D$38:$E$41,2,0)*($E110-1) -> 0.2 | G110: =VLOOKUP($D110,$D$38:$E$41,2,0)*($E110-1) -> 0.2 | H110: 216 | I110: =H110*6/$E$13 -> 0.57042254 | J110: 30 | K110: =SUM($J$106:J110) -> 70 | L110: 144 | N110: 橙 | O110: 5 | P110: =VLOOKUP($D110,$D$38:$E$41,2,0)*($E110-1) -> 0.2
D111: 紫 | E111: 6 | F111: =VLOOKUP($D111,$D$38:$E$41,2,0)*($E111-1) -> 0.25 | G111: =VLOOKUP($D111,$D$38:$E$41,2,0)*($E111-1) -> 0.25 | H111: 288 | I111: =H111*6/$E$13 -> 0.76056338 | J111: 30 | K111: =SUM($J$106:J111) -> 100 | L111: 192 | N111: 橙 | O111: 6 | P111: =VLOOKUP($D111,$D$38:$E$41,2,0)*($E111-1) -> 0.25
D112: 紫 | E112: 7 | F112: =VLOOKUP($D112,$D$38:$E$41,2,0)*($E112-1) -> 0.3 | G112: =VLOOKUP($D112,$D$38:$E$41,2,0)*($E112-1) -> 0.3 | H112: 360 | I112: =H112*6/$E$13 -> 0.95070423 | J112: 30 | K112: =SUM($J$106:J112) -> 130 | L112: 240 | N112: 橙 | O112: 7 | P112: =VLOOKUP($D112,$D$38:$E$41,2,0)*($E112-1) -> 0.3
D113: 紫 | E113: 8 | F113: =VLOOKUP($D113,$D$38:$E$41,2,0)*($E113-1) -> 0.35 | G113: =VLOOKUP($D113,$D$38:$E$41,2,0)*($E113-1) -> 0.35 | H113: 432 | I113: =H113*6/$E$13 -> 1.1408451 | J113: 30 | K113: =SUM($J$106:J113) -> 160 | L113: 288 | N113: 橙 | O113: 8 | P113: =VLOOKUP($D113,$D$38:$E$41,2,0)*($E113-1) -> 0.35
D114: 紫 | E114: 9 | F114: =VLOOKUP($D114,$D$38:$E$41,2,0)*($E114-1) -> 0.4 | G114: =VLOOKUP($D114,$D$38:$E$41,2,0)*($E114-1) -> 0.4 | H114: 504 | I114: =H114*6/$E$13 -> 1.3309859 | J114: 30 | K114: =SUM($J$106:J114) -> 190 | L114: 336 | N114: 橙 | O114: 9 | P114: =VLOOKUP($D114,$D$38:$E$41,2,0)*($E114-1) -> 0.4
D115: 紫 | E115: 10 | F115: =VLOOKUP($D115,$D$38:$E$41,2,0)*($E115-1) -> 0.45 | G115: =VLOOKUP($D115,$D$38:$E$41,2,0)*($E115-1) -> 0.45 | H115: 576 | I115: =H115*6/$E$13 -> 1.5211268 | J115: 60 | K115: =SUM($J$106:J115) -> 250 | L115: 384 | N115: 橙 | O115: 10 | P115: =VLOOKUP($D115,$D$38:$E$41,2,0)*($E115-1) -> 0.45
D116: 紫 | E116: 11 | F116: =VLOOKUP($D116,$D$38:$E$41,2,0)*($E116-1) -> 0.5 | G116: =VLOOKUP($D116,$D$38:$E$41,2,0)*($E116-1) -> 0.5 | H116: 648 | I116: =H116*6/$E$13 -> 1.7112676 | J116: 60 | K116: =SUM($J$106:J116) -> 310 | L116: 432 | N116: 橙 | O116: 11 | P116: =VLOOKUP($D116,$D$38:$E$41,2,0)*($E116-1) -> 0.5
D117: 紫 | E117: 12 | F117: =VLOOKUP($D117,$D$38:$E$41,2,0)*($E117-1) -> 0.55 | G117: =VLOOKUP($D117,$D$38:$E$41,2,0)*($E117-1) -> 0.55 | H117: 720 | I117: =H117*6/$E$13 -> 1.9014085 | J117: 60 | K117: =SUM($J$106:J117) -> 370 | L117: 480 | N117: 橙 | O117: 12 | P117: =VLOOKUP($D117,$D$38:$E$41,2,0)*($E117-1) -> 0.55
... D119: 紫 | E119: 14 | F119: =VLOOKUP($D119,$D$38:$E$41,2,0)*($E119-1) -> 0.65 | G119: =VLOOKUP($D119,$D$38:$E$41,2,0)*($E119-1) -> 0.65 | H119: 864 | I119: =H119*6/$E$13 -> 2.2816901 | J119: 60 | K119: =SUM($J$106:J119) -> 490 | L119: 576 | N119: 橙 | O119: 14 | P119: =VLOOKUP($D119,$D$38:$E$41,2,0)*($E119-1) -> 0.65
D120: 紫 | E120: 15 | F120: =VLOOKUP($D120,$D$38:$E$41,2,0)*($E120-1) -> 0.7 | G120: =VLOOKUP($D120,$D$38:$E$41,2,0)*($E120-1) -> 0.7 | H120: 936 | I120: =H120*6/$E$13 -> 2.471831 | J120: 90 | K120: =SUM($J$106:J120) -> 580 | L120: 624 | M120: 0.5 | N120: 橙 | O120: 15 | P120: =VLOOKUP($D120,$D$38:$E$41,2,0)*($E120-1) -> 0.7
D121: 紫 | E121: 16 | F121: =VLOOKUP($D121,$D$38:$E$41,2,0)*($E121-1) -> 0.75 | G121: =VLOOKUP($D121,$D$38:$E$41,2,0)*($E121-1) -> 0.75 | H121: 1008 | I121: =H121*6/$E$13 -> 2.6619718 | J121: 90 | K121: =SUM($J$106:J121) -> 670 | L121: 672
D122: 紫 | E122: 17 | F122: =VLOOKUP($D122,$D$38:$E$41,2,0)*($E122-1) -> 0.8 | G122: =VLOOKUP($D122,$D$38:$E$41,2,0)*($E122-1) -> 0.8 | H122: 1080 | I122: =H122*6/$E$13 -> 2.8521127 | J122: 90 | K122: =SUM($J$106:J122) -> 760 | L122: 720
D123: 紫 | E123: 18 | F123: =VLOOKUP($D123,$D$38:$E$41,2,0)*($E123-1) -> 0.85 | G123: =VLOOKUP($D123,$D$38:$E$41,2,0)*($E123-1) -> 0.85 | H123: 1152 | I123: =H123*6/$E$13 -> 3.0422535 | J123: 90 | K123: =SUM($J$106:J123) -> 850 | L123: 768
D124: 紫 | E124: 19 | F124: =VLOOKUP($D124,$D$38:$E$41,2,0)*($E124-1) -> 0.9 | G124: =VLOOKUP($D124,$D$38:$E$41,2,0)*($E124-1) -> 0.9 | H124: 1224 | I124: =H124*6/$E$13 -> 3.2323944 | J124: 90 | K124: =SUM($J$106:J124) -> 940 | L124: 816
D125: 紫 | E125: 20 | F125: =VLOOKUP($D125,$D$38:$E$41,2,0)*($E125-1) -> 0.95 | G125: =VLOOKUP($D125,$D$38:$E$41,2,0)*($E125-1) -> 0.95 | H125: 1296 | I125: =H125*6/$E$13 -> 3.4225352 | J125: 120 | K125: =SUM($J$106:J125) -> 1060 | L125: 864
D126: 紫 | E126: 21 | F126: =VLOOKUP($D126,$D$38:$E$41,2,0)*($E126-1) -> 1 | G126: =VLOOKUP($D126,$D$38:$E$41,2,0)*($E126-1) -> 1 | H126: 1368 | I126: =H126*6/$E$13 -> 3.6126761 | J126: 120 | K126: =SUM($J$106:J126) -> 1180 | L126: 912
D127: 紫 | E127: 22 | F127: =VLOOKUP($D127,$D$38:$E$41,2,0)*($E127-1) -> 1.05 | G127: =VLOOKUP($D127,$D$38:$E$41,2,0)*($E127-1) -> 1.05 | H127: 1440 | I127: =H127*6/$E$13 -> 3.8028169 | J127: 120 | K127: =SUM($J$106:J127) -> 1300 | L127: 960
D128: 紫 | E128: 23 | F128: =VLOOKUP($D128,$D$38:$E$41,2,0)*($E128-1) -> 1.1 | G128: =VLOOKUP($D128,$D$38:$E$41,2,0)*($E128-1) -> 1.1 | H128: 1512 | I128: =H128*6/$E$13 -> 3.9929577 | J128: 120 | K128: =SUM($J$106:J128) -> 1420 | L128: 1008
D129: 紫 | E129: 24 | F129: =VLOOKUP($D129,$D$38:$E$41,2,0)*($E129-1) -> 1.15 | G129: =VLOOKUP($D129,$D$38:$E$41,2,0)*($E129-1) -> 1.15 | H129: 1584 | I129: =H129*6/$E$13 -> 4.1830986 | J129: 120 | K129: =SUM($J$106:J129) -> 1540 | L129: 1056
D130: 紫 | E130: 25 | F130: =VLOOKUP($D130,$D$38:$E$41,2,0)*($E130-1) -> 1.2 | G130: =VLOOKUP($D130,$D$38:$E$41,2,0)*($E130-1) -> 1.2 | H130: 1656 | I130: =H130*6/$E$13 -> 4.3732394 | J130: 240 | K130: =SUM($J$106:J130) -> 1780 | L130: 1104
D131: 紫 | E131: 26 | F131: =VLOOKUP($D131,$D$38:$E$41,2,0)*($E131-1) -> 1.25 | G131: =VLOOKUP($D131,$D$38:$E$41,2,0)*($E131-1) -> 1.25 | H131: 1728 | I131: =H131*6/$E$13 -> 4.5633803 | J131: 240 | K131: =SUM($J$106:J131) -> 2020 | L131: 1152
D132: 紫 | E132: 27 | F132: =VLOOKUP($D132,$D$38:$E$41,2,0)*($E132-1) -> 1.3 | G132: =VLOOKUP($D132,$D$38:$E$41,2,0)*($E132-1) -> 1.3 | H132: 1800 | I132: =H132*6/$E$13 -> 4.7535211 | J132: 240 | K132: =SUM($J$106:J132) -> 2260 | L132: 1200
... D154: 紫 | E154: 49 | F154: =VLOOKUP($D154,$D$38:$E$41,2,0)*($E154-1) -> 2.4 | G154: =VLOOKUP($D154,$D$38:$E$41,2,0)*($E154-1) -> 2.4 | H154: 3384 | I154: =H154*6/$E$13 -> 8.9366197 | J154: 1440 | K154: =SUM($J$106:J154) -> 21340 | L154: 2256
D155: 紫 | E155: 50 | F155: =VLOOKUP($D155,$D$38:$E$41,2,0)*($E155-1) -> 2.45 | G155: =VLOOKUP($D155,$D$38:$E$41,2,0)*($E155-1) -> 2.45 | H155: =梦灵经验产出!I73 -> 0 | I155: =H155*6/$E$13 -> 0
D156: 橙 | E156: 1 | F156: =VLOOKUP($D156,$D$38:$E$41,2,0)*($E156-1) -> 0 | G156: =VLOOKUP($D156,$D$38:$E$41,2,0)*($E156-1) -> 0 | H156: 48 | I156: =H156*6/$E$13 -> 0.12676056 | J156: 10 | K156: =SUM($J$156:J156) -> 10 | M156: 紫 | N156: 1 | O156: 0 | P156: 0 | Q156: 36 | R156: 0.095070423 | S156: 10
D157: 橙 | E157: 2 | F157: =VLOOKUP($D157,$D$38:$E$41,2,0)*($E157-1) -> 0.06 | G157: =VLOOKUP($D157,$D$38:$E$41,2,0)*($E157-1) -> 0.06 | H157: 96 | I157: =H157*6/$E$13 -> 0.25352113 | J157: 10 | K157: =SUM($J$156:J157) -> 20 | M157: 紫 | N157: 2 | O157: 0.05 | P157: 0.05 | Q157: 72 | R157: 0.19014085 | S157: 10
...

Sheet 梦灵属性 (新版)
A1: 设计思路
C3: 属性规划
D5: 途径 | E5: 生命百分比 | F5: 攻击百分比
D6: 养成1 | E6: 4.2 | F6: 4.2
C8: 养成规划
D10: 满级参数
D11: 养成周期/天 | E11: 180 | F11: *引用商业化框架
D12: 养成成本/钻 | E12: 240000 | F12: *引用商业化框架
D13: 每日碎片产出 | E13: =40*46+18*24 -> 2272
D16: 内容 | E16: 价值
D17: 蓝色梦灵碎片 | E17: 600
D18: 紫色梦灵碎片 | E18: 1200
D19: 橙色梦灵碎片 | E19: 2400
D20: 红色梦灵碎片 | E20: 4800
C23: 梦灵设定
E24: 梦灵职业
D25: 梦灵品质 | E25: 战士 | F25: 法师 | G25: 射手 | H25: 辅助 | I25: 控制 | J25: 毒系 | K25: 总和
D26: 蓝 | F26: 1 | G26: 1 | H26: 1 | K26: =SUM(E26:J26) -> 3
D27: 紫 | E27: 2 | F27: 1 | G27: 1 | H27: 1 | J27: 1 | K27: =SUM(E27:J27) -> 6
D28: 橙 | E28: 1 | F28: 1 | G28: 1 | H28: 1 | I28: 1 | J28: 1 | K28: =SUM(E28:J28) -> 6
D29: 红 | E29: 1 | F29: 1 | G29: 1 | H29: 1 | I29: 1 | J29: 1 | K29: =SUM(E29:J29) -> 6
A33: 梦灵养成数值和消耗
C35: 基础品质系数
D36: 梦灵属性=全局攻击力*（1+品质系数*梦灵等级）
D37: 品质 | E37: 品质系数 | F37: 品质 | G37: 攻击 | H37: 生命 | I37: 技能系数 | J37: 进阶消耗 | K37: 预期养成周期 | L37: 每日产出 | M37: 单价 | N37: 总坑深
D38: 蓝 | E38: 0.04 | F38: 3 | I38: 0.7 | J38: =SUMIFS($J$56:$J$255,$D$56:$D$255,D38,$E$56:$E$255,"<"&E46)/10 -> 2134 | K38: 60 | L38: =梦灵本体产出!$J$41*梦灵本体产出!$E$69*$K38 -> 1643.6137 | M38: 60 | N38: =M38*L38 -> 98616.825 | P38: 1
D39: 紫 | E39: 0.05 | F39: 4 | G39: 60 | H39: 600 | I39: 0.8 | J39: =SUMIFS($J$56:$J$255,$D$56:$D$255,D39,$E$56:$E$255,"<"&E47)/10 -> 874 | K39: 60 | L39: =梦灵本体产出!$K$41*梦灵本体产出!$E$69*$K39 -> 975.18367 | M39: 120 | N39: =M39*L39 -> 117022.04 | P39: 1.2
D40: 橙 | E40: 0.06 | F40: 5 | G40: 120 | H40: 1200 | I40: 1.05 | J40: =SUMIFS($J$56:$J$255,$D$56:$D$255,D40,$E$56:$E$255,"<"&E48)/10 -> 244 | K40: 60 | L40: =梦灵本体产出!$L$41*梦灵本体产出!$E$69*$K40 -> 744.68571 | M40: 240 | N40: =M40*L40 -> 178724.57 | P40: =P38*1.2*1.2 -> 1.44
D41: 红 | E41: 0.1 | F41: 6 | G41: 180 | H41: 1800 | I41: 1.4 | J41: =SUMIFS($J$56:$J$255,$D$56:$D$255,D41,$E$56:$E$255,"<"&E49)/10 -> 184 | K41: 60 | L41: =梦灵本体产出!$M$41*梦灵本体产出!$E$69*$K41 -> 282.08013 | M41: 480 | N41: =M41*L41 -> 135398.46 | P41: =P38*1.2^3 -> 1.728
D42: 彩 | E42: 0.14 | F42: 7 | G42: 240 | H42: 2400 | I42: 1.6 | J42: =SUMIFS($J$56:$J$255,$D$56:$D$255,D42,$E$56:$E$255,"<"&E50)/10 -> 0 | K42: 60 | M42: 960 | N42: =M42*L42 -> 0 | P42: =P39*1.2^4 -> 2.48832
N43: {=SUMPRODUCT(N38:N41,K26:K29)} -> 2882720.9
D44: 升级碎片
D45: 品质 | E45: 期望养成等级 | F45: 进阶消耗
D46: 蓝 | E46: 50 | F46: =SUMIFS($H$56:$H$255,$D$56:$D$255,D46,$E$56:$E$255,"<"&E46) -> 54240
D47: 紫 | E47: 40 | F47: =SUMIFS($H$56:$H$255,$D$56:$D$255,D47,$E$56:$E$255,"<"&E47) -> 50760
D48: 橙 | E48: 30 | F48: =SUMIFS($H$56:$H$255,$D$56:$D$255,D48,$E$56:$E$255,"<"&E48) -> 36480
D49: 红 | E49: 30 | F49: =SUMIFS($H$56:$H$255,$D$56:$D$255,D49,$E$56:$E$255,"<"&E49) -> 45600
D50: 彩 | E50: 30 | F50: =SUMIFS($H$56:$H$255,$D$56:$D$255,D50,$E$56:$E$255,"<"&E50) -> 0
F51: {=SUMPRODUCT(F46:F49,K26:K29)} -> 959760
D53: 品质系数：梦灵每级所提供的属性 | H53: #控制活跃速率
F54: 进阶属性加成 | H54: 进阶消耗
D55: 品质 | E55: 等级 | F55: 生命比 | G55: 攻击比 | H55: 英雄经验 | I55: 步长 | J55: 英雄碎片 | K55: 英雄碎片sum | L55: 列1
D56: 蓝 | E56: 1 | F56: =VLOOKUP($D56,$D$38:$E$41,2,0)*($E56-1) -> 0 | G56: =VLOOKUP($D56,$D$38:$E$41,2,0)*($E56-1) -> 0 | H56: 24 | I56: =H56*6/$E$13 -> 0.063380282 | J56: 10 | K56: =SUM($J$56:J56) -> 10 | N56: 获取单梦灵的总概率需要更高，不然玩家不去拿5级梦灵解锁了
D57: 蓝 | E57: 2 | F57: =VLOOKUP($D57,$D$38:$E$41,2,0)*($E57-1) -> 0.04 | G57: =VLOOKUP($D57,$D$38:$E$41,2,0)*($E57-1) -> 0.04 | H57: 48 | I57: =H57*6/$E$13 -> 0.12676056 | J57: 10 | K57: =SUM($J$56:J57) -> 20
D58: 蓝 | E58: 3 | F58: =VLOOKUP($D58,$D$38:$E$41,2,0)*($E58-1) -> 0.08 | G58: =VLOOKUP($D58,$D$38:$E$41,2,0)*($E58-1) -> 0.08 | H58: 72 | I58: =H58*6/$E$13 -> 0.19014085 | J58: 10 | K58: =SUM($J$56:J58) -> 30
D59: 蓝 | E59: 4 | F59: =VLOOKUP($D59,$D$38:$E$41,2,0)*($E59-1) -> 0.12 | G59: =VLOOKUP($D59,$D$38:$E$41,2,0)*($E59-1) -> 0.12 | H59: 96 | I59: =H59*6/$E$13 -> 0.25352113 | J59: 10 | K59: =SUM($J$56:J59) -> 40
D60: 蓝 | E60: 5 | F60: =VLOOKUP($D60,$D$38:$E$41,2,0)*($E60-1) -> 0.16 | G60: =VLOOKUP($D60,$D$38:$E$41,2,0)*($E60-1) -> 0.16 | H60: 144 | I60: =H60*6/$E$13 -> 0.38028169 | J60: 30 | K60: =SUM($J$56:J60) -> 70
D61: 蓝 | E61: 6 | F61: =VLOOKUP($D61,$D$38:$E$41,2,0)*($E61-1) -> 0.2 | G61: =VLOOKUP($D61,$D$38:$E$41,2,0)*($E61-1) -> 0.2 | H61: 192 | I61: =H61*6/$E$13 -> 0.50704225 | J61: 30 | K61: =SUM($J$56:J61) -> 100
D62: 蓝 | E62: 7 | F62: =VLOOKUP($D62,$D$38:$E$41,2,0)*($E62-1) -> 0.24 | G62: =VLOOKUP($D62,$D$38:$E$41,2,0)*($E62-1) -> 0.24 | H62: 240 | I62: =H62*6/$E$13 -> 0.63380282 | J62: 30 | K62: =SUM($J$56:J62) -> 130
D63: 蓝 | E63: 8 | F63: =VLOOKUP($D63,$D$38:$E$41,2,0)*($E63-1) -> 0.28 | G63: =VLOOKUP($D63,$D$38:$E$41,2,0)*($E63-1) -> 0.28 | H63: 288 | I63: =H63*6/$E$13 -> 0.76056338 | J63: 30 | K63: =SUM($J$56:J63) -> 160
D64: 蓝 | E64: 9 | F64: =VLOOKUP($D64,$D$38:$E$41,2,0)*($E64-1) -> 0.32 | G64: =VLOOKUP($D64,$D$38:$E$41,2,0)*($E64-1) -> 0.32 | H64: 336 | I64: =H64*6/$E$13 -> 0.88732394 | J64: 30 | K64: =SUM($J$56:J64) -> 190
D65: 蓝 | E65: 10 | F65: =VLOOKUP($D65,$D$38:$E$41,2,0)*($E65-1) -> 0.36 | G65: =VLOOKUP($D65,$D$38:$E$41,2,0)*($E65-1) -> 0.36 | H65: 384 | I65: =H65*6/$E$13 -> 1.0140845 | J65: 60 | K65: =SUM($J$56:J65) -> 250
D66: 蓝 | E66: 11 | F66: =VLOOKUP($D66,$D$38:$E$41,2,0)*($E66-1) -> 0.4 | G66: =VLOOKUP($D66,$D$38:$E$41,2,0)*($E66-1) -> 0.4 | H66: 432 | I66: =H66*6/$E$13 -> 1.1408451 | J66: 60 | K66: =SUM($J$56:J66) -> 310
D67: 蓝 | E67: 12 | F67: =VLOOKUP($D67,$D$38:$E$41,2,0)*($E67-1) -> 0.44 | G67: =VLOOKUP($D67,$D$38:$E$41,2,0)*($E67-1) -> 0.44 | H67: 480 | I67: =H67*6/$E$13 -> 1.2676056 | J67: 60 | K67: =SUM($J$56:J67) -> 370
D68: 蓝 | E68: 13 | F68: =VLOOKUP($D68,$D$38:$E$41,2,0)*($E68-1) -> 0.48 | G68: =VLOOKUP($D68,$D$38:$E$41,2,0)*($E68-1) -> 0.48 | H68: 528 | I68: =H68*6/$E$13 -> 1.3943662 | J68: 60 | K68: =SUM($J$56:J68) -> 430
... D104: 蓝 | E104: 49 | F104: =VLOOKUP($D104,$D$38:$E$41,2,0)*($E104-1) -> 1.92 | G104: =VLOOKUP($D104,$D$38:$E$41,2,0)*($E104-1) -> 1.92 | H104: 2256 | I104: =H104*6/$E$13 -> 5.9577465 | J104: 1440 | K104: =SUM($J$56:J104) -> 21340
D105: 蓝 | E105: 50 | F105: =VLOOKUP($D105,$D$38:$E$41,2,0)*($E105-1) -> 1.96 | G105: =VLOOKUP($D105,$D$38:$E$41,2,0)*($E105-1) -> 1.96 | I105: =H105*6/$E$13 -> 0
D106: 紫 | E106: 1 | F106: =VLOOKUP($D106,$D$38:$E$41,2,0)*($E106-1) -> 0 | G106: =VLOOKUP($D106,$D$38:$E$41,2,0)*($E106-1) -> 0 | H106: 36 | I106: =H106*6/$E$13 -> 0.095070423 | J106: 10 | K106: =SUM($J$106:J106) -> 10
D107: 紫 | E107: 2 | F107: =VLOOKUP($D107,$D$38:$E$41,2,0)*($E107-1) -> 0.05 | G107: =VLOOKUP($D107,$D$38:$E$41,2,0)*($E107-1) -> 0.05 | H107: 72 | I107: =H107*6/$E$13 -> 0.19014085 | J107: 10 | K107: =SUM($J$106:J107) -> 20
D108: 紫 | E108: 3 | F108: =VLOOKUP($D108,$D$38:$E$41,2,0)*($E108-1) -> 0.1 | G108: =VLOOKUP($D108,$D$38:$E$41,2,0)*($E108-1) -> 0.1 | H108: 108 | I108: =H108*6/$E$13 -> 0.28521127 | J108: 10 | K108: =SUM($J$106:J108) -> 30
D109: 紫 | E109: 4 | F109: =VLOOKUP($D109,$D$38:$E$41,2,0)*($E109-1) -> 0.15 | G109: =VLOOKUP($D109,$D$38:$E$41,2,0)*($E109-1) -> 0.15 | H109: 144 | I109: =H109*6/$E$13 -> 0.38028169 | J109: 10 | K109: =SUM($J$106:J109) -> 40
D110: 紫 | E110: 5 | F110: =VLOOKUP($D110,$D$38:$E$41,2,0)*($E110-1) -> 0.2 | G110: =VLOOKUP($D110,$D$38:$E$41,2,0)*($E110-1) -> 0.2 | H110: 216 | I110: =H110*6/$E$13 -> 0.57042254 | J110: 30 | K110: =SUM($J$106:J110) -> 70
D111: 紫 | E111: 6 | F111: =VLOOKUP($D111,$D$38:$E$41,2,0)*($E111-1) -> 0.25 | G111: =VLOOKUP($D111,$D$38:$E$41,2,0)*($E111-1) -> 0.25 | H111: 288 | I111: =H111*6/$E$13 -> 0.76056338 | J111: 30 | K111: =SUM($J$106:J111) -> 100
D112: 紫 | E112: 7 | F112: =VLOOKUP($D112,$D$38:$E$41,2,0)*($E112-1) -> 0.3 | G112: =VLOOKUP($D112,$D$38:$E$41,2,0)*($E112-1) -> 0.3 | H112: 360 | I112: =H112*6/$E$13 -> 0.95070423 | J112: 30 | K112: =SUM($J$106:J112) -> 130
D113: 紫 | E113: 8 | F113: =VLOOKUP($D113,$D$38:$E$41,2,0)*($E113-1) -> 0.35 | G113: =VLOOKUP($D113,$D$38:$E$41,2,0)*($E113-1) -> 0.35 | H113: 432 | I113: =H113*6/$E$13 -> 1.1408451 | J113: 30 | K113: =SUM($J$106:J113) -> 160
D114: 紫 | E114: 9 | F114: =VLOOKUP($D114,$D$38:$E$41,2,0)*($E114-1) -> 0.4 | G114: =VLOOKUP($D114,$D$38:$E$41,2,0)*($E114-1) -> 0.4 | H114: 504 | I114: =H114*6/$E$13 -> 1.3309859 | J114: 30 | K114: =SUM($J$106:J114) -> 190
D115: 紫 | E115: 10 | F115: =VLOOKUP($D115,$D$38:$E$41,2,0)*($E115-1) -> 0.45 | G115: =VLOOKUP($D115,$D$38:$E$41,2,0)*($E115-1) -> 0.45 | H115: 576 | I115: =H115*6/$E$13 -> 1.5211268 | J115: 60 | K115: =SUM($J$106:J115) -> 250
D116: 紫 | E116: 11 | F116: =VLOOKUP($D116,$D$38:$E$41,2,0)*($E116-1) -> 0.5 | G116: =VLOOKUP($D116,$D$38:$E$41,2,0)*($E116-1) -> 0.5 | H116: 648 | I116: =H116*6/$E$13 -> 1.7112676 | J116: 60 | K116: =SUM($J$106:J116) -> 310
D117: 紫 | E117: 12 | F117: =VLOOKUP($D117,$D$38:$E$41,2,0)*($E117-1) -> 0.55 | G117: =VLOOKUP($D117,$D$38:$E$41,2,0)*($E117-1) -> 0.55 | H117: 720 | I117: =H117*6/$E$13 -> 1.9014085 | J117: 60 | K117: =SUM($J$106:J117) -> 370
... D154: 紫 | E154: 49 | F154: =VLOOKUP($D154,$D$38:$E$41,2,0)*($E154-1) -> 2.4 | G154: =VLOOKUP($D154,$D$38:$E$41,2,0)*($E154-1) -> 2.4 | H154: 3384 | I154: =H154*6/$E$13 -> 8.9366197 | J154: 1440 | K154: =SUM($J$106:J154) -> 21340
D155: 紫 | E155: 50 | F155: =VLOOKUP($D155,$D$38:$E$41,2,0)*($E155-1) -> 2.45 | G155: =VLOOKUP($D155,$D$38:$E$41,2,0)*($E155-1) -> 2.45 | H155: =梦灵经验产出!I73 -> 0 | I155: =H155*6/$E$13 -> 0
D156: 橙 | E156: 1 | F156: =VLOOKUP($D156,$D$38:$E$41,2,0)*($E156-1) -> 0 | G156: =VLOOKUP($D156,$D$38:$E$41,2,0)*($E156-1) -> 0 | H156: 48 | I156: =H156*6/$E$13 -> 0.12676056 | J156: 10 | K156: =SUM($J$156:J156) -> 10 | M156: 紫 | N156: 1 | O156: 0 | P156: 0 | Q156: 36 | R156: 0.095070423 | S156: 10
D157: 橙 | E157: 2 | F157: =VLOOKUP($D157,$D$38:$E$41,2,0)*($E157-1) -> 0.06 | G157: =VLOOKUP($D157,$D$38:$E$41,2,0)*($E157-1) -> 0.06 | H157: 96 | I157: =H157*6/$E$13 -> 0.25352113 | J157: 10 | K157: =SUM($J$156:J157) -> 20 | M157: 紫 | N157: 2 | O157: 0.05 | P157: 0.05 | Q157: 72 | R157: 0.19014085 | S157: 10
D158: 橙 | E158: 3 | F158: =VLOOKUP($D158,$D$38:$E$41,2,0)*($E158-1) -> 0.12 | G158: =VLOOKUP($D158,$D$38:$E$41,2,0)*($E158-1) -> 0.12 | H158: 144 | I158: =H158*6/$E$13 -> 0.38028169 | J158: 10 | K158: =SUM($J$156:J158) -> 30 | M158: 紫 | N158: 3 | O158: 0.1 | P158: 0.1 | Q158: 108 | R158: 0.28521127 | S158: 10
D159: 橙 | E159: 4 | F159: =VLOOKUP($D159,$D$38:$E$41,2,0)*($E159-1) -> 0.18 | G159: =VLOOKUP($D159,$D$38:$E$41,2,0)*($E159-1) -> 0.18 | H159: 192 | I159: =H159*6/$E$13 -> 0.50704225 | J159: 10 | K159: =SUM($J$156:J159) -> 40 | M159: 紫 | N159: 4 | O159: 0.15 | P159: 0.15 | Q159: 144 | R159: 0.38028169 | S159: 10
D160: 橙 | E160: 5 | F160: =VLOOKUP($D160,$D$38:$E$41,2,0)*($E160-1) -> 0.24 | G160: =VLOOKUP($D160,$D$38:$E$41,2,0)*($E160-1) -> 0.24 | H160: 288 | I160: =H160*6/$E$13 -> 0.76056338 | J160: 30 | K160: =SUM($J$156:J160) -> 70 | M160: 紫 | N160: 5 | O160: 0.2 | P160: 0.2 | Q160: 216 | R160: 0.57042254 | S160: 30
D161: 橙 | E161: 6 | F161: =VLOOKUP($D161,$D$38:$E$41,2,0)*($E161-1) -> 0.3 | G161: =VLOOKUP($D161,$D$38:$E$41,2,0)*($E161-1) -> 0.3 | H161: 384 | I161: =H161*6/$E$13 -> 1.0140845 | J161: 30 | K161: =SUM($J$156:J161) -> 100 | M161: 紫 | N161: 6 | O161: 0.25 | P161: 0.25 | Q161: 288 | R161: 0.76056338 | S161: 30
D162: 橙 | E162: 7 | F162: =VLOOKUP($D162,$D$38:$E$41,2,0)*($E162-1) -> 0.36 | G162: =VLOOKUP($D162,$D$38:$E$41,2,0)*($E162-1) -> 0.36 | H162: 480 | I162: =H162*6/$E$13 -> 1.2676056 | J162: 30 | K162: =SUM($J$156:J162) -> 130 | M162: 紫 | N162: 7 | O162: 0.3 | P162: 0.3 | Q162: 360 | R162: 0.95070423 | S162: 30
D163: 橙 | E163: 8 | F163: =VLOOKUP($D163,$D$38:$E$41,2,0)*($E163-1) -> 0.42 | G163: =VLOOKUP($D163,$D$38:$E$41,2,0)*($E163-1) -> 0.42 | H163: 576 | I163: =H163*6/$E$13 -> 1.5211268 | J163: 30 | K163: =SUM($J$156:J163) -> 160 | M163: 紫 | N163: 8 | O163: 0.35 | P163: 0.35 | Q163: 432 | R163: 1.1408451 | S163: 30
D164: 橙 | E164: 9 | F164: =VLOOKUP($D164,$D$38:$E$41,2,0)*($E164-1) -> 0.48 | G164: =VLOOKUP($D164,$D$38:$E$41,2,0)*($E164-1) -> 0.48 | H164: 672 | I164: =H164*6/$E$13 -> 1.7746479 | J164: 30 | K164: =SUM($J$156:J164) -> 190 | M164: 紫 | N164: 9 | O164: 0.4 | P164: 0.4 | Q164: 504 | R164: 1.3309859 | S164: 30
D165: 橙 | E165: 10 | F165: =VLOOKUP($D165,$D$38:$E$41,2,0)*($E165-1) -> 0.54 | G165: =VLOOKUP($D165,$D$38:$E$41,2,0)*($E165-1) -> 0.54 | H165: 768 | I165: =H165*6/$E$13 -> 2.028169 | J165: 60 | K165: =SUM($J$156:J165) -> 250 | M165: 紫 | N165: 10 | O165: 0.45 | P165: 0.45 | Q165: 576 | R165: 1.5211268 | S165: 60
D166: 橙 | E166: 11 | F166: =VLOOKUP($D166,$D$38:$E$41,2,0)*($E166-1) -> 0.6 | G166: =VLOOKUP($D166,$D$38:$E$41,2,0)*($E166-1) -> 0.6 | H166: 864 | I166: =H166*6/$E$13 -> 2.2816901 | J166: 60 | K166: =SUM($J$156:J166) -> 310 | M166: 紫 | N166: 11 | O166: 0.5 | P166: 0.5 | Q166: 648 | R166: 1.7112676 | S166: 60
D167: 橙 | E167: 12 | F167: =VLOOKUP($D167,$D$38:$E$41,2,0)*($E167-1) -> 0.66 | G167: =VLOOKUP($D167,$D$38:$E$41,2,0)*($E167-1) -> 0.66 | H167: 960 | I167: =H167*6/$E$13 -> 2.5352113 | J167: 60 | K167: =SUM($J$156:J167) -> 370 | M167: 紫 | N167: 12 | O167: 0.55 | P167: 0.55 | Q167: 720 | R167: 1.9014085 | S167: 60
D168: 橙 | E168: 13 | F168: =VLOOKUP($D168,$D$38:$E$41,2,0)*($E168-1) -> 0.72 | G168: =VLOOKUP($D168,$D$38:$E$41,2,0)*($E168-1) -> 0.72 | H168: 1056 | I168: =H168*6/$E$13 -> 2.7887324 | J168: 60 | K168: =SUM($J$156:J168) -> 430 | M168: 紫 | N168: 13 | O168: 0.6 | P168: 0.6 | Q168: 792 | R168: 2.0915493 | S168: 60 | T168: =1.5*1.25 -> 1.875
D169: 橙 | E169: 14 | F169: =VLOOKUP($D169,$D$38:$E$41,2,0)*($E169-1) -> 0.78 | G169: =VLOOKUP($D169,$D$38:$E$41,2,0)*($E169-1) -> 0.78 | H169: 1152 | I169: =H169*6/$E$13 -> 3.0422535 | J169: 60 | K169: =SUM($J$156:J169) -> 490 | M169: 紫 | N169: 14 | O169: 0.65 | P169: 0.65 | Q169: 864 | R169: 2.2816901 | S169: 60 | T169: =A170/H170 -> 0
D170: 橙 | E170: 15 | F170: =VLOOKUP($D170,$D$38:$E$41,2,0)*($E170-1) -> 0.84 | G170: =VLOOKUP($D170,$D$38:$E$41,2,0)*($E170-1) -> 0.84 | H170: 1248 | I170: =H170*6/$E$13 -> 3.2957746 | J170: 90 | K170: =SUM($J$156:J170) -> 580 | M170: 紫 | N170: 15 | O170: 0.7 | P170: 0.7 | Q170: 936 | R170: 2.471831 | S170: 90 | T170: 15级buff | U170: =F170-O170 -> 0.14 | V170: 0.85
D171: 橙 | E171: 16 | F171: =VLOOKUP($D171,$D$38:$E$41,2,0)*($E171-1) -> 0.9 | G171: =VLOOKUP($D171,$D$38:$E$41,2,0)*($E171-1) -> 0.9 | H171: 1344 | I171: =H171*6/$E$13 -> 3.5492958 | J171: 90 | K171: =SUM($J$156:J171) -> 670 | M171: 紫 | N171: 16 | O171: 0.75 | P171: 0.75 | Q171: 1008 | R171: 2.6619718 | S171: 90
D172: 橙 | E172: 17 | F172: =VLOOKUP($D172,$D$38:$E$41,2,0)*($E172-1) -> 0.96 | G172: =VLOOKUP($D172,$D$38:$E$41,2,0)*($E172-1) -> 0.96 | H172: 1440 | I172: =H172*6/$E$13 -> 3.8028169 | J172: 90 | K172: =SUM($J$156:J172) -> 760 | M172: 紫 | N172: 17 | O172: 0.8 | P172: 0.8 | Q172: 1080 | R172: 2.8521127 | S172: 90
D173: 橙 | E173: 18 | F173: =VLOOKUP($D173,$D$38:$E$41,2,0)*($E173-1) -> 1.02 | G173: =VLOOKUP($D173,$D$38:$E$41,2,0)*($E173-1) -> 1.02 | H173: 1536 | I173: =H173*6/$E$13 -> 4.056338 | J173: 90 | K173: =SUM($J$156:J173) -> 850 | M173: 紫 | N173: 18 | O173: 0.85 | P173: 0.85 | Q173: 1152 | R173: 3.0422535 | S173: 90
D174: 橙 | E174: 19 | F174: =VLOOKUP($D174,$D$38:$E$41,2,0)*($E174-1) -> 1.08 | G174: =VLOOKUP($D174,$D$38:$E$41,2,0)*($E174-1) -> 1.08 | H174: 1632 | I174: =H174*6/$E$13 -> 4.3098592 | J174: 90 | K174: =SUM($J$156:J174) -> 940 | M174: 紫 | N174: 19 | O174: 0.9 | P174: 0.9 | Q174: 1224 | R174: 3.2323944 | S174: 90
D175: 橙 | E175: 20 | F175: =VLOOKUP($D175,$D$38:$E$41,2,0)*($E175-1) -> 1.14 | G175: =VLOOKUP($D175,$D$38:$E$41,2,0)*($E175-1) -> 1.14 | H175: 1728 | I175: =H175*6/$E$13 -> 4.5633803 | J175: 120 | K175: =SUM($J$156:J175) -> 1060 | M175: 紫 | N175: 20 | O175: 0.95 | P175: 0.95 | Q175: 1296 | R175: 3.4225352 | S175: 120
D176: 橙 | E176: 21 | F176: =VLOOKUP($D176,$D$38:$E$41,2,0)*($E176-1) -> 1.2 | G176: =VLOOKUP($D176,$D$38:$E$41,2,0)*($E176-1) -> 1.2 | H176: 1824 | I176: =H176*6/$E$13 -> 4.8169014 | J176: 120 | K176: =SUM($J$156:J176) -> 1180 | M176: 紫 | N176: 21 | O176: 1 | P176: 1 | Q176: 1368 | R176: 3.6126761 | S176: 120
D177: 橙 | E177: 22 | F177: =VLOOKUP($D177,$D$38:$E$41,2,0)*($E177-1) -> 1.26 | G177: =VLOOKUP($D177,$D$38:$E$41,2,0)*($E177-1) -> 1.26 | H177: 1920 | I177: =H177*6/$E$13 -> 5.0704225 | J177: 120 | K177: =SUM($J$156:J177) -> 1300 | M177: 紫 | N177: 22 | O177: 1.05 | P177: 1.05 | Q177: 1440 | R177: 3.8028169 | S177: 120
D178: 橙 | E178: 23 | F178: =VLOOKUP($D178,$D$38:$E$41,2,0)*($E178-1) -> 1.32 | G178: =VLOOKUP($D178,$D$38:$E$41,2,0)*($E178-1) -> 1.32 | H178: 2016 | I178: =H178*6/$E$13 -> 5.3239437 | J178: 120 | K178: =SUM($J$156:J178) -> 1420 | M178: 紫 | N178: 23 | O178: 1.1 | P178: 1.1 | Q178: 1512 | R178: 3.9929577 | S178: 120
D179: 橙 | E179: 24 | F179: =VLOOKUP($D179,$D$38:$E$41,2,0)*($E179-1) -> 1.38 | G179: =VLOOKUP($D179,$D$38:$E$41,2,0)*($E179-1) -> 1.38 | H179: 2112 | I179: =H179*6/$E$13 -> 5.5774648 | J179: 120 | K179: =SUM($J$156:J179) -> 1540 | M179: 紫 | N179: 24 | O179: 1.15 | P179: 1.15 | Q179: 1584 | R179: 4.1830986 | S179: 120
D180: 橙 | E180: 25 | F180: =VLOOKUP($D180,$D$38:$E$41,2,0)*($E180-1) -> 1.44 | G180: =VLOOKUP($D180,$D$38:$E$41,2,0)*($E180-1) -> 1.44 | H180: 2208 | I180: =H180*6/$E$13 -> 5.8309859 | J180: 180 | K180: =SUM($J$156:J180) -> 1720 | M180: 紫 | N180: 25 | O180: 1.2 | P180: 1.2 | Q180: 1656 | R180: 4.3732394 | S180: 240
D181: 橙 | E181: 26 | F181: =VLOOKUP($D181,$D$38:$E$41,2,0)*($E181-1) -> 1.5 | G181: =VLOOKUP($D181,$D$38:$E$41,2,0)*($E181-1) -> 1.5 | H181: 2304 | I181: =H181*6/$E$13 -> 6.084507 | J181: 180 | K181: =SUM($J$156:J181) -> 1900 | M181: 紫 | N181: 26 | O181: 1.25 | P181: 1.25 | Q181: 1728 | R181: 4.5633803 | S181: 240 | V181: 调整后
D182: 橙 | E182: 27 | F182: =VLOOKUP($D182,$D$38:$E$41,2,0)*($E182-1) -> 1.56 | G182: =VLOOKUP($D182,$D$38:$E$41,2,0)*($E182-1) -> 1.56 | H182: 2400 | I182: =H182*6/$E$13 -> 6.3380282 | J182: 180 | K182: =SUM($J$156:J182) -> 2080 | M182: 紫 | N182: 27 | O182: 1.3 | P182: 1.3 | Q182: 1800 | R182: 4.7535211 | S182: 240 | V182: 总概率 | W182: 概率 | X182: 出现权重 | Y182: 数量 | Z182: 期望数量 | AB182: 期望/总数=返利 | AD182: 期望数量差
D183: 橙 | E183: 28 | F183: =VLOOKUP($D183,$D$38:$E$41,2,0)*($E183-1) -> 1.62 | G183: =VLOOKUP($D183,$D$38:$E$41,2,0)*($E183-1) -> 1.62 | H183: 2496 | I183: =H183*6/$E$13 -> 6.5915493 | J183: 180 | K183: =SUM($J$156:J183) -> 2260 | M183: 紫 | N183: 28 | O183: 1.35 | P183: 1.35 | Q183: 1872 | R183: 4.943662 | S183: 240 | V183: 800 | W183: 200 | X183: =W183*9*1/10000 -> 0.18 | Y183: 1 | Z183: {=SUMPRODUCT(X183:X184,Y183:Y184)} -> 0.72 | AA183: 橙色梦灵 | AB183: =500*0.025 -> 12.5 | AD183: =Q183-Z183 -> 1871.28
D184: 橙 | E184: 29 | F184: =VLOOKUP($D184,$D$38:$E$41,2,0)*($E184-1) -> 1.68 | G184: =VLOOKUP($D184,$D$38:$E$41,2,0)*($E184-1) -> 1.68 | H184: 2592 | I184: =H184*6/$E$13 -> 6.8450704 | J184: 180 | K184: =SUM($J$156:J184) -> 2440 | M184: 紫 | N184: 29 | O184: 1.4 | P184: 1.4 | Q184: 1944 | R184: 5.1338028 | S184: 240 | W184: 600 | X184: =W184*9*1/10000 -> 0.54 | Y184: 1 | AB184: =MAX(Z183,1)/AB183 -> 0.08
...

Sheet 梦灵本体产出
A1: 设计思路 | M1: =13.5+10+2 -> 25.5 | N1: =13.5/M1 -> 0.52941176
M2: 420抽
C3: 梦灵抽卡 | G3: 12 | H3: 12 | I3: 2 | K3: 600抽 | L3: 9 | M3: 1橙C | N3: 6 | P3: =1200*3 -> 3600 | Q3: =2400*7 -> 16800 | R3: =#REF!-P3-Q3 -> #REF!
L4: =3*1.5 -> 4.5 | M4: 6核心抽=2 | P4: 3 | Q4: 7 | R4: 2 | AY4: {12,12,[51010002]},{14,14,[51010001]},{16,16,[51010003]},{17,17,[51010001]},{18,18,[51010001]}
D5: 角色释放（做抽奖数保底） | H5: 期望天数 | L5: =L4+L3 -> 13.5 | M5: 12 | N5: 2 | S5: 300 | X5: 1000 | AA5: 2000 | AG5: 4000 | AP5: 51010001 | AQ5: 51010002 | AR5: 51010003 | AS5: 51010004 | AT5: 51010005 | AU5: 51010006 | AV5: 51010007 | AW5: 51010008 | AX5: 51010009
D6: 招募阶段 | E6: 招募所需次数 | F6: 招募释放 | G6: 英雄品质 | H6: 非R | I6: 小R | J6: 中R | K6: 大R | L6: 预期关卡 | M6: 预期 | N6: id | S6: 首日招募次数 | T6: 效果 | X6: lv2次数 | Y6: 效果 | AA6: lv3次数 | AB6: 效果 | AD6: lv4次数 | AE6: 效果 | AG6: lv5次数 | AH6: 效果 | AL6: 前250抽保底设计 | AP6: 寒冰射手 | AQ6: 炽焰巫师 | AR6: 吟游诗人 | AS6: 摇滚巨石 | AT6: 泥巴少女 | AU6: 忍者鲨手 | AV6: 甜心护士 | AW6: 雷震子 | AX6: 关羽
A7: 1 | B7: 10 | C7: ="{"&N7&","&B7&"}" -> {1310100,10} | D7: 1 | E7: 0 | F7: 寒冰射手 | G7: 3 | H7: 1 | I7: =MAX($E7-$F$70,0)/$E$70 -> 0 | J7: =MAX($E7-$F$71,0)/$E$71 -> 0 | K7: =MAX($E7-$F$72,0)/$E$72 -> 0 | L7: 1 | N7: 1310100 | P7: ="["&_xlfn.TEXTJOIN(",",1,$N$7:N7)&"]" -> [1310100] | S7: 10 | T7: 顺序保底出【摇滚巨石】 | X7: 10~30 | Y7: 顺序保底橙卡A | AA7: 250~280 | AB7: 顺序保底橙卡E | AD7: 80~120 | AE7: 顺序保底红卡A | AG7: 30~60 | AH7: 顺序保底红卡D | AL7: 10 | AM7: 顺序保底出【摇滚巨石】 | AO7: {=SUM(AP7:AX7)-SUMPRODUCT(--(BJ7:BQ7>0))} -> 5 | AP7: 2 | AQ7: 1 | AR7: 1 | AS7: 1 | AY7: ="["&_xlfn.TEXTJOIN(",",1,BR7:BZ39)&"]" -> []
B8: 10 | C8: ="{"&N8&","&B8&"}" -> {1210400,10} | D8: 2 | E8: 0 | F8: 炽焰巫师 | G8: 3 | H8: 1 | I8: =MAX($E8-$F$70,0)/$E$70 -> 0 | J8: =MAX($E8-$F$71,0)/$E$71 -> 0 | K8: =MAX($E8-$F$72,0)/$E$72 -> 0 | L8: 1 | N8: 1210400 | P8: ="["&_xlfn.TEXTJOIN(",",1,$N$7:N8)&"]" -> [1310100,1210400] | S8: 20 | T8: 加上第1次十连，寒冰能升到5级 | X8: 60~80 | Y8: 顺序保底橙卡A | AA8: 540~560 | AB8: 顺序保底橙卡F | AD8: 910~950 | AE8: 顺序保底红卡B | AG8: 1100~1200 | AH8: 顺序保底红卡E | AK8: 4 | AL8: 20 | AM8: 加上第1次十连，寒冰能升到5级 | AO8: {=SUM(AP8:AX8)-SUMPRODUCT(--(BJ8:BQ8>0))} -> 5 | AP8: 3 | AQ8: 1 | AR8: 1
B9: 10 | C9: ="{"&N9&","&B9&"}" -> {1230100,10} | D9: 3 | E9: 0 | F9: 吟游诗人 | G9: 3 | H9: 1 | I9: =MAX($E9-$F$70,0)/$E$70 -> 0 | J9: =MAX($E9-$F$71,0)/$E$71 -> 0 | K9: =MAX($E9-$F$72,0)/$E$72 -> 0 | L9: 1 | N9: 1230100 | P9: ="["&_xlfn.TEXTJOIN(",",1,$N$7:N9)&"]" -> [1310100,1210400,1230100] | S9: 30 | T9: 加上前2次十连，诗人能升到5级 | X9: 110~130 | Y9: 顺序保底橙卡A | AD9: 1740~1780 | AE9: 顺序保底红卡C | AG9: 2200~2300 | AH9: 顺序保底红卡F | AL9: 30 | AM9: 加上前2次十连，诗人能升到5级 | AO9: {=SUM(AP9:AX9)-SUMPRODUCT(--(BJ9:BQ9>0))} -> 8 | AP9: 4 | AQ9: 1 | AR9: 2 | AS9: 1
B10: 5 | C10: ="{"&N10&","&B10&"}" -> {1420200,5} | D10: 4 | E10: 10 | F10: 摇滚巨石 | G10: 3 | H10: 1 | I10: =MAX($E10-$F$70,0)/$E$70 -> 0 | J10: =MAX($E10-$F$71,0)/$E$71 -> 0 | K10: =MAX($E10-$F$72,0)/$E$72 -> 0 | L10: 2 | N10: 1420200 | P10: ="["&_xlfn.TEXTJOIN(",",1,$N$7:N10)&"]" -> [1310100,1210400,1230100,1420200] | S10: 40 | T10: 顺序保底出【泥巴少女】 | X10: 160~180 | Y10: 顺序保底橙卡A | AL10: 40 | AM10: 顺序保底出【泥巴少女】 | AO10: {=SUM(AP10:AX10)-SUMPRODUCT(--(BJ10:BQ10>0))} -> 6 | AP10: 3 | AR10: 2 | AT10: 1
B11: 5 | C11: ="{"&N11&","&B11&"}" -> {1420200,5} | D11: 5 | E11: 10 | F11: 摇滚巨石 | G11: 4 | H11: 1 | I11: =MAX($E11-$F$70,0)/$E$70 -> 0 | J11: =MAX($E11-$F$71,0)/$E$71 -> 0 | K11: =MAX($E11-$F$72,0)/$E$72 -> 0 | N11: 1420200 | P11: ="["&_xlfn.TEXTJOIN(",",1,$N$7:N11)&"]" -> [1310100,1210400,1230100,1420200,1420200] | S11: 50 | T11: 炽焰巫师升到5级 | X11: 210~230 | Y11: 顺序保底橙卡A | AL11: 50 | AM11: 炽焰巫师升到5级 | AO11: {=SUM(AP11:AX11)-SUMPRODUCT(--(BJ11:BQ11>0))} -> 8 | AP11: 4 | AQ11: 1 | AR11: 3
B12: 5 | C12: ="{"&N12&","&B12&"}" -> {1320100,5} | D12: 6 | E12: 40 | F12: 果冻少女 | G12: 4 | H12: 1 | I12: =MAX($E12-$F$70,0)/$E$70 -> 0 | J12: =MAX($E12-$F$71,0)/$E$71 -> 0 | K12: =MAX($E12-$F$72,0)/$E$72 -> 0 | L12: 4 | N12: 1320100 | P12: ="["&_xlfn.TEXTJOIN(",",1,$N$7:N12)&"]" -> [1310100,1210400,1230100,1420200,1420200,1320100] | S12: 60 | T12: 寒冰射手升10级 | W12: =260/100 -> 2.6 | X12: 260~280 | Y12: 顺序保底橙卡B | AK12: 15 | AL12: 60 | AM12: 寒冰射手升10级 | AO12: {=SUM(AP12:AX12)-SUMPRODUCT(--(BJ12:BQ12>0))} -> 7 | AP12: 3 | AQ12: 2 | AR12: 2
B13: 5 | C13: ="{"&N13&","&B13&"}" -> {1310300,5} | D13: 7 | E13: 100 | F13: 雷震子 | G13: 4 | H13: 1 | I13: =MAX($E13-$F$70,0)/$E$70 -> 0 | J13: =MAX($E13-$F$71,0)/$E$71 -> 0 | K13: =MAX($E13-$F$72,0)/$E$72 -> 0 | L13: 8 | N13: 1310300 | P13: ="["&_xlfn.TEXTJOIN(",",1,$N$7:N13)&"]" -> [1310100,1210400,1230100,1420200,1420200,1320100,1310300] | S13: 70 | T13: 顺序保底出【忍者鲨手】 | X13: 310~330 | Y13: 顺序保底橙卡B | AL13: 70 | AO13: {=SUM(AP13:AX13)-SUMPRODUCT(--(BJ13:BQ13>0))} -> 7 | AQ13: 3 | AR13: 3 | AS13: 1
B14: 5 | C14: ="{"&N14&","&B14&"}" -> {1210600,5} | D14: 8 | E14: 190 | F14: 忍者鲨手 | G14: 4 | H14: 2 | I14: =MAX($E14-$F$70,0)/$E$70 -> 0 | J14: =MAX($E14-$F$71,0)/$E$71 -> 0 | K14: =MAX($E14-$F$72,0)/$E$72 -> 0 | L14: 11 | N14: 1210600 | P14: ="["&_xlfn.TEXTJOIN(",",1,$N$7:N14)&"]" -> [1310100,1210400,1230100,1420200,1420200,1320100,1310300,1210600] | S14: 80 | X14: 360~380 | Y14: 顺序保底橙卡B | AL14: 80 | AO14: {=SUM(AP14:AX14)-SUMPRODUCT(--(BJ14:BQ14>0))} -> 5 | AQ14: 2 | AR14: 2 | AT14: 1
B15: 5 | C15: ="{"&N15&","&B15&"}" -> {1230400,5} | D15: 9 | E15: 250 | F15: 甜心护士 | G15: 4 | H15: 2 | I15: =MAX($E15-$F$70,0)/$E$70 -> 0 | J15: =MAX($E15-$F$71,0)/$E$71 -> 0 | K15: =MAX($E15-$F$72,0)/$E$72 -> 0 | L15: 14 | N15: 1230400 | P15: ="["&_xlfn.TEXTJOIN(",",1,$N$7:N15)&"]" -> [1310100,1210400,1230100,1420200,1420200,1320100,1310300,1210600,1230400] | S15: 90 | T15: 诗人升10级 | X15: 410~430 | Y15: 顺序保底橙卡B | AK15: 15 | AL15: 90 | AM15: 诗人升10级 | AO15: {=SUM(AP15:AX15)-SUMPRODUCT(--(BJ15:BQ15>0))} -> 6 | AQ15: 3 | AR15: 3
D16: 10 | E16: 350 | F16: 路人甲 | G16: 5 | H16: =MAX($E16-$F$69*0.05)/$E$69 -> 3.0359116 | I16: =MAX($E16-$F$70*0.2,0)/$E$70 -> 1.5065886 | J16: =MAX($E16-$F$71*0.2,0)/$E$71 -> 0.94360385 | K16: =MAX($E16-$F$72*0.2,0)/$E$72 -> 0.7136541 | L16: 16 | N16: 1210700 | P16: ="["&_xlfn.TEXTJOIN(",",1,$N$7:N16)&"]" -> [1310100,1210400,1230100,1420200,1420200,1320100,1310300,1210600,1230400,1210700] | S16: 100 | T16: 顺序保底出【甜心护士】 | X16: 460~480 | Y16: 顺序保底橙卡B | AL16: 100 | AM16: 顺序保底出【忍者鲨手】 | AO16: {=SUM(AP16:AX16)-SUMPRODUCT(--(BJ16:BQ16>0))} -> 3 | AQ16: 2 | AU16: 1
D17: 11 | E17: 500 | F17: 东方宫主 | G17: 5 | H17: =MAX($E17-$F$69*0.3)/$E$69 -> 2.7458564 | I17: =MAX($E17-$F$70*0.6,0)/$E$70 -> 0.2920937 | J17: =MAX($E17-$F$71*0.6,0)/$E$71 -> 0.1829436 | K17: =MAX($E17-$F$72*0.6,0)/$E$72 -> 0.13836151 | L17: 20 | N17: 1130100 | P17: ="["&_xlfn.TEXTJOIN(",",1,$N$7:N17)&"]" -> [1310100,1210400,1230100,1420200,1420200,1320100,1310300,1210600,1230400,1210700,1130100] | Q17: 单橙 | S17: 110 | T17: 炽焰巫师升10级 | X17: 510~530 | Y17: 顺序保底橙卡C | AK17: 15 | AL17: 110 | AM17: 炽焰巫师升10级 | AO17: {=SUM(AP17:AX17)-SUMPRODUCT(--(BJ17:BQ17>0))} -> 5 | AQ17: 3 | AS17: 1 | AU17: 1
D18: 12 | F18: 镭射 | G18: 5 | N18: 1530100 | P18: ="["&_xlfn.TEXTJOIN(",",1,$N$7:N18)&"]" -> [1310100,1210400,1230100,1420200,1420200,1320100,1310300,1210600,1230400,1210700,1130100,1530100] | Q18: 双橙 | S18: 120 | X18: 560~580 | Y18: 顺序保底橙卡C | AL18: 120 | AO18: {=SUM(AP18:AX18)-SUMPRODUCT(--(BJ18:BQ18>0))} -> 1 | AT18: 1
D19: 13 | E19: 600 | F19: 亚瑟 | G19: 5 | H19: =MAX($E19-$F$69*0.3)/$E$69 -> 3.7127072 | I19: =MAX($E19-$F$70,0)/$E$70 -> 0 | J19: =MAX($E19-$F$71,0)/$E$71 -> 0 | K19: =MAX($E19-$F$72,0)/$E$72 -> 0 | L19: 39 | N19: 1210300 | P19: ="["&_xlfn.TEXTJOIN(",",1,$N$7:N19)&"]" -> [1310100,1210400,1230100,1420200,1420200,1320100,1310300,1210600,1230400,1210700,1130100,1530100,1210300] | Q19: 三橙 | S19: 130 | T19: 顺序保底出【雷震子】 | X19: 610~630 | Y19: 顺序保底橙卡C | AL19: 130 | AM19: 【摇滚巨石-5级】 | AO19: {=SUM(AP19:AX19)-SUMPRODUCT(--(BJ19:BQ19>0))} -> 1 | AS19: 1
D20: 14 | E20: 800 | F20: 唐小僧 | G20: 5 | H20: =MAX($E20-$F$69*0.5)/$E$69 -> 4.2541436 | I20: =MAX($E20-$F$70,0)/$E$70 -> 0.23060029 | J20: =MAX($E20-$F$71,0)/$E$71 -> 0.14442916 | K20: =MAX($E20-$F$72,0)/$E$72 -> 0.10923277 | L20: 45 | N20: 1140100 | P20: ="["&_xlfn.TEXTJOIN(",",1,$N$7:N20)&"]" -> [1310100,1210400,1230100,1420200,1420200,1320100,1310300,1210600,1230400,1210700,1130100,1530100,1210300,1140100] | Q20: 四橙 | S20: 140 | X20: 660~680 | Y20: 顺序保底橙卡C | AL20: 140 | AM20: 顺序保底出【甜心护士】 | AO20: {=SUM(AP20:AX20)-SUMPRODUCT(--(BJ20:BQ20>0))} -> 1 | AV20: 1
D21: 15 | E21: 1200 | F21: 蜘蛛女王 | G21: 5 | H21: =MAX($E21-$F$69*0.5)/$E$69 -> 8.121547 | I21: =MAX($E21-$F$70,0)/$E$70 -> 3.3052709 | J21: =MAX($E21-$F$71,0)/$E$71 -> 2.0701513 | K21: =MAX($E21-$F$72,0)/$E$72 -> 1.5656697 | L21: 51 | N21: 1430700 | P21: ="["&_xlfn.TEXTJOIN(",",1,$N$7:N21)&"]" -> [1310100,1210400,1230100,1420200,1420200,1320100,1310300,1210600,1230400,1210700,1130100,1530100,1210300,1140100,1430700] | Q21: 五橙 | S21: 150 | T21: 【摇滚巨石-5级】 | X21: 710~730 | Y21: 顺序保底橙卡C | AK21: 4 | AL21: 150 | AO21: {=SUM(AP21:AX21)-SUMPRODUCT(--(BJ21:BQ21>0))} -> 2 | AT21: 1 | AU21: 1
D22: 16 | E22: 1800 | F22: 神灯王子 | G22: 6 | H22: =MAX($E22-$F$69*1)/$E$69 -> 10.441989 | I22: =MAX($E22-$F$70,0)/$E$70 -> 7.9172767 | J22: =MAX($E22-$F$71,0)/$E$71 -> 4.9587345 | K22: =MAX($E22-$F$72,0)/$E$72 -> 3.7503251 | L22: 55 | N22: 1140200 | P22: ="["&_xlfn.TEXTJOIN(",",1,$N$7:N22)&"]" -> [1310100,1210400,1230100,1420200,1420200,1320100,1310300,1210600,1230400,1210700,1130100,1530100,1210300,1140100,1430700,1140200] | Q22: 六橙 | S22: 160 | X22: 760~780 | Y22: 顺序保底橙卡D | AL22: 160 | AM22: 【泥巴少女-5级】 | AO22: {=SUM(AP22:AX22)-SUMPRODUCT(--(BJ22:BQ22>0))} -> 1 | AT22: 1
D23: 17 | E23: 2400 | F23: 关羽 | G23: 6 | H23: =MAX($E23-$F$69*1)/$E$69 -> 16.243094 | I23: =MAX($E23-$F$70,0)/$E$70 -> 12.529283 | J23: =MAX($E23-$F$71,0)/$E$71 -> 7.8473177 | K23: =MAX($E23-$F$72,0)/$E$72 -> 5.9349805 | L23: 59 | N23: 1110100 | P23: ="["&_xlfn.TEXTJOIN(",",1,$N$7:N23)&"]" -> [1310100,1210400,1230100,1420200,1420200,1320100,1310300,1210600,1230400,1210700,1130100,1530100,1210300,1140100,1430700,1140200,1110100] | S23: 170 | X23: 810~830 | Y23: 顺序保底橙卡D | AL23: 170 | AO23: {=SUM(AP23:AX23)-SUMPRODUCT(--(BJ23:BQ23>0))} -> 1 | AV23: 1
D24: 18 | E24: 3400 | F24: 后羿 | G24: 6 | H24: =MAX($E24-$F$69*1)/$E$69 -> 25.911602 | I24: =MAX($E24-$F$70,0)/$E$70 -> 20.215959 | J24: =MAX($E24-$F$71,0)/$E$71 -> 12.661623 | K24: =MAX($E24-$F$72,0)/$E$72 -> 9.5760728 | L24: 74 | N24: 1530200 | P24: ="["&_xlfn.TEXTJOIN(",",1,$N$7:N24)&"]" -> [1310100,1210400,1230100,1420200,1420200,1320100,1310300,1210600,1230400,1210700,1130100,1530100,1210300,1140100,1430700,1140200,1110100,1530200] | Q24: 一红 | S24: 180 | T24: 累抽领取【关羽】 | AL24: 180 | AM24: 顺序保底出【雷震子】 | AO24: {=SUM(AP24:AX24)-SUMPRODUCT(--(BJ24:BQ24>0))} -> 1 | AW24: 1
D25: 19 | F25: 神算诸葛 | G25: 6 | L25: =L24+7 -> 81 | N25: 1420300 | P25: ="["&_xlfn.TEXTJOIN(",",1,$N$7:N25)&"]" -> [1310100,1210400,1230100,1420200,1420200,1320100,1310300,1210600,1230400,1210700,1130100,1530100,1210300,1140100,1430700,1140200,1110100,1530200,1420300] | Q25: 二红 | S25: 250 | T25: 最终：【关羽-4级】、【忍者鲨手-4级】、【泥巴少女-4级】、【甜心护士-4级】、【雷震子-5级】 | AH25: 4 | AK25: 3 | AL25: 190 | AO25: {=SUM(AP25:AX25)-SUMPRODUCT(--(BJ25:BQ25>0))} -> 1 | AU25: 1
D26: 20 | E26: 4600 | F26: 海拉 | G26: 6 | H26: =MAX($E26-$F$69*1)/$E$69 -> 37.513812 | I26: =MAX($E26-$F$70,0)/$E$70 -> 29.439971 | J26: =MAX($E26-$F$71,0)/$E$71 -> 18.43879 | K26: =MAX($E26-$F$72,0)/$E$72 -> 13.945384 | L26: 88 | N26: 1410200 | P26: ="["&_xlfn.TEXTJOIN(",",1,$N$7:N26)&"]" -> [1310100,1210400,1230100,1420200,1420200,1320100,1310300,1210600,1230400,1210700,1130100,1530100,1210300,1140100,1430700,1140200,1110100,1530200,1420300,1410200] | Q26: 三红 | AL26: 200 | AO26: {=SUM(AP26:AX26)-SUMPRODUCT(--(BJ26:BQ26>0))} -> 2 | AT26: 1 | AV26: 1
D27: 21 | E27: 5800 | F27: 我爱沙 | H27: =MAX($E27-$F$69*1)/$E$69 -> 49.116022 | I27: =MAX($E27-$F$70,0)/$E$70 -> 38.663982 | J27: =MAX($E27-$F$71,0)/$E$71 -> 24.215956 | K27: =MAX($E27-$F$72,0)/$E$72 -> 18.314694 | L27: 95 | N27: 1130200
D28: 22 | E28: 7000 | F28: 妲己 | H28: =MAX($E28-$F$69*1)/$E$69 -> 60.718232 | I28: =MAX($E28-$F$70,0)/$E$70 -> 47.887994 | J28: =MAX($E28-$F$71,0)/$E$71 -> 29.993122 | K28: =MAX($E28-$F$72,0)/$E$72 -> 22.684005 | L28: 103 | N28: 1120100
D29: 23 | E29: 8200 | F29: 白素贞 | H29: =MAX($E29-$F$69*1)/$E$69 -> 72.320442 | I29: =MAX($E29-$F$70,0)/$E$70 -> 57.112006 | J29: =MAX($E29-$F$71,0)/$E$71 -> 35.770289 | K29: =MAX($E29-$F$72,0)/$E$72 -> 27.053316 | L29: =L28+10 -> 113 | N29: 1550200
D30: 24 | E30: 10500 | F30: 零日骇客 | L30: =L29+12 -> 125 | N30: 1610100 | AL30: 210 | AM30: 【忍者鲨手-5级】 | AO30: {=SUM(AP30:AX30)-SUMPRODUCT(--(BJ30:BQ30>0))} -> 1 | AU30: 1
C31: ="["&_xlfn.TEXTJOIN(",",1,C7:C30)&"]" -> [{1310100,10},{1210400,10},{1230100,10},{1420200,5},{1420200,5},{1320100,5},{1310300,5},{1210600,5},{1230400,5}] | AL31: 220 | AO31: {=SUM(AP31:AX31)-SUMPRODUCT(--(BJ31:BQ31>0))} -> 2 | AT31: 1 | AV31: 1
D32: 抽卡等级 | J32: #当没有满图鉴基本概率低，满图鉴后产的多 | AL32: 230 | AM32: 累抽领取【关羽】 | AO32: {=SUM(AP32:AX32)-SUMPRODUCT(--(BJ32:BQ32>0))} -> 2 | AS32: 1 | AW32: 1
D33: 招募等级 | E33: 金币 | F33: 灵感钥匙 | G33: 职业经验*25 | H33: 职业经验*50 | I33: 职业经验*100 | J33: 蓝卡 | K33: 紫卡 | L33: 橙卡 | M33: 红卡 | N33: 升级经验 | O33: 列3 | P33: 小R | Q33: 中R | R33: 大R | S33: 期望卡数量 | T33: 列1 | U33: 列2 | AK33: 240 | AL33: 【甜心护士-5级】 | AN33: {=SUM(AO33:AW33)-SUMPRODUCT(--(BI33:BP33>0))} -> 2 | AT33: 1 | AU33: 1
C34: 500 | D34: 1 | E34: =1-SUM(F34:M34) -> 0.24 | F34: 0.02 | G34: 0.12 | H34: 0.08 | I34: 0.04 | J34: 0.4 | K34: 0.1 | N34: 450 | P34: =MAX((SUM($N$34:$N34)-OFFSET($F$68,MATCH(P$33,$D$69:$D$72,0),0))/OFFSET($E$68,MATCH(P$33,$D$69:$D$72,0),0),1) -> 1 | Q34: =MAX((SUM($N$34:$N34)-OFFSET($F$68,MATCH(Q$33,$D$69:$D$72,0),0))/OFFSET($E$68,MATCH(Q$33,$D$69:$D$72,0),0),1) -> 1 | R34: =MAX((SUM($N$34:$N34)-OFFSET($F$68,MATCH(R$33,$D$69:$D$72,0),0))/OFFSET($E$68,MATCH(R$33,$D$69:$D$72,0),0),1) -> 1 | S34: 10 | T34: =SUM($N$34:N34) -> 450 | U34: 0 | W34: 1310100 | X34: 1 | AK34: 250 | AN34: {=SUM(AO34:AW34)-SUMPRODUCT(--(BI34:BP34>0))} -> 2 | AR34: 1 | AV34: 1
C35: 1000 | D35: 2 | E35: =1-SUM(F35:M35) -> 0.24 | F35: 0.02 | G35: 0.12 | H35: 0.08 | I35: 0.04 | J35: =50%-SUM(K35:M35) -> 0.355 | K35: 0.12 | L35: 0.025 | N35: =INT(C35/1.1) -> 909 | P35: =MAX((SUM($N$34:$N35)-OFFSET($F$68,MATCH(P$33,$D$69:$D$72,0),0))/OFFSET($E$68,MATCH(P$33,$D$69:$D$72,0),0),1) -> 4.5274524 | Q35: =MAX((SUM($N$34:$N35)-OFFSET($F$68,MATCH(Q$33,$D$69:$D$72,0),0))/OFFSET($E$68,MATCH(Q$33,$D$69:$D$72,0),0),1) -> 2.8356259 | R35: =MAX((SUM($N$34:$N35)-OFFSET($F$68,MATCH(R$33,$D$69:$D$72,0),0))/OFFSET($E$68,MATCH(R$33,$D$69:$D$72,0),0),1) -> 2.1446034 | S35: 10 | T35: =SUM($N$34:N35) -> 1359 | U35: =T34 -> 450 | W35: 1210400 | X35: 2 | AK35: 260 | AN35: {=SUM(AO35:AW35)-SUMPRODUCT(--(BI35:BP35>0))} -> 2 | AS35: 1 | AW35: 1
C36: 2000 | D36: 3 | E36: =1-SUM(F36:M36) -> 0.24 | F36: 0.02 | G36: 0.12 | H36: 0.08 | I36: 0.04 | J36: =50%-SUM(K36:M36) -> 0.31 | K36: 0.14 | L36: 0.05 | N36: =INT(C36/1.1) -> 1818 | P36: =MAX((SUM($N$34:$N36)-OFFSET($F$68,MATCH(P$33,$D$69:$D$72,0),0))/OFFSET($E$68,MATCH(P$33,$D$69:$D$72,0),0),1) -> 18.50183 | Q36: =MAX((SUM($N$34:$N36)-OFFSET($F$68,MATCH(Q$33,$D$69:$D$72,0),0))/OFFSET($E$68,MATCH(Q$33,$D$69:$D$72,0),0),1) -> 11.588033 | R36: =MAX((SUM($N$34:$N36)-OFFSET($F$68,MATCH(R$33,$D$69:$D$72,0),0))/OFFSET($E$68,MATCH(R$33,$D$69:$D$72,0),0),1) -> 8.7641092 | S36: 10 | T36: =SUM($N$34:N36) -> 3177 | U36: =T35 -> 1359 | W36: 1230100 | X36: 3 | AK36: 270 | AN36: {=SUM(AO36:AW36)-SUMPRODUCT(--(BI36:BP36>0))} -> 2 | AT36: 1 | AV36: 1
C37: 3000 | D37: 4 | E37: =1-SUM(F37:M37) -> 0.24 | F37: 0.02 | G37: 0.12 | H37: 0.08 | I37: 0.04 | J37: =50%-SUM(K37:M37) -> 0.26422632 | K37: 0.16 | L37: 0.06 | M37: =Sheet1!H7 -> 0.015773675 | N37: =INT(C37/1.1) -> 2727 | P37: =MAX((SUM($N$34:$N37)-OFFSET($F$68,MATCH(P$33,$D$69:$D$72,0),0))/OFFSET($E$68,MATCH(P$33,$D$69:$D$72,0),0),1) -> 39.463397 | Q37: =MAX((SUM($N$34:$N37)-OFFSET($F$68,MATCH(Q$33,$D$69:$D$72,0),0))/OFFSET($E$68,MATCH(Q$33,$D$69:$D$72,0),0),1) -> 24.716644 | R37: =MAX((SUM($N$34:$N37)-OFFSET($F$68,MATCH(R$33,$D$69:$D$72,0),0))/OFFSET($E$68,MATCH(R$33,$D$69:$D$72,0),0),1) -> 18.693368 | S37: 10 | T37: =SUM($N$34:N37) -> 5904 | U37: =T36 -> 3177 | W37: 1420200 | X37: 4 | AK37: 280 | AL37: 【雷震子-5级】 | AN37: {=SUM(AO37:AW37)-SUMPRODUCT(--(BI37:BP37>0))} -> 2 | AT37: 1 | AV37: 1
C38: 4000 | D38: 5 | E38: =1-SUM(F38:M38) -> 0.24 | F38: 0.02 | G38: 0.12 | H38: 0.08 | I38: 0.04 | J38: =50%-SUM(K38:M38) -> 0.21694207 | K38: 0.18 | L38: 0.08 | M38: =Sheet1!H8 -> 0.023057933 | N38: =INT(C38/1.1) -> 3636 | P38: =MAX((SUM($N$34:$N38)-OFFSET($F$68,MATCH(P$33,$D$69:$D$72,0),0))/OFFSET($E$68,MATCH(P$33,$D$69:$D$72,0),0),1) -> 67.412152 | Q38: =MAX((SUM($N$34:$N38)-OFFSET($F$68,MATCH(Q$33,$D$69:$D$72,0),0))/OFFSET($E$68,MATCH(Q$33,$D$69:$D$72,0),0),1) -> 42.221458 | R38: =MAX((SUM($N$34:$N38)-OFFSET($F$68,MATCH(R$33,$D$69:$D$72,0),0))/OFFSET($E$68,MATCH(R$33,$D$69:$D$72,0),0),1) -> 31.93238 | S38: 10 | T38: =SUM($N$34:N38) -> 9540 | U38: =T37 -> 5904 | W38: 1320100 | X38: 5 | AK38: 290 | AN38: {=SUM(AO38:AW38)-SUMPRODUCT(--(BI38:BP38>0))} -> 2 | AR38: 1 | AW38: 1
C39: 5000 | D39: 6 | E39: =1-SUM(F39:M39) -> 0.24 | F39: 0.02 | G39: 0.12 | H39: 0.08 | I39: 0.04 | J39: =50%-SUM(K39:M39) -> 0.1685022 | K39: 0.2 | L39: 0.1 | M39: =Sheet1!H9 -> 0.031497799 | N39: =INT(C39/1.1) -> 4545 | P39: =MAX((SUM($N$34:$N39)-OFFSET($F$68,MATCH(P$33,$D$69:$D$72,0),0))/OFFSET($E$68,MATCH(P$33,$D$69:$D$72,0),0),1) -> 102.3481 | Q39: =MAX((SUM($N$34:$N39)-OFFSET($F$68,MATCH(Q$33,$D$69:$D$72,0),0))/OFFSET($E$68,MATCH(Q$33,$D$69:$D$72,0),0),1) -> 64.102476 | R39: =MAX((SUM($N$34:$N39)-OFFSET($F$68,MATCH(R$33,$D$69:$D$72,0),0))/OFFSET($E$68,MATCH(R$33,$D$69:$D$72,0),0),1) -> 48.481144 | S39: 10 | T39: =SUM($N$34:N39) -> 14085 | U39: =T38 -> 9540 | W39: 1210600 | X39: 6 | AK39: 300 | AL39: 最终：【关羽-4级】、【忍者鲨手-5级】、【泥巴少女-5级】、【甜心护士-5级】、【雷震子-5级】 | AW39: 1
C40: 999999 | D40: 7 | E40: =1-SUM(F40:M40) -> 0.24 | F40: 0.02 | G40: 0.12 | H40: 0.08 | I40: 0.04 | J40: =50%-SUM(K40:M40) -> 0.13931361 | K40: 0.2 | L40: 0.12 | M40: =Sheet1!H10 -> 0.040686392 | N40: =INT(C40/1.1) -> 909090 | P40: =MAX((SUM($N$34:$N41)-OFFSET($F$68,MATCH(P$33,$D$69:$D$72,0),0))/OFFSET($E$68,MATCH(P$33,$D$69:$D$72,0),0),1) -> 7090.2288 | Q40: =MAX((SUM($N$34:$N41)-OFFSET($F$68,MATCH(Q$33,$D$69:$D$72,0),0))/OFFSET($E$68,MATCH(Q$33,$D$69:$D$72,0),0),1) -> 4440.7393 | R40: =MAX((SUM($N$34:$N41)-OFFSET($F$68,MATCH(R$33,$D$69:$D$72,0),0))/OFFSET($E$68,MATCH(R$33,$D$69:$D$72,0),0),1) -> 3358.5618 | S40: 10 | T40: =SUM($N$34:N40) -> 923175 | U40: =T39 -> 14085 | W40: 1230400 | X40: 7 | AO40: =SUM(AP7:AP39) -> 19 | AP40: =SUM(AQ7:AQ39) -> 19 | AQ40: =SUM(AR7:AR39) -> 21 | AR40: =SUM(AS7:AS39) -> 7 | AS40: =SUM(AT7:AT39) -> 10 | AT40: =SUM(AU7:AU39) -> 6 | AU40: =SUM(AV7:AV39) -> 7 | AV40: =SUM(AW7:AW39) -> 5 | AW40: =SUM(AX7:AX39) -> 0
D41: 均值 | E41: =AVERAGE(E34:E40) -> 0.24 | F41: =AVERAGE(F34:F40) -> 0.02 | G41: =AVERAGE(G34:G40) -> 0.12 | H41: =AVERAGE(H34:H40) -> 0.08 | I41: =AVERAGE(I34:I40) -> 0.04 | J41: =AVERAGE(J34:J40) -> 0.26485489 | K41: =AVERAGE(K34:K40) -> 0.15714286 | L41: 0.12 | M41: =Sheet1!H11 -> 0.045454902 | T41: =SUM($N$34:N41) -> 923175 | U41: =T40 -> 923175
W42: 1310300 | X42: 8
D43: 心愿招募 | W43: 1110100 | X43: 9
D44: 招募等级 | E44: 金币 | F44: 灵感钥匙 | G44: 职业经验*25 | H44: 职业经验*50 | I44: 职业经验*100 | J44: 蓝卡 | K44: 紫卡 | L44: 橙卡 | M44: 红卡 | N44: 升级经验 | P44: 小R | Q44: 中R | R44: 大R | S44: 期望卡数量 | W44: 1130100 | X44: 10
D45: 1 | E45: =1-SUM(F45:M45) -> 0.1 | F45: 0.02 | G45: 0.1 | H45: 0.05 | I45: 0.03 | J45: 0.2 | K45: =0.7-SUM(L45:M45)-J45 -> 0.5 | N45: 300 | P45: =P34 -> 1 | Q45: =Q34 -> 1 | R45: =R34 -> 1 | S45: 15 | W45: 1530100 | X45: 11
D46: 2 | E46: =1-SUM(F46:M46) -> 0.1 | F46: 0.02 | G46: 0.1 | H46: 0.05 | I46: 0.03 | J46: 0.12 | K46: =0.7-SUM(L46:M46)-J46 -> 0.5 | L46: 0.08 | N46: 1000 | P46: =P35 -> 4.5274524 | Q46: =Q35 -> 2.8356259 | R46: =R35 -> 2.1446034 | S46: 15 | W46: 1210300 | X46: 12
D47: 3 | E47: =1-SUM(F47:M47) -> 0.1 | F47: 0.02 | G47: 0.1 | H47: 0.05 | I47: 0.03 | J47: 0.1 | K47: =0.7-SUM(L47:M47)-J47 -> 0.5 | L47: 0.1 | N47: 2000 | P47: =P36 -> 18.50183 | Q47: =Q36 -> 11.588033 | R47: =R36 -> 8.7641092 | S47: 15 | W47: 1430700 | X47: 13
D48: 4 | E48: =1-SUM(F48:M48) -> 0.1 | F48: 0.02 | G48: 0.1 | H48: 0.05 | I48: 0.03 | K48: =0.7-SUM(L48:M48)-J48 -> 0.54 | L48: 0.12 | M48: 0.04 | N48: 3000 | P48: =P37 -> 39.463397 | Q48: =Q37 -> 24.716644 | R48: =R37 -> 18.693368 | S48: 15 | W48: 1140100 | X48: 14
D49: 5 | E49: =1-SUM(F49:M49) -> 0.1 | F49: 0.02 | G49: 0.1 | H49: 0.05 | I49: 0.03 | K49: =0.7-SUM(L49:M49)-J49 -> 0.49 | L49: 0.14 | M49: 0.07 | N49: 4000 | P49: =P38 -> 67.412152 | Q49: =Q38 -> 42.221458 | R49: =R38 -> 31.93238 | S49: 15 | W49: 1140200 | X49: 15
D50: 6 | E50: =1-SUM(F50:M50) -> 0.1 | F50: 0.02 | G50: 0.1 | H50: 0.05 | I50: 0.03 | K50: =0.7-SUM(L50:M50)-J50 -> 0.4 | L50: 0.2 | M50: 0.1 | N50: 5000 | P50: =P39 -> 102.3481 | Q50: =Q39 -> 64.102476 | R50: =R39 -> 48.481144 | S50: 15 | W50: 1420300 | X50: 16
D51: 7 | E51: =1-SUM(F51:M51) -> 0.1 | F51: 0.02 | G51: 0.1 | H51: 0.05 | I51: 0.03 | K51: =0.7-SUM(L51:M51)-J51 -> 0.34 | L51: 0.24 | M51: 0.12 | N51: 999999 | P51: =P40 -> 7090.2288 | Q51: =Q40 -> 4440.7393 | R51: =R40 -> 3358.5618 | S51: 15 | W51: 1530200 | X51: 17
W52: 1410200 | X52: 18
C53: 产出设定 | W53: 1550200 | X53: 19
D54: 小R和非R盯着4折以下才会买 | W54: 1540100 | X54: 20
D55: 中R买6折以下
D56: 大R有折扣全买
D57: 道具 | E57: 来源 | F57: 周期 | G57: 是否分层
D58: 招募券 | E58: 日常任务 | F58: 每日 | G58: 无差异
E59: 首通奖励 | F59: 一次性 | G59: 无差异
E60: 竞技场 | F60: 每日 | G60: 前两次低于5折，后两次高于5折
E61: 体力 | F61: 每日 | G61: 竞速
E62: 金矿排行 | F62: 一次性 | G62: 无差异
E63: 运营活动 | F63: 每日 | G63: 根据折扣投放
C66: 产出计算
D67: 产出汇总
D68: 每日 | E68: 招募券 | F68: 新服活动
D69: 非R | E69: =$E$80+$E$81/7+$D$89+SUM($E$93:$E$97)+$F$101*$E$101+$L$121+$E$89+D76+D85 -> 103.42857 | F69: =E130+F130+G130 -> 720
D70: 小R | E70: =$E$80+$E$81/7+$D$89+SUM($E$93:$E$97)+$G$101*$E$101+$L$121+$G$122+$H$122+$J$122+$E$138/30+$E$89+D76+D85 -> 130.09524 | F70: =$D$130 -> 770
D71: 中R | E71: =$E$80+$E$81/7+$D$89+SUM($E$93:$E$97)+$H$101*$E$101+$L$121+$G$122+$H$122+$J$122+$E$138/30+SUM($E$123:$L$123)+$E$89+D76+D85 -> 207.71429 | F71: =$D$130 -> 770
D72: 大R | E72: =$E$80+$E$81/7+$D$89+SUM($E$93:$E$97)+$I$101*$E$101+$L$121+$G$122+$H$122+$J$122+$E$138/30+SUM($E$123:$L$123)+SUM($E$124:$L$125)+$E$89+D76+D85 -> 274.64286 | F72: =$D$130 -> 770
D74: 主线
D75: 每日
D76: 5
D78: 日常任务+每周任务
D79: 周期 | E79: 招募券
D80: 1 | E80: 5
D81: 7 | E81: 10
D83: 每周周本成就
D84: 周本
D85: 10
D87: 商店免费
D88: 商店 | E88: 刷新商店
D89: 2 | E89: 10
D91: 竞技场
D92: 次数 | E92: 抽奖券
D93: 每日结算 | E93: 10
D94: 1 | E94: 5
D95: 2 | E95: 5
D96: 3 | E96: 5
D97: 4 | E97: 5
D99: 体力产出
D100: 次数 | E100: 抽奖券 | F100: 非R | G100: 小R | H100: 中R | I100: 大R
D101: 1 | E101: 0.5 | F101: =H110/10 -> 40 | G101: =H114/10 -> 46 | H101: =H114/10 -> 46 | I101: =H117/10 -> 71.285714
D104: 蓝色表头都是从其他地方贴过来的
D105: 途径 | E105: 每日次数 | F105: 单次体力 | G105: 单项体力 | H105: 累计体力
D106: 创号初始 | E106: 0 | F106: 60
D107: 时间恢复 | E107: =10*24 -> 240 | F107: 1 | G107: =E107*F107 -> 240 | H107: =G107 -> 240
D108: 每日广告 | E108: 3 | F108: 10 | G108: =E108*F108 -> 30 | H108: =G108+H107 -> 270
D109: 食堂奖励 | E109: 4 | F109: 30 | G109: =E109*F109 -> 120 | H109: =G109+H108 -> 390
D110: 日礼包免费 | E110: 1 | F110: 10 | G110: =E110*F110 -> 10 | H110: =G110+H109 -> 400
...

Sheet 梦灵经验产出
A1: 设计思路
C3: 梦灵经验规划
D4: 梦灵经验主要控制等级释放节奏，比升级周期短，纯活跃投放、防止投放导致等级不平衡，在消耗做倍率区分
D5: 满级参数
D6: 养成周期/天 | E6: 60 | F6: *引用商业化框架
D7: 目标坑深(钻石) | E7: =45000*6*2 -> 540000 | F7: *引用商业化框架
D8: 活跃产出(钻石) | E8: =E7/E6/J385*G385 -> 3389.3368
D9: 总产出 | E9: =E7/E6 -> 9000 | R9: 等级 | S9: 蓝品 | T9: 紫品 | U9: 橙品 | V9: 红品
D10: 付费占比 | E10: =(E9-E8)/E9 -> 0.62340702 | R10: 1 | S10: 0 | T10: 0 | U10: 0 | V10: 0
R11: 2 | S11: 24 | T11: 36 | U11: 48 | V11: 72
D12: 梦灵数量 | K12: 概率降低为50% | R12: 3 | S12: 48 | T12: 72 | U12: 96 | V12: 144
D13: 梦灵品质 | E13: 战士 | F13: 法师 | G13: 射手 | H13: 辅助 | I13: 控制 | J13: 毒系 | K13: 召唤 | L13: 期望等级 | M13: 总消耗 | N13: 每日产出 | R13: 4 | S13: 72 | T13: 108 | U13: 144 | V13: 216
D14: 蓝 | F14: 1 | G14: 1 | H14: 1 | L14: 50 | R14: 5 | S14: 96 | T14: 144 | U14: 192 | V14: 288
D15: 紫 | E15: 2 | F15: 1 | G15: 1 | H15: 1 | J15: 1 | L15: 40 | R15: 6 | S15: 120 | T15: 180 | U15: 240 | V15: 360
D16: 橙 | E16: 1 | F16: 1 | G16: 1 | H16: 1 | I16: 1 | J16: 1 | K16: 1 | L16: 30 | R16: 7 | S16: 144 | T16: 216 | U16: 288 | V16: 432
D17: 红 | E17: 1 | F17: 1 | G17: 1 | H17: 1 | I17: 1 | J17: 1 | L17: 30 | R17: 8 | S17: 168 | T17: 252 | U17: 336 | V17: 504
D18: 产出比例 | E18: =--SUM(E14:E17) -> 4 | F18: =SUM(F14:F17) -> 4 | G18: =SUM(G14:G17) -> 4 | H18: =SUM(H14:H17) -> 4 | I18: =SUM(I14:I17) -> 2 | J18: =SUM(J14:J17) -> 3 | K18: =SUM(K14:K17) -> 1 | R18: 9 | S18: 192 | T18: 288 | U18: 384 | V18: 576
D19: 消耗倍率 | R19: 10 | S19: 216 | T19: 324 | U19: 432 | V19: 648
R20: 11 | S20: 480 | T20: 720 | U20: 960 | V20: 1440
R21: 12 | S21: 528 | T21: 792 | U21: 1056 | V21: 1584
G22: 标准消耗 | L22: #以五天的量为基数 | R22: 13 | S22: 576 | T22: 864 | U22: 1152 | V22: 1728
D23: ID | E23: 等级 | F23: 定位 | G23: 蓝品 | H23: 紫品 | I23: 橙品 | J23: 红品 | K23: 彩品 | L23: 消耗倍率 | M23: 停留时间 | R23: 14 | S23: 624 | T23: 936 | U23: 1248 | V23: 1872
D24: 1 | E24: 1 | F24: 标准消耗 | G24: 24 | H24: 36 | I24: 48 | J24: 48 | K24: 60 | L24: 1 | R24: 15 | S24: 672 | T24: 1008 | U24: 1344 | V24: 2016
D25: 2 | E25: 2 | F25: 标准消耗 | G25: 48 | H25: 72 | I25: 96 | J25: 96 | K25: 120 | L25: 2 | R25: 16 | S25: 720 | T25: 1080 | U25: 1440 | V25: 2160
D26: 3 | E26: 3 | F26: 标准消耗 | G26: 72 | H26: 108 | I26: 144 | J26: 144 | K26: 180 | L26: 3 | R26: 17 | S26: 768 | T26: 1152 | U26: 1536 | V26: 2304
D27: 4 | E27: 4 | F27: 标准消耗 | G27: 120 | H27: 180 | I27: 240 | J27: 240 | K27: 300 | L27: 5 | R27: 18 | S27: 816 | T27: 1224 | U27: 1632 | V27: 2448
D28: 5 | E28: 5 | F28: 标准消耗 | G28: 168 | H28: 252 | I28: 336 | J28: 336 | K28: 420 | L28: 7 | R28: 19 | S28: 864 | T28: 1296 | U28: 1728 | V28: 2592
D29: 6 | E29: 6 | F29: 标准消耗 | G29: 216 | H29: 324 | I29: 432 | J29: 432 | K29: 540 | L29: 9 | R29: 20 | S29: 912 | T29: 1368 | U29: 1824 | V29: 2736
D30: 7 | E30: 7 | F30: 标准消耗 | G30: 264 | H30: 396 | I30: 528 | J30: 528 | K30: 660 | L30: 11 | R30: 21 | S30: 960 | T30: 1440 | U30: 1920 | V30: 2880
D31: 8 | E31: 8 | F31: 标准消耗 | G31: 312 | H31: 468 | I31: 624 | J31: 624 | K31: 780 | L31: 13 | R31: 22 | S31: 1008 | T31: 1512 | U31: 2016 | V31: 3024
D32: 9 | E32: 9 | F32: 标准消耗 | G32: 360 | H32: 540 | I32: 720 | J32: 720 | K32: 900 | L32: 15 | R32: 23 | S32: 1056 | T32: 1584 | U32: 2112 | V32: 3168
D33: 10 | E33: 10 | F33: 标准消耗 | G33: 408 | H33: 612 | I33: 816 | J33: 816 | K33: 1020 | L33: 17 | R33: 24 | S33: 1104 | T33: 1656 | U33: 2208 | V33: 3312
D34: 11 | E34: 11 | F34: 标准消耗 | G34: 456 | H34: 684 | I34: 912 | J34: 912 | K34: 1140 | L34: 19 | R34: 25 | S34: 1152 | T34: 1728 | U34: 2304 | V34: 3456
D35: 12 | E35: 12 | F35: 标准消耗 | G35: 504 | H35: 756 | I35: 1008 | J35: 1008 | K35: 1260 | L35: 21 | R35: 26 | S35: 1200 | T35: 1800 | U35: 2400 | V35: 3600
... D58: 35 | E58: 35 | F58: 标准消耗 | G58: 2040 | H58: 3060 | I58: 4080 | J58: 4080 | K58: 5100 | L58: 85 | R58: 49 | S58: 3456 | T58: 3456 | U58: 4608 | V58: 6912
D59: 36 | E59: 36 | F59: 标准消耗 | G59: 2112 | H59: 3168 | I59: 4224 | J59: 4224 | K59: 5280 | L59: 88
D60: 37 | E60: 37 | F60: 标准消耗 | G60: 2184 | H60: 3276 | I60: 4368 | J60: 4368 | K60: 5460 | L60: 91
D61: 38 | E61: 38 | F61: 标准消耗 | G61: 2256 | H61: 3384 | I61: 4512 | J61: 4512 | K61: 5640 | L61: 94
D62: 39 | E62: 39 | F62: 标准消耗 | G62: 2328 | H62: 3492 | I62: 4656 | J62: 4656 | K62: 5820 | L62: 97
D63: 40 | E63: 40 | F63: 标准消耗 | G63: 2400 | H63: 3600 | I63: 4800 | J63: 4800 | K63: 6000 | L63: 100
D64: 41 | E64: 41 | F64: 标准消耗 | G64: 2520 | H64: 3780 | I64: 5040 | J64: 5040 | K64: 6300 | L64: 105
D65: 42 | E65: 42 | F65: 标准消耗 | G65: 2640 | H65: 3960 | I65: 5280 | J65: 5280 | K65: 6600 | L65: 110
D66: 43 | E66: 43 | F66: 标准消耗 | G66: 2760 | H66: 4140 | I66: 5520 | J66: 5520 | K66: 6900 | L66: 115
D67: 44 | E67: 44 | F67: 标准消耗 | G67: 2880 | H67: 4320 | I67: 5760 | J67: 5760 | K67: 7200 | L67: 120
D68: 45 | E68: 45 | F68: 标准消耗 | G68: 3000 | H68: 4500 | I68: 6000 | J68: 6000 | K68: 7500 | L68: 125
D69: 46 | E69: 46 | F69: 标准消耗 | G69: 3120 | H69: 4680 | I69: 6240 | J69: 6240 | K69: 7800 | L69: 130
D70: 47 | E70: 47 | F70: 标准消耗 | G70: 3240 | H70: 4860 | I70: 6480 | J70: 6480 | K70: 8100 | L70: 135
... D72: 49 | E72: 49 | F72: 标准消耗 | G72: 3480 | H72: 5220 | I72: 6960 | J72: 6960 | K72: 8700 | L72: 145
D73: 50 | E73: 50 | F73: 标准消耗 | L73: 150
D74: 51 | E74: 1 | F74: 战士 | G74: 24 | H74: 34 | I74: 46 | J74: 46 | K74: 56
D75: 52 | E75: 2 | F75: 战士 | G75: 46 | H75: 68 | I75: 90 | J75: 90 | K75: 112
D76: 53 | E76: 3 | F76: 战士 | G76: 68 | H76: 102 | I76: 134 | J76: 134 | K76: 168
D77: 54 | E77: 4 | F77: 战士 | G77: 112 | H77: 168 | I77: 224 | J77: 224 | K77: 280
D78: 55 | E78: 5 | F78: 战士 | G78: 156 | H78: 234 | I78: 312 | J78: 312 | K78: 390
D79: 56 | E79: 6 | F79: 战士 | G79: 202 | H79: 302 | I79: 402 | J79: 402 | K79: 502
D80: 57 | E80: 7 | F80: 战士 | G80: 246 | H80: 368 | I80: 492 | J80: 492 | K80: 614
D81: 58 | E81: 8 | F81: 战士 | G81: 290 | H81: 436 | I81: 580 | J81: 580 | K81: 726
D82: 59 | E82: 9 | F82: 战士 | G82: 336 | H82: 502 | I82: 670 | J82: 670 | K82: 836
D83: 60 | E83: 10 | F83: 战士 | G83: 380 | H83: 570 | I83: 758 | J83: 758 | K83: 948
D84: 61 | E84: 11 | F84: 战士 | G84: 424 | H84: 636 | I84: 848 | J84: 848 | K84: 1060
D85: 62 | E85: 12 | F85: 战士 | G85: 468 | H85: 702 | I85: 936 | J85: 936 | K85: 1170
... D373: 350 | E373: 50 | F373: 毒系 | G373: 0 | H373: 0 | I373: 0 | J373: 0 | K373: 0
C377: 梦灵经验产出规划
D379: 每日总产出（非R）
D380: 3389.3368
D381: #和扫荡抽奖券绑定 | E381: #单次扫荡产出
D382: 产出途径 | E382: 次数 | F382: 梦灵经验 | G382: 非R | H382: 小R | I382: 中R | J382: 大R
D383: 体力扫荡 | E383: 40 | F383: 40 | G383: 40 | H383: 41 | I383: 46 | J383: 71.285714
D384: 挂机收益 | E384: 24 | F384: 10 | G384: 24 | H384: 31.2 | I384: 31.2 | J384: 31.2 | N384: 210000
D385: 抽卡收益 | E385: 103.42857 | F385: 11 | G385: 103.42857 | H385: 130.09524 | I385: 207.71429 | J385: 274.64286 | N385: 516000
D386: 活动产出 | E386: 1 | F386: 500 | G386: 0.5 | H386: 1 | I386: 3 | J386: 5
D387: 总产出 | G387: 3227 | H387: 3883 | I387: 5936 | J387: 8684
D390: 途径 | E390: 每日次数 | F390: 单次体力 | G390: 单项体力 | H390: 累计体力 | I390: 钻石价格 | J390: rmb价格 | K390: 定位 | L390: 额外说明 汇总
D391: 创号初始 | E391: 0 | F391: 60 | I391: 0 | K391: 全体
D392: 时间恢复 | E392: 240 | F392: 1 | G392: 240 | H392: 240 | I392: 0 | K392: 全体
D393: 每日广告 | E393: 3 | F393: 10 | G393: 30 | H393: 270 | I393: 0 | K393: 全体
D394: 食堂奖励 | E394: 4 | F394: 30 | G394: 120 | H394: 390 | I394: 0 | K394: 全体
D395: 日礼包免费 | E395: 1 | F395: 10 | G395: 10 | H395: 400 | I395: 0 | K395: 全体
D396: 月卡福利 | E396: 1 | F396: 10 | G396: 10 | H396: 410 | J396: 1 | K396: 小R
D397: 每日特惠礼包1 | E397: 1 | F397: 10 | G397: 10 | H397: 420 | J397: 1 | K397: 小R | L397: 预留给小R
D398: 每日特惠礼包2 | E398: 1 | F398: 15 | G398: 15 | H398: 435 | J398: 6 | K398: 小R | L398: 预留给小R
D399: 每日特惠礼包3 | E399: 1 | F399: 25 | G399: 25 | H399: 460 | J399: 18 | K399: 小R | L399: 预留给小R
D400: 日礼包购买 | E400: 1 | F400: 60 | G400: 60 | H400: 520 | I400: 96 | K400: 中R
D401: 周礼包购买 | E401: 0.14285714 | F401: 300 | G401: 42.857143 | H401: 562.85714 | I401: 420 | K401: 中R | L401: 每周1次
D402: 宝石购买 | E402: 5 | F402: 30 | G402: 150 | H402: 712.85714 | I402: 60 | K402: 大R
C407: 梦灵经验产出配置
D409: 每日 | E409: 经验值 | F409: 新服活动
D410: 非R | E410: =G387 -> 3227 | F410: =E410 -> 3227
D411: 小R | E411: =H387 -> 3883 | F411: =E411 -> 3883
D412: 中R | E412: =I387 -> 5936 | F412: =E412 -> 5936
D413: 大R | E413: =J387 -> 8684 | F413: =E413 -> 8684

Sheet 梦灵图鉴
A1: 梦灵升星
C3: 属性规划
D5: 途径 | E5: 爆伤 | F5: 期望爆伤
D6: 养成1 | E6: 9 | F6: =OFFSET($F$10,MATCH(30,$E$12:$E$61,1),0)*SUM(梦灵属性!E26:J26)+OFFSET($H$10,MATCH(30,$G$12:$G$61,1),0)*SUM(梦灵属性!$E$27:$J$27)+OFFSET($J$10,MATCH(30,$I$12:$I$61,1),0)*SUM(梦灵属性!$E$28:$J$28)+OFFSET($L$10,MATCH(30,$K$12:$K$61,1),0)*SUM(梦灵属性!$E$29:$J$29) -> 5.55
C8: 养成规划
D10: 养成练度 | E10: 蓝卡期望天数 | F10: 爆伤 | G10: 紫卡期望天数 | H10: 爆伤 | I10: 橙卡期望天数 | J10: 爆伤 | K10: 红卡期望天数 | L10: 爆伤
D11: 0 | E11: 0 | F11: 0 | G11: 0 | H11: 0 | I11: 0 | J11: 0 | K11: 0 | L11: 0
D12: 1 | E12: =IFERROR(MATCH(D12,梦灵本体产出!$K$147:$K$206,1),0) -> 0 | F12: 0.01 | G12: =IFERROR(MATCH($D12,梦灵本体产出!$L$147:$L$206,1),0) -> 0 | H12: 0.012 | I12: =IFERROR(MATCH($D12,梦灵本体产出!$M$147:$M$206,1),0) -> 1 | J12: 0.014 | K12: =IFERROR(MATCH($D12,梦灵本体产出!$N$147:$N$206,1),0) -> 11 | L12: 0.016
D13: 2 | E13: =IFERROR(MATCH(D13,梦灵本体产出!$K$147:$K$206,1),0) -> 0 | F13: =$D13*F$12 -> 0.02 | G13: =IFERROR(MATCH($D13,梦灵本体产出!$L$147:$L$206,1),0) -> 0 | H13: =$D13*H$12 -> 0.024 | I13: =IFERROR(MATCH($D13,梦灵本体产出!$M$147:$M$206,1),0) -> 1 | J13: =$D13*J$12 -> 0.028 | K13: =IFERROR(MATCH($D13,梦灵本体产出!$N$147:$N$206,1),0) -> 12 | L13: =$D13*L$12 -> 0.032
D14: 3 | E14: =IFERROR(MATCH(D14,梦灵本体产出!$K$147:$K$206,1),0) -> 0 | F14: =$D14*F$12 -> 0.03 | G14: =IFERROR(MATCH($D14,梦灵本体产出!$L$147:$L$206,1),0) -> 0 | H14: =$D14*H$12 -> 0.036 | I14: =IFERROR(MATCH($D14,梦灵本体产出!$M$147:$M$206,1),0) -> 1 | J14: =$D14*J$12 -> 0.042 | K14: =IFERROR(MATCH($D14,梦灵本体产出!$N$147:$N$206,1),0) -> 13 | L14: =$D14*L$12 -> 0.048
D15: 4 | E15: =IFERROR(MATCH(D15,梦灵本体产出!$K$147:$K$206,1),0) -> 0 | F15: =$D15*F$12 -> 0.04 | G15: =IFERROR(MATCH($D15,梦灵本体产出!$L$147:$L$206,1),0) -> 0 | H15: =$D15*H$12 -> 0.048 | I15: =IFERROR(MATCH($D15,梦灵本体产出!$M$147:$M$206,1),0) -> 1 | J15: =$D15*J$12 -> 0.056 | K15: =IFERROR(MATCH($D15,梦灵本体产出!$N$147:$N$206,1),0) -> 13 | L15: =$D15*L$12 -> 0.064
D16: 5 | E16: =IFERROR(MATCH(D16,梦灵本体产出!$K$147:$K$206,1),0) -> 0 | F16: =$D16*F$12 -> 0.05 | G16: =IFERROR(MATCH($D16,梦灵本体产出!$L$147:$L$206,1),0) -> 1 | H16: =$D16*H$12 -> 0.06 | I16: =IFERROR(MATCH($D16,梦灵本体产出!$M$147:$M$206,1),0) -> 1 | J16: =$D16*J$12 -> 0.07 | K16: =IFERROR(MATCH($D16,梦灵本体产出!$N$147:$N$206,1),0) -> 13 | L16: =$D16*L$12 -> 0.08
D17: 6 | E17: =IFERROR(MATCH(D17,梦灵本体产出!$K$147:$K$206,1),0) -> 0 | F17: =$D17*F$12 -> 0.06 | G17: =IFERROR(MATCH($D17,梦灵本体产出!$L$147:$L$206,1),0) -> 1 | H17: =$D17*H$12 -> 0.072 | I17: =IFERROR(MATCH($D17,梦灵本体产出!$M$147:$M$206,1),0) -> 3 | J17: =$D17*J$12 -> 0.084 | K17: =IFERROR(MATCH($D17,梦灵本体产出!$N$147:$N$206,1),0) -> 13 | L17: =$D17*L$12 -> 0.096
D18: 7 | E18: =IFERROR(MATCH(D18,梦灵本体产出!$K$147:$K$206,1),0) -> 0 | F18: =$D18*F$12 -> 0.07 | G18: =IFERROR(MATCH($D18,梦灵本体产出!$L$147:$L$206,1),0) -> 2 | H18: =$D18*H$12 -> 0.084 | I18: =IFERROR(MATCH($D18,梦灵本体产出!$M$147:$M$206,1),0) -> 4 | J18: =$D18*J$12 -> 0.098 | K18: =IFERROR(MATCH($D18,梦灵本体产出!$N$147:$N$206,1),0) -> 15 | L18: =$D18*L$12 -> 0.112
D19: 8 | E19: =IFERROR(MATCH(D19,梦灵本体产出!$K$147:$K$206,1),0) -> 0 | F19: =$D19*F$12 -> 0.08 | G19: =IFERROR(MATCH($D19,梦灵本体产出!$L$147:$L$206,1),0) -> 2 | H19: =$D19*H$12 -> 0.096 | I19: =IFERROR(MATCH($D19,梦灵本体产出!$M$147:$M$206,1),0) -> 5 | J19: =$D19*J$12 -> 0.112 | K19: =IFERROR(MATCH($D19,梦灵本体产出!$N$147:$N$206,1),0) -> 17 | L19: =$D19*L$12 -> 0.128
D20: 9 | E20: =IFERROR(MATCH(D20,梦灵本体产出!$K$147:$K$206,1),0) -> 0 | F20: =$D20*F$12 -> 0.09 | G20: =IFERROR(MATCH($D20,梦灵本体产出!$L$147:$L$206,1),0) -> 3 | H20: =$D20*H$12 -> 0.108 | I20: =IFERROR(MATCH($D20,梦灵本体产出!$M$147:$M$206,1),0) -> 6 | J20: =$D20*J$12 -> 0.126 | K20: =IFERROR(MATCH($D20,梦灵本体产出!$N$147:$N$206,1),0) -> 20 | L20: =$D20*L$12 -> 0.144
D21: 10 | E21: =IFERROR(MATCH(D21,梦灵本体产出!$K$147:$K$206,1),0) -> 0 | F21: =$D21*F$12 -> 0.1 | G21: =IFERROR(MATCH($D21,梦灵本体产出!$L$147:$L$206,1),0) -> 4 | H21: =$D21*H$12 -> 0.12 | I21: =IFERROR(MATCH($D21,梦灵本体产出!$M$147:$M$206,1),0) -> 6 | J21: =$D21*J$12 -> 0.14 | K21: =IFERROR(MATCH($D21,梦灵本体产出!$N$147:$N$206,1),0) -> 20 | L21: =$D21*L$12 -> 0.16
D22: 11 | E22: =IFERROR(MATCH(D22,梦灵本体产出!$K$147:$K$206,1),0) -> 0 | F22: =$D22*F$12 -> 0.11 | G22: =IFERROR(MATCH($D22,梦灵本体产出!$L$147:$L$206,1),0) -> 5 | H22: =$D22*H$12 -> 0.132 | I22: =IFERROR(MATCH($D22,梦灵本体产出!$M$147:$M$206,1),0) -> 9 | J22: =$D22*J$12 -> 0.154 | K22: =IFERROR(MATCH($D22,梦灵本体产出!$N$147:$N$206,1),0) -> 23 | L22: =$D22*L$12 -> 0.176
D23: 12 | E23: =IFERROR(MATCH(D23,梦灵本体产出!$K$147:$K$206,1),0) -> 0 | F23: =$D23*F$12 -> 0.12 | G23: =IFERROR(MATCH($D23,梦灵本体产出!$L$147:$L$206,1),0) -> 6 | H23: =$D23*H$12 -> 0.144 | I23: =IFERROR(MATCH($D23,梦灵本体产出!$M$147:$M$206,1),0) -> 12 | J23: =$D23*J$12 -> 0.168 | K23: =IFERROR(MATCH($D23,梦灵本体产出!$N$147:$N$206,1),0) -> 27 | L23: =$D23*L$12 -> 0.192
D24: 13 | E24: =IFERROR(MATCH(D24,梦灵本体产出!$K$147:$K$206,1),0) -> 0 | F24: =$D24*F$12 -> 0.13 | G24: =IFERROR(MATCH($D24,梦灵本体产出!$L$147:$L$206,1),0) -> 6 | H24: =$D24*H$12 -> 0.156 | I24: =IFERROR(MATCH($D24,梦灵本体产出!$M$147:$M$206,1),0) -> 13 | J24: =$D24*J$12 -> 0.182 | K24: =IFERROR(MATCH($D24,梦灵本体产出!$N$147:$N$206,1),0) -> 27 | L24: =$D24*L$12 -> 0.208
... D61: 50 | E61: =IFERROR(MATCH(D61,梦灵本体产出!$K$147:$K$206,1),0) -> 60 | F61: =$D61*F$12 -> 0.5 | G61: =IFERROR(MATCH($D61,梦灵本体产出!$L$147:$L$206,1),0) -> 60 | H61: =$D61*H$12 -> 0.6 | I61: =IFERROR(MATCH($D61,梦灵本体产出!$M$147:$M$206,1),0) -> 60 | J61: =$D61*J$12 -> 0.7 | K61: =IFERROR(MATCH($D61,梦灵本体产出!$N$147:$N$206,1),0) -> 60 | L61: =$D61*L$12 -> 0.8
C64: 养成汇总

Sheet 属性汇总
A2: #目前只计算双月卡玩家进度，后续等数值总表一起拓展
A6: 开服天数 | B6: 梦灵品质练度 | C6: 梦灵等级练度 | D6: 攻击 | E6: 生命 | F6: 攻击比 | G6: 生命比 | H6: 暴击率 | I6: 暴击伤害 | J6: 伤害增加 | K6: 伤害减免 | L6: 固定减伤 | M6: 伤害增加 | N6: 攻击速度 | P6: 梦灵品质练度 | Q6: 梦灵等级练度 | R6: 攻击 | S6: 生命 | T6: 攻击比 | U6: 生命比 | V6: 暴击率 | W6: 暴击伤害 | X6: 伤害增加 | Y6: 伤害减免 | Z6: 固定减伤 | AA6: 伤害增加 | AB6: 攻击速度
A7: 1 | B7: =OFFSET(梦灵本体产出!$G$6,MATCH(A7,梦灵本体产出!$I$7:$I$30,1),0) -> 5 | C7: =MATCH(A7,OFFSET(梦灵属性!#REF!,50*(B7-3),0)) -> #REF! | F7: =_xlfn.XLOOKUP($B7,梦灵属性!$F$38:$F$41,梦灵属性!$E$38:$E$41)*$C7 -> #REF! | G7: =_xlfn.XLOOKUP($B7,梦灵属性!$F$38:$F$41,梦灵属性!$E$38:$E$41)*$C7 -> #REF! | I7: =OFFSET(梦灵图鉴!F$10,MATCH(A7,梦灵图鉴!$E$11:$E$61,1),0)*SUM(梦灵属性!$E$26:$J$26)+OFFSET(梦灵图鉴!H$10,MATCH(A7,梦灵图鉴!$G$11:$G$61,1),0)*SUM(梦灵属性!$E$27:$J$27)+OFFSET(梦灵图鉴!J$10,MATCH(A7,梦灵图鉴!$I$11:$I$61,1),0)*SUM(梦灵属性!$E$28:$J$28)+OFFSET(梦灵图鉴!L$10,MATCH(A7,梦灵图鉴!$K$11:$K$61,1),0)*SUM(梦灵属性!$E$29:$J$29) -> 1.392 | P7: 3 | Q7: 1 | R7: =OFFSET(梦灵属性!G$37,$P7-2,0) -> 0 | S7: =OFFSET(梦灵属性!H$37,$P7-2,0) -> 0 | T7: =OFFSET(梦灵属性!$E$37,$P7-2,0)*$Q7 -> 0.04 | U7: =OFFSET(梦灵属性!$E$37,$P7-2,0)*$Q7 -> 0.04
A8: 2 | B8: =OFFSET(梦灵本体产出!$G$6,MATCH(A8,梦灵本体产出!$I$7:$I$30,1),0) -> 5 | C8: =MATCH(A8,OFFSET(梦灵属性!#REF!,50*(B8-3),0)) -> #REF! | F8: =_xlfn.XLOOKUP(B8,梦灵属性!$F$38:$F$41,梦灵属性!$E$38:$E$41)*C8 -> #REF! | G8: =_xlfn.XLOOKUP($B8,梦灵属性!$F$38:$F$41,梦灵属性!$E$38:$E$41)*$C8 -> #REF! | I8: =OFFSET(梦灵图鉴!F$10,MATCH(A8,梦灵图鉴!$E$11:$E$61,1),0)*SUM(梦灵属性!$E$26:$J$26)+OFFSET(梦灵图鉴!H$10,MATCH(A8,梦灵图鉴!$G$11:$G$61,1),0)*SUM(梦灵属性!$E$27:$J$27)+OFFSET(梦灵图鉴!J$10,MATCH(A8,梦灵图鉴!$I$11:$I$61,1),0)*SUM(梦灵属性!$E$28:$J$28)+OFFSET(梦灵图鉴!L$10,MATCH(A8,梦灵图鉴!$K$11:$K$61,1),0)*SUM(梦灵属性!$E$29:$J$29) -> 1.626 | P8: 3 | Q8: 2 | R8: =OFFSET(梦灵属性!G$37,$P8-2,0) -> 0 | S8: =OFFSET(梦灵属性!H$37,$P8-2,0) -> 0 | T8: =OFFSET(梦灵属性!$E$37,$P8-2,0)*$Q8 -> 0.08 | U8: =OFFSET(梦灵属性!$E$37,$P8-2,0)*$Q8 -> 0.08
A9: 3 | B9: =OFFSET(梦灵本体产出!$G$6,MATCH(A9,梦灵本体产出!$I$7:$I$30,1),0) -> 5 | C9: =MATCH(A9,OFFSET(梦灵属性!#REF!,50*(B9-3),0)) -> #REF! | F9: =_xlfn.XLOOKUP(B9,梦灵属性!$F$38:$F$41,梦灵属性!$E$38:$E$41)*C9 -> #REF! | G9: =_xlfn.XLOOKUP($B9,梦灵属性!$F$38:$F$41,梦灵属性!$E$38:$E$41)*$C9 -> #REF! | I9: =OFFSET(梦灵图鉴!F$10,MATCH(A9,梦灵图鉴!$E$11:$E$61,1),0)*SUM(梦灵属性!$E$26:$J$26)+OFFSET(梦灵图鉴!H$10,MATCH(A9,梦灵图鉴!$G$11:$G$61,1),0)*SUM(梦灵属性!$E$27:$J$27)+OFFSET(梦灵图鉴!J$10,MATCH(A9,梦灵图鉴!$I$11:$I$61,1),0)*SUM(梦灵属性!$E$28:$J$28)+OFFSET(梦灵图鉴!L$10,MATCH(A9,梦灵图鉴!$K$11:$K$61,1),0)*SUM(梦灵属性!$E$29:$J$29) -> 1.872 | P9: 3 | Q9: 3 | R9: =OFFSET(梦灵属性!G$37,$P9-2,0) -> 0 | S9: =OFFSET(梦灵属性!H$37,$P9-2,0) -> 0 | T9: =OFFSET(梦灵属性!$E$37,$P9-2,0)*$Q9 -> 0.12 | U9: =OFFSET(梦灵属性!$E$37,$P9-2,0)*$Q9 -> 0.12
A10: 4 | B10: =OFFSET(梦灵本体产出!$G$6,MATCH(A10,梦灵本体产出!$I$7:$I$30,1),0) -> 5 | C10: =MATCH(A10,OFFSET(梦灵属性!#REF!,50*(B10-3),0)) -> #REF! | F10: =_xlfn.XLOOKUP(B10,梦灵属性!$F$38:$F$41,梦灵属性!$E$38:$E$41)*C10 -> #REF! | G10: =_xlfn.XLOOKUP($B10,梦灵属性!$F$38:$F$41,梦灵属性!$E$38:$E$41)*$C10 -> #REF! | I10: =OFFSET(梦灵图鉴!F$10,MATCH(A10,梦灵图鉴!$E$11:$E$61,1),0)*SUM(梦灵属性!$E$26:$J$26)+OFFSET(梦灵图鉴!H$10,MATCH(A10,梦灵图鉴!$G$11:$G$61,1),0)*SUM(梦灵属性!$E$27:$J$27)+OFFSET(梦灵图鉴!J$10,MATCH(A10,梦灵图鉴!$I$11:$I$61,1),0)*SUM(梦灵属性!$E$28:$J$28)+OFFSET(梦灵图鉴!L$10,MATCH(A10,梦灵图鉴!$K$11:$K$61,1),0)*SUM(梦灵属性!$E$29:$J$29) -> 2.058 | P10: 3 | Q10: 4 | R10: =OFFSET(梦灵属性!G$37,$P10-2,0) -> 0 | S10: =OFFSET(梦灵属性!H$37,$P10-2,0) -> 0 | T10: =OFFSET(梦灵属性!$E$37,$P10-2,0)*$Q10 -> 0.16 | U10: =OFFSET(梦灵属性!$E$37,$P10-2,0)*$Q10 -> 0.16
A11: 5 | B11: =OFFSET(梦灵本体产出!$G$6,MATCH(A11,梦灵本体产出!$I$7:$I$30,1),0) -> 5 | C11: =MATCH(A11,OFFSET(梦灵属性!#REF!,50*(B11-3),0)) -> #REF! | F11: =_xlfn.XLOOKUP(B11,梦灵属性!$F$38:$F$41,梦灵属性!$E$38:$E$41)*C11 -> #REF! | G11: =_xlfn.XLOOKUP($B11,梦灵属性!$F$38:$F$41,梦灵属性!$E$38:$E$41)*$C11 -> #REF! | I11: =OFFSET(梦灵图鉴!F$10,MATCH(A11,梦灵图鉴!$E$11:$E$61,1),0)*SUM(梦灵属性!$E$26:$J$26)+OFFSET(梦灵图鉴!H$10,MATCH(A11,梦灵图鉴!$G$11:$G$61,1),0)*SUM(梦灵属性!$E$27:$J$27)+OFFSET(梦灵图鉴!J$10,MATCH(A11,梦灵图鉴!$I$11:$I$61,1),0)*SUM(梦灵属性!$E$28:$J$28)+OFFSET(梦灵图鉴!L$10,MATCH(A11,梦灵图鉴!$K$11:$K$61,1),0)*SUM(梦灵属性!$E$29:$J$29) -> 2.244 | P11: 3 | Q11: 5 | R11: =OFFSET(梦灵属性!G$37,$P11-2,0) -> 0 | S11: =OFFSET(梦灵属性!H$37,$P11-2,0) -> 0 | T11: =OFFSET(梦灵属性!$E$37,$P11-2,0)*$Q11 -> 0.2 | U11: =OFFSET(梦灵属性!$E$37,$P11-2,0)*$Q11 -> 0.2
A12: 6 | B12: =OFFSET(梦灵本体产出!$G$6,MATCH(A12,梦灵本体产出!$I$7:$I$30,1),0) -> 5 | C12: =MATCH(A12,OFFSET(梦灵属性!#REF!,50*(B12-3),0)) -> #REF! | F12: =_xlfn.XLOOKUP(B12,梦灵属性!$F$38:$F$41,梦灵属性!$E$38:$E$41)*C12 -> #REF! | G12: =_xlfn.XLOOKUP($B12,梦灵属性!$F$38:$F$41,梦灵属性!$E$38:$E$41)*$C12 -> #REF! | I12: =OFFSET(梦灵图鉴!F$10,MATCH(A12,梦灵图鉴!$E$11:$E$61,1),0)*SUM(梦灵属性!$E$26:$J$26)+OFFSET(梦灵图鉴!H$10,MATCH(A12,梦灵图鉴!$G$11:$G$61,1),0)*SUM(梦灵属性!$E$27:$J$27)+OFFSET(梦灵图鉴!J$10,MATCH(A12,梦灵图鉴!$I$11:$I$61,1),0)*SUM(梦灵属性!$E$28:$J$28)+OFFSET(梦灵图鉴!L$10,MATCH(A12,梦灵图鉴!$K$11:$K$61,1),0)*SUM(梦灵属性!$E$29:$J$29) -> 2.616 | P12: 3 | Q12: 6 | R12: =OFFSET(梦灵属性!G$37,$P12-2,0) -> 0 | S12: =OFFSET(梦灵属性!H$37,$P12-2,0) -> 0 | T12: =OFFSET(梦灵属性!$E$37,$P12-2,0)*$Q12 -> 0.24 | U12: =OFFSET(梦灵属性!$E$37,$P12-2,0)*$Q12 -> 0.24
A13: 7 | B13: =OFFSET(梦灵本体产出!$G$6,MATCH(A13,梦灵本体产出!$I$7:$I$30,1),0) -> 5 | C13: =MATCH(A13,OFFSET(梦灵属性!#REF!,50*(B13-3),0)) -> #REF! | F13: =_xlfn.XLOOKUP(B13,梦灵属性!$F$38:$F$41,梦灵属性!$E$38:$E$41)*C13 -> #REF! | G13: =_xlfn.XLOOKUP($B13,梦灵属性!$F$38:$F$41,梦灵属性!$E$38:$E$41)*$C13 -> #REF! | I13: =OFFSET(梦灵图鉴!F$10,MATCH(A13,梦灵图鉴!$E$11:$E$61,1),0)*SUM(梦灵属性!$E$26:$J$26)+OFFSET(梦灵图鉴!H$10,MATCH(A13,梦灵图鉴!$G$11:$G$61,1),0)*SUM(梦灵属性!$E$27:$J$27)+OFFSET(梦灵图鉴!J$10,MATCH(A13,梦灵图鉴!$I$11:$I$61,1),0)*SUM(梦灵属性!$E$28:$J$28)+OFFSET(梦灵图鉴!L$10,MATCH(A13,梦灵图鉴!$K$11:$K$61,1),0)*SUM(梦灵属性!$E$29:$J$29) -> 2.616 | P13: 3 | Q13: 7 | R13: =OFFSET(梦灵属性!G$37,$P13-2,0) -> 0 | S13: =OFFSET(梦灵属性!H$37,$P13-2,0) -> 0 | T13: =OFFSET(梦灵属性!$E$37,$P13-2,0)*$Q13 -> 0.28 | U13: =OFFSET(梦灵属性!$E$37,$P13-2,0)*$Q13 -> 0.28
A14: 8 | B14: =OFFSET(梦灵本体产出!$G$6,MATCH(A14,梦灵本体产出!$I$7:$I$30,1),0) -> 6 | C14: =MATCH(A14,OFFSET(梦灵属性!#REF!,50*(B14-3),0)) -> #REF! | F14: =_xlfn.XLOOKUP(B14,梦灵属性!$F$38:$F$41,梦灵属性!$E$38:$E$41)*C14 -> #REF! | G14: =_xlfn.XLOOKUP($B14,梦灵属性!$F$38:$F$41,梦灵属性!$E$38:$E$41)*$C14 -> #REF! | I14: =OFFSET(梦灵图鉴!F$10,MATCH(A14,梦灵图鉴!$E$11:$E$61,1),0)*SUM(梦灵属性!$E$26:$J$26)+OFFSET(梦灵图鉴!H$10,MATCH(A14,梦灵图鉴!$G$11:$G$61,1),0)*SUM(梦灵属性!$E$27:$J$27)+OFFSET(梦灵图鉴!J$10,MATCH(A14,梦灵图鉴!$I$11:$I$61,1),0)*SUM(梦灵属性!$E$28:$J$28)+OFFSET(梦灵图鉴!L$10,MATCH(A14,梦灵图鉴!$K$11:$K$61,1),0)*SUM(梦灵属性!$E$29:$J$29) -> 2.718 | P14: 3 | Q14: 8 | R14: =OFFSET(梦灵属性!G$37,$P14-2,0) -> 0 | S14: =OFFSET(梦灵属性!H$37,$P14-2,0) -> 0 | T14: =OFFSET(梦灵属性!$E$37,$P14-2,0)*$Q14 -> 0.32 | U14: =OFFSET(梦灵属性!$E$37,$P14-2,0)*$Q14 -> 0.32
A15: 9 | B15: =OFFSET(梦灵本体产出!$G$6,MATCH(A15,梦灵本体产出!$I$7:$I$30,1),0) -> 6 | C15: =MATCH(A15,OFFSET(梦灵属性!#REF!,50*(B15-3),0)) -> #REF! | F15: =_xlfn.XLOOKUP(B15,梦灵属性!$F$38:$F$41,梦灵属性!$E$38:$E$41)*C15 -> #REF! | G15: =_xlfn.XLOOKUP($B15,梦灵属性!$F$38:$F$41,梦灵属性!$E$38:$E$41)*$C15 -> #REF! | I15: =OFFSET(梦灵图鉴!F$10,MATCH(A15,梦灵图鉴!$E$11:$E$61,1),0)*SUM(梦灵属性!$E$26:$J$26)+OFFSET(梦灵图鉴!H$10,MATCH(A15,梦灵图鉴!$G$11:$G$61,1),0)*SUM(梦灵属性!$E$27:$J$27)+OFFSET(梦灵图鉴!J$10,MATCH(A15,梦灵图鉴!$I$11:$I$61,1),0)*SUM(梦灵属性!$E$28:$J$28)+OFFSET(梦灵图鉴!L$10,MATCH(A15,梦灵图鉴!$K$11:$K$61,1),0)*SUM(梦灵属性!$E$29:$J$29) -> 2.802 | P15: 3 | Q15: 9 | R15: =OFFSET(梦灵属性!G$37,$P15-2,0) -> 0 | S15: =OFFSET(梦灵属性!H$37,$P15-2,0) -> 0 | T15: =OFFSET(梦灵属性!$E$37,$P15-2,0)*$Q15 -> 0.36 | U15: =OFFSET(梦灵属性!$E$37,$P15-2,0)*$Q15 -> 0.36
A16: 10 | B16: =OFFSET(梦灵本体产出!$G$6,MATCH(A16,梦灵本体产出!$I$7:$I$30,1),0) -> 6 | C16: =MATCH(A16,OFFSET(梦灵属性!#REF!,50*(B16-3),0)) -> #REF! | F16: =_xlfn.XLOOKUP(B16,梦灵属性!$F$38:$F$41,梦灵属性!$E$38:$E$41)*C16 -> #REF! | G16: =_xlfn.XLOOKUP($B16,梦灵属性!$F$38:$F$41,梦灵属性!$E$38:$E$41)*$C16 -> #REF! | I16: =OFFSET(梦灵图鉴!F$10,MATCH(A16,梦灵图鉴!$E$11:$E$61,1),0)*SUM(梦灵属性!$E$26:$J$26)+OFFSET(梦灵图鉴!H$10,MATCH(A16,梦灵图鉴!$G$11:$G$61,1),0)*SUM(梦灵属性!$E$27:$J$27)+OFFSET(梦灵图鉴!J$10,MATCH(A16,梦灵图鉴!$I$11:$I$61,1),0)*SUM(梦灵属性!$E$28:$J$28)+OFFSET(梦灵图鉴!L$10,MATCH(A16,梦灵图鉴!$K$11:$K$61,1),0)*SUM(梦灵属性!$E$29:$J$29) -> 2.874 | P16: 3 | Q16: 10 | R16: =OFFSET(梦灵属性!G$37,$P16-2,0) -> 0 | S16: =OFFSET(梦灵属性!H$37,$P16-2,0) -> 0 | T16: =OFFSET(梦灵属性!$E$37,$P16-2,0)*$Q16 -> 0.4 | U16: =OFFSET(梦灵属性!$E$37,$P16-2,0)*$Q16 -> 0.4
A17: 11 | B17: =OFFSET(梦灵本体产出!$G$6,MATCH(A17,梦灵本体产出!$I$7:$I$30,1),0) -> 6 | C17: =MATCH(A17,OFFSET(梦灵属性!#REF!,50*(B17-3),0)) -> #REF! | F17: =_xlfn.XLOOKUP(B17,梦灵属性!$F$38:$F$41,梦灵属性!$E$38:$E$41)*C17 -> #REF! | G17: =_xlfn.XLOOKUP($B17,梦灵属性!$F$38:$F$41,梦灵属性!$E$38:$E$41)*$C17 -> #REF! | I17: =OFFSET(梦灵图鉴!F$10,MATCH(A17,梦灵图鉴!$E$11:$E$61,1),0)*SUM(梦灵属性!$E$26:$J$26)+OFFSET(梦灵图鉴!H$10,MATCH(A17,梦灵图鉴!$G$11:$G$61,1),0)*SUM(梦灵属性!$E$27:$J$27)+OFFSET(梦灵图鉴!J$10,MATCH(A17,梦灵图鉴!$I$11:$I$61,1),0)*SUM(梦灵属性!$E$28:$J$28)+OFFSET(梦灵图鉴!L$10,MATCH(A17,梦灵图鉴!$K$11:$K$61,1),0)*SUM(梦灵属性!$E$29:$J$29) -> 3.072 | P17: 3 | Q17: 11 | R17: =OFFSET(梦灵属性!G$37,$P17-2,0) -> 0 | S17: =OFFSET(梦灵属性!H$37,$P17-2,0) -> 0 | T17: =OFFSET(梦灵属性!$E$37,$P17-2,0)*$Q17 -> 0.44 | U17: =OFFSET(梦灵属性!$E$37,$P17-2,0)*$Q17 -> 0.44
A18: 12 | B18: =OFFSET(梦灵本体产出!$G$6,MATCH(A18,梦灵本体产出!$I$7:$I$30,1),0) -> 6 | C18: =MATCH(A18,OFFSET(梦灵属性!#REF!,50*(B18-3),0)) -> #REF! | F18: =_xlfn.XLOOKUP(B18,梦灵属性!$F$38:$F$41,梦灵属性!$E$38:$E$41)*C18 -> #REF! | G18: =_xlfn.XLOOKUP($B18,梦灵属性!$F$38:$F$41,梦灵属性!$E$38:$E$41)*$C18 -> #REF! | I18: =OFFSET(梦灵图鉴!F$10,MATCH(A18,梦灵图鉴!$E$11:$E$61,1),0)*SUM(梦灵属性!$E$26:$J$26)+OFFSET(梦灵图鉴!H$10,MATCH(A18,梦灵图鉴!$G$11:$G$61,1),0)*SUM(梦灵属性!$E$27:$J$27)+OFFSET(梦灵图鉴!J$10,MATCH(A18,梦灵图鉴!$I$11:$I$61,1),0)*SUM(梦灵属性!$E$28:$J$28)+OFFSET(梦灵图鉴!L$10,MATCH(A18,梦灵图鉴!$K$11:$K$61,1),0)*SUM(梦灵属性!$E$29:$J$29) -> 3.252 | P18: 3 | Q18: 12 | R18: =OFFSET(梦灵属性!G$37,$P18-2,0) -> 0 | S18: =OFFSET(梦灵属性!H$37,$P18-2,0) -> 0 | T18: =OFFSET(梦灵属性!$E$37,$P18-2,0)*$Q18 -> 0.48 | U18: =OFFSET(梦灵属性!$E$37,$P18-2,0)*$Q18 -> 0.48
A19: 13 | B19: =OFFSET(梦灵本体产出!$G$6,MATCH(A19,梦灵本体产出!$I$7:$I$30,1),0) -> 6 | C19: =MATCH(A19,OFFSET(梦灵属性!#REF!,50*(B19-3),0)) -> #REF! | F19: =_xlfn.XLOOKUP(B19,梦灵属性!$F$38:$F$41,梦灵属性!$E$38:$E$41)*C19 -> #REF! | G19: =_xlfn.XLOOKUP($B19,梦灵属性!$F$38:$F$41,梦灵属性!$E$38:$E$41)*$C19 -> #REF! | I19: =OFFSET(梦灵图鉴!F$10,MATCH(A19,梦灵图鉴!$E$11:$E$61,1),0)*SUM(梦灵属性!$E$26:$J$26)+OFFSET(梦灵图鉴!H$10,MATCH(A19,梦灵图鉴!$G$11:$G$61,1),0)*SUM(梦灵属性!$E$27:$J$27)+OFFSET(梦灵图鉴!J$10,MATCH(A19,梦灵图鉴!$I$11:$I$61,1),0)*SUM(梦灵属性!$E$28:$J$28)+OFFSET(梦灵图鉴!L$10,MATCH(A19,梦灵图鉴!$K$11:$K$61,1),0)*SUM(梦灵属性!$E$29:$J$29) -> 3.822 | P19: 3 | Q19: 13 | R19: =OFFSET(梦灵属性!G$37,$P19-2,0) -> 0 | S19: =OFFSET(梦灵属性!H$37,$P19-2,0) -> 0 | T19: =OFFSET(梦灵属性!$E$37,$P19-2,0)*$Q19 -> 0.52 | U19: =OFFSET(梦灵属性!$E$37,$P19-2,0)*$Q19 -> 0.52
... A56: 50 | B56: =OFFSET(梦灵本体产出!$G$6,MATCH(A56,梦灵本体产出!$I$7:$I$30,1),0) -> 0 | C56: =MATCH(A56,OFFSET(梦灵属性!#REF!,50*(B56-3),0)) -> #REF! | F56: =_xlfn.XLOOKUP(B56,梦灵属性!$F$38:$F$41,梦灵属性!$E$38:$E$41)*C56 -> #N/A | G56: =_xlfn.XLOOKUP($B56,梦灵属性!$F$38:$F$41,梦灵属性!$E$38:$E$41)*$C56 -> #N/A | I56: =OFFSET(梦灵图鉴!F$10,MATCH(A56,梦灵图鉴!$E$11:$E$61,1),0)*SUM(梦灵属性!$E$26:$J$26)+OFFSET(梦灵图鉴!H$10,MATCH(A56,梦灵图鉴!$G$11:$G$61,1),0)*SUM(梦灵属性!$E$27:$J$27)+OFFSET(梦灵图鉴!J$10,MATCH(A56,梦灵图鉴!$I$11:$I$61,1),0)*SUM(梦灵属性!$E$28:$J$28)+OFFSET(梦灵图鉴!L$10,MATCH(A56,梦灵图鉴!$K$11:$K$61,1),0)*SUM(梦灵属性!$E$29:$J$29) -> 7.278 | P56: 3 | Q56: 50 | R56: =OFFSET(梦灵属性!G$37,$P56-2,0) -> 0 | S56: =OFFSET(梦灵属性!H$37,$P56-2,0) -> 0 | T56: =OFFSET(梦灵属性!$E$37,$P56-2,0)*$Q56 -> 2 | U56: =OFFSET(梦灵属性!$E$37,$P56-2,0)*$Q56 -> 2
A57: 51 | B57: =OFFSET(梦灵本体产出!$G$6,MATCH(A57,梦灵本体产出!$I$7:$I$30,1),0) -> 0 | C57: =MATCH(A57,OFFSET(梦灵属性!#REF!,50*(B57-3),0)) -> #REF! | F57: =_xlfn.XLOOKUP(B57,梦灵属性!$F$38:$F$41,梦灵属性!$E$38:$E$41)*C57 -> #N/A | G57: =_xlfn.XLOOKUP($B57,梦灵属性!$F$38:$F$41,梦灵属性!$E$38:$E$41)*$C57 -> #N/A | I57: =OFFSET(梦灵图鉴!F$10,MATCH(A57,梦灵图鉴!$E$11:$E$61,1),0)*SUM(梦灵属性!$E$26:$J$26)+OFFSET(梦灵图鉴!H$10,MATCH(A57,梦灵图鉴!$G$11:$G$61,1),0)*SUM(梦灵属性!$E$27:$J$27)+OFFSET(梦灵图鉴!J$10,MATCH(A57,梦灵图鉴!$I$11:$I$61,1),0)*SUM(梦灵属性!$E$28:$J$28)+OFFSET(梦灵图鉴!L$10,MATCH(A57,梦灵图鉴!$K$11:$K$61,1),0)*SUM(梦灵属性!$E$29:$J$29) -> 7.362 | P57: =P7+1 -> 4 | Q57: =Q7 -> 1 | R57: =OFFSET(梦灵属性!G$37,$P57-2,0) -> 60 | S57: =OFFSET(梦灵属性!H$37,$P57-2,0) -> 600 | T57: =OFFSET(梦灵属性!$E$37,$P57-2,0)*$Q57 -> 0.05 | U57: =OFFSET(梦灵属性!$E$37,$P57-2,0)*$Q57 -> 0.05
A58: 52 | B58: =OFFSET(梦灵本体产出!$G$6,MATCH(A58,梦灵本体产出!$I$7:$I$30,1),0) -> 0 | C58: =MATCH(A58,OFFSET(梦灵属性!#REF!,50*(B58-3),0)) -> #REF! | F58: =_xlfn.XLOOKUP(B58,梦灵属性!$F$38:$F$41,梦灵属性!$E$38:$E$41)*C58 -> #N/A | G58: =_xlfn.XLOOKUP($B58,梦灵属性!$F$38:$F$41,梦灵属性!$E$38:$E$41)*$C58 -> #N/A | I58: =OFFSET(梦灵图鉴!F$10,MATCH(A58,梦灵图鉴!$E$11:$E$61,1),0)*SUM(梦灵属性!$E$26:$J$26)+OFFSET(梦灵图鉴!H$10,MATCH(A58,梦灵图鉴!$G$11:$G$61,1),0)*SUM(梦灵属性!$E$27:$J$27)+OFFSET(梦灵图鉴!J$10,MATCH(A58,梦灵图鉴!$I$11:$I$61,1),0)*SUM(梦灵属性!$E$28:$J$28)+OFFSET(梦灵图鉴!L$10,MATCH(A58,梦灵图鉴!$K$11:$K$61,1),0)*SUM(梦灵属性!$E$29:$J$29) -> 7.458 | P58: =P8+1 -> 4 | Q58: =Q8 -> 2 | R58: =OFFSET(梦灵属性!G$37,$P58-2,0) -> 60 | S58: =OFFSET(梦灵属性!H$37,$P58-2,0) -> 600 | T58: =OFFSET(梦灵属性!$E$37,$P58-2,0)*$Q58 -> 0.1 | U58: =OFFSET(梦灵属性!$E$37,$P58-2,0)*$Q58 -> 0.1
A59: 53 | B59: =OFFSET(梦灵本体产出!$G$6,MATCH(A59,梦灵本体产出!$I$7:$I$30,1),0) -> 0 | C59: =MATCH(A59,OFFSET(梦灵属性!#REF!,50*(B59-3),0)) -> #REF! | F59: =_xlfn.XLOOKUP(B59,梦灵属性!$F$38:$F$41,梦灵属性!$E$38:$E$41)*C59 -> #N/A | G59: =_xlfn.XLOOKUP($B59,梦灵属性!$F$38:$F$41,梦灵属性!$E$38:$E$41)*$C59 -> #N/A | I59: =OFFSET(梦灵图鉴!F$10,MATCH(A59,梦灵图鉴!$E$11:$E$61,1),0)*SUM(梦灵属性!$E$26:$J$26)+OFFSET(梦灵图鉴!H$10,MATCH(A59,梦灵图鉴!$G$11:$G$61,1),0)*SUM(梦灵属性!$E$27:$J$27)+OFFSET(梦灵图鉴!J$10,MATCH(A59,梦灵图鉴!$I$11:$I$61,1),0)*SUM(梦灵属性!$E$28:$J$28)+OFFSET(梦灵图鉴!L$10,MATCH(A59,梦灵图鉴!$K$11:$K$61,1),0)*SUM(梦灵属性!$E$29:$J$29) -> 7.53 | P59: =P9+1 -> 4 | Q59: =Q9 -> 3 | R59: =OFFSET(梦灵属性!G$37,$P59-2,0) -> 60 | S59: =OFFSET(梦灵属性!H$37,$P59-2,0) -> 600 | T59: =OFFSET(梦灵属性!$E$37,$P59-2,0)*$Q59 -> 0.15 | U59: =OFFSET(梦灵属性!$E$37,$P59-2,0)*$Q59 -> 0.15
A60: 54 | B60: =OFFSET(梦灵本体产出!$G$6,MATCH(A60,梦灵本体产出!$I$7:$I$30,1),0) -> 0 | C60: =MATCH(A60,OFFSET(梦灵属性!#REF!,50*(B60-3),0)) -> #REF! | F60: =_xlfn.XLOOKUP(B60,梦灵属性!$F$38:$F$41,梦灵属性!$E$38:$E$41)*C60 -> #N/A | G60: =_xlfn.XLOOKUP($B60,梦灵属性!$F$38:$F$41,梦灵属性!$E$38:$E$41)*$C60 -> #N/A | I60: =OFFSET(梦灵图鉴!F$10,MATCH(A60,梦灵图鉴!$E$11:$E$61,1),0)*SUM(梦灵属性!$E$26:$J$26)+OFFSET(梦灵图鉴!H$10,MATCH(A60,梦灵图鉴!$G$11:$G$61,1),0)*SUM(梦灵属性!$E$27:$J$27)+OFFSET(梦灵图鉴!J$10,MATCH(A60,梦灵图鉴!$I$11:$I$61,1),0)*SUM(梦灵属性!$E$28:$J$28)+OFFSET(梦灵图鉴!L$10,MATCH(A60,梦灵图鉴!$K$11:$K$61,1),0)*SUM(梦灵属性!$E$29:$J$29) -> 7.53 | P60: =P10+1 -> 4 | Q60: =Q10 -> 4 | R60: =OFFSET(梦灵属性!G$37,$P60-2,0) -> 60 | S60: =OFFSET(梦灵属性!H$37,$P60-2,0) -> 600 | T60: =OFFSET(梦灵属性!$E$37,$P60-2,0)*$Q60 -> 0.2 | U60: =OFFSET(梦灵属性!$E$37,$P60-2,0)*$Q60 -> 0.2
A61: 55 | B61: =OFFSET(梦灵本体产出!$G$6,MATCH(A61,梦灵本体产出!$I$7:$I$30,1),0) -> 0 | C61: =MATCH(A61,OFFSET(梦灵属性!#REF!,50*(B61-3),0)) -> #REF! | F61: =_xlfn.XLOOKUP(B61,梦灵属性!$F$38:$F$41,梦灵属性!$E$38:$E$41)*C61 -> #N/A | G61: =_xlfn.XLOOKUP($B61,梦灵属性!$F$38:$F$41,梦灵属性!$E$38:$E$41)*$C61 -> #N/A | I61: =OFFSET(梦灵图鉴!F$10,MATCH(A61,梦灵图鉴!$E$11:$E$61,1),0)*SUM(梦灵属性!$E$26:$J$26)+OFFSET(梦灵图鉴!H$10,MATCH(A61,梦灵图鉴!$G$11:$G$61,1),0)*SUM(梦灵属性!$E$27:$J$27)+OFFSET(梦灵图鉴!J$10,MATCH(A61,梦灵图鉴!$I$11:$I$61,1),0)*SUM(梦灵属性!$E$28:$J$28)+OFFSET(梦灵图鉴!L$10,MATCH(A61,梦灵图鉴!$K$11:$K$61,1),0)*SUM(梦灵属性!$E$29:$J$29) -> 7.626 | P61: =P11+1 -> 4 | Q61: =Q11 -> 5 | R61: =OFFSET(梦灵属性!G$37,$P61-2,0) -> 60 | S61: =OFFSET(梦灵属性!H$37,$P61-2,0) -> 600 | T61: =OFFSET(梦灵属性!$E$37,$P61-2,0)*$Q61 -> 0.25 | U61: =OFFSET(梦灵属性!$E$37,$P61-2,0)*$Q61 -> 0.25
A62: 56 | B62: =OFFSET(梦灵本体产出!$G$6,MATCH(A62,梦灵本体产出!$I$7:$I$30,1),0) -> 0 | C62: =MATCH(A62,OFFSET(梦灵属性!#REF!,50*(B62-3),0)) -> #REF! | F62: =_xlfn.XLOOKUP(B62,梦灵属性!$F$38:$F$41,梦灵属性!$E$38:$E$41)*C62 -> #N/A | G62: =_xlfn.XLOOKUP($B62,梦灵属性!$F$38:$F$41,梦灵属性!$E$38:$E$41)*$C62 -> #N/A | I62: =OFFSET(梦灵图鉴!F$10,MATCH(A62,梦灵图鉴!$E$11:$E$61,1),0)*SUM(梦灵属性!$E$26:$J$26)+OFFSET(梦灵图鉴!H$10,MATCH(A62,梦灵图鉴!$G$11:$G$61,1),0)*SUM(梦灵属性!$E$27:$J$27)+OFFSET(梦灵图鉴!J$10,MATCH(A62,梦灵图鉴!$I$11:$I$61,1),0)*SUM(梦灵属性!$E$28:$J$28)+OFFSET(梦灵图鉴!L$10,MATCH(A62,梦灵图鉴!$K$11:$K$61,1),0)*SUM(梦灵属性!$E$29:$J$29) -> 7.74 | P62: =P12+1 -> 4 | Q62: =Q12 -> 6 | R62: =OFFSET(梦灵属性!G$37,$P62-2,0) -> 60 | S62: =OFFSET(梦灵属性!H$37,$P62-2,0) -> 600 | T62: =OFFSET(梦灵属性!$E$37,$P62-2,0)*$Q62 -> 0.3 | U62: =OFFSET(梦灵属性!$E$37,$P62-2,0)*$Q62 -> 0.3
A63: 57 | B63: =OFFSET(梦灵本体产出!$G$6,MATCH(A63,梦灵本体产出!$I$7:$I$30,1),0) -> 0 | C63: =MATCH(A63,OFFSET(梦灵属性!#REF!,50*(B63-3),0)) -> #REF! | F63: =_xlfn.XLOOKUP(B63,梦灵属性!$F$38:$F$41,梦灵属性!$E$38:$E$41)*C63 -> #N/A | G63: =_xlfn.XLOOKUP($B63,梦灵属性!$F$38:$F$41,梦灵属性!$E$38:$E$41)*$C63 -> #N/A | I63: =OFFSET(梦灵图鉴!F$10,MATCH(A63,梦灵图鉴!$E$11:$E$61,1),0)*SUM(梦灵属性!$E$26:$J$26)+OFFSET(梦灵图鉴!H$10,MATCH(A63,梦灵图鉴!$G$11:$G$61,1),0)*SUM(梦灵属性!$E$27:$J$27)+OFFSET(梦灵图鉴!J$10,MATCH(A63,梦灵图鉴!$I$11:$I$61,1),0)*SUM(梦灵属性!$E$28:$J$28)+OFFSET(梦灵图鉴!L$10,MATCH(A63,梦灵图鉴!$K$11:$K$61,1),0)*SUM(梦灵属性!$E$29:$J$29) -> 7.74 | P63: =P13+1 -> 4 | Q63: =Q13 -> 7 | R63: =OFFSET(梦灵属性!G$37,$P63-2,0) -> 60 | S63: =OFFSET(梦灵属性!H$37,$P63-2,0) -> 600 | T63: =OFFSET(梦灵属性!$E$37,$P63-2,0)*$Q63 -> 0.35 | U63: =OFFSET(梦灵属性!$E$37,$P63-2,0)*$Q63 -> 0.35
A64: 58 | B64: =OFFSET(梦灵本体产出!$G$6,MATCH(A64,梦灵本体产出!$I$7:$I$30,1),0) -> 0 | C64: =MATCH(A64,OFFSET(梦灵属性!#REF!,50*(B64-3),0)) -> #REF! | F64: =_xlfn.XLOOKUP(B64,梦灵属性!$F$38:$F$41,梦灵属性!$E$38:$E$41)*C64 -> #N/A | G64: =_xlfn.XLOOKUP($B64,梦灵属性!$F$38:$F$41,梦灵属性!$E$38:$E$41)*$C64 -> #N/A | I64: =OFFSET(梦灵图鉴!F$10,MATCH(A64,梦灵图鉴!$E$11:$E$61,1),0)*SUM(梦灵属性!$E$26:$J$26)+OFFSET(梦灵图鉴!H$10,MATCH(A64,梦灵图鉴!$G$11:$G$61,1),0)*SUM(梦灵属性!$E$27:$J$27)+OFFSET(梦灵图鉴!J$10,MATCH(A64,梦灵图鉴!$I$11:$I$61,1),0)*SUM(梦灵属性!$E$28:$J$28)+OFFSET(梦灵图鉴!L$10,MATCH(A64,梦灵图鉴!$K$11:$K$61,1),0)*SUM(梦灵属性!$E$29:$J$29) -> 7.836 | P64: =P14+1 -> 4 | Q64: =Q14 -> 8 | R64: =OFFSET(梦灵属性!G$37,$P64-2,0) -> 60 | S64: =OFFSET(梦灵属性!H$37,$P64-2,0) -> 600 | T64: =OFFSET(梦灵属性!$E$37,$P64-2,0)*$Q64 -> 0.4 | U64: =OFFSET(梦灵属性!$E$37,$P64-2,0)*$Q64 -> 0.4
A65: 59 | B65: =OFFSET(梦灵本体产出!$G$6,MATCH(A65,梦灵本体产出!$I$7:$I$30,1),0) -> 0 | C65: =MATCH(A65,OFFSET(梦灵属性!#REF!,50*(B65-3),0)) -> #REF! | F65: =_xlfn.XLOOKUP(B65,梦灵属性!$F$38:$F$41,梦灵属性!$E$38:$E$41)*C65 -> #N/A | G65: =_xlfn.XLOOKUP($B65,梦灵属性!$F$38:$F$41,梦灵属性!$E$38:$E$41)*$C65 -> #N/A | I65: =OFFSET(梦灵图鉴!F$10,MATCH(A65,梦灵图鉴!$E$11:$E$61,1),0)*SUM(梦灵属性!$E$26:$J$26)+OFFSET(梦灵图鉴!H$10,MATCH(A65,梦灵图鉴!$G$11:$G$61,1),0)*SUM(梦灵属性!$E$27:$J$27)+OFFSET(梦灵图鉴!J$10,MATCH(A65,梦灵图鉴!$I$11:$I$61,1),0)*SUM(梦灵属性!$E$28:$J$28)+OFFSET(梦灵图鉴!L$10,MATCH(A65,梦灵图鉴!$K$11:$K$61,1),0)*SUM(梦灵属性!$E$29:$J$29) -> 7.836 | P65: =P15+1 -> 4 | Q65: =Q15 -> 9 | R65: =OFFSET(梦灵属性!G$37,$P65-2,0) -> 60 | S65: =OFFSET(梦灵属性!H$37,$P65-2,0) -> 600 | T65: =OFFSET(梦灵属性!$E$37,$P65-2,0)*$Q65 -> 0.45 | U65: =OFFSET(梦灵属性!$E$37,$P65-2,0)*$Q65 -> 0.45
A66: 60 | B66: =OFFSET(梦灵本体产出!$G$6,MATCH(A66,梦灵本体产出!$I$7:$I$30,1),0) -> 0 | C66: =MATCH(A66,OFFSET(梦灵属性!#REF!,50*(B66-3),0)) -> #REF! | F66: =_xlfn.XLOOKUP(B66,梦灵属性!$F$38:$F$41,梦灵属性!$E$38:$E$41)*C66 -> #N/A | G66: =_xlfn.XLOOKUP($B66,梦灵属性!$F$38:$F$41,梦灵属性!$E$38:$E$41)*$C66 -> #N/A | I66: =OFFSET(梦灵图鉴!F$10,MATCH(A66,梦灵图鉴!$E$11:$E$61,1),0)*SUM(梦灵属性!$E$26:$J$26)+OFFSET(梦灵图鉴!H$10,MATCH(A66,梦灵图鉴!$G$11:$G$61,1),0)*SUM(梦灵属性!$E$27:$J$27)+OFFSET(梦灵图鉴!J$10,MATCH(A66,梦灵图鉴!$I$11:$I$61,1),0)*SUM(梦灵属性!$E$28:$J$28)+OFFSET(梦灵图鉴!L$10,MATCH(A66,梦灵图鉴!$K$11:$K$61,1),0)*SUM(梦灵属性!$E$29:$J$29) -> 14.1 | P66: =P16+1 -> 4 | Q66: =Q16 -> 10 | R66: =OFFSET(梦灵属性!G$37,$P66-2,0) -> 60 | S66: =OFFSET(梦灵属性!H$37,$P66-2,0) -> 600 | T66: =OFFSET(梦灵属性!$E$37,$P66-2,0)*$Q66 -> 0.5 | U66: =OFFSET(梦灵属性!$E$37,$P66-2,0)*$Q66 -> 0.5
A67: 61 | B67: =OFFSET(梦灵本体产出!$G$6,MATCH(A67,梦灵本体产出!$I$7:$I$30,1),0) -> 0 | C67: =MATCH(A67,OFFSET(梦灵属性!#REF!,50*(B67-3),0)) -> #REF! | F67: =_xlfn.XLOOKUP(B67,梦灵属性!$F$38:$F$41,梦灵属性!$E$38:$E$41)*C67 -> #N/A | G67: =_xlfn.XLOOKUP($B67,梦灵属性!$F$38:$F$41,梦灵属性!$E$38:$E$41)*$C67 -> #N/A | I67: =OFFSET(梦灵图鉴!F$10,MATCH(A67,梦灵图鉴!$E$11:$E$61,1),0)*SUM(梦灵属性!$E$26:$J$26)+OFFSET(梦灵图鉴!H$10,MATCH(A67,梦灵图鉴!$G$11:$G$61,1),0)*SUM(梦灵属性!$E$27:$J$27)+OFFSET(梦灵图鉴!J$10,MATCH(A67,梦灵图鉴!$I$11:$I$61,1),0)*SUM(梦灵属性!$E$28:$J$28)+OFFSET(梦灵图鉴!L$10,MATCH(A67,梦灵图鉴!$K$11:$K$61,1),0)*SUM(梦灵属性!$E$29:$J$29) -> 14.1 | P67: =P17+1 -> 4 | Q67: =Q17 -> 11 | R67: =OFFSET(梦灵属性!G$37,$P67-2,0) -> 60 | S67: =OFFSET(梦灵属性!H$37,$P67-2,0) -> 600 | T67: =OFFSET(梦灵属性!$E$37,$P67-2,0)*$Q67 -> 0.55 | U67: =OFFSET(梦灵属性!$E$37,$P67-2,0)*$Q67 -> 0.55
A68: 62 | B68: =OFFSET(梦灵本体产出!$G$6,MATCH(A68,梦灵本体产出!$I$7:$I$30,1),0) -> 0 | C68: =MATCH(A68,OFFSET(梦灵属性!#REF!,50*(B68-3),0)) -> #REF! | F68: =_xlfn.XLOOKUP(B68,梦灵属性!$F$38:$F$41,梦灵属性!$E$38:$E$41)*C68 -> #N/A | G68: =_xlfn.XLOOKUP($B68,梦灵属性!$F$38:$F$41,梦灵属性!$E$38:$E$41)*$C68 -> #N/A | I68: =OFFSET(梦灵图鉴!F$10,MATCH(A68,梦灵图鉴!$E$11:$E$61,1),0)*SUM(梦灵属性!$E$26:$J$26)+OFFSET(梦灵图鉴!H$10,MATCH(A68,梦灵图鉴!$G$11:$G$61,1),0)*SUM(梦灵属性!$E$27:$J$27)+OFFSET(梦灵图鉴!J$10,MATCH(A68,梦灵图鉴!$I$11:$I$61,1),0)*SUM(梦灵属性!$E$28:$J$28)+OFFSET(梦灵图鉴!L$10,MATCH(A68,梦灵图鉴!$K$11:$K$61,1),0)*SUM(梦灵属性!$E$29:$J$29) -> 14.1 | P68: =P18+1 -> 4 | Q68: =Q18 -> 12 | R68: =OFFSET(梦灵属性!G$37,$P68-2,0) -> 60 | S68: =OFFSET(梦灵属性!H$37,$P68-2,0) -> 600 | T68: =OFFSET(梦灵属性!$E$37,$P68-2,0)*$Q68 -> 0.6 | U68: =OFFSET(梦灵属性!$E$37,$P68-2,0)*$Q68 -> 0.6
... A206: 200 | B206: =OFFSET(梦灵本体产出!$G$6,MATCH(A206,梦灵本体产出!$I$7:$I$30,1),0) -> 0 | C206: =MATCH(A206,OFFSET(梦灵属性!#REF!,50*(B206-3),0)) -> #REF! | F206: =_xlfn.XLOOKUP(B206,梦灵属性!$F$38:$F$41,梦灵属性!$E$38:$E$41)*C206 -> #N/A | G206: =_xlfn.XLOOKUP($B206,梦灵属性!$F$38:$F$41,梦灵属性!$E$38:$E$41)*$C206 -> #N/A | I206: =OFFSET(梦灵图鉴!F$10,MATCH(A206,梦灵图鉴!$E$11:$E$61,1),0)*SUM(梦灵属性!$E$26:$J$26)+OFFSET(梦灵图鉴!H$10,MATCH(A206,梦灵图鉴!$G$11:$G$61,1),0)*SUM(梦灵属性!$E$27:$J$27)+OFFSET(梦灵图鉴!J$10,MATCH(A206,梦灵图鉴!$I$11:$I$61,1),0)*SUM(梦灵属性!$E$28:$J$28)+OFFSET(梦灵图鉴!L$10,MATCH(A206,梦灵图鉴!$K$11:$K$61,1),0)*SUM(梦灵属性!$E$29:$J$29) -> 14.1 | P206: =P156+1 -> 6 | Q206: =Q156 -> 50 | R206: =OFFSET(梦灵属性!G$37,$P206-2,0) -> 180 | S206: =OFFSET(梦灵属性!H$37,$P206-2,0) -> 1800 | T206: =OFFSET(梦灵属性!$E$37,$P206-2,0)*$Q206 -> 5 | U206: =OFFSET(梦灵属性!$E$37,$P206-2,0)*$Q206 -> 5
A207: 201 | B207: =OFFSET(梦灵本体产出!$G$6,MATCH(A207,梦灵本体产出!$I$7:$I$30,1),0) -> 0 | C207: =MATCH(A207,OFFSET(梦灵属性!#REF!,50*(B207-3),0)) -> #REF! | F207: =_xlfn.XLOOKUP(B207,梦灵属性!$F$38:$F$41,梦灵属性!$E$38:$E$41)*C207 -> #N/A | G207: =_xlfn.XLOOKUP($B207,梦灵属性!$F$38:$F$41,梦灵属性!$E$38:$E$41)*$C207 -> #N/A | I207: =OFFSET(梦灵图鉴!F$10,MATCH(A207,梦灵图鉴!$E$11:$E$61,1),0)*SUM(梦灵属性!$E$26:$J$26)+OFFSET(梦灵图鉴!H$10,MATCH(A207,梦灵图鉴!$G$11:$G$61,1),0)*SUM(梦灵属性!$E$27:$J$27)+OFFSET(梦灵图鉴!J$10,MATCH(A207,梦灵图鉴!$I$11:$I$61,1),0)*SUM(梦灵属性!$E$28:$J$28)+OFFSET(梦灵图鉴!L$10,MATCH(A207,梦灵图鉴!$K$11:$K$61,1),0)*SUM(梦灵属性!$E$29:$J$29) -> 14.1
A208: 202 | B208: =OFFSET(梦灵本体产出!$G$6,MATCH(A208,梦灵本体产出!$I$7:$I$30,1),0) -> 0 | C208: =MATCH(A208,OFFSET(梦灵属性!#REF!,50*(B208-3),0)) -> #REF! | F208: =_xlfn.XLOOKUP(B208,梦灵属性!$F$38:$F$41,梦灵属性!$E$38:$E$41)*C208 -> #N/A | G208: =_xlfn.XLOOKUP($B208,梦灵属性!$F$38:$F$41,梦灵属性!$E$38:$E$41)*$C208 -> #N/A | I208: =OFFSET(梦灵图鉴!F$10,MATCH(A208,梦灵图鉴!$E$11:$E$61,1),0)*SUM(梦灵属性!$E$26:$J$26)+OFFSET(梦灵图鉴!H$10,MATCH(A208,梦灵图鉴!$G$11:$G$61,1),0)*SUM(梦灵属性!$E$27:$J$27)+OFFSET(梦灵图鉴!J$10,MATCH(A208,梦灵图鉴!$I$11:$I$61,1),0)*SUM(梦灵属性!$E$28:$J$28)+OFFSET(梦灵图鉴!L$10,MATCH(A208,梦灵图鉴!$K$11:$K$61,1),0)*SUM(梦灵属性!$E$29:$J$29) -> 14.1
A209: 203 | B209: =OFFSET(梦灵本体产出!$G$6,MATCH(A209,梦灵本体产出!$I$7:$I$30,1),0) -> 0 | C209: =MATCH(A209,OFFSET(梦灵属性!#REF!,50*(B209-3),0)) -> #REF! | F209: =_xlfn.XLOOKUP(B209,梦灵属性!$F$38:$F$41,梦灵属性!$E$38:$E$41)*C209 -> #N/A | G209: =_xlfn.XLOOKUP($B209,梦灵属性!$F$38:$F$41,梦灵属性!$E$38:$E$41)*$C209 -> #N/A | I209: =OFFSET(梦灵图鉴!F$10,MATCH(A209,梦灵图鉴!$E$11:$E$61,1),0)*SUM(梦灵属性!$E$26:$J$26)+OFFSET(梦灵图鉴!H$10,MATCH(A209,梦灵图鉴!$G$11:$G$61,1),0)*SUM(梦灵属性!$E$27:$J$27)+OFFSET(梦灵图鉴!J$10,MATCH(A209,梦灵图鉴!$I$11:$I$61,1),0)*SUM(梦灵属性!$E$28:$J$28)+OFFSET(梦灵图鉴!L$10,MATCH(A209,梦灵图鉴!$K$11:$K$61,1),0)*SUM(梦灵属性!$E$29:$J$29) -> 14.1
A210: 204 | B210: =OFFSET(梦灵本体产出!$G$6,MATCH(A210,梦灵本体产出!$I$7:$I$30,1),0) -> 0 | C210: =MATCH(A210,OFFSET(梦灵属性!#REF!,50*(B210-3),0)) -> #REF! | F210: =_xlfn.XLOOKUP(B210,梦灵属性!$F$38:$F$41,梦灵属性!$E$38:$E$41)*C210 -> #N/A | G210: =_xlfn.XLOOKUP($B210,梦灵属性!$F$38:$F$41,梦灵属性!$E$38:$E$41)*$C210 -> #N/A | I210: =OFFSET(梦灵图鉴!F$10,MATCH(A210,梦灵图鉴!$E$11:$E$61,1),0)*SUM(梦灵属性!$E$26:$J$26)+OFFSET(梦灵图鉴!H$10,MATCH(A210,梦灵图鉴!$G$11:$G$61,1),0)*SUM(梦灵属性!$E$27:$J$27)+OFFSET(梦灵图鉴!J$10,MATCH(A210,梦灵图鉴!$I$11:$I$61,1),0)*SUM(梦灵属性!$E$28:$J$28)+OFFSET(梦灵图鉴!L$10,MATCH(A210,梦灵图鉴!$K$11:$K$61,1),0)*SUM(梦灵属性!$E$29:$J$29) -> 14.1
A211: 205 | B211: =OFFSET(梦灵本体产出!$G$6,MATCH(A211,梦灵本体产出!$I$7:$I$30,1),0) -> 0 | C211: =MATCH(A211,OFFSET(梦灵属性!#REF!,50*(B211-3),0)) -> #REF! | F211: =_xlfn.XLOOKUP(B211,梦灵属性!$F$38:$F$41,梦灵属性!$E$38:$E$41)*C211 -> #N/A | G211: =_xlfn.XLOOKUP($B211,梦灵属性!$F$38:$F$41,梦灵属性!$E$38:$E$41)*$C211 -> #N/A | I211: =OFFSET(梦灵图鉴!F$10,MATCH(A211,梦灵图鉴!$E$11:$E$61,1),0)*SUM(梦灵属性!$E$26:$J$26)+OFFSET(梦灵图鉴!H$10,MATCH(A211,梦灵图鉴!$G$11:$G$61,1),0)*SUM(梦灵属性!$E$27:$J$27)+OFFSET(梦灵图鉴!J$10,MATCH(A211,梦灵图鉴!$I$11:$I$61,1),0)*SUM(梦灵属性!$E$28:$J$28)+OFFSET(梦灵图鉴!L$10,MATCH(A211,梦灵图鉴!$K$11:$K$61,1),0)*SUM(梦灵属性!$E$29:$J$29) -> 14.1
A212: 206 | B212: =OFFSET(梦灵本体产出!$G$6,MATCH(A212,梦灵本体产出!$I$7:$I$30,1),0) -> 0 | C212: =MATCH(A212,OFFSET(梦灵属性!#REF!,50*(B212-3),0)) -> #REF! | F212: =_xlfn.XLOOKUP(B212,梦灵属性!$F$38:$F$41,梦灵属性!$E$38:$E$41)*C212 -> #N/A | G212: =_xlfn.XLOOKUP($B212,梦灵属性!$F$38:$F$41,梦灵属性!$E$38:$E$41)*$C212 -> #N/A | I212: =OFFSET(梦灵图鉴!F$10,MATCH(A212,梦灵图鉴!$E$11:$E$61,1),0)*SUM(梦灵属性!$E$26:$J$26)+OFFSET(梦灵图鉴!H$10,MATCH(A212,梦灵图鉴!$G$11:$G$61,1),0)*SUM(梦灵属性!$E$27:$J$27)+OFFSET(梦灵图鉴!J$10,MATCH(A212,梦灵图鉴!$I$11:$I$61,1),0)*SUM(梦灵属性!$E$28:$J$28)+OFFSET(梦灵图鉴!L$10,MATCH(A212,梦灵图鉴!$K$11:$K$61,1),0)*SUM(梦灵属性!$E$29:$J$29) -> 14.1
A213: 207 | B213: =OFFSET(梦灵本体产出!$G$6,MATCH(A213,梦灵本体产出!$I$7:$I$30,1),0) -> 0 | C213: =MATCH(A213,OFFSET(梦灵属性!#REF!,50*(B213-3),0)) -> #REF! | F213: =_xlfn.XLOOKUP(B213,梦灵属性!$F$38:$F$41,梦灵属性!$E$38:$E$41)*C213 -> #N/A | G213: =_xlfn.XLOOKUP($B213,梦灵属性!$F$38:$F$41,梦灵属性!$E$38:$E$41)*$C213 -> #N/A | I213: =OFFSET(梦灵图鉴!F$10,MATCH(A213,梦灵图鉴!$E$11:$E$61,1),0)*SUM(梦灵属性!$E$26:$J$26)+OFFSET(梦灵图鉴!H$10,MATCH(A213,梦灵图鉴!$G$11:$G$61,1),0)*SUM(梦灵属性!$E$27:$J$27)+OFFSET(梦灵图鉴!J$10,MATCH(A213,梦灵图鉴!$I$11:$I$61,1),0)*SUM(梦灵属性!$E$28:$J$28)+OFFSET(梦灵图鉴!L$10,MATCH(A213,梦灵图鉴!$K$11:$K$61,1),0)*SUM(梦灵属性!$E$29:$J$29) -> 14.1
A214: 208 | B214: =OFFSET(梦灵本体产出!$G$6,MATCH(A214,梦灵本体产出!$I$7:$I$30,1),0) -> 0 | C214: =MATCH(A214,OFFSET(梦灵属性!#REF!,50*(B214-3),0)) -> #REF! | F214: =_xlfn.XLOOKUP(B214,梦灵属性!$F$38:$F$41,梦灵属性!$E$38:$E$41)*C214 -> #N/A | G214: =_xlfn.XLOOKUP($B214,梦灵属性!$F$38:$F$41,梦灵属性!$E$38:$E$41)*$C214 -> #N/A | I214: =OFFSET(梦灵图鉴!F$10,MATCH(A214,梦灵图鉴!$E$11:$E$61,1),0)*SUM(梦灵属性!$E$26:$J$26)+OFFSET(梦灵图鉴!H$10,MATCH(A214,梦灵图鉴!$G$11:$G$61,1),0)*SUM(梦灵属性!$E$27:$J$27)+OFFSET(梦灵图鉴!J$10,MATCH(A214,梦灵图鉴!$I$11:$I$61,1),0)*SUM(梦灵属性!$E$28:$J$28)+OFFSET(梦灵图鉴!L$10,MATCH(A214,梦灵图鉴!$K$11:$K$61,1),0)*SUM(梦灵属性!$E$29:$J$29) -> 14.1
A215: 209 | B215: =OFFSET(梦灵本体产出!$G$6,MATCH(A215,梦灵本体产出!$I$7:$I$30,1),0) -> 0 | C215: =MATCH(A215,OFFSET(梦灵属性!#REF!,50*(B215-3),0)) -> #REF! | F215: =_xlfn.XLOOKUP(B215,梦灵属性!$F$38:$F$41,梦灵属性!$E$38:$E$41)*C215 -> #N/A | G215: =_xlfn.XLOOKUP($B215,梦灵属性!$F$38:$F$41,梦灵属性!$E$38:$E$41)*$C215 -> #N/A | I215: =OFFSET(梦灵图鉴!F$10,MATCH(A215,梦灵图鉴!$E$11:$E$61,1),0)*SUM(梦灵属性!$E$26:$J$26)+OFFSET(梦灵图鉴!H$10,MATCH(A215,梦灵图鉴!$G$11:$G$61,1),0)*SUM(梦灵属性!$E$27:$J$27)+OFFSET(梦灵图鉴!J$10,MATCH(A215,梦灵图鉴!$I$11:$I$61,1),0)*SUM(梦灵属性!$E$28:$J$28)+OFFSET(梦灵图鉴!L$10,MATCH(A215,梦灵图鉴!$K$11:$K$61,1),0)*SUM(梦灵属性!$E$29:$J$29) -> 14.1
A216: 210 | B216: =OFFSET(梦灵本体产出!$G$6,MATCH(A216,梦灵本体产出!$I$7:$I$30,1),0) -> 0 | C216: =MATCH(A216,OFFSET(梦灵属性!#REF!,50*(B216-3),0)) -> #REF! | F216: =_xlfn.XLOOKUP(B216,梦灵属性!$F$38:$F$41,梦灵属性!$E$38:$E$41)*C216 -> #N/A | G216: =_xlfn.XLOOKUP($B216,梦灵属性!$F$38:$F$41,梦灵属性!$E$38:$E$41)*$C216 -> #N/A | I216: =OFFSET(梦灵图鉴!F$10,MATCH(A216,梦灵图鉴!$E$11:$E$61,1),0)*SUM(梦灵属性!$E$26:$J$26)+OFFSET(梦灵图鉴!H$10,MATCH(A216,梦灵图鉴!$G$11:$G$61,1),0)*SUM(梦灵属性!$E$27:$J$27)+OFFSET(梦灵图鉴!J$10,MATCH(A216,梦灵图鉴!$I$11:$I$61,1),0)*SUM(梦灵属性!$E$28:$J$28)+OFFSET(梦灵图鉴!L$10,MATCH(A216,梦灵图鉴!$K$11:$K$61,1),0)*SUM(梦灵属性!$E$29:$J$29) -> 14.1
A217: 211 | B217: =OFFSET(梦灵本体产出!$G$6,MATCH(A217,梦灵本体产出!$I$7:$I$30,1),0) -> 0 | C217: =MATCH(A217,OFFSET(梦灵属性!#REF!,50*(B217-3),0)) -> #REF! | F217: =_xlfn.XLOOKUP(B217,梦灵属性!$F$38:$F$41,梦灵属性!$E$38:$E$41)*C217 -> #N/A | G217: =_xlfn.XLOOKUP($B217,梦灵属性!$F$38:$F$41,梦灵属性!$E$38:$E$41)*$C217 -> #N/A | I217: =OFFSET(梦灵图鉴!F$10,MATCH(A217,梦灵图鉴!$E$11:$E$61,1),0)*SUM(梦灵属性!$E$26:$J$26)+OFFSET(梦灵图鉴!H$10,MATCH(A217,梦灵图鉴!$G$11:$G$61,1),0)*SUM(梦灵属性!$E$27:$J$27)+OFFSET(梦灵图鉴!J$10,MATCH(A217,梦灵图鉴!$I$11:$I$61,1),0)*SUM(梦灵属性!$E$28:$J$28)+OFFSET(梦灵图鉴!L$10,MATCH(A217,梦灵图鉴!$K$11:$K$61,1),0)*SUM(梦灵属性!$E$29:$J$29) -> 14.1
A218: 212 | B218: =OFFSET(梦灵本体产出!$G$6,MATCH(A218,梦灵本体产出!$I$7:$I$30,1),0) -> 0 | C218: =MATCH(A218,OFFSET(梦灵属性!#REF!,50*(B218-3),0)) -> #REF! | F218: =_xlfn.XLOOKUP(B218,梦灵属性!$F$38:$F$41,梦灵属性!$E$38:$E$41)*C218 -> #N/A | G218: =_xlfn.XLOOKUP($B218,梦灵属性!$F$38:$F$41,梦灵属性!$E$38:$E$41)*$C218 -> #N/A | I218: =OFFSET(梦灵图鉴!F$10,MATCH(A218,梦灵图鉴!$E$11:$E$61,1),0)*SUM(梦灵属性!$E$26:$J$26)+OFFSET(梦灵图鉴!H$10,MATCH(A218,梦灵图鉴!$G$11:$G$61,1),0)*SUM(梦灵属性!$E$27:$J$27)+OFFSET(梦灵图鉴!J$10,MATCH(A218,梦灵图鉴!$I$11:$I$61,1),0)*SUM(梦灵属性!$E$28:$J$28)+OFFSET(梦灵图鉴!L$10,MATCH(A218,梦灵图鉴!$K$11:$K$61,1),0)*SUM(梦灵属性!$E$29:$J$29) -> 14.1
... A366: 360 | B366: =OFFSET(梦灵本体产出!$G$6,MATCH(A366,梦灵本体产出!$I$7:$I$30,1),0) -> 0 | C366: =MATCH(A366,OFFSET(梦灵属性!#REF!,50*(B366-3),0)) -> #REF! | F366: =_xlfn.XLOOKUP(B366,梦灵属性!$F$38:$F$41,梦灵属性!$E$38:$E$41)*C366 -> #N/A | G366: =_xlfn.XLOOKUP($B366,梦灵属性!$F$38:$F$41,梦灵属性!$E$38:$E$41)*$C366 -> #N/A | I366: =OFFSET(梦灵图鉴!F$10,MATCH(A366,梦灵图鉴!$E$11:$E$61,1),0)*SUM(梦灵属性!$E$26:$J$26)+OFFSET(梦灵图鉴!H$10,MATCH(A366,梦灵图鉴!$G$11:$G$61,1),0)*SUM(梦灵属性!$E$27:$J$27)+OFFSET(梦灵图鉴!J$10,MATCH(A366,梦灵图鉴!$I$11:$I$61,1),0)*SUM(梦灵属性!$E$28:$J$28)+OFFSET(梦灵图鉴!L$10,MATCH(A366,梦灵图鉴!$K$11:$K$61,1),0)*SUM(梦灵属性!$E$29:$J$29) -> 14.1

Sheet 抽奖定制
A2: 10 | B2: 12 | C2: 13 | D2: 16 | G2: =G53 -> 3 | H2: =H53 -> 0 | I2: =I53 -> 2 | P2: {12,12,[51010002]},{14,14,[51010001]},{16,16,[51010003]},{17,17,[51010001]},{18,18,[51010001]}
A3: =COUNTIF($D$5:$D$46,A2) -> 26 | B3: =COUNTIF($D$5:$D$46,B2) -> 9 | C3: =COUNTIF($D$5:$D$46,C2) -> 4 | D3: =COUNTIF($D$5:$D$46,D2) -> 3 | G3: 51010001 | H3: 51010002 | I3: 51010003 | J3: 51010004 | K3: 51010005 | L3: 51010006 | M3: 51010007 | N3: 51010008 | O3: 51010009 | Q3: 1 | R3: 1 | S3: 1
C4: 前250抽保底设计 | G4: 寒冰射手 | H4: 炽焰巫师 | I4: 吟游诗人 | J4: 摇滚巨石 | K4: 泥巴少女 | L4: 忍者鲨手 | M4: 甜心护士 | N4: 雷震子 | O4: 关羽 | Q4: 寒冰射手 | R4: 炽焰巫师 | S4: 吟游诗人 | T4: 摇滚巨石 | U4: 泥巴少女 | V4: 忍者鲨手 | W4: 甜心护士 | X4: 雷震子 | Y4: 关羽
A5: =SUM($D$5:D5) -> 12 | B5: =C5*1.2 -> 12 | C5: 10 | D5: 12 | E5: ="{{1,"&C5&"},"&D5-10&"}" -> {{1,10},2} | F5: {=SUM(G5:O5)-SUMPRODUCT(--(AB5:AH5>0))} -> 4 | G5: 2 | I5: 1 | J5: 1 | P5: =SUM(J5:O5) -> 1 | Q5: =IF(AC104=AC103,"",AC104) -> 3 | R5: =IF(AD104=AD103,"",AD104) | S5: =IF(AE104=AE103,"",AE104) -> 2 | T5: =IF(AF104=AF103,"",AF104) -> 1 | U5: =IF(AG104=AG103,"",AG104) | V5: =IF(AH104=AH103,"",AH104) | W5: =IF(AI104=AI103,"",AI104) | X5: =IF(AJ104=AJ103,"",AJ104) | Y5: =IF(AK104=AK103,"",AK104) | Z5: 1 | AA5: 1
A6: =SUM($D$5:D6) -> 22 | B6: =C6*1.2 -> 24 | C6: 20 | D6: 10 | E6: ="{{1,"&C6&"},"&D6-10&"}" -> {{1,20},0} | F6: {=SUM(G6:O6)-SUMPRODUCT(--(AB6:AH6>0))} -> 3 | G6: 1 | I6: 1 | J6: 1 | P6: =SUM(J6:O6) -> 1 | Q6: =IF(AC105=AC104,"",AC105) -> 4 | R6: =IF(AD105=AD104,"",AD105) | S6: =IF(AE105=AE104,"",AE105) -> 3 | T6: =IF(AF105=AF104,"",AF105) -> 2 | U6: =IF(AG105=AG104,"",AG105) | V6: =IF(AH105=AH104,"",AH105) | W6: =IF(AI105=AI104,"",AI105) | X6: =IF(AJ105=AJ104,"",AJ105) | Y6: =IF(AK105=AK104,"",AK105) | Z6: 2 | AA6: 2
A7: =SUM($D$5:D7) -> 32 | B7: =C7*1.2 -> 36 | C7: 30 | D7: 10 | E7: ="{{1,"&C7&"},"&D7-10&"}" -> {{1,30},0} | F7: {=SUM(G7:O7)-SUMPRODUCT(--(AB7:AH7>0))} -> 0 | P7: =SUM(J7:O7) -> 0 | Q7: =IF(AC106=AC105,"",AC106) | R7: =IF(AD106=AD105,"",AD106) | S7: =IF(AE106=AE105,"",AE106) | T7: =IF(AF106=AF105,"",AF106) | U7: =IF(AG106=AG105,"",AG106) | V7: =IF(AH106=AH105,"",AH106) | W7: =IF(AI106=AI105,"",AI106) | X7: =IF(AJ106=AJ105,"",AJ106) | Y7: =IF(AK106=AK105,"",AK106) | Z7: 3 | AA7: 3
A8: =SUM($D$5:D8) -> 48 | B8: =C8*1.2 -> 48 | C8: 40 | D8: 16 | E8: ="{{1,"&C8&"},"&D8-10&"}" -> {{1,40},6} | F8: {=SUM(G8:O8)-SUMPRODUCT(--(AB8:AH8>0))} -> 0 | P8: =SUM(J8:O8) -> 0 | Q8: =IF(AC107=AC106,"",AC107) | R8: =IF(AD107=AD106,"",AD107) | S8: =IF(AE107=AE106,"",AE107) | T8: =IF(AF107=AF106,"",AF107) | U8: =IF(AG107=AG106,"",AG107) | V8: =IF(AH107=AH106,"",AH107) | W8: =IF(AI107=AI106,"",AI107) | X8: =IF(AJ107=AJ106,"",AJ107) | Y8: =IF(AK107=AK106,"",AK107) | Z8: 4 | AA8: 4
A9: =SUM($D$5:D9) -> 58 | B9: =C9*1.2 -> 60 | C9: 50 | D9: 10 | E9: ="{{1,"&C9&"},"&D9-10&"}" -> {{1,50},0} | F9: {=SUM(G9:O9)-SUMPRODUCT(--(AB9:AH9>0))} -> 1 | K9: 1 | P9: =SUM(J9:O9) -> 1 | Q9: =IF(AC108=AC107,"",AC108) | R9: =IF(AD108=AD107,"",AD108) | S9: =IF(AE108=AE107,"",AE108) | T9: =IF(AF108=AF107,"",AF108) | U9: =IF(AG108=AG107,"",AG108) -> 1 | V9: =IF(AH108=AH107,"",AH108) | W9: =IF(AI108=AI107,"",AI108) | X9: =IF(AJ108=AJ107,"",AJ108) | Y9: =IF(AK108=AK107,"",AK108) | Z9: 5 | AA9: 5
A10: =SUM($D$5:D10) -> 68 | B10: =C10*1.2 -> 72 | C10: 60 | D10: 10 | E10: ="{{1,"&C10&"},"&D10-10&"}" -> {{1,60},0} | F10: {=SUM(G10:O10)-SUMPRODUCT(--(AB10:AH10>0))} -> 0 | P10: =SUM(J10:O10) -> 0 | Q10: =IF(AC109=AC108,"",AC109) | R10: =IF(AD109=AD108,"",AD109) | S10: =IF(AE109=AE108,"",AE109) | T10: =IF(AF109=AF108,"",AF109) | U10: =IF(AG109=AG108,"",AG109) | V10: =IF(AH109=AH108,"",AH109) | W10: =IF(AI109=AI108,"",AI109) | X10: =IF(AJ109=AJ108,"",AJ109) | Y10: =IF(AK109=AK108,"",AK109) | Z10: 6 | AA10: 8
A11: =SUM($D$5:D11) -> 81 | B11: =C11*1.2 -> 84 | C11: 70 | D11: 13 | E11: ="{{1,"&C11&"},"&D11-10&"}" -> {{1,70},3} | F11: {=SUM(G11:O11)-SUMPRODUCT(--(AB11:AH11>0))} -> 0 | P11: =SUM(J11:O11) -> 0 | Q11: =IF(AC110=AC109,"",AC110) | R11: =IF(AD110=AD109,"",AD110) | S11: =IF(AE110=AE109,"",AE110) | T11: =IF(AF110=AF109,"",AF110) | U11: =IF(AG110=AG109,"",AG110) | V11: =IF(AH110=AH109,"",AH110) | W11: =IF(AI110=AI109,"",AI110) | X11: =IF(AJ110=AJ109,"",AJ110) | Y11: =IF(AK110=AK109,"",AK110) | Z11: 7 | AA11: 11
A12: =SUM($D$5:D12) -> 91 | B12: =C12*1.2 -> 96 | C12: 80 | D12: 10 | E12: ="{{1,"&C12&"},"&D12-10&"}" -> {{1,80},0} | F12: {=SUM(G12:O12)-SUMPRODUCT(--(AB12:AH12>0))} -> 0 | P12: =SUM(J12:O12) -> 0 | Q12: =IF(AC111=AC110,"",AC111) | R12: =IF(AD111=AD110,"",AD111) | S12: =IF(AE111=AE110,"",AE111) | T12: =IF(AF111=AF110,"",AF111) | U12: =IF(AG111=AG110,"",AG111) | V12: =IF(AH111=AH110,"",AH111) | W12: =IF(AI111=AI110,"",AI111) | X12: =IF(AJ111=AJ110,"",AJ111) | Y12: =IF(AK111=AK110,"",AK111) | Z12: 8 | AA12: 14
A13: =SUM($D$5:D13) -> 103 | B13: =C13*1.2 -> 108 | C13: 90 | D13: 12 | E13: ="{{1,"&C13&"},"&D13-10&"}" -> {{1,90},2} | F13: {=SUM(G13:O13)-SUMPRODUCT(--(AB13:AH13>0))} -> 1 | L13: 1 | P13: =SUM(J13:O13) -> 1 | Q13: =IF(AC112=AC111,"",AC112) | R13: =IF(AD112=AD111,"",AD112) | S13: =IF(AE112=AE111,"",AE112) | T13: =IF(AF112=AF111,"",AF112) | U13: =IF(AG112=AG111,"",AG112) | V13: =IF(AH112=AH111,"",AH112) -> 1 | W13: =IF(AI112=AI111,"",AI112) | X13: =IF(AJ112=AJ111,"",AJ112) | Y13: =IF(AK112=AK111,"",AK112) | Z13: 9 | AA13: 17
A14: =SUM($D$5:D14) -> 113 | B14: =C14*1.2 -> 120 | C14: 100 | D14: 10 | E14: ="{{1,"&C14&"},"&D14-10&"}" -> {{1,100},0} | F14: {=SUM(G14:O14)-SUMPRODUCT(--(AB14:AH14>0))} -> 0 | P14: =SUM(J14:O14) -> 0 | Q14: =IF(AC113=AC112,"",AC113) | R14: =IF(AD113=AD112,"",AD113) | S14: =IF(AE113=AE112,"",AE113) | T14: =IF(AF113=AF112,"",AF113) | U14: =IF(AG113=AG112,"",AG113) | V14: =IF(AH113=AH112,"",AH113) | W14: =IF(AI113=AI112,"",AI113) | X14: =IF(AJ113=AJ112,"",AJ113) | Y14: =IF(AK113=AK112,"",AK113) | Z14: 10 | AA14: 20
A15: =SUM($D$5:D15) -> 123 | B15: =C15*1.2 -> 132 | C15: 110 | D15: 10 | E15: ="{{1,"&C15&"},"&D15-10&"}" -> {{1,110},0} | F15: {=SUM(G15:O15)-SUMPRODUCT(--(AB15:AH15>0))} -> 0 | P15: =SUM(J15:O15) -> 0 | Q15: =IF(AC114=AC113,"",AC114) | R15: =IF(AD114=AD113,"",AD114) | S15: =IF(AE114=AE113,"",AE114) | T15: =IF(AF114=AF113,"",AF114) | U15: =IF(AG114=AG113,"",AG114) | V15: =IF(AH114=AH113,"",AH114) | W15: =IF(AI114=AI113,"",AI114) | X15: =IF(AJ114=AJ113,"",AJ114) | Y15: =IF(AK114=AK113,"",AK114) | Z15: 11 | AA15: =AA14+6 -> 26
A16: =SUM($D$5:D16) -> 136 | B16: =C16*1.2 -> 144 | C16: 120 | D16: 13 | E16: ="{{1,"&C16&"},"&D16-10&"}" -> {{1,120},3} | F16: {=SUM(G16:O16)-SUMPRODUCT(--(AB16:AH16>0))} -> 0 | P16: =SUM(J16:O16) -> 0 | Q16: =IF(AC115=AC114,"",AC115) | R16: =IF(AD115=AD114,"",AD115) | S16: =IF(AE115=AE114,"",AE115) | T16: =IF(AF115=AF114,"",AF115) | U16: =IF(AG115=AG114,"",AG115) | V16: =IF(AH115=AH114,"",AH115) | W16: =IF(AI115=AI114,"",AI115) | X16: =IF(AJ115=AJ114,"",AJ115) | Y16: =IF(AK115=AK114,"",AK115) | Z16: 12 | AA16: =AA15+6 -> 32
A17: =SUM($D$5:D17) -> 146 | B17: =C17*1.2 -> 156 | C17: 130 | D17: 10 | E17: ="{{1,"&C17&"},"&D17-10&"}" -> {{1,130},0} | F17: {=SUM(G17:O17)-SUMPRODUCT(--(AB17:AH17>0))} -> 0 | P17: =SUM(J17:O17) -> 0 | Q17: =IF(AC116=AC115,"",AC116) | R17: =IF(AD116=AD115,"",AD116) | S17: =IF(AE116=AE115,"",AE116) | T17: =IF(AF116=AF115,"",AF116) | U17: =IF(AG116=AG115,"",AG116) | V17: =IF(AH116=AH115,"",AH116) | W17: =IF(AI116=AI115,"",AI116) | X17: =IF(AJ116=AJ115,"",AJ116) | Y17: =IF(AK116=AK115,"",AK116) | Z17: 13 | AA17: =AA16+6 -> 38
A18: =SUM($D$5:D18) -> 156 | B18: =C18*1.2 -> 168 | C18: 140 | D18: 10 | E18: ="{{1,"&C18&"},"&D18-10&"}" -> {{1,140},0} | F18: {=SUM(G18:O18)-SUMPRODUCT(--(AB18:AH18>0))} -> 0 | P18: =SUM(J18:O18) -> 0 | Q18: =IF(AC117=AC116,"",AC117) | R18: =IF(AD117=AD116,"",AD117) | S18: =IF(AE117=AE116,"",AE117) | T18: =IF(AF117=AF116,"",AF117) | U18: =IF(AG117=AG116,"",AG117) | V18: =IF(AH117=AH116,"",AH117) | W18: =IF(AI117=AI116,"",AI117) | X18: =IF(AJ117=AJ116,"",AJ117) | Y18: =IF(AK117=AK116,"",AK117) | Z18: 14 | AA18: =AA17+6 -> 44
A19: =SUM($D$5:D19) -> 172 | B19: =C19*1.2 -> 180 | C19: 150 | D19: 16 | E19: ="{{1,"&C19&"},"&D19-10&"}" -> {{1,150},6} | F19: {=SUM(G19:O19)-SUMPRODUCT(--(AB19:AH19>0))} -> 0 | P19: =SUM(J19:O19) -> 0 | Q19: =IF(AC118=AC117,"",AC118) | R19: =IF(AD118=AD117,"",AD118) | S19: =IF(AE118=AE117,"",AE118) | T19: =IF(AF118=AF117,"",AF118) | V19: =IF(AH118=AH117,"",AH118) | W19: =IF(AI118=AI117,"",AI118) | X19: =IF(AJ118=AJ117,"",AJ118) | Y19: =IF(AK118=AK117,"",AK118) | Z19: 15 | AA19: =AA18+6 -> 50
A20: =SUM($D$5:D20) -> 185 | B20: =C20*1.2 -> 192 | C20: 160 | D20: 13 | E20: ="{{1,"&C20&"},"&D20-10&"}" -> {{1,160},3} | F20: {=SUM(G20:O20)-SUMPRODUCT(--(AB20:AH20>0))} -> 0 | P20: =SUM(J20:O20) -> 0 | Q20: =IF(AC119=AC118,"",AC119) | R20: =IF(AD119=AD118,"",AD119) | S20: =IF(AE119=AE118,"",AE119) | T20: =IF(AF119=AF118,"",AF119) | U20: =IF(AG119=AG118,"",AG119) | V20: =IF(AH119=AH118,"",AH119) | W20: =IF(AI119=AI118,"",AI119) | X20: =IF(AJ119=AJ118,"",AJ119) | Y20: =IF(AK119=AK118,"",AK119) | Z20: 16 | AA20: =AA19+9 -> 59
A21: =SUM($D$5:D21) -> 195 | B21: =C21*1.2 -> 204 | C21: 170 | D21: 10 | E21: ="{{1,"&C21&"},"&D21-10&"}" -> {{1,170},0} | F21: {=SUM(G21:O21)-SUMPRODUCT(--(AB21:AH21>0))} -> 1 | M21: 1 | P21: =SUM(J21:O21) -> 1 | Q21: =IF(AC120=AC119,"",AC120) | R21: =IF(AD120=AD119,"",AD120) | S21: =IF(AE120=AE119,"",AE120) | T21: =IF(AF120=AF119,"",AF120) | U21: =IF(AG120=AG119,"",AG120) | V21: =IF(AH120=AH119,"",AH120) | W21: =IF(AI120=AI119,"",AI120) -> 1 | X21: =IF(AJ120=AJ119,"",AJ120) | Y21: =IF(AK120=AK119,"",AK120) | Z21: 17 | AA21: =AA20+9 -> 68
A22: =SUM($D$5:D22) -> 205 | B22: =C22*1.2 -> 216 | C22: 180 | D22: 10 | E22: ="{{1,"&C22&"},"&D22-10&"}" -> {{1,180},0} | F22: {=SUM(G22:O22)-SUMPRODUCT(--(AB22:AH22>0))} -> 0 | P22: =SUM(J22:O22) -> 0 | Q22: =IF(AC121=AC120,"",AC121) | R22: =IF(AD121=AD120,"",AD121) | S22: =IF(AE121=AE120,"",AE121) | T22: =IF(AF121=AF120,"",AF121) | U22: =IF(AG121=AG120,"",AG121) | V22: =IF(AH121=AH120,"",AH121) | W22: =IF(AI121=AI120,"",AI121) | X22: =IF(AJ121=AJ120,"",AJ121) | Y22: =IF(AK121=AK120,"",AK121) | Z22: 18 | AA22: =AA21+9 -> 77
A23: =SUM($D$5:D23) -> 217 | B23: =C23*1.2 -> 228 | C23: 190 | D23: 12 | E23: ="{{1,"&C23&"},"&D23-10&"}" -> {{1,190},2} | F23: {=SUM(G23:O23)-SUMPRODUCT(--(AB23:AH23>0))} -> 0 | P23: =SUM(J23:O23) -> 0 | Q23: =IF(AC122=AC121,"",AC122) | R23: =IF(AD122=AD121,"",AD122) | S23: =IF(AE122=AE121,"",AE122) | T23: =IF(AF122=AF121,"",AF122) | U23: =IF(AG122=AG121,"",AG122) | V23: =IF(AH122=AH121,"",AH122) | W23: =IF(AI122=AI121,"",AI122) | X23: =IF(AJ122=AJ121,"",AJ122) | Y23: =IF(AK122=AK121,"",AK122) | Z23: 19 | AA23: =AA22+9 -> 86
A24: =SUM($D$5:D24) -> 227 | B24: =C24*1.2 -> 240 | C24: 200 | D24: 10 | E24: ="{{1,"&C24&"},"&D24-10&"}" -> {{1,200},0} | F24: {=SUM(G24:O24)-SUMPRODUCT(--(AB24:AH24>0))} -> 0 | P24: =SUM(J24:O24) -> 0 | Q24: =IF(AC123=AC122,"",AC123) | R24: =IF(AD123=AD122,"",AD123) | S24: =IF(AE123=AE122,"",AE123) | T24: =IF(AF123=AF122,"",AF123) | U24: =IF(AG123=AG122,"",AG123) | V24: =IF(AH123=AH122,"",AH123) | W24: =IF(AI123=AI122,"",AI123) | X24: =IF(AJ123=AJ122,"",AJ123) | Y24: =IF(AK123=AK122,"",AK123) | Z24: 20 | AA24: =AA23+9 -> 95
A25: =SUM($D$5:D25) -> 237 | B25: =C25*1.2 -> 252 | C25: 210 | D25: 10 | E25: ="{{1,"&C25&"},"&D25-10&"}" -> {{1,210},0} | F25: {=SUM(G25:O25)-SUMPRODUCT(--(AB25:AH25>0))} -> 0 | P25: =SUM(J25:O25) -> 0 | Q25: =IF(AC124=AC123,"",AC124) | R25: =IF(AD124=AD123,"",AD124) | S25: =IF(AE124=AE123,"",AE124) | T25: =IF(AF124=AF123,"",AF124) | U25: =IF(AG124=AG123,"",AG124) | V25: =IF(AH124=AH123,"",AH124) | W25: =IF(AI124=AI123,"",AI124) | X25: =IF(AJ124=AJ123,"",AJ124) | Y25: =IF(AK124=AK123,"",AK124) | Z25: 21 | AA25: =AA24+12 -> 107
A26: =SUM($D$5:D26) -> 253 | B26: =C26*1.2 -> 264 | C26: 220 | D26: 16 | E26: ="{{1,"&C26&"},"&D26-10&"}" -> {{1,220},6} | F26: {=SUM(G26:O26)-SUMPRODUCT(--(AB26:AH26>0))} -> 0 | P26: =SUM(J26:O26) -> 0 | Q26: =IF(AC125=AC124,"",AC125) | R26: =IF(AD125=AD124,"",AD125) | S26: =IF(AE125=AE124,"",AE125) | T26: =IF(AF125=AF124,"",AF125) | U26: =IF(AG125=AG124,"",AG125) | V26: =IF(AH125=AH124,"",AH125) | W26: =IF(AI125=AI124,"",AI125) | X26: =IF(AJ125=AJ124,"",AJ125) | Y26: =IF(AK125=AK124,"",AK125) | Z26: 22 | AA26: =AA25+12 -> 119
A27: =SUM($D$5:D27) -> 265 | B27: =C27*1.2 -> 276 | C27: 230 | D27: 12 | E27: ="{{1,"&C27&"},"&D27-10&"}" -> {{1,230},2} | F27: {=SUM(G27:O27)-SUMPRODUCT(--(AB27:AH27>0))} -> 1 | N27: 1 | P27: =SUM(J27:O27) -> 1 | Q27: =IF(AC126=AC125,"",AC126) | R27: =IF(AD126=AD125,"",AD126) | S27: =IF(AE126=AE125,"",AE126) | T27: =IF(AF126=AF125,"",AF126) | U27: =IF(AG126=AG125,"",AG126) | V27: =IF(AH126=AH125,"",AH126) | W27: =IF(AI126=AI125,"",AI126) | X27: =IF(AJ126=AJ125,"",AJ126) -> 1 | Y27: =IF(AK126=AK125,"",AK126) | Z27: 23 | AA27: =AA26+12 -> 131
A28: =SUM($D$5:D28) -> 275 | B28: =C28*1.2 -> 288 | C28: 240 | D28: 10 | E28: ="{{1,"&C28&"},"&D28-10&"}" -> {{1,240},0} | F28: {=SUM(G28:O28)-SUMPRODUCT(--(AB28:AH28>0))} -> 0 | P28: =SUM(J28:O28) -> 0 | Q28: =IF(AC127=AC126,"",AC127) | R28: =IF(AD127=AD126,"",AD127) | S28: =IF(AE127=AE126,"",AE127) | T28: =IF(AF127=AF126,"",AF127) | U28: =IF(AG127=AG126,"",AG127) | V28: =IF(AH127=AH126,"",AH127) | W28: =IF(AI127=AI126,"",AI127) | X28: =IF(AJ127=AJ126,"",AJ127) | Y28: =IF(AK127=AK126,"",AK127) | Z28: 24 | AA28: =AA27+12 -> 143
A29: =SUM($D$5:D29) -> 285 | B29: =C29*1.2 -> 300 | C29: 250 | D29: 10 | E29: ="{{1,"&C29&"},"&D29-10&"}" -> {{1,250},0} | F29: {=SUM(G29:O29)-SUMPRODUCT(--(AB29:AH29>0))} -> 0 | P29: =SUM(J29:O29) -> 0 | Q29: =IF(AC128=AC127,"",AC128) | R29: =IF(AD128=AD127,"",AD128) | S29: =IF(AE128=AE127,"",AE128) | T29: =IF(AF128=AF127,"",AF128) | U29: =IF(AG128=AG127,"",AG128) | V29: =IF(AH128=AH127,"",AH128) | W29: =IF(AI128=AI127,"",AI128) | X29: =IF(AJ128=AJ127,"",AJ128) | Y29: =IF(AK128=AK127,"",AK128) | Z29: 25 | AA29: =AA28+12 -> 155
A30: =SUM($D$5:D30) -> 298 | B30: =C30*1.2 -> 312 | C30: 260 | D30: 13 | E30: ="{{1,"&C30&"},"&D30-10&"}" -> {{1,260},3} | F30: {=SUM(G30:O30)-SUMPRODUCT(--(AB30:AH30>0))} -> 0 | P30: =SUM(J30:O30) -> 0 | Q30: =IF(AC129=AC128,"",AC129) | R30: =IF(AD129=AD128,"",AD129) | S30: =IF(AE129=AE128,"",AE129) | T30: =IF(AF129=AF128,"",AF129) | U30: =IF(AG129=AG128,"",AG129) | V30: =IF(AH129=AH128,"",AH129) | W30: =IF(AI129=AI128,"",AI129) | X30: =IF(AJ129=AJ128,"",AJ129) | Y30: =IF(AK129=AK128,"",AK129) | Z30: 26 | AA30: =AA29+24 -> 179
A31: =SUM($D$5:D31) -> 308 | B31: =C31*1.2 -> 324 | C31: 270 | D31: 10 | E31: ="{{1,"&C31&"},"&D31-10&"}" -> {{1,270},0} | F31: {=SUM(G31:O31)-SUMPRODUCT(--(AB31:AH31>0))} -> 0 | P31: =SUM(J31:O31) -> 0 | Q31: =IF(AC130=AC129,"",AC130) | R31: =IF(AD130=AD129,"",AD130) | S31: =IF(AE130=AE129,"",AE130) | T31: =IF(AF130=AF129,"",AF130) | U31: =IF(AG130=AG129,"",AG130) | V31: =IF(AH130=AH129,"",AH130) | W31: =IF(AI130=AI129,"",AI130) | X31: =IF(AJ130=AJ129,"",AJ130) | Y31: =IF(AK130=AK129,"",AK130) | Z31: 27 | AA31: =AA30+24 -> 203
A32: =SUM($D$5:D32) -> 318 | B32: =C32*1.2 -> 336 | C32: 280 | D32: 10 | E32: ="{{1,"&C32&"},"&D32-10&"}" -> {{1,280},0} | F32: {=SUM(G32:O32)-SUMPRODUCT(--(AB32:AH32>0))} -> 0 | P32: =SUM(J32:O32) -> 0 | Q32: =IF(AC131=AC130,"",AC131) | R32: =IF(AD131=AD130,"",AD131) | S32: =IF(AE131=AE130,"",AE131) | T32: =IF(AF131=AF130,"",AF131) | U32: =IF(AG131=AG130,"",AG131) | V32: =IF(AH131=AH130,"",AH131) | W32: =IF(AI131=AI130,"",AI131) | X32: =IF(AJ131=AJ130,"",AJ131) | Y32: =IF(AK131=AK130,"",AK131) | Z32: 28 | AA32: =AA31+24 -> 227
A33: =SUM($D$5:D33) -> 330 | B33: =C33*1.2 -> 348 | C33: 290 | D33: 12 | E33: ="{{1,"&C33&"},"&D33-10&"}" -> {{1,290},2} | F33: {=SUM(G33:O33)-SUMPRODUCT(--(AB33:AH33>0))} -> 0 | P33: =SUM(J33:O33) -> 0 | Q33: =IF(AC132=AC131,"",AC132) | R33: =IF(AD132=AD131,"",AD132) | S33: =IF(AE132=AE131,"",AE132) | T33: =IF(AF132=AF131,"",AF132) | U33: =IF(AG132=AG131,"",AG132) | V33: =IF(AH132=AH131,"",AH132) | W33: =IF(AI132=AI131,"",AI132) | X33: =IF(AJ132=AJ131,"",AJ132) | Y33: =IF(AK132=AK131,"",AK132) | Z33: 29 | AA33: =AA32+24 -> 251
A34: =SUM($D$5:D34) -> 340 | B34: =C34*1.2 -> 360 | C34: 300 | D34: 10 | E34: ="{{1,"&C34&"},"&D34-10&"}" -> {{1,300},0} | F34: {=SUM(G34:O34)-SUMPRODUCT(--(AB34:AH34>0))} -> 0 | P34: =SUM(J34:O34) -> 0 | Q34: =IF(AC133=AC132,"",AC133) | R34: =IF(AD133=AD132,"",AD133) | S34: =IF(AE133=AE132,"",AE133) | T34: =IF(AF133=AF132,"",AF133) | U34: =IF(AG133=AG132,"",AG133) | V34: =IF(AH133=AH132,"",AH133) | W34: =IF(AI133=AI132,"",AI133) | X34: =IF(AJ133=AJ132,"",AJ133) | Y34: =IF(AK133=AK132,"",AK133) | Z34: 30 | AA34: =AA33+24 -> 275
A35: =SUM($D$5:D35) -> 350 | B35: =C35*1.2 -> 372 | C35: 310 | D35: 10 | E35: ="{{1,"&C35&"},"&D35-10&"}" -> {{1,310},0} | F35: {=SUM(G35:O35)-SUMPRODUCT(--(AB35:AH35>0))} -> 0 | P35: =SUM(J35:O35) -> 0 | Q35: =IF(AC134=AC133,"",AC134) | R35: =IF(AD134=AD133,"",AD134) | S35: =IF(AE134=AE133,"",AE134) | T35: =IF(AF134=AF133,"",AF134) | U35: =IF(AG134=AG133,"",AG134) | V35: =IF(AH134=AH133,"",AH134) | W35: =IF(AI134=AI133,"",AI134) | X35: =IF(AJ134=AJ133,"",AJ134) | Y35: =IF(AK134=AK133,"",AK134) | Z35: 31 | AA35: =AA34+24 -> 299
A36: =SUM($D$5:D36) -> 362 | B36: =C36*1.2 -> 384 | C36: 320 | D36: 12 | E36: ="{{1,"&C36&"},"&D36-10&"}" -> {{1,320},2} | F36: {=SUM(G36:O36)-SUMPRODUCT(--(AB36:AH36>0))} -> 2 | O36: 2 | P36: =SUM(J36:O36) -> 2 | Q36: =IF(AC135=AC134,"",AC135) | R36: =IF(AD135=AD134,"",AD135) | S36: =IF(AE135=AE134,"",AE135) | T36: =IF(AF135=AF134,"",AF135) | U36: =IF(AG135=AG134,"",AG135) | V36: =IF(AH135=AH134,"",AH135) | W36: =IF(AI135=AI134,"",AI135) | X36: =IF(AJ135=AJ134,"",AJ135) | Y36: =IF(AK135=AK134,"",AK135) -> 2 | Z36: 32 | AA36: =AA35+24 -> 323
A37: =SUM($D$5:D37) -> 372 | B37: =C37*1.2 -> 396 | C37: 330 | D37: 10 | E37: ="{{1,"&C37&"},"&D37-10&"}" -> {{1,330},0} | F37: {=SUM(G37:O37)-SUMPRODUCT(--(AB37:AH37>0))} -> 0 | P37: =SUM(J37:O37) -> 0 | Q37: =IF(AC136=AC135,"",AC136) | R37: =IF(AD136=AD135,"",AD136) | S37: =IF(AE136=AE135,"",AE136) | T37: =IF(AF136=AF135,"",AF136) | U37: =IF(AG136=AG135,"",AG136) | V37: =IF(AH136=AH135,"",AH136) | W37: =IF(AI136=AI135,"",AI136) | X37: =IF(AJ136=AJ135,"",AJ136) | Y37: =IF(AK136=AK135,"",AK136) | Z37: 33 | AA37: =AA36+24 -> 347
A38: =SUM($D$5:D38) -> 384 | B38: =C38*1.2 -> 408 | C38: 340 | D38: 12 | E38: ="{{1,"&C38&"},"&D38-10&"}" -> {{1,340},2} | F38: {=SUM(G38:O38)-SUMPRODUCT(--(AB38:AH38>0))} -> 0 | P38: =SUM(J38:O38) -> 0 | Q38: =IF(AC137=AC136,"",AC137) | R38: =IF(AD137=AD136,"",AD137) | S38: =IF(AE137=AE136,"",AE137) | T38: =IF(AF137=AF136,"",AF137) | U38: =IF(AG137=AG136,"",AG137) | V38: =IF(AH137=AH136,"",AH137) | W38: =IF(AI137=AI136,"",AI137) | X38: =IF(AJ137=AJ136,"",AJ137) | Y38: =IF(AK137=AK136,"",AK137) | Z38: 34 | AA38: =AA37+24 -> 371
A39: =SUM($D$5:D39) -> 394 | B39: =C39*1.2 -> 420 | C39: 350 | D39: 10 | E39: ="{{1,"&C39&"},"&D39-10&"}" -> {{1,350},0} | F39: {=SUM(G39:O39)-SUMPRODUCT(--(AB39:AH39>0))} -> 0 | P39: =SUM(J39:O39) -> 0 | Q39: =IF(AC138=AC137,"",AC138) | R39: =IF(AD138=AD137,"",AD138) | S39: =IF(AE138=AE137,"",AE138) | T39: =IF(AF138=AF137,"",AF138) | U39: =IF(AG138=AG137,"",AG138) | V39: =IF(AH138=AH137,"",AH138) | W39: =IF(AI138=AI137,"",AI138) | X39: =IF(AJ138=AJ137,"",AJ138) | Y39: =IF(AK138=AK137,"",AK138) | Z39: 35 | AA39: =AA38+24 -> 395
A40: =SUM($D$5:D40) -> 406 | B40: =C40*1.2 -> 432 | C40: 360 | D40: 12 | E40: ="{{1,"&C40&"},"&D40-10&"}" -> {{1,360},2} | F40: {=SUM(G40:O40)-SUMPRODUCT(--(AB40:AH40>0))} -> 0 | P40: =SUM(J40:O40) -> 0 | Q40: =IF(AC139=AC138,"",AC139) | R40: =IF(AD139=AD138,"",AD139) | S40: =IF(AE139=AE138,"",AE139) | T40: =IF(AF139=AF138,"",AF139) | U40: =IF(AG139=AG138,"",AG139) | V40: =IF(AH139=AH138,"",AH139) | W40: =IF(AI139=AI138,"",AI139) | X40: =IF(AJ139=AJ138,"",AJ139) | Y40: =IF(AK139=AK138,"",AK139) | Z40: 36 | AA40: =AA39+24 -> 419
A41: =SUM($D$5:D41) -> 416 | B41: =C41*1.2 -> 444 | C41: 370 | D41: 10 | E41: ="{{1,"&C41&"},"&D41-10&"}" -> {{1,370},0} | F41: {=SUM(G41:O41)-SUMPRODUCT(--(AB41:AH41>0))} -> 0 | P41: =SUM(J41:O41) -> 0 | Q41: =IF(AC140=AC139,"",AC140) | R41: =IF(AD140=AD139,"",AD140) | S41: =IF(AE140=AE139,"",AE140) | T41: =IF(AF140=AF139,"",AF140) | U41: =IF(AG140=AG139,"",AG140) | V41: =IF(AH140=AH139,"",AH140) | W41: =IF(AI140=AI139,"",AI140) | X41: =IF(AJ140=AJ139,"",AJ140) | Y41: =IF(AK140=AK139,"",AK140) | Z41: 37 | AA41: =AA40+24 -> 443
A42: =SUM($D$5:D42) -> 426 | B42: =C42*1.2 -> 456 | C42: 380 | D42: 10 | E42: ="{{1,"&C42&"},"&D42-10&"}" -> {{1,380},0} | F42: {=SUM(G42:O42)-SUMPRODUCT(--(AB42:AH42>0))} -> 0 | P42: =SUM(J42:O42) -> 0 | Q42: =IF(AC141=AC140,"",AC141) | R42: =IF(AD141=AD140,"",AD141) | S42: =IF(AE141=AE140,"",AE141) | T42: =IF(AF141=AF140,"",AF141) | U42: =IF(AG141=AG140,"",AG141) | V42: =IF(AH141=AH140,"",AH141) | W42: =IF(AI141=AI140,"",AI141) | X42: =IF(AJ141=AJ140,"",AJ141) | Y42: =IF(AK141=AK140,"",AK141) | Z42: 38 | AA42: =AA41+24 -> 467
A43: =SUM($D$5:D43) -> 436 | B43: =C43*1.2 -> 468 | C43: 390 | D43: 10 | E43: ="{{1,"&C43&"},"&D43-10&"}" -> {{1,390},0} | F43: {=SUM(G43:O43)-SUMPRODUCT(--(AB43:AH43>0))} -> 0 | P43: =SUM(J43:O43) -> 0 | Q43: =IF(AC142=AC141,"",AC142) | R43: =IF(AD142=AD141,"",AD142) | S43: =IF(AE142=AE141,"",AE142) | T43: =IF(AF142=AF141,"",AF142) | U43: =IF(AG142=AG141,"",AG142) | V43: =IF(AH142=AH141,"",AH142) | W43: =IF(AI142=AI141,"",AI142) | X43: =IF(AJ142=AJ141,"",AJ142) | Y43: =IF(AK142=AK141,"",AK142) | Z43: 39 | AA43: =AA42+24 -> 491
A44: =SUM($D$5:D44) -> 448 | B44: =C44*1.2 -> 480 | C44: 400 | D44: 12 | E44: ="{{1,"&C44&"},"&D44-10&"}" -> {{1,400},2} | F44: {=SUM(G44:O44)-SUMPRODUCT(--(AB44:AH44>0))} -> 0 | P44: =SUM(J44:O44) -> 0 | Q44: =IF(AC143=AC142,"",AC143) | R44: =IF(AD143=AD142,"",AD143) | S44: =IF(AE143=AE142,"",AE143) | T44: =IF(AF143=AF142,"",AF143) | U44: =IF(AG143=AG142,"",AG143) | V44: =IF(AH143=AH142,"",AH143) | W44: =IF(AI143=AI142,"",AI143) | X44: =IF(AJ143=AJ142,"",AJ143) | Y44: =IF(AK143=AK142,"",AK143) | Z44: 40 | AA44: =AA43+24 -> 515
A45: =SUM($D$5:D45) -> 458 | B45: =C45*1.2 -> 492 | C45: 410 | D45: 10 | E45: ="{{1,"&C45&"},"&D45-10&"}" -> {{1,410},0} | F45: {=SUM(G45:O45)-SUMPRODUCT(--(AB45:AH45>0))} -> 0 | P45: =SUM(J45:O45) -> 0 | Q45: =IF(AC144=AC143,"",AC144) | R45: =IF(AD144=AD143,"",AD144) | S45: =IF(AE144=AE143,"",AE144) | T45: =IF(AF144=AF143,"",AF144) | U45: =IF(AG144=AG143,"",AG144) | V45: =IF(AH144=AH143,"",AH144) | W45: =IF(AI144=AI143,"",AI144) | X45: =IF(AJ144=AJ143,"",AJ144) | Y45: =IF(AK144=AK143,"",AK144) | Z45: 41 | AA45: =AA44+24 -> 539
A46: =SUM($D$5:D46) -> 468 | B46: =C46*1.2 -> 504 | C46: 420 | D46: 10 | E46: ="{{1,"&C46&"},"&D46-10&"}" -> {{1,420},0} | F46: {=SUM(G46:O46)-SUMPRODUCT(--(AB46:AH46>0))} -> 0 | P46: =SUM(J46:O46) -> 0 | Q46: =IF(AC145=AC144,"",AC145) | R46: =IF(AD145=AD144,"",AD145) | S46: =IF(AE145=AE144,"",AE145) | T46: =IF(AF145=AF144,"",AF145) | U46: =IF(AG145=AG144,"",AG145) | V46: =IF(AH145=AH144,"",AH145) | W46: =IF(AI145=AI144,"",AI145) | X46: =IF(AJ145=AJ144,"",AJ145) | Y46: =IF(AK145=AK144,"",AK145) | Z46: 42 | AA46: =AA45+24 -> 563
A47: =SUM($D$5:D47) -> 480 | B47: =C47*1.2 -> 516 | C47: 430 | D47: 12 | E47: ="{{1,"&C47&"},"&D47-10&"}" -> {{1,430},2} | F47: {=SUM(G47:O47)-SUMPRODUCT(--(AB47:AH47>0))} -> 0 | P47: =SUM(J47:O47) -> 0
A48: =SUM($D$5:D48) -> 490 | B48: =C48*1.2 -> 528 | C48: 440 | D48: 10 | E48: ="{{1,"&C48&"},"&D48-10&"}" -> {{1,440},0} | F48: {=SUM(G48:O48)-SUMPRODUCT(--(AB48:AH48>0))} -> 0 | P48: =SUM(J48:O48) -> 0
A49: =SUM($D$5:D49) -> 500 | B49: =C49*1.2 -> 540 | C49: 450 | D49: 10 | E49: ="{{1,"&C49&"},"&D49-10&"}" -> {{1,450},0} | F49: {=SUM(G49:O49)-SUMPRODUCT(--(AB49:AH49>0))} -> 0 | P49: =SUM(J49:O49) -> 0
E50: ="["&_xlfn.TEXTJOIN(",",1,E5:E49)&"]" -> [{{1,10},2},{{1,20},0},{{1,30},0},{{1,40},6},{{1,50},0},{{1,60},0},{{1,70},3},{{1,80},0},{{1,90},2},{{1,100},0},{{1,110},0},{{1,120},3},{{1,130},0},{{1,140},0},{{1,150},6},{{1,160},3},{{1,170},0},{{1,180},0},{{1,190},2},{{1,200},0},{{1,210},0},{{1,220},6},{{1,230},2},{{1,240},0},{{1,250},0},{{1,260},3},{{1,270},0},{{1,280},0},{{1,290},2},{{1,300},0},{{1,310},0},{{1,320},2},{{1,330},0},{{1,340},2},{{1,350},0},{{1,360},2},{{1,370},0},{{1,380},0},{{1,390},0},{{1,400},2},{{1,410},0},{{1,420},0},{{1,430},2},{{1,440},0},{{1,450},0}]
G52: 寒冰射手 | H52: 炽焰巫师 | I52: 吟游诗人 | J52: 摇滚巨石 | K52: 泥巴少女 | L52: 忍者鲨手 | M52: 甜心护士 | N52: 雷震子 | O52: 关羽
F53: 数量 | G53: =SUM(G5:G49) -> 3 | H53: =SUM(H5:H49) -> 0 | I53: =SUM(I5:I49) -> 2 | J53: =SUM(J5:J46) -> 2 | K53: =SUM(K5:K46) -> 1 | L53: =SUM(L5:L46) -> 1 | M53: =SUM(M5:M46) -> 1 | N53: =SUM(N5:N46) -> 1 | O53: =SUM(O5:O46) -> 2
F54: 等级 | G54: =MATCH(G53*10,梦灵属性!$K$56:$K$67,1)+1 -> 4 | H54: =MATCH(H53*10,梦灵属性!$K$56:$K$67,1)+1 -> #N/A | I54: =MATCH(I53*10,梦灵属性!$K$56:$K$67,1)+1 -> 3 | J54: =MATCH(J53*10,梦灵属性!$K$56:$K$67,1)+1 -> 3 | K54: =MATCH(K53*10,梦灵属性!$K$56:$K$67,1)+1 -> 2 | L54: =MATCH(L53*10,梦灵属性!$K$56:$K$67,1)+1 -> 2 | M54: =MATCH(M53*10,梦灵属性!$K$56:$K$67,1)+1 -> 2 | N54: =MATCH(N53*10,梦灵属性!$K$56:$K$67,1)+1 -> 2 | O54: =MATCH(O53*10,梦灵属性!$K$56:$K$67,1)+1 -> 3
C56: 1 | D56: 2 | E56: 3 | F56: 4 | G56: 5 | H56: 6 | I56: 7 | J56: 8 | K56: 9
C57: =IF(G5>0,G$3,"") -> 51010001 | D57: =IF(H5>0,H$3,"") | E57: =IF(I5>0,I$3,"") -> 51010003 | F57: =IF(J5>0,J$3,"") -> 51010004 | G57: =IF(K5>0,K$3,"") | H57: =IF(L5>0,L$3,"") | I57: =IF(M5>0,M$3,"") | J57: =IF(N5>0,N$3,"") | K57: =IF(O5>0,O$3,"") | L57: {=SUMPRODUCT($G$3:$O$3,--($G5:$O5>1))} -> 51010001
C58: =IF(G6>0,G$3,"") -> 51010001 | D58: =IF(H6>0,H$3,"") | E58: =IF(I6>0,I$3,"") -> 51010003 | F58: =IF(J6>0,J$3,"") -> 51010004 | G58: =IF(K6>0,K$3,"") | H58: =IF(L6>0,L$3,"") | I58: =IF(M6>0,M$3,"") | J58: =IF(N6>0,N$3,"") | K58: =IF(O6>0,O$3,"") | L58: {=SUMPRODUCT($G$3:$O$3,--($G6:$O6>1))} -> 0
C59: =IF(G7>0,G$3,"") | D59: =IF(H7>0,H$3,"") | E59: =IF(I7>0,I$3,"") | F59: =IF(J7>0,J$3,"") | G59: =IF(K7>0,K$3,"") | H59: =IF(L7>0,L$3,"") | I59: =IF(M7>0,M$3,"") | J59: =IF(N7>0,N$3,"") | K59: =IF(O7>0,O$3,"") | L59: {=SUMPRODUCT($G$3:$O$3,--($G7:$O7>1))} -> 0 | U59: =25080/16591 -> 1.5116629
C60: =IF(G8>0,G$3,"") | D60: =IF(H8>0,H$3,"") | E60: =IF(I8>0,I$3,"") | F60: =IF(J8>0,J$3,"") | G60: =IF(K8>0,K$3,"") | H60: =IF(L8>0,L$3,"") | I60: =IF(M8>0,M$3,"") | J60: =IF(N8>0,N$3,"") | K60: =IF(O8>0,O$3,"") | L60: {=SUMPRODUCT($G$3:$O$3,--($G8:$O8>1))} -> 0
C61: =IF(G9>0,G$3,"") | D61: =IF(H9>0,H$3,"") | E61: =IF(I9>0,I$3,"") | F61: =IF(J9>0,J$3,"") | G61: =IF(K9>0,K$3,"") -> 51010005 | H61: =IF(L9>0,L$3,"") | I61: =IF(M9>0,M$3,"") | J61: =IF(N9>0,N$3,"") | K61: =IF(O9>0,O$3,"") | L61: {=SUMPRODUCT($G$3:$O$3,--($G9:$O9>1))} -> 0
C62: =IF(G10>0,G$3,"") | D62: =IF(H10>0,H$3,"") | E62: =IF(I10>0,I$3,"") | F62: =IF(J10>0,J$3,"") | G62: =IF(K10>0,K$3,"") | H62: =IF(L10>0,L$3,"") | I62: =IF(M10>0,M$3,"") | J62: =IF(N10>0,N$3,"") | K62: =IF(O10>0,O$3,"") | L62: {=SUMPRODUCT($G$3:$O$3,--($G10:$O10>1))} -> 0
C63: =IF(G11>0,G$3,"") | D63: =IF(H11>0,H$3,"") | E63: =IF(I11>0,I$3,"") | F63: =IF(J11>0,J$3,"") | G63: =IF(K11>0,K$3,"") | H63: =IF(L11>0,L$3,"") | I63: =IF(M11>0,M$3,"") | J63: =IF(N11>0,N$3,"") | K63: =IF(O11>0,O$3,"") | L63: {=SUMPRODUCT($G$3:$O$3,--($G11:$O11>1))} -> 0
C64: =IF(G12>0,G$3,"") | D64: =IF(H12>0,H$3,"") | E64: =IF(I12>0,I$3,"") | F64: =IF(J12>0,J$3,"") | G64: =IF(K12>0,K$3,"") | H64: =IF(L12>0,L$3,"") | I64: =IF(M12>0,M$3,"") | J64: =IF(N12>0,N$3,"") | K64: =IF(O12>0,O$3,"") | L64: {=SUMPRODUCT($G$3:$O$3,--($G12:$O12>1))} -> 0
C65: =IF(G13>0,G$3,"") | D65: =IF(H13>0,H$3,"") | E65: =IF(I13>0,I$3,"") | F65: =IF(J13>0,J$3,"") | G65: =IF(K13>0,K$3,"") | H65: =IF(L13>0,L$3,"") -> 51010006 | I65: =IF(M13>0,M$3,"") | J65: =IF(N13>0,N$3,"") | K65: =IF(O13>0,O$3,"") | L65: {=SUMPRODUCT($G$3:$O$3,--($G13:$O13>1))} -> 0
C66: =IF(G14>0,G$3,"") | D66: =IF(H14>0,H$3,"") | E66: =IF(I14>0,I$3,"") | F66: =IF(J14>0,J$3,"") | G66: =IF(K14>0,K$3,"") | H66: =IF(L14>0,L$3,"") | I66: =IF(M14>0,M$3,"") | J66: =IF(N14>0,N$3,"") | K66: =IF(O14>0,O$3,"") | L66: {=SUMPRODUCT($G$3:$O$3,--($G14:$O14>1))} -> 0
C67: =IF(G15>0,G$3,"") | D67: =IF(H15>0,H$3,"") | E67: =IF(I15>0,I$3,"") | F67: =IF(J15>0,J$3,"") | G67: =IF(K15>0,K$3,"") | H67: =IF(L15>0,L$3,"") | I67: =IF(M15>0,M$3,"") | J67: =IF(N15>0,N$3,"") | K67: =IF(O15>0,O$3,"") | L67: {=SUMPRODUCT($G$3:$O$3,--($G15:$O15>1))} -> 0
C68: =IF(G16>0,G$3,"") | D68: =IF(H16>0,H$3,"") | E68: =IF(I16>0,I$3,"") | F68: =IF(J16>0,J$3,"") | G68: =IF(K16>0,K$3,"") | H68: =IF(L16>0,L$3,"") | I68: =IF(M16>0,M$3,"") | J68: =IF(N16>0,N$3,"") | K68: =IF(O16>0,O$3,"") | L68: {=SUMPRODUCT($G$3:$O$3,--($G16:$O16>1))} -> 0
C69: =IF(G17>0,G$3,"") | D69: =IF(H17>0,H$3,"") | E69: =IF(I17>0,I$3,"") | F69: =IF(J17>0,J$3,"") | G69: =IF(K17>0,K$3,"") | H69: =IF(L17>0,L$3,"") | I69: =IF(M17>0,M$3,"") | J69: =IF(N17>0,N$3,"") | K69: =IF(O17>0,O$3,"") | L69: {=SUMPRODUCT($G$3:$O$3,--($G17:$O17>1))} -> 0
C70: =IF(G18>0,G$3,"") | D70: =IF(H18>0,H$3,"") | E70: =IF(I18>0,I$3,"") | F70: =IF(J18>0,J$3,"") | G70: =IF(K18>0,K$3,"") | H70: =IF(L18>0,L$3,"") | I70: =IF(M18>0,M$3,"") | J70: =IF(N18>0,N$3,"") | K70: =IF(O18>0,O$3,"") | L70: {=SUMPRODUCT($G$3:$O$3,--($G18:$O18>1))} -> 0
C71: =IF(G19>0,G$3,"") | D71: =IF(H19>0,H$3,"") | E71: =IF(I19>0,I$3,"") | F71: =IF(J19>0,J$3,"") | G71: =IF(K19>0,K$3,"") | H71: =IF(L19>0,L$3,"") | I71: =IF(M19>0,M$3,"") | J71: =IF(N19>0,N$3,"") | K71: =IF(O19>0,O$3,"") | L71: {=SUMPRODUCT($G$3:$O$3,--($G19:$O19>1))} -> 0
... C81: =IF(G29>0,G$3,"") | D81: =IF(H29>0,H$3,"") | E81: =IF(I29>0,I$3,"") | F81: =IF(J29>0,J$3,"") | G81: =IF(K29>0,K$3,"") | H81: =IF(L29>0,L$3,"") | I81: =IF(M29>0,M$3,"") | J81: =IF(N29>0,N$3,"") | K81: =IF(O29>0,O$3,"") | L81: {=SUMPRODUCT($G$3:$O$3,--($G29:$O29>1))} -> 0
C82: =IF(G30>0,G$3,"") | D82: =IF(H30>0,H$3,"") | E82: =IF(I30>0,I$3,"") | F82: =IF(J30>0,J$3,"") | G82: =IF(K30>0,K$3,"") | H82: =IF(L30>0,L$3,"") | I82: =IF(M30>0,M$3,"") | J82: =IF(N30>0,N$3,"") | K82: =IF(O30>0,O$3,"") | L82: {=SUMPRODUCT($G$3:$O$3,--($G30:$O30>1))} -> 0 | W82: 保底
C83: =IF(G31>0,G$3,"") | D83: =IF(H31>0,H$3,"") | E83: =IF(I31>0,I$3,"") | F83: =IF(J31>0,J$3,"") | G83: =IF(K31>0,K$3,"") | H83: =IF(L31>0,L$3,"") | I83: =IF(M31>0,M$3,"") | J83: =IF(N31>0,N$3,"") | K83: =IF(O31>0,O$3,"") | L83: {=SUMPRODUCT($G$3:$O$3,--($G31:$O31>1))} -> 0
C84: =IF(G32>0,G$3,"") | D84: =IF(H32>0,H$3,"") | E84: =IF(I32>0,I$3,"") | F84: =IF(J32>0,J$3,"") | G84: =IF(K32>0,K$3,"") | H84: =IF(L32>0,L$3,"") | I84: =IF(M32>0,M$3,"") | J84: =IF(N32>0,N$3,"") | K84: =IF(O32>0,O$3,"") | L84: {=SUMPRODUCT($G$3:$O$3,--($G32:$O32>1))} -> 0
C85: =IF(G33>0,G$3,"") | D85: =IF(H33>0,H$3,"") | E85: =IF(I33>0,I$3,"") | F85: =IF(J33>0,J$3,"") | G85: =IF(K33>0,K$3,"") | H85: =IF(L33>0,L$3,"") | I85: =IF(M33>0,M$3,"") | J85: =IF(N33>0,N$3,"") | K85: =IF(O33>0,O$3,"") | L85: {=SUMPRODUCT($G$3:$O$3,--($G33:$O33>1))} -> 0
C86: =IF(G34>0,G$3,"") | D86: =IF(H34>0,H$3,"") | E86: =IF(I34>0,I$3,"") | F86: =IF(J34>0,J$3,"") | G86: =IF(K34>0,K$3,"") | H86: =IF(L34>0,L$3,"") | I86: =IF(M34>0,M$3,"") | J86: =IF(N34>0,N$3,"") | K86: =IF(O34>0,O$3,"") | L86: {=SUMPRODUCT($G$3:$O$3,--($G34:$O34>1))} -> 0
C87: =IF(G35>0,G$3,"") | D87: =IF(H35>0,H$3,"") | E87: =IF(I35>0,I$3,"") | F87: =IF(J35>0,J$3,"") | G87: =IF(K35>0,K$3,"") | H87: =IF(L35>0,L$3,"") | I87: =IF(M35>0,M$3,"") | J87: =IF(N35>0,N$3,"") | K87: =IF(O35>0,O$3,"") | L87: {=SUMPRODUCT($G$3:$O$3,--($G35:$O35>1))} -> 0
C88: =IF(G36>0,G$3,"") | D88: =IF(H36>0,H$3,"") | E88: =IF(I36>0,I$3,"") | F88: =IF(J36>0,J$3,"") | G88: =IF(K36>0,K$3,"") | H88: =IF(L36>0,L$3,"") | I88: =IF(M36>0,M$3,"") | J88: =IF(N36>0,N$3,"") | K88: =IF(O36>0,O$3,"") -> 51010009 | L88: {=SUMPRODUCT($G$3:$O$3,--($G36:$O36>1))} -> 51010009
C89: =IF(G37>0,G$3,"") | D89: =IF(H37>0,H$3,"") | E89: =IF(I37>0,I$3,"") | F89: =IF(J37>0,J$3,"") | G89: =IF(K37>0,K$3,"") | H89: =IF(L37>0,L$3,"") | I89: =IF(M37>0,M$3,"") | J89: =IF(N37>0,N$3,"") | K89: =IF(O37>0,O$3,"") | L89: {=SUMPRODUCT($G$3:$O$3,--($G37:$O37>1))} -> 0
C90: =IF(G38>0,G$3,"") | D90: =IF(H38>0,H$3,"") | E90: =IF(I38>0,I$3,"") | F90: =IF(J38>0,J$3,"") | G90: =IF(K38>0,K$3,"") | H90: =IF(L38>0,L$3,"") | I90: =IF(M38>0,M$3,"") | J90: =IF(N38>0,N$3,"") | K90: =IF(O38>0,O$3,"") | L90: {=SUMPRODUCT($G$3:$O$3,--($G38:$O38>1))} -> 0
C91: =IF(G39>0,G$3,"") | D91: =IF(H39>0,H$3,"") | E91: =IF(I39>0,I$3,"") | F91: =IF(J39>0,J$3,"") | G91: =IF(K39>0,K$3,"") | H91: =IF(L39>0,L$3,"") | I91: =IF(M39>0,M$3,"") | J91: =IF(N39>0,N$3,"") | K91: =IF(O39>0,O$3,"") | L91: {=SUMPRODUCT($G$3:$O$3,--($G39:$O39>1))} -> 0
C92: =IF(G40>0,G$3,"") | D92: =IF(H40>0,H$3,"") | E92: =IF(I40>0,I$3,"") | F92: =IF(J40>0,J$3,"") | G92: =IF(K40>0,K$3,"") | H92: =IF(L40>0,L$3,"") | I92: =IF(M40>0,M$3,"") | J92: =IF(N40>0,N$3,"") | K92: =IF(O40>0,O$3,"") | L92: {=SUMPRODUCT($G$3:$O$3,--($G40:$O40>1))} -> 0
C93: =IF(G41>0,G$3,"") | D93: =IF(H41>0,H$3,"") | E93: =IF(I41>0,I$3,"") | F93: =IF(J41>0,J$3,"") | G93: =IF(K41>0,K$3,"") | H93: =IF(L41>0,L$3,"") | I93: =IF(M41>0,M$3,"") | J93: =IF(N41>0,N$3,"") | K93: =IF(O41>0,O$3,"") | L93: {=SUMPRODUCT($G$3:$O$3,--($G41:$O41>1))} -> 0
C94: =IF(G42>0,G$3,"") | D94: =IF(H42>0,H$3,"") | E94: =IF(I42>0,I$3,"") | F94: =IF(J42>0,J$3,"") | G94: =IF(K42>0,K$3,"") | H94: =IF(L42>0,L$3,"") | I94: =IF(M42>0,M$3,"") | J94: =IF(N42>0,N$3,"") | K94: =IF(O42>0,O$3,"") | L94: {=SUMPRODUCT($G$3:$O$3,--($G42:$O42>1))} -> 0
... C101: =IF(G49>0,G$3,"") | D101: =IF(H49>0,H$3,"") | E101: =IF(I49>0,I$3,"") | F101: =IF(J49>0,J$3,"") | G101: =IF(K49>0,K$3,"") | H101: =IF(L49>0,L$3,"") | I101: =IF(M49>0,M$3,"") | J101: =IF(N49>0,N$3,"") | K101: =IF(O49>0,O$3,"") | L101: {=SUMPRODUCT($G$3:$O$3,--($G49:$O49>1))} -> 0
N103: 1 | O103: 2 | P103: 3 | Q103: 4 | R103: 5 | S103: 6 | T103: 7 | U103: 8 | V103: 9 | W103: 10 | AC103: 1 | AD103: 1 | AE103: 1
A104: ="["&_xlfn.TEXTJOIN(",",1,C104:L148)&"]" -> [{1,1,[51010003]},{2,2,[50010003]},{3,3,[50010003]},{4,4,[50010004]},{5,5,[51010001]},{6,6,[50010000]},{7,7,[50010003]},{8,8,[51010001]},{9,9,[50010001]},{10,10,[51010004]},{11,11,[51010002]},{12,12,[50010003]},{13,13,[51010003]},{14,14,[50010003]},{15,15,[50010001]},{16,16,[51010001]},{17,17,[50010004]},{18,18,[50010003]},{19,19,[50010001]},{20,20,[51010002]},{21,21,[51010001]},{22,22,[50010004]},{23,23,[50010003]},{24,24,[50010001]},{25,25,[51010003]},{26,26,[50010003]},{27,27,[51010001]},{28,28,[50010003]},{29,29,[50010001]},{30,30,[51010004]},{41,41,[51010005]},{81,81,[51010006]},{161,161,[51010007]},{223,223,[51010008]},{311,311,[51010009]},{312,312,[51010009]}] | B104: 0 | C104: =IF(N104="","","{"&N104+$B104&","&N104+$B104&",["&I152&"]}") -> {1,1,[51010003]} | D104: =IF(O104="","","{"&O104+$B104&","&O104+$B104&",["&J152&"]}") -> {2,2,[50010003]} | E104: =IF(P104="","","{"&P104+$B104&","&P104+$B104&",["&K152&"]}") -> {3,3,[50010003]} | F104: =IF(Q104="","","{"&Q104+$B104&","&Q104+$B104&",["&L152&"]}") -> {4,4,[50010004]} | G104: =IF(R104="","","{"&R104+$B104&","&R104+$B104&",["&M152&"]}") -> {5,5,[51010001]} | H104: =IF(S104="","","{"&S104+$B104&","&S104+$B104&",["&N152&"]}") -> {6,6,[50010000]} | I104: =IF(T104="","","{"&T104+$B104&","&T104+$B104&",["&O152&"]}") -> {7,7,[50010003]} | J104: =IF(U104="","","{"&U104+$B104&","&U104+$B104&",["&P152&"]}") -> {8,8,[51010001]} | ... L104: =IF(W104="","","{"&W104+$B104&","&W104+$B104&",["&R152&"]}") -> {10,10,[51010004]} | N104: 1 | O104: 2 | P104: 3 | Q104: 4 | R104: 5 | S104: 6 | T104: 7 | U104: 8 | V104: 9 | W104: 10 | AC104: =IFERROR(MATCH(SUM(G$5:G5)+Q$3,$AA$5:$AA$34,1),0) -> 3 | AD104: =IFERROR(MATCH(SUM(H$5:H5)+R$3,$AA$5:$AA$34,1),0) -> 1 | AE104: =IFERROR(MATCH(SUM(I$5:I5)+S$3,$AA$5:$AA$34,1),0) -> 2 | AF104: =IFERROR(MATCH(SUM(J$5:J5)+T$3,$AA$5:$AA$34,1),0) -> 1 | AG104: =IFERROR(MATCH(SUM(K$5:K5)+U$3,$AA$5:$AA$34,1),0) -> 0 | AH104: =IFERROR(MATCH(SUM(L$5:L5)+V$3,$AA$5:$AA$34,1),0) -> 0 | AI104: =IFERROR(MATCH(SUM(M$5:M5)+W$3,$AA$5:$AA$34,1),0) -> 0 | AJ104: =IFERROR(MATCH(SUM(N$5:N5)+X$3,$AA$5:$AA$34,1),0) -> 0 | AK104: =IFERROR(MATCH(SUM(O$5:O5)+Y$3,$AA$5:$AA$34,1),0) -> 0
B105: 10 | C105: =IF(N105="","","{"&N105+$B105&","&N105+$B105&",["&I153&"]}") -> {11,11,[51010002]} | D105: =IF(O105="","","{"&O105+$B105&","&O105+$B105&",["&J153&"]}") -> {12,12,[50010003]} | E105: =IF(P105="","","{"&P105+$B105&","&P105+$B105&",["&K153&"]}") -> {13,13,[51010003]} | F105: =IF(Q105="","","{"&Q105+$B105&","&Q105+$B105&",["&L153&"]}") -> {14,14,[50010003]} | G105: =IF(R105="","","{"&R105+$B105&","&R105+$B105&",["&M153&"]}") -> {15,15,[50010001]} | H105: =IF(S105="","","{"&S105+$B105&","&S105+$B105&",["&N153&"]}") -> {16,16,[51010001]} | I105: =IF(T105="","","{"&T105+$B105&","&T105+$B105&",["&O153&"]}") -> {17,17,[50010004]} | J105: =IF(U105="","","{"&U105+$B105&","&U105+$B105&",["&P153&"]}") -> {18,18,[50010003]} | ... L105: =IF(W105="","","{"&W105+$B105&","&W105+$B105&",["&R153&"]}") -> {20,20,[51010002]} | N105: 1 | O105: 2 | P105: 3 | Q105: 4 | R105: 5 | S105: 6 | T105: 7 | U105: 8 | V105: 9 | W105: 10 | AC105: =IFERROR(MATCH(SUM(G$5:G6)+Q$3,$AA$5:$AA$34,1),0) -> 4 | AD105: =IFERROR(MATCH(SUM(H$5:H6)+R$3,$AA$5:$AA$34,1),0) -> 1 | AE105: =IFERROR(MATCH(SUM(I$5:I6)+S$3,$AA$5:$AA$34,1),0) -> 3 | AF105: =IFERROR(MATCH(SUM(J$5:J6)+T$3,$AA$5:$AA$34,1),0) -> 2 | AG105: =IFERROR(MATCH(SUM(K$5:K6)+U$3,$AA$5:$AA$34,1),0) -> 0 | AH105: =IFERROR(MATCH(SUM(L$5:L6)+V$3,$AA$5:$AA$34,1),0) -> 0 | AI105: =IFERROR(MATCH(SUM(M$5:M6)+W$3,$AA$5:$AA$34,1),0) -> 0 | AJ105: =IFERROR(MATCH(SUM(N$5:N6)+X$3,$AA$5:$AA$34,1),0) -> 0 | AK105: =IFERROR(MATCH(SUM(O$5:O6)+Y$3,$AA$5:$AA$34,1),0) -> 0
B106: 20 | C106: =IF(N106="","","{"&N106+$B106&","&N106+$B106&",["&I154&"]}") -> {21,21,[51010001]} | D106: =IF(O106="","","{"&O106+$B106&","&O106+$B106&",["&J154&"]}") -> {22,22,[50010004]} | E106: =IF(P106="","","{"&P106+$B106&","&P106+$B106&",["&K154&"]}") -> {23,23,[50010003]} | F106: =IF(Q106="","","{"&Q106+$B106&","&Q106+$B106&",["&L154&"]}") -> {24,24,[50010001]} | G106: =IF(R106="","","{"&R106+$B106&","&R106+$B106&",["&M154&"]}") -> {25,25,[51010003]} | H106: =IF(S106="","","{"&S106+$B106&","&S106+$B106&",["&N154&"]}") -> {26,26,[50010003]} | I106: =IF(T106="","","{"&T106+$B106&","&T106+$B106&",["&O154&"]}") -> {27,27,[51010001]} | J106: =IF(U106="","","{"&U106+$B106&","&U106+$B106&",["&P154&"]}") -> {28,28,[50010003]} | ... M106: =IF(X106="","","{"&X106+$B106&","&X106+$B106&",["&S154&"]}") | N106: 1 | O106: 2 | P106: 3 | Q106: 4 | R106: 5 | S106: 6 | T106: 7 | U106: 8 | V106: 9 | W106: 10 | AC106: =IFERROR(MATCH(SUM(G$5:G7)+Q$3,$AA$5:$AA$34,1),0) -> 4 | AD106: =IFERROR(MATCH(SUM(H$5:H7)+R$3,$AA$5:$AA$34,1),0) -> 1 | AE106: =IFERROR(MATCH(SUM(I$5:I7)+S$3,$AA$5:$AA$34,1),0) -> 3 | AF106: =IFERROR(MATCH(SUM(J$5:J7)+T$3,$AA$5:$AA$34,1),0) -> 2 | AG106: =IFERROR(MATCH(SUM(K$5:K7)+U$3,$AA$5:$AA$34,1),0) -> 0 | AH106: =IFERROR(MATCH(SUM(L$5:L7)+V$3,$AA$5:$AA$34,1),0) -> 0 | AI106: =IFERROR(MATCH(SUM(M$5:M7)+W$3,$AA$5:$AA$34,1),0) -> 0 | AJ106: =IFERROR(MATCH(SUM(N$5:N7)+X$3,$AA$5:$AA$34,1),0) -> 0 | AK106: =IFERROR(MATCH(SUM(O$5:O7)+Y$3,$AA$5:$AA$34,1),0) -> 0
B107: 30 | C107: =IF(N107="","","{"&N107+$B107&","&N107+$B107&",["&I155&"]}") | D107: =IF(O107="","","{"&O107+$B107&","&O107+$B107&",["&J155&"]}") | E107: =IF(P107="","","{"&P107+$B107&","&P107+$B107&",["&K155&"]}") | F107: =IF(Q107="","","{"&Q107+$B107&","&Q107+$B107&",["&L155&"]}") | G107: =IF(R107="","","{"&R107+$B107&","&R107+$B107&",["&M155&"]}") | N107: =IF($F8>=N$103,H107+INT(RAND()*3+1),"") | O107: =IF($F8>=O$103,N107+INT(RAND()*3+1),"") | P107: =IF($F8>=P$103,O107+INT(RAND()*3+1),"") | Q107: =IF($F8>=Q$103,MIN(P107+INT(RAND()*3+1),10),"") | R107: =IF($F8>=R$103,MIN(Q107+INT(RAND()*3+1),10),"") | AC107: =IFERROR(MATCH(SUM(G$5:G8)+Q$3,$AA$5:$AA$34,1),0) -> 4 | AD107: =IFERROR(MATCH(SUM(H$5:H8)+R$3,$AA$5:$AA$34,1),0) -> 1 | AE107: =IFERROR(MATCH(SUM(I$5:I8)+S$3,$AA$5:$AA$34,1),0) -> 3 | AF107: =IFERROR(MATCH(SUM(J$5:J8)+T$3,$AA$5:$AA$34,1),0) -> 2 | AG107: =IFERROR(MATCH(SUM(K$5:K8)+U$3,$AA$5:$AA$34,1),0) -> 0 | AH107: =IFERROR(MATCH(SUM(L$5:L8)+V$3,$AA$5:$AA$34,1),0) -> 0 | AI107: =IFERROR(MATCH(SUM(M$5:M8)+W$3,$AA$5:$AA$34,1),0) -> 0 | AJ107: =IFERROR(MATCH(SUM(N$5:N8)+X$3,$AA$5:$AA$34,1),0) -> 0 | AK107: =IFERROR(MATCH(SUM(O$5:O8)+Y$3,$AA$5:$AA$34,1),0) -> 0
B108: 40 | C108: =IF(N108="","","{"&N108+$B108&","&N108+$B108&",["&I156&"]}") -> {41,41,[51010005]} | D108: =IF(O108="","","{"&O108+$B108&","&O108+$B108&",["&J156&"]}") | E108: =IF(P108="","","{"&P108+$B108&","&P108+$B108&",["&K156&"]}") | F108: =IF(Q108="","","{"&Q108+$B108&","&Q108+$B108&",["&L156&"]}") | G108: =IF(R108="","","{"&R108+$B108&","&R108+$B108&",["&M156&"]}") | N108: =IF($F9>=N$103,H108+INT(RAND()*3+1),"") -> 1 | O108: =IF($F9>=O$103,N108+INT(RAND()*3+1),"") | P108: =IF($F9>=P$103,O108+INT(RAND()*3+1),"") | Q108: =IF($F9>=Q$103,MIN(P108+INT(RAND()*3+1),10),"") | R108: =IF($F9>=R$103,MIN(Q108+INT(RAND()*3+1),10),"") | AC108: =IFERROR(MATCH(SUM(G$5:G9)+Q$3,$AA$5:$AA$34,1),0) -> 4 | AD108: =IFERROR(MATCH(SUM(H$5:H9)+R$3,$AA$5:$AA$34,1),0) -> 1 | AE108: =IFERROR(MATCH(SUM(I$5:I9)+S$3,$AA$5:$AA$34,1),0) -> 3 | AF108: =IFERROR(MATCH(SUM(J$5:J9)+T$3,$AA$5:$AA$34,1),0) -> 2 | AG108: =IFERROR(MATCH(SUM(K$5:K9)+U$3,$AA$5:$AA$34,1),0) -> 1 | AH108: =IFERROR(MATCH(SUM(L$5:L9)+V$3,$AA$5:$AA$34,1),0) -> 0 | AI108: =IFERROR(MATCH(SUM(M$5:M9)+W$3,$AA$5:$AA$34,1),0) -> 0 | AJ108: =IFERROR(MATCH(SUM(N$5:N9)+X$3,$AA$5:$AA$34,1),0) -> 0 | AK108: =IFERROR(MATCH(SUM(O$5:O9)+Y$3,$AA$5:$AA$34,1),0) -> 0
B109: 50 | C109: =IF(N109="","","{"&N109+$B109&","&N109+$B109&",["&I157&"]}") | D109: =IF(O109="","","{"&O109+$B109&","&O109+$B109&",["&J157&"]}") | E109: =IF(P109="","","{"&P109+$B109&","&P109+$B109&",["&K157&"]}") | F109: =IF(Q109="","","{"&Q109+$B109&","&Q109+$B109&",["&L157&"]}") | G109: =IF(R109="","","{"&R109+$B109&","&R109+$B109&",["&M157&"]}") | N109: =IF($F10>=N$103,H109+INT(RAND()*3+1),"") | O109: =IF($F10>=O$103,N109+INT(RAND()*3+1),"") | P109: =IF($F10>=P$103,O109+INT(RAND()*3+1),"") | Q109: =IF($F10>=Q$103,MIN(P109+INT(RAND()*3+1),10),"") | R109: =IF($F10>=R$103,MIN(Q109+INT(RAND()*3+1),10),"") | AC109: =IFERROR(MATCH(SUM(G$5:G10)+Q$3,$AA$5:$AA$34,1),0) -> 4 | AD109: =IFERROR(MATCH(SUM(H$5:H10)+R$3,$AA$5:$AA$34,1),0) -> 1 | AE109: =IFERROR(MATCH(SUM(I$5:I10)+S$3,$AA$5:$AA$34,1),0) -> 3 | AF109: =IFERROR(MATCH(SUM(J$5:J10)+T$3,$AA$5:$AA$34,1),0) -> 2 | AG109: =IFERROR(MATCH(SUM(K$5:K10)+U$3,$AA$5:$AA$34,1),0) -> 1 | AH109: =IFERROR(MATCH(SUM(L$5:L10)+V$3,$AA$5:$AA$34,1),0) -> 0 | AI109: =IFERROR(MATCH(SUM(M$5:M10)+W$3,$AA$5:$AA$34,1),0) -> 0 | AJ109: =IFERROR(MATCH(SUM(N$5:N10)+X$3,$AA$5:$AA$34,1),0) -> 0 | AK109: =IFERROR(MATCH(SUM(O$5:O10)+Y$3,$AA$5:$AA$34,1),0) -> 0
B110: 60 | C110: =IF(N110="","","{"&N110+$B110&","&N110+$B110&",["&I158&"]}") | D110: =IF(O110="","","{"&O110+$B110&","&O110+$B110&",["&J158&"]}") | E110: =IF(P110="","","{"&P110+$B110&","&P110+$B110&",["&K158&"]}") | F110: =IF(Q110="","","{"&Q110+$B110&","&Q110+$B110&",["&L158&"]}") | G110: =IF(R110="","","{"&R110+$B110&","&R110+$B110&",["&M158&"]}") | N110: =IF($F11>=N$103,H110+INT(RAND()*3+1),"") | O110: =IF($F11>=O$103,N110+INT(RAND()*3+1),"") | P110: =IF($F11>=P$103,O110+INT(RAND()*3+1),"") | Q110: =IF($F11>=Q$103,MIN(P110+INT(RAND()*3+1),10),"") | R110: =IF($F11>=R$103,MIN(Q110+INT(RAND()*3+1),10),"") | AC110: =IFERROR(MATCH(SUM(G$5:G11)+Q$3,$AA$5:$AA$34,1),0) -> 4 | AD110: =IFERROR(MATCH(SUM(H$5:H11)+R$3,$AA$5:$AA$34,1),0) -> 1 | AE110: =IFERROR(MATCH(SUM(I$5:I11)+S$3,$AA$5:$AA$34,1),0) -> 3 | AF110: =IFERROR(MATCH(SUM(J$5:J11)+T$3,$AA$5:$AA$34,1),0) -> 2 | AG110: =IFERROR(MATCH(SUM(K$5:K11)+U$3,$AA$5:$AA$34,1),0) -> 1 | AH110: =IFERROR(MATCH(SUM(L$5:L11)+V$3,$AA$5:$AA$34,1),0) -> 0 | AI110: =IFERROR(MATCH(SUM(M$5:M11)+W$3,$AA$5:$AA$34,1),0) -> 0 | AJ110: =IFERROR(MATCH(SUM(N$5:N11)+X$3,$AA$5:$AA$34,1),0) -> 0 | AK110: =IFERROR(MATCH(SUM(O$5:O11)+Y$3,$AA$5:$AA$34,1),0) -> 0
B111: 70 | C111: =IF(N111="","","{"&N111+$B111&","&N111+$B111&",["&I159&"]}") | D111: =IF(O111="","","{"&O111+$B111&","&O111+$B111&",["&J159&"]}") | E111: =IF(P111="","","{"&P111+$B111&","&P111+$B111&",["&K159&"]}") | F111: =IF(Q111="","","{"&Q111+$B111&","&Q111+$B111&",["&L159&"]}") | G111: =IF(R111="","","{"&R111+$B111&","&R111+$B111&",["&M159&"]}") | N111: =IF($F12>=N$103,H111+INT(RAND()*3+1),"") | O111: =IF($F12>=O$103,N111+INT(RAND()*3+1),"") | P111: =IF($F12>=P$103,O111+INT(RAND()*3+1),"") | Q111: =IF($F12>=Q$103,MIN(P111+INT(RAND()*3+1),10),"") | R111: =IF($F12>=R$103,MIN(Q111+INT(RAND()*3+1),10),"") | AC111: =IFERROR(MATCH(SUM(G$5:G12)+Q$3,$AA$5:$AA$34,1),0) -> 4 | AD111: =IFERROR(MATCH(SUM(H$5:H12)+R$3,$AA$5:$AA$34,1),0) -> 1 | AE111: =IFERROR(MATCH(SUM(I$5:I12)+S$3,$AA$5:$AA$34,1),0) -> 3 | AF111: =IFERROR(MATCH(SUM(J$5:J12)+T$3,$AA$5:$AA$34,1),0) -> 2 | AG111: =IFERROR(MATCH(SUM(K$5:K12)+U$3,$AA$5:$AA$34,1),0) -> 1 | AH111: =IFERROR(MATCH(SUM(L$5:L12)+V$3,$AA$5:$AA$34,1),0) -> 0 | AI111: =IFERROR(MATCH(SUM(M$5:M12)+W$3,$AA$5:$AA$34,1),0) -> 0 | AJ111: =IFERROR(MATCH(SUM(N$5:N12)+X$3,$AA$5:$AA$34,1),0) -> 0 | AK111: =IFERROR(MATCH(SUM(O$5:O12)+Y$3,$AA$5:$AA$34,1),0) -> 0
B112: 80 | C112: =IF(N112="","","{"&N112+$B112&","&N112+$B112&",["&I160&"]}") -> {81,81,[51010006]} | D112: =IF(O112="","","{"&O112+$B112&","&O112+$B112&",["&J160&"]}") | E112: =IF(P112="","","{"&P112+$B112&","&P112+$B112&",["&K160&"]}") | F112: =IF(Q112="","","{"&Q112+$B112&","&Q112+$B112&",["&L160&"]}") | G112: =IF(R112="","","{"&R112+$B112&","&R112+$B112&",["&M160&"]}") | N112: =IF($F13>=N$103,H112+INT(RAND()*3+1),"") -> 1 | O112: =IF($F13>=O$103,N112+INT(RAND()*3+1),"") | P112: =IF($F13>=P$103,O112+INT(RAND()*3+1),"") | Q112: =IF($F13>=Q$103,MIN(P112+INT(RAND()*3+1),10),"") | R112: =IF($F13>=R$103,MIN(Q112+INT(RAND()*3+1),10),"") | AC112: =IFERROR(MATCH(SUM(G$5:G13)+Q$3,$AA$5:$AA$34,1),0) -> 4 | AD112: =IFERROR(MATCH(SUM(H$5:H13)+R$3,$AA$5:$AA$34,1),0) -> 1 | AE112: =IFERROR(MATCH(SUM(I$5:I13)+S$3,$AA$5:$AA$34,1),0) -> 3 | AF112: =IFERROR(MATCH(SUM(J$5:J13)+T$3,$AA$5:$AA$34,1),0) -> 2 | AG112: =IFERROR(MATCH(SUM(K$5:K13)+U$3,$AA$5:$AA$34,1),0) -> 1 | AH112: =IFERROR(MATCH(SUM(L$5:L13)+V$3,$AA$5:$AA$34,1),0) -> 1 | AI112: =IFERROR(MATCH(SUM(M$5:M13)+W$3,$AA$5:$AA$34,1),0) -> 0 | AJ112: =IFERROR(MATCH(SUM(N$5:N13)+X$3,$AA$5:$AA$34,1),0) -> 0 | AK112: =IFERROR(MATCH(SUM(O$5:O13)+Y$3,$AA$5:$AA$34,1),0) -> 0
B113: 90 | C113: =IF(N113="","","{"&N113+$B113&","&N113+$B113&",["&I161&"]}") | D113: =IF(O113="","","{"&O113+$B113&","&O113+$B113&",["&J161&"]}") | E113: =IF(P113="","","{"&P113+$B113&","&P113+$B113&",["&K161&"]}") | F113: =IF(Q113="","","{"&Q113+$B113&","&Q113+$B113&",["&L161&"]}") | G113: =IF(R113="","","{"&R113+$B113&","&R113+$B113&",["&M161&"]}") | N113: =IF($F14>=N$103,H113+INT(RAND()*3+1),"") | O113: =IF($F14>=O$103,N113+INT(RAND()*3+1),"") | P113: =IF($F14>=P$103,O113+INT(RAND()*3+1),"") | Q113: =IF($F14>=Q$103,MIN(P113+INT(RAND()*3+1),10),"") | R113: =IF($F14>=R$103,MIN(Q113+INT(RAND()*3+1),10),"") | AC113: =IFERROR(MATCH(SUM(G$5:G14)+Q$3,$AA$5:$AA$34,1),0) -> 4 | AD113: =IFERROR(MATCH(SUM(H$5:H14)+R$3,$AA$5:$AA$34,1),0) -> 1 | AE113: =IFERROR(MATCH(SUM(I$5:I14)+S$3,$AA$5:$AA$34,1),0) -> 3 | AF113: =IFERROR(MATCH(SUM(J$5:J14)+T$3,$AA$5:$AA$34,1),0) -> 2 | AG113: =IFERROR(MATCH(SUM(K$5:K14)+U$3,$AA$5:$AA$34,1),0) -> 1 | AH113: =IFERROR(MATCH(SUM(L$5:L14)+V$3,$AA$5:$AA$34,1),0) -> 1 | AI113: =IFERROR(MATCH(SUM(M$5:M14)+W$3,$AA$5:$AA$34,1),0) -> 0 | AJ113: =IFERROR(MATCH(SUM(N$5:N14)+X$3,$AA$5:$AA$34,1),0) -> 0 | AK113: =IFERROR(MATCH(SUM(O$5:O14)+Y$3,$AA$5:$AA$34,1),0) -> 0
B114: 100 | C114: =IF(N114="","","{"&N114+$B114&","&N114+$B114&",["&I162&"]}") | D114: =IF(O114="","","{"&O114+$B114&","&O114+$B114&",["&J162&"]}") | E114: =IF(P114="","","{"&P114+$B114&","&P114+$B114&",["&K162&"]}") | F114: =IF(Q114="","","{"&Q114+$B114&","&Q114+$B114&",["&L162&"]}") | G114: =IF(R114="","","{"&R114+$B114&","&R114+$B114&",["&M162&"]}") | N114: =IF($F15>=N$103,H114+INT(RAND()*3+1),"") | O114: =IF($F15>=O$103,N114+INT(RAND()*3+1),"") | P114: =IF($F15>=P$103,O114+INT(RAND()*3+1),"") | Q114: =IF($F15>=Q$103,MIN(P114+INT(RAND()*3+1),10),"") | R114: =IF($F15>=R$103,MIN(Q114+INT(RAND()*3+1),10),"") | AC114: =IFERROR(MATCH(SUM(G$5:G15)+Q$3,$AA$5:$AA$34,1),0) -> 4 | AD114: =IFERROR(MATCH(SUM(H$5:H15)+R$3,$AA$5:$AA$34,1),0) -> 1 | AE114: =IFERROR(MATCH(SUM(I$5:I15)+S$3,$AA$5:$AA$34,1),0) -> 3 | AF114: =IFERROR(MATCH(SUM(J$5:J15)+T$3,$AA$5:$AA$34,1),0) -> 2 | AG114: =IFERROR(MATCH(SUM(K$5:K15)+U$3,$AA$5:$AA$34,1),0) -> 1 | AH114: =IFERROR(MATCH(SUM(L$5:L15)+V$3,$AA$5:$AA$34,1),0) -> 1 | AI114: =IFERROR(MATCH(SUM(M$5:M15)+W$3,$AA$5:$AA$34,1),0) -> 0 | AJ114: =IFERROR(MATCH(SUM(N$5:N15)+X$3,$AA$5:$AA$34,1),0) -> 0 | AK114: =IFERROR(MATCH(SUM(O$5:O15)+Y$3,$AA$5:$AA$34,1),0) -> 0
B115: 110 | C115: =IF(N115="","","{"&N115+$B115&","&N115+$B115&",["&I163&"]}") | D115: =IF(O115="","","{"&O115+$B115&","&O115+$B115&",["&J163&"]}") | E115: =IF(P115="","","{"&P115+$B115&","&P115+$B115&",["&K163&"]}") | F115: =IF(Q115="","","{"&Q115+$B115&","&Q115+$B115&",["&L163&"]}") | G115: =IF(R115="","","{"&R115+$B115&","&R115+$B115&",["&M163&"]}") | N115: =IF($F16>=N$103,H115+INT(RAND()*3+1),"") | O115: =IF($F16>=O$103,N115+INT(RAND()*3+1),"") | P115: =IF($F16>=P$103,O115+INT(RAND()*3+1),"") | Q115: =IF($F16>=Q$103,MIN(P115+INT(RAND()*3+1),10),"") | R115: =IF($F16>=R$103,MIN(Q115+INT(RAND()*3+1),10),"") | AC115: =IFERROR(MATCH(SUM(G$5:G16)+Q$3,$AA$5:$AA$34,1),0) -> 4 | AD115: =IFERROR(MATCH(SUM(H$5:H16)+R$3,$AA$5:$AA$34,1),0) -> 1 | AE115: =IFERROR(MATCH(SUM(I$5:I16)+S$3,$AA$5:$AA$34,1),0) -> 3 | AF115: =IFERROR(MATCH(SUM(J$5:J16)+T$3,$AA$5:$AA$34,1),0) -> 2 | AG115: =IFERROR(MATCH(SUM(K$5:K16)+U$3,$AA$5:$AA$34,1),0) -> 1 | AH115: =IFERROR(MATCH(SUM(L$5:L16)+V$3,$AA$5:$AA$34,1),0) -> 1 | AI115: =IFERROR(MATCH(SUM(M$5:M16)+W$3,$AA$5:$AA$34,1),0) -> 0 | AJ115: =IFERROR(MATCH(SUM(N$5:N16)+X$3,$AA$5:$AA$34,1),0) -> 0 | AK115: =IFERROR(MATCH(SUM(O$5:O16)+Y$3,$AA$5:$AA$34,1),0) -> 0
B116: 120 | C116: =IF(N116="","","{"&N116+$B116&","&N116+$B116&",["&I164&"]}") | D116: =IF(O116="","","{"&O116+$B116&","&O116+$B116&",["&J164&"]}") | E116: =IF(P116="","","{"&P116+$B116&","&P116+$B116&",["&K164&"]}") | F116: =IF(Q116="","","{"&Q116+$B116&","&Q116+$B116&",["&L164&"]}") | G116: =IF(R116="","","{"&R116+$B116&","&R116+$B116&",["&M164&"]}") | N116: =IF($F17>=N$103,H116+INT(RAND()*3+1),"") | O116: =IF($F17>=O$103,N116+INT(RAND()*3+1),"") | P116: =IF($F17>=P$103,O116+INT(RAND()*3+1),"") | Q116: =IF($F17>=Q$103,MIN(P116+INT(RAND()*3+1),10),"") | R116: =IF($F17>=R$103,MIN(Q116+INT(RAND()*3+1),10),"") | AC116: =IFERROR(MATCH(SUM(G$5:G17)+Q$3,$AA$5:$AA$34,1),0) -> 4 | AD116: =IFERROR(MATCH(SUM(H$5:H17)+R$3,$AA$5:$AA$34,1),0) -> 1 | AE116: =IFERROR(MATCH(SUM(I$5:I17)+S$3,$AA$5:$AA$34,1),0) -> 3 | AF116: =IFERROR(MATCH(SUM(J$5:J17)+T$3,$AA$5:$AA$34,1),0) -> 2 | AG116: =IFERROR(MATCH(SUM(K$5:K17)+U$3,$AA$5:$AA$34,1),0) -> 1 | AH116: =IFERROR(MATCH(SUM(L$5:L17)+V$3,$AA$5:$AA$34,1),0) -> 1 | AI116: =IFERROR(MATCH(SUM(M$5:M17)+W$3,$AA$5:$AA$34,1),0) -> 0 | AJ116: =IFERROR(MATCH(SUM(N$5:N17)+X$3,$AA$5:$AA$34,1),0) -> 0 | AK116: =IFERROR(MATCH(SUM(O$5:O17)+Y$3,$AA$5:$AA$34,1),0) -> 0
B117: 130 | C117: =IF(N117="","","{"&N117+$B117&","&N117+$B117&",["&I165&"]}") | D117: =IF(O117="","","{"&O117+$B117&","&O117+$B117&",["&J165&"]}") | E117: =IF(P117="","","{"&P117+$B117&","&P117+$B117&",["&K165&"]}") | F117: =IF(Q117="","","{"&Q117+$B117&","&Q117+$B117&",["&L165&"]}") | G117: =IF(R117="","","{"&R117+$B117&","&R117+$B117&",["&M165&"]}") | N117: =IF($F18>=N$103,H117+INT(RAND()*3+1),"") | O117: =IF($F18>=O$103,N117+INT(RAND()*3+1),"") | P117: =IF($F18>=P$103,O117+INT(RAND()*3+1),"") | Q117: =IF($F18>=Q$103,MIN(P117+INT(RAND()*3+1),10),"") | R117: =IF($F18>=R$103,MIN(Q117+INT(RAND()*3+1),10),"") | AC117: =IFERROR(MATCH(SUM(G$5:G18)+Q$3,$AA$5:$AA$34,1),0) -> 4 | AD117: =IFERROR(MATCH(SUM(H$5:H18)+R$3,$AA$5:$AA$34,1),0) -> 1 | AE117: =IFERROR(MATCH(SUM(I$5:I18)+S$3,$AA$5:$AA$34,1),0) -> 3 | AF117: =IFERROR(MATCH(SUM(J$5:J18)+T$3,$AA$5:$AA$34,1),0) -> 2 | AG117: =IFERROR(MATCH(SUM(K$5:K18)+U$3,$AA$5:$AA$34,1),0) -> 1 | AH117: =IFERROR(MATCH(SUM(L$5:L18)+V$3,$AA$5:$AA$34,1),0) -> 1 | AI117: =IFERROR(MATCH(SUM(M$5:M18)+W$3,$AA$5:$AA$34,1),0) -> 0 | AJ117: =IFERROR(MATCH(SUM(N$5:N18)+X$3,$AA$5:$AA$34,1),0) -> 0 | AK117: =IFERROR(MATCH(SUM(O$5:O18)+Y$3,$AA$5:$AA$34,1),0) -> 0
B118: 140 | C118: =IF(N118="","","{"&N118+$B118&","&N118+$B118&",["&I166&"]}") | D118: =IF(O118="","","{"&O118+$B118&","&O118+$B118&",["&J166&"]}") | E118: =IF(P118="","","{"&P118+$B118&","&P118+$B118&",["&K166&"]}") | F118: =IF(Q118="","","{"&Q118+$B118&","&Q118+$B118&",["&L166&"]}") | G118: =IF(R118="","","{"&R118+$B118&","&R118+$B118&",["&M166&"]}") | N118: =IF($F19>=N$103,H118+INT(RAND()*3+1),"") | O118: =IF($F19>=O$103,N118+INT(RAND()*3+1),"") | P118: =IF($F19>=P$103,O118+INT(RAND()*3+1),"") | Q118: =IF($F19>=Q$103,MIN(P118+INT(RAND()*3+1),10),"") | R118: =IF($F19>=R$103,MIN(Q118+INT(RAND()*3+1),10),"") | AC118: =IFERROR(MATCH(SUM(G$5:G19)+Q$3,$AA$5:$AA$34,1),0) -> 4 | AD118: =IFERROR(MATCH(SUM(H$5:H19)+R$3,$AA$5:$AA$34,1),0) -> 1 | AE118: =IFERROR(MATCH(SUM(I$5:I19)+S$3,$AA$5:$AA$34,1),0) -> 3 | AF118: =IFERROR(MATCH(SUM(J$5:J19)+T$3,$AA$5:$AA$34,1),0) -> 2 | AG118: =IFERROR(MATCH(SUM(K$5:K19)+U$3,$AA$5:$AA$34,1),0) -> 1 | AH118: =IFERROR(MATCH(SUM(L$5:L19)+V$3,$AA$5:$AA$34,1),0) -> 1 | AI118: =IFERROR(MATCH(SUM(M$5:M19)+W$3,$AA$5:$AA$34,1),0) -> 0 | AJ118: =IFERROR(MATCH(SUM(N$5:N19)+X$3,$AA$5:$AA$34,1),0) -> 0 | AK118: =IFERROR(MATCH(SUM(O$5:O19)+Y$3,$AA$5:$AA$34,1),0) -> 0
... B145: 410 | C145: =IF(N145="","","{"&N145+$B145&","&N145+$B145&",["&I193&"]}") | D145: =IF(O145="","","{"&O145+$B145&","&O145+$B145&",["&J193&"]}") | E145: =IF(P145="","","{"&P145+$B145&","&P145+$B145&",["&K193&"]}") | F145: =IF(Q145="","","{"&Q145+$B145&","&Q145+$B145&",["&L193&"]}") | G145: =IF(R145="","","{"&R145+$B145&","&R145+$B145&",["&M193&"]}") | N145: =IF($F46>=N$103,H145+INT(RAND()*3+1),"") | O145: =IF($F46>=O$103,N145+INT(RAND()*3+1),"") | P145: =IF($F46>=P$103,O145+INT(RAND()*3+1),"") | Q145: =IF($F46>=Q$103,MIN(P145+INT(RAND()*3+1),10),"") | R145: =IF($F46>=R$103,MIN(Q145+INT(RAND()*3+1),10),"") | AC145: =IFERROR(MATCH(SUM(G$5:G46)+Q$3,$AA$5:$AA$34,1),0) -> 4 | AD145: =IFERROR(MATCH(SUM(H$5:H46)+R$3,$AA$5:$AA$34,1),0) -> 1 | AE145: =IFERROR(MATCH(SUM(I$5:I46)+S$3,$AA$5:$AA$34,1),0) -> 3 | AF145: =IFERROR(MATCH(SUM(J$5:J46)+T$3,$AA$5:$AA$34,1),0) -> 2 | AG145: =IFERROR(MATCH(SUM(K$5:K46)+U$3,$AA$5:$AA$34,1),0) -> 1 | AH145: =IFERROR(MATCH(SUM(L$5:L46)+V$3,$AA$5:$AA$34,1),0) -> 1 | AI145: =IFERROR(MATCH(SUM(M$5:M46)+W$3,$AA$5:$AA$34,1),0) -> 1 | AJ145: =IFERROR(MATCH(SUM(N$5:N46)+X$3,$AA$5:$AA$34,1),0) -> 1 | AK145: =IFERROR(MATCH(SUM(O$5:O46)+Y$3,$AA$5:$AA$34,1),0) -> 2
...

Sheet 队伍预设
C1: 招募释放 | D1: 天数
C2: 寒冰射手 | D2: 1 | E2: 1310100
C3: 炽焰巫师 | D3: 1 | E3: 1210400
C4: 吟游诗人 | D4: 1 | E4: 1230100 | G4: 双C+队伍
C5: 摇滚巨石 | D5: 1 | E5: 1420200
C6: 泥巴少女 | D6: 1 | E6: 1320100
C7: 忍者鲨手 | D7: 1 | E7: 1210600
C8: 甜心护士 | D8: 1 | E8: 1230400
C9: 雷震子 | D9: 1 | E9: 1310300
C10: 关羽 | D10: 1 | E10: 1110100
C11: 东方不败 | D11: 3 | E11: 1130100
C12: 镭射眼 | D12: 3.9447514 | E12: 1530100
C13: 亚瑟 | D13: 4.9502762 | E13: 1210300
C14: 蜘蛛女王 | D14: 5.7044199 | E14: 1430700 | G14: 单橙-东方不败 | H14: 东方不败 | I14: 雷震子 | J14: 关羽 | K14: 泥巴少女 | L14: 甜心护士
C15: 唐小僧 | D15: 13 | E15: 1140100 | G15: 单橙-镭射眼 | H15: 忍者鲨手 | I15: 镭射眼 | J15: 关羽 | K15: 泥巴少女 | L15: 甜心护士
C16: 神灯王子 | D16: 16 | E16: 1140200 | G16: 单橙-亚瑟 | H16: 忍者鲨手 | I16: 雷震子 | J16: 亚瑟 | K16: 泥巴少女 | L16: 甜心护士
C17: 诸葛亮 | D17: 20 | E17: 1420300 | G17: 双橙-东方不败+镭射眼 | H17: 东方不败 | I17: 镭射眼 | J17: 关羽 | K17: 泥巴少女 | L17: 甜心护士
C18: 后羿 | D18: 27 | E18: 1530200 | G18: 双橙-镭射眼+亚瑟 | H18: 忍者鲨手 | I18: 镭射眼 | J18: 亚瑟 | K18: 泥巴少女 | L18: 甜心护士
C19: 海拉 | D19: 34 | E19: 1410200 | G19: 双橙-东方不败+亚瑟 | H19: 东方不败 | I19: 雷震子 | J19: 亚瑟 | K19: 泥巴少女 | L19: 甜心护士
C20: 白蛇 | D20: 54.046961 | E20: 1550200 | G20: 三橙-东方不败+镭射眼+亚瑟 | H20: 东方不败 | I20: 镭射眼 | J20: 亚瑟 | K20: 泥巴少女 | L20: 甜心护士
C21: 女娲 | D21: 73.383978 | E21: 1540100 | G21: 四橙-东方不败+镭射眼+亚瑟+蜘蛛 | H21: 东方不败 | I21: 镭射眼 | J21: 亚瑟 | K21: 蜘蛛女王 | L21: 甜心护士
G22: 五橙-射手流-带神灯 | H22: 东方不败 | I22: 亚瑟 | J22: 蜘蛛女王 | K22: 神灯王子 | L22: 唐小僧
G23: 五橙-法师流-带神灯 | H23: 镭射眼 | I23: 亚瑟 | J23: 蜘蛛女王 | K23: 神灯王子 | L23: 唐小僧
G24: 五橙-射手流-带恢复 | H24: 东方不败 | I24: 亚瑟 | J24: 蜘蛛女王 | K24: 甜心护士 | L24: 唐小僧
G25: 五橙-法师流-带恢复 | H25: 镭射眼 | I25: 亚瑟 | J25: 蜘蛛女王 | K25: 甜心护士 | L25: 唐小僧
G26: 五橙-射手流-带神灯+恢复（无控制） | H26: 东方不败 | I26: 亚瑟 | J26: 蜘蛛女王 | K26: 神灯王子 | L26: 甜心护士
G27: 五橙-法师流-带神灯+恢复（无控制） | H27: 镭射眼 | I27: 亚瑟 | J27: 蜘蛛女王 | K27: 神灯王子 | L27: 甜心护士
G28: 六橙-射手流-带神灯 | H28: 东方不败 | I28: 亚瑟 | J28: 蜘蛛女王 | K28: 神灯王子 | L28: 唐小僧
G29: 六橙-法师流-带神灯 | H29: 镭射眼 | I29: 亚瑟 | J29: 蜘蛛女王 | K29: 神灯王子 | L29: 唐小僧
G30: 六橙-射手流-带恢复 | H30: 东方不败 | I30: 亚瑟 | J30: 蜘蛛女王 | K30: 甜心护士 | L30: 唐小僧
G31: 六橙-法师流-带恢复 | H31: 镭射眼 | I31: 亚瑟 | J31: 蜘蛛女王 | K31: 甜心护士 | L31: 唐小僧
G32: 六橙-射手流-带神灯+恢复（无控制） | H32: 东方不败 | I32: 亚瑟 | J32: 蜘蛛女王 | K32: 神灯王子 | L32: 甜心护士
G33: 六橙-法师流-带神灯+恢复（无控制） | H33: 镭射眼 | I33: 亚瑟 | J33: 蜘蛛女王 | K33: 神灯王子 | L33: 甜心护士
... G41: 三红带辅助 | H41: 海拉 | I41: 诸葛亮 | J41: 后羿 | K41: 亚瑟 | L41: 神灯王子
M51: 1 | N51: 2 | O51: 3 | P51: 4 | Q51: 5 | R51: 6 | S51: 7 | T51: 8 | U51: 9 | V51: 10 | W51: 11 | X51: 12 | Y51: 13 | Z51: 14 | AA51: 15 | AB51: 16 | AC51: 17 | AD51: 18 | AE51: 19 | AF51: 20
M52: 1310100 | N52: 1210400 | O52: 1230100 | P52: 1420200 | Q52: 1320100 | R52: 1210600 | S52: 1230400 | T52: 1310300 | U52: 1110100 | V52: 1130100 | W52: 1530100 | X52: 1210300 | Y52: 1430700 | Z52: 1140100 | AA52: 1140200 | AB52: 1420300 | AC52: 1530200 | AD52: 1410200 | AE52: 1550200 | AF52: 1540100
F53: 单橙-东方不败 | G53: 10 | H53: =VLOOKUP(H14,$C$2:$E$21,3,0) -> 1130100 | I53: =VLOOKUP(I14,$C$2:$E$21,3,0) -> 1310300 | J53: =VLOOKUP(J14,$C$2:$E$21,3,0) -> 1110100 | K53: =VLOOKUP(K14,$C$2:$E$21,3,0) -> 1320100 | L53: =VLOOKUP(L14,$C$2:$E$21,3,0) -> 1230400 | M53: =IF(IFERROR(MATCH(M$52,$H53:$L53,0)<0,TRUE()),M$52,"") -> 1310100 | N53: =IF(IFERROR(MATCH(N$52,$H53:$L53,0)<0,TRUE()),N$52,"") -> 1210400 | O53: =IF(IFERROR(MATCH(O$52,$H53:$L53,0)<0,TRUE()),O$52,"") -> 1230100 | P53: =IF(IFERROR(MATCH(P$52,$H53:$L53,0)<0,TRUE()),P$52,"") -> 1420200 | Q53: =IF(IFERROR(MATCH(Q$52,$H53:$L53,0)<0,TRUE()),Q$52,"") | R53: =IF(IFERROR(MATCH(R$52,$H53:$L53,0)<0,TRUE()),R$52,"") -> 1210600 | S53: =IF(IFERROR(MATCH(S$52,$H53:$L53,0)<0,TRUE()),S$52,"") | T53: =IF(IFERROR(MATCH(T$52,$H53:$L53,0)<0,TRUE()),T$52,"") | ... AF53: =IF(IFERROR(MATCH(AF$52,$H53:$L53,0)<0,TRUE()),AF$52,"") -> 1540100
F54: 单橙-镭射眼 | G54: 10 | H54: =VLOOKUP(H15,$C$2:$E$21,3,0) -> 1210600 | I54: =VLOOKUP(I15,$C$2:$E$21,3,0) -> 1530100 | J54: =VLOOKUP(J15,$C$2:$E$21,3,0) -> 1110100 | K54: =VLOOKUP(K15,$C$2:$E$21,3,0) -> 1320100 | L54: =VLOOKUP(L15,$C$2:$E$21,3,0) -> 1230400 | M54: =IF(IFERROR(MATCH(M$52,$H54:$L54,0)<0,TRUE()),M$52,"") -> 1310100 | N54: =IF(IFERROR(MATCH(N$52,$H54:$L54,0)<0,TRUE()),N$52,"") -> 1210400 | O54: =IF(IFERROR(MATCH(O$52,$H54:$L54,0)<0,TRUE()),O$52,"") -> 1230100 | P54: =IF(IFERROR(MATCH(P$52,$H54:$L54,0)<0,TRUE()),P$52,"") -> 1420200 | Q54: =IF(IFERROR(MATCH(Q$52,$H54:$L54,0)<0,TRUE()),Q$52,"") | R54: =IF(IFERROR(MATCH(R$52,$H54:$L54,0)<0,TRUE()),R$52,"") | S54: =IF(IFERROR(MATCH(S$52,$H54:$L54,0)<0,TRUE()),S$52,"") | T54: =IF(IFERROR(MATCH(T$52,$H54:$L54,0)<0,TRUE()),T$52,"") -> 1310300 | ... AF54: =IF(IFERROR(MATCH(AF$52,$H54:$L54,0)<0,TRUE()),AF$52,"") -> 1540100
F55: 单橙-亚瑟 | G55: 10 | H55: =VLOOKUP(H16,$C$2:$E$21,3,0) -> 1210600 | I55: =VLOOKUP(I16,$C$2:$E$21,3,0) -> 1310300 | J55: =VLOOKUP(J16,$C$2:$E$21,3,0) -> 1210300 | K55: =VLOOKUP(K16,$C$2:$E$21,3,0) -> 1320100 | L55: =VLOOKUP(L16,$C$2:$E$21,3,0) -> 1230400 | M55: =IF(IFERROR(MATCH(M$52,$H55:$L55,0)<0,TRUE()),M$52,"") -> 1310100 | N55: =IF(IFERROR(MATCH(N$52,$H55:$L55,0)<0,TRUE()),N$52,"") -> 1210400 | O55: =IF(IFERROR(MATCH(O$52,$H55:$L55,0)<0,TRUE()),O$52,"") -> 1230100 | P55: =IF(IFERROR(MATCH(P$52,$H55:$L55,0)<0,TRUE()),P$52,"") -> 1420200 | Q55: =IF(IFERROR(MATCH(Q$52,$H55:$L55,0)<0,TRUE()),Q$52,"") | R55: =IF(IFERROR(MATCH(R$52,$H55:$L55,0)<0,TRUE()),R$52,"") | S55: =IF(IFERROR(MATCH(S$52,$H55:$L55,0)<0,TRUE()),S$52,"") | T55: =IF(IFERROR(MATCH(T$52,$H55:$L55,0)<0,TRUE()),T$52,"") | ... AF55: =IF(IFERROR(MATCH(AF$52,$H55:$L55,0)<0,TRUE()),AF$52,"") -> 1540100
F56: 双橙-东方不败+镭射眼 | G56: 11 | H56: =VLOOKUP(H17,$C$2:$E$21,3,0) -> 1130100 | I56: =VLOOKUP(I17,$C$2:$E$21,3,0) -> 1530100 | J56: =VLOOKUP(J17,$C$2:$E$21,3,0) -> 1110100 | K56: =VLOOKUP(K17,$C$2:$E$21,3,0) -> 1320100 | L56: =VLOOKUP(L17,$C$2:$E$21,3,0) -> 1230400 | M56: =IF(IFERROR(MATCH(M$52,$H56:$L56,0)<0,TRUE()),M$52,"") -> 1310100 | N56: =IF(IFERROR(MATCH(N$52,$H56:$L56,0)<0,TRUE()),N$52,"") -> 1210400 | O56: =IF(IFERROR(MATCH(O$52,$H56:$L56,0)<0,TRUE()),O$52,"") -> 1230100 | P56: =IF(IFERROR(MATCH(P$52,$H56:$L56,0)<0,TRUE()),P$52,"") -> 1420200 | Q56: =IF(IFERROR(MATCH(Q$52,$H56:$L56,0)<0,TRUE()),Q$52,"") | R56: =IF(IFERROR(MATCH(R$52,$H56:$L56,0)<0,TRUE()),R$52,"") -> 1210600 | S56: =IF(IFERROR(MATCH(S$52,$H56:$L56,0)<0,TRUE()),S$52,"") | T56: =IF(IFERROR(MATCH(T$52,$H56:$L56,0)<0,TRUE()),T$52,"") -> 1310300 | ... AF56: =IF(IFERROR(MATCH(AF$52,$H56:$L56,0)<0,TRUE()),AF$52,"") -> 1540100
F57: 双橙-镭射眼+亚瑟 | G57: 11 | H57: =VLOOKUP(H18,$C$2:$E$21,3,0) -> 1210600 | I57: =VLOOKUP(I18,$C$2:$E$21,3,0) -> 1530100 | J57: =VLOOKUP(J18,$C$2:$E$21,3,0) -> 1210300 | K57: =VLOOKUP(K18,$C$2:$E$21,3,0) -> 1320100 | L57: =VLOOKUP(L18,$C$2:$E$21,3,0) -> 1230400 | M57: =IF(IFERROR(MATCH(M$52,$H57:$L57,0)<0,TRUE()),M$52,"") -> 1310100 | N57: =IF(IFERROR(MATCH(N$52,$H57:$L57,0)<0,TRUE()),N$52,"") -> 1210400 | O57: =IF(IFERROR(MATCH(O$52,$H57:$L57,0)<0,TRUE()),O$52,"") -> 1230100 | P57: =IF(IFERROR(MATCH(P$52,$H57:$L57,0)<0,TRUE()),P$52,"") -> 1420200 | Q57: =IF(IFERROR(MATCH(Q$52,$H57:$L57,0)<0,TRUE()),Q$52,"") | R57: =IF(IFERROR(MATCH(R$52,$H57:$L57,0)<0,TRUE()),R$52,"") | S57: =IF(IFERROR(MATCH(S$52,$H57:$L57,0)<0,TRUE()),S$52,"") | T57: =IF(IFERROR(MATCH(T$52,$H57:$L57,0)<0,TRUE()),T$52,"") -> 1310300 | ... AF57: =IF(IFERROR(MATCH(AF$52,$H57:$L57,0)<0,TRUE()),AF$52,"") -> 1540100
F58: 双橙-东方不败+亚瑟 | G58: 11 | H58: =VLOOKUP(H19,$C$2:$E$21,3,0) -> 1130100 | I58: =VLOOKUP(I19,$C$2:$E$21,3,0) -> 1310300 | J58: =VLOOKUP(J19,$C$2:$E$21,3,0) -> 1210300 | K58: =VLOOKUP(K19,$C$2:$E$21,3,0) -> 1320100 | L58: =VLOOKUP(L19,$C$2:$E$21,3,0) -> 1230400 | M58: =IF(IFERROR(MATCH(M$52,$H58:$L58,0)<0,TRUE()),M$52,"") -> 1310100 | N58: =IF(IFERROR(MATCH(N$52,$H58:$L58,0)<0,TRUE()),N$52,"") -> 1210400 | O58: =IF(IFERROR(MATCH(O$52,$H58:$L58,0)<0,TRUE()),O$52,"") -> 1230100 | P58: =IF(IFERROR(MATCH(P$52,$H58:$L58,0)<0,TRUE()),P$52,"") -> 1420200 | Q58: =IF(IFERROR(MATCH(Q$52,$H58:$L58,0)<0,TRUE()),Q$52,"") | R58: =IF(IFERROR(MATCH(R$52,$H58:$L58,0)<0,TRUE()),R$52,"") -> 1210600 | S58: =IF(IFERROR(MATCH(S$52,$H58:$L58,0)<0,TRUE()),S$52,"") | T58: =IF(IFERROR(MATCH(T$52,$H58:$L58,0)<0,TRUE()),T$52,"") | ... AF58: =IF(IFERROR(MATCH(AF$52,$H58:$L58,0)<0,TRUE()),AF$52,"") -> 1540100
F59: 三橙-东方不败+镭射眼+亚瑟 | G59: 12 | H59: =VLOOKUP(H20,$C$2:$E$21,3,0) -> 1130100 | I59: =VLOOKUP(I20,$C$2:$E$21,3,0) -> 1530100 | J59: =VLOOKUP(J20,$C$2:$E$21,3,0) -> 1210300 | K59: =VLOOKUP(K20,$C$2:$E$21,3,0) -> 1320100 | L59: =VLOOKUP(L20,$C$2:$E$21,3,0) -> 1230400 | M59: =IF(IFERROR(MATCH(M$52,$H59:$L59,0)<0,TRUE()),M$52,"") -> 1310100 | N59: =IF(IFERROR(MATCH(N$52,$H59:$L59,0)<0,TRUE()),N$52,"") -> 1210400 | O59: =IF(IFERROR(MATCH(O$52,$H59:$L59,0)<0,TRUE()),O$52,"") -> 1230100 | P59: =IF(IFERROR(MATCH(P$52,$H59:$L59,0)<0,TRUE()),P$52,"") -> 1420200 | Q59: =IF(IFERROR(MATCH(Q$52,$H59:$L59,0)<0,TRUE()),Q$52,"") | R59: =IF(IFERROR(MATCH(R$52,$H59:$L59,0)<0,TRUE()),R$52,"") -> 1210600 | S59: =IF(IFERROR(MATCH(S$52,$H59:$L59,0)<0,TRUE()),S$52,"") | T59: =IF(IFERROR(MATCH(T$52,$H59:$L59,0)<0,TRUE()),T$52,"") -> 1310300 | ... AF59: =IF(IFERROR(MATCH(AF$52,$H59:$L59,0)<0,TRUE()),AF$52,"") -> 1540100
F60: 四橙-东方不败+镭射眼+亚瑟+蜘蛛 | G60: 13 | H60: =VLOOKUP(H21,$C$2:$E$21,3,0) -> 1130100 | I60: =VLOOKUP(I21,$C$2:$E$21,3,0) -> 1530100 | J60: =VLOOKUP(J21,$C$2:$E$21,3,0) -> 1210300 | K60: =VLOOKUP(K21,$C$2:$E$21,3,0) -> 1430700 | L60: =VLOOKUP(L21,$C$2:$E$21,3,0) -> 1230400 | M60: =IF(IFERROR(MATCH(M$52,$H60:$L60,0)<0,TRUE()),M$52,"") -> 1310100 | N60: =IF(IFERROR(MATCH(N$52,$H60:$L60,0)<0,TRUE()),N$52,"") -> 1210400 | O60: =IF(IFERROR(MATCH(O$52,$H60:$L60,0)<0,TRUE()),O$52,"") -> 1230100 | P60: =IF(IFERROR(MATCH(P$52,$H60:$L60,0)<0,TRUE()),P$52,"") -> 1420200 | Q60: =IF(IFERROR(MATCH(Q$52,$H60:$L60,0)<0,TRUE()),Q$52,"") -> 1320100 | R60: =IF(IFERROR(MATCH(R$52,$H60:$L60,0)<0,TRUE()),R$52,"") -> 1210600 | S60: =IF(IFERROR(MATCH(S$52,$H60:$L60,0)<0,TRUE()),S$52,"") | T60: =IF(IFERROR(MATCH(T$52,$H60:$L60,0)<0,TRUE()),T$52,"") -> 1310300 | ... AF60: =IF(IFERROR(MATCH(AF$52,$H60:$L60,0)<0,TRUE()),AF$52,"") -> 1540100
F61: 五橙-射手流-带神灯 | G61: 14 | H61: =VLOOKUP(H22,$C$2:$E$21,3,0) -> 1130100 | I61: =VLOOKUP(I22,$C$2:$E$21,3,0) -> 1210300 | J61: =VLOOKUP(J22,$C$2:$E$21,3,0) -> 1430700 | K61: =VLOOKUP(K22,$C$2:$E$21,3,0) -> 1140200 | L61: =VLOOKUP(L22,$C$2:$E$21,3,0) -> 1140100 | M61: =IF(IFERROR(MATCH(M$52,$H61:$L61,0)<0,TRUE()),M$52,"") -> 1310100 | N61: =IF(IFERROR(MATCH(N$52,$H61:$L61,0)<0,TRUE()),N$52,"") -> 1210400 | O61: =IF(IFERROR(MATCH(O$52,$H61:$L61,0)<0,TRUE()),O$52,"") -> 1230100 | P61: =IF(IFERROR(MATCH(P$52,$H61:$L61,0)<0,TRUE()),P$52,"") -> 1420200 | Q61: =IF(IFERROR(MATCH(Q$52,$H61:$L61,0)<0,TRUE()),Q$52,"") -> 1320100 | R61: =IF(IFERROR(MATCH(R$52,$H61:$L61,0)<0,TRUE()),R$52,"") -> 1210600 | S61: =IF(IFERROR(MATCH(S$52,$H61:$L61,0)<0,TRUE()),S$52,"") -> 1230400 | T61: =IF(IFERROR(MATCH(T$52,$H61:$L61,0)<0,TRUE()),T$52,"") -> 1310300 | ... AF61: =IF(IFERROR(MATCH(AF$52,$H61:$L61,0)<0,TRUE()),AF$52,"") -> 1540100
F62: 五橙-法师流-带神灯 | G62: 14 | H62: =VLOOKUP(H23,$C$2:$E$21,3,0) -> 1530100 | I62: =VLOOKUP(I23,$C$2:$E$21,3,0) -> 1210300 | J62: =VLOOKUP(J23,$C$2:$E$21,3,0) -> 1430700 | K62: =VLOOKUP(K23,$C$2:$E$21,3,0) -> 1140200 | L62: =VLOOKUP(L23,$C$2:$E$21,3,0) -> 1140100 | M62: =IF(IFERROR(MATCH(M$52,$H62:$L62,0)<0,TRUE()),M$52,"") -> 1310100 | N62: =IF(IFERROR(MATCH(N$52,$H62:$L62,0)<0,TRUE()),N$52,"") -> 1210400 | O62: =IF(IFERROR(MATCH(O$52,$H62:$L62,0)<0,TRUE()),O$52,"") -> 1230100 | P62: =IF(IFERROR(MATCH(P$52,$H62:$L62,0)<0,TRUE()),P$52,"") -> 1420200 | Q62: =IF(IFERROR(MATCH(Q$52,$H62:$L62,0)<0,TRUE()),Q$52,"") -> 1320100 | R62: =IF(IFERROR(MATCH(R$52,$H62:$L62,0)<0,TRUE()),R$52,"") -> 1210600 | S62: =IF(IFERROR(MATCH(S$52,$H62:$L62,0)<0,TRUE()),S$52,"") -> 1230400 | T62: =IF(IFERROR(MATCH(T$52,$H62:$L62,0)<0,TRUE()),T$52,"") -> 1310300 | ... AF62: =IF(IFERROR(MATCH(AF$52,$H62:$L62,0)<0,TRUE()),AF$52,"") -> 1540100
F63: 五橙-射手流-带恢复 | G63: 14 | H63: =VLOOKUP(H24,$C$2:$E$21,3,0) -> 1130100 | I63: =VLOOKUP(I24,$C$2:$E$21,3,0) -> 1210300 | J63: =VLOOKUP(J24,$C$2:$E$21,3,0) -> 1430700 | K63: =VLOOKUP(K24,$C$2:$E$21,3,0) -> 1230400 | L63: =VLOOKUP(L24,$C$2:$E$21,3,0) -> 1140100 | M63: =IF(IFERROR(MATCH(M$52,$H63:$L63,0)<0,TRUE()),M$52,"") -> 1310100 | N63: =IF(IFERROR(MATCH(N$52,$H63:$L63,0)<0,TRUE()),N$52,"") -> 1210400 | O63: =IF(IFERROR(MATCH(O$52,$H63:$L63,0)<0,TRUE()),O$52,"") -> 1230100 | P63: =IF(IFERROR(MATCH(P$52,$H63:$L63,0)<0,TRUE()),P$52,"") -> 1420200 | Q63: =IF(IFERROR(MATCH(Q$52,$H63:$L63,0)<0,TRUE()),Q$52,"") -> 1320100 | R63: =IF(IFERROR(MATCH(R$52,$H63:$L63,0)<0,TRUE()),R$52,"") -> 1210600 | S63: =IF(IFERROR(MATCH(S$52,$H63:$L63,0)<0,TRUE()),S$52,"") | T63: =IF(IFERROR(MATCH(T$52,$H63:$L63,0)<0,TRUE()),T$52,"") -> 1310300 | ... AF63: =IF(IFERROR(MATCH(AF$52,$H63:$L63,0)<0,TRUE()),AF$52,"") -> 1540100
F64: 五橙-法师流-带恢复 | G64: 14 | H64: =VLOOKUP(H25,$C$2:$E$21,3,0) -> 1530100 | I64: =VLOOKUP(I25,$C$2:$E$21,3,0) -> 1210300 | J64: =VLOOKUP(J25,$C$2:$E$21,3,0) -> 1430700 | K64: =VLOOKUP(K25,$C$2:$E$21,3,0) -> 1230400 | L64: =VLOOKUP(L25,$C$2:$E$21,3,0) -> 1140100 | M64: =IF(IFERROR(MATCH(M$52,$H64:$L64,0)<0,TRUE()),M$52,"") -> 1310100 | N64: =IF(IFERROR(MATCH(N$52,$H64:$L64,0)<0,TRUE()),N$52,"") -> 1210400 | O64: =IF(IFERROR(MATCH(O$52,$H64:$L64,0)<0,TRUE()),O$52,"") -> 1230100 | P64: =IF(IFERROR(MATCH(P$52,$H64:$L64,0)<0,TRUE()),P$52,"") -> 1420200 | Q64: =IF(IFERROR(MATCH(Q$52,$H64:$L64,0)<0,TRUE()),Q$52,"") -> 1320100 | R64: =IF(IFERROR(MATCH(R$52,$H64:$L64,0)<0,TRUE()),R$52,"") -> 1210600 | S64: =IF(IFERROR(MATCH(S$52,$H64:$L64,0)<0,TRUE()),S$52,"") | T64: =IF(IFERROR(MATCH(T$52,$H64:$L64,0)<0,TRUE()),T$52,"") -> 1310300 | ... AF64: =IF(IFERROR(MATCH(AF$52,$H64:$L64,0)<0,TRUE()),AF$52,"") -> 1540100
... F80: 三红带辅助 | G80: 18 | H80: =VLOOKUP(H41,$C$2:$E$21,3,0) -> 1410200 | I80: =VLOOKUP(I41,$C$2:$E$21,3,0) -> 1420300 | J80: =VLOOKUP(J41,$C$2:$E$21,3,0) -> 1530200 | K80: =VLOOKUP(K41,$C$2:$E$21,3,0) -> 1210300 | L80: =VLOOKUP(L41,$C$2:$E$21,3,0) -> 1140200 | M80: =IF(IFERROR(MATCH(M$52,$H80:$L80,0)<0,TRUE()),M$52,"") -> 1310100 | N80: =IF(IFERROR(MATCH(N$52,$H80:$L80,0)<0,TRUE()),N$52,"") -> 1210400 | O80: =IF(IFERROR(MATCH(O$52,$H80:$L80,0)<0,TRUE()),O$52,"") -> 1230100 | P80: =IF(IFERROR(MATCH(P$52,$H80:$L80,0)<0,TRUE()),P$52,"") -> 1420200 | Q80: =IF(IFERROR(MATCH(Q$52,$H80:$L80,0)<0,TRUE()),Q$52,"") -> 1320100 | R80: =IF(IFERROR(MATCH(R$52,$H80:$L80,0)<0,TRUE()),R$52,"") -> 1210600 | S80: =IF(IFERROR(MATCH(S$52,$H80:$L80,0)<0,TRUE()),S$52,"") -> 1230400 | T80: =IF(IFERROR(MATCH(T$52,$H80:$L80,0)<0,TRUE()),T$52,"") -> 1310300 | ... AF80: =IF(IFERROR(MATCH(AF$52,$H80:$L80,0)<0,TRUE()),AF$52,"") -> 1540100
E86: ="["&_xlfn.TEXTJOIN(",",1,H86:AF86)&"]" -> [1130100,1310300,1110100,1320100,1230400,1310100,1210400,1230100,1420200,1210600] | F86: 单橙-东方不败 | H86: =IF(COUNTIF($H53:H53,">"&0)>$G53,"",H53) -> 1130100 | I86: =IF(COUNTIF($H53:I53,">"&0)>$G53,"",I53) -> 1310300 | J86: =IF(COUNTIF($H53:J53,">"&0)>$G53,"",J53) -> 1110100 | K86: =IF(COUNTIF($H53:K53,">"&0)>$G53,"",K53) -> 1320100 | L86: =IF(COUNTIF($H53:L53,">"&0)>$G53,"",L53) -> 1230400 | M86: =IF(COUNTIF($H53:M53,">"&0)>$G53,"",M53) -> 1310100 | N86: =IF(COUNTIF($H53:N53,">"&0)>$G53,"",N53) -> 1210400 | O86: =IF(COUNTIF($H53:O53,">"&0)>$G53,"",O53) -> 1230100 | ... AF86: =IF(COUNTIF($H53:AF53,">"&0)>$G53,"",AF53)
E87: ="["&_xlfn.TEXTJOIN(",",1,H87:AF87)&"]" -> [1210600,1530100,1110100,1320100,1230400,1310100,1210400,1230100,1420200,1310300] | F87: 单橙-镭射眼 | H87: =IF(COUNTIF($H54:H54,">"&0)>$G54,"",H54) -> 1210600 | I87: =IF(COUNTIF($H54:I54,">"&0)>$G54,"",I54) -> 1530100 | J87: =IF(COUNTIF($H54:J54,">"&0)>$G54,"",J54) -> 1110100 | K87: =IF(COUNTIF($H54:K54,">"&0)>$G54,"",K54) -> 1320100 | L87: =IF(COUNTIF($H54:L54,">"&0)>$G54,"",L54) -> 1230400 | M87: =IF(COUNTIF($H54:M54,">"&0)>$G54,"",M54) -> 1310100 | N87: =IF(COUNTIF($H54:N54,">"&0)>$G54,"",N54) -> 1210400 | O87: =IF(COUNTIF($H54:O54,">"&0)>$G54,"",O54) -> 1230100 | ... AF87: =IF(COUNTIF($H54:AF54,">"&0)>$G54,"",AF54)
E88: ="["&_xlfn.TEXTJOIN(",",1,H88:AF88)&"]" -> [1210600,1310300,1210300,1320100,1230400,1310100,1210400,1230100,1420200,1110100] | F88: 单橙-亚瑟 | H88: =IF(COUNTIF($H55:H55,">"&0)>$G55,"",H55) -> 1210600 | I88: =IF(COUNTIF($H55:I55,">"&0)>$G55,"",I55) -> 1310300 | J88: =IF(COUNTIF($H55:J55,">"&0)>$G55,"",J55) -> 1210300 | K88: =IF(COUNTIF($H55:K55,">"&0)>$G55,"",K55) -> 1320100 | L88: =IF(COUNTIF($H55:L55,">"&0)>$G55,"",L55) -> 1230400 | M88: =IF(COUNTIF($H55:M55,">"&0)>$G55,"",M55) -> 1310100 | N88: =IF(COUNTIF($H55:N55,">"&0)>$G55,"",N55) -> 1210400 | O88: =IF(COUNTIF($H55:O55,">"&0)>$G55,"",O55) -> 1230100 | ... AF88: =IF(COUNTIF($H55:AF55,">"&0)>$G55,"",AF55)
E89: ="["&_xlfn.TEXTJOIN(",",1,H89:AF89)&"]" -> [1130100,1530100,1110100,1320100,1230400,1310100,1210400,1230100,1420200,1210600,1310300] | F89: 双橙-东方不败+镭射眼 | H89: =IF(COUNTIF($H56:H56,">"&0)>$G56,"",H56) -> 1130100 | I89: =IF(COUNTIF($H56:I56,">"&0)>$G56,"",I56) -> 1530100 | J89: =IF(COUNTIF($H56:J56,">"&0)>$G56,"",J56) -> 1110100 | K89: =IF(COUNTIF($H56:K56,">"&0)>$G56,"",K56) -> 1320100 | L89: =IF(COUNTIF($H56:L56,">"&0)>$G56,"",L56) -> 1230400 | M89: =IF(COUNTIF($H56:M56,">"&0)>$G56,"",M56) -> 1310100 | N89: =IF(COUNTIF($H56:N56,">"&0)>$G56,"",N56) -> 1210400 | O89: =IF(COUNTIF($H56:O56,">"&0)>$G56,"",O56) -> 1230100 | ... AF89: =IF(COUNTIF($H56:AF56,">"&0)>$G56,"",AF56)
E90: ="["&_xlfn.TEXTJOIN(",",1,H90:AF90)&"]" -> [1210600,1530100,1210300,1320100,1230400,1310100,1210400,1230100,1420200,1310300,1110100] | F90: 双橙-镭射眼+亚瑟 | H90: =IF(COUNTIF($H57:H57,">"&0)>$G57,"",H57) -> 1210600 | I90: =IF(COUNTIF($H57:I57,">"&0)>$G57,"",I57) -> 1530100 | J90: =IF(COUNTIF($H57:J57,">"&0)>$G57,"",J57) -> 1210300 | K90: =IF(COUNTIF($H57:K57,">"&0)>$G57,"",K57) -> 1320100 | L90: =IF(COUNTIF($H57:L57,">"&0)>$G57,"",L57) -> 1230400 | M90: =IF(COUNTIF($H57:M57,">"&0)>$G57,"",M57) -> 1310100 | N90: =IF(COUNTIF($H57:N57,">"&0)>$G57,"",N57) -> 1210400 | O90: =IF(COUNTIF($H57:O57,">"&0)>$G57,"",O57) -> 1230100 | ... AF90: =IF(COUNTIF($H57:AF57,">"&0)>$G57,"",AF57)
E91: ="["&_xlfn.TEXTJOIN(",",1,H91:AF91)&"]" -> [1130100,1310300,1210300,1320100,1230400,1310100,1210400,1230100,1420200,1210600,1110100] | F91: 双橙-东方不败+亚瑟 | H91: =IF(COUNTIF($H58:H58,">"&0)>$G58,"",H58) -> 1130100 | I91: =IF(COUNTIF($H58:I58,">"&0)>$G58,"",I58) -> 1310300 | J91: =IF(COUNTIF($H58:J58,">"&0)>$G58,"",J58) -> 1210300 | K91: =IF(COUNTIF($H58:K58,">"&0)>$G58,"",K58) -> 1320100 | L91: =IF(COUNTIF($H58:L58,">"&0)>$G58,"",L58) -> 1230400 | M91: =IF(COUNTIF($H58:M58,">"&0)>$G58,"",M58) -> 1310100 | N91: =IF(COUNTIF($H58:N58,">"&0)>$G58,"",N58) -> 1210400 | O91: =IF(COUNTIF($H58:O58,">"&0)>$G58,"",O58) -> 1230100 | ... AF91: =IF(COUNTIF($H58:AF58,">"&0)>$G58,"",AF58)
E92: ="["&_xlfn.TEXTJOIN(",",1,H92:AF92)&"]" -> [1130100,1530100,1210300,1320100,1230400,1310100,1210400,1230100,1420200,1210600,1310300,1110100] | F92: 三橙-东方不败+镭射眼+亚瑟 | H92: =IF(COUNTIF($H59:H59,">"&0)>$G59,"",H59) -> 1130100 | I92: =IF(COUNTIF($H59:I59,">"&0)>$G59,"",I59) -> 1530100 | J92: =IF(COUNTIF($H59:J59,">"&0)>$G59,"",J59) -> 1210300 | K92: =IF(COUNTIF($H59:K59,">"&0)>$G59,"",K59) -> 1320100 | L92: =IF(COUNTIF($H59:L59,">"&0)>$G59,"",L59) -> 1230400 | M92: =IF(COUNTIF($H59:M59,">"&0)>$G59,"",M59) -> 1310100 | N92: =IF(COUNTIF($H59:N59,">"&0)>$G59,"",N59) -> 1210400 | O92: =IF(COUNTIF($H59:O59,">"&0)>$G59,"",O59) -> 1230100 | ... AF92: =IF(COUNTIF($H59:AF59,">"&0)>$G59,"",AF59)
E93: ="["&_xlfn.TEXTJOIN(",",1,H93:AF93)&"]" -> [1130100,1530100,1210300,1430700,1230400,1310100,1210400,1230100,1420200,1320100,1210600,1310300,1110100] | F93: 四橙-东方不败+镭射眼+亚瑟+蜘蛛 | H93: =IF(COUNTIF($H60:H60,">"&0)>$G60,"",H60) -> 1130100 | I93: =IF(COUNTIF($H60:I60,">"&0)>$G60,"",I60) -> 1530100 | J93: =IF(COUNTIF($H60:J60,">"&0)>$G60,"",J60) -> 1210300 | K93: =IF(COUNTIF($H60:K60,">"&0)>$G60,"",K60) -> 1430700 | L93: =IF(COUNTIF($H60:L60,">"&0)>$G60,"",L60) -> 1230400 | M93: =IF(COUNTIF($H60:M60,">"&0)>$G60,"",M60) -> 1310100 | N93: =IF(COUNTIF($H60:N60,">"&0)>$G60,"",N60) -> 1210400 | O93: =IF(COUNTIF($H60:O60,">"&0)>$G60,"",O60) -> 1230100 | ... AF93: =IF(COUNTIF($H60:AF60,">"&0)>$G60,"",AF60)
E94: ="["&_xlfn.TEXTJOIN(",",1,H94:AF94)&"]" -> [1130100,1210300,1430700,1140200,1140100,1310100,1210400,1230100,1420200,1320100,1210600,1230400,1310300,1110100] | F94: 五橙-射手流-带神灯 | H94: =IF(COUNTIF($H61:H61,">"&0)>$G61,"",H61) -> 1130100 | I94: =IF(COUNTIF($H61:I61,">"&0)>$G61,"",I61) -> 1210300 | J94: =IF(COUNTIF($H61:J61,">"&0)>$G61,"",J61) -> 1430700 | K94: =IF(COUNTIF($H61:K61,">"&0)>$G61,"",K61) -> 1140200 | L94: =IF(COUNTIF($H61:L61,">"&0)>$G61,"",L61) -> 1140100 | M94: =IF(COUNTIF($H61:M61,">"&0)>$G61,"",M61) -> 1310100 | N94: =IF(COUNTIF($H61:N61,">"&0)>$G61,"",N61) -> 1210400 | O94: =IF(COUNTIF($H61:O61,">"&0)>$G61,"",O61) -> 1230100 | ... AF94: =IF(COUNTIF($H61:AF61,">"&0)>$G61,"",AF61)
E95: ="["&_xlfn.TEXTJOIN(",",1,H95:AF95)&"]" -> [1530100,1210300,1430700,1140200,1140100,1310100,1210400,1230100,1420200,1320100,1210600,1230400,1310300,1110100] | F95: 五橙-法师流-带神灯 | H95: =IF(COUNTIF($H62:H62,">"&0)>$G62,"",H62) -> 1530100 | I95: =IF(COUNTIF($H62:I62,">"&0)>$G62,"",I62) -> 1210300 | J95: =IF(COUNTIF($H62:J62,">"&0)>$G62,"",J62) -> 1430700 | K95: =IF(COUNTIF($H62:K62,">"&0)>$G62,"",K62) -> 1140200 | L95: =IF(COUNTIF($H62:L62,">"&0)>$G62,"",L62) -> 1140100 | M95: =IF(COUNTIF($H62:M62,">"&0)>$G62,"",M62) -> 1310100 | N95: =IF(COUNTIF($H62:N62,">"&0)>$G62,"",N62) -> 1210400 | O95: =IF(COUNTIF($H62:O62,">"&0)>$G62,"",O62) -> 1230100 | ... AF95: =IF(COUNTIF($H62:AF62,">"&0)>$G62,"",AF62)
E96: ="["&_xlfn.TEXTJOIN(",",1,H96:AF96)&"]" -> [1130100,1210300,1430700,1230400,1140100,1310100,1210400,1230100,1420200,1320100,1210600,1310300,1110100,1530100] | F96: 五橙-射手流-带恢复 | H96: =IF(COUNTIF($H63:H63,">"&0)>$G63,"",H63) -> 1130100 | I96: =IF(COUNTIF($H63:I63,">"&0)>$G63,"",I63) -> 1210300 | J96: =IF(COUNTIF($H63:J63,">"&0)>$G63,"",J63) -> 1430700 | K96: =IF(COUNTIF($H63:K63,">"&0)>$G63,"",K63) -> 1230400 | L96: =IF(COUNTIF($H63:L63,">"&0)>$G63,"",L63) -> 1140100 | M96: =IF(COUNTIF($H63:M63,">"&0)>$G63,"",M63) -> 1310100 | N96: =IF(COUNTIF($H63:N63,">"&0)>$G63,"",N63) -> 1210400 | O96: =IF(COUNTIF($H63:O63,">"&0)>$G63,"",O63) -> 1230100 | ... AF96: =IF(COUNTIF($H63:AF63,">"&0)>$G63,"",AF63)
E97: ="["&_xlfn.TEXTJOIN(",",1,H97:AF97)&"]" -> [1530100,1210300,1430700,1230400,1140100,1310100,1210400,1230100,1420200,1320100,1210600,1310300,1110100,1130100] | F97: 五橙-法师流-带恢复 | H97: =IF(COUNTIF($H64:H64,">"&0)>$G64,"",H64) -> 1530100 | I97: =IF(COUNTIF($H64:I64,">"&0)>$G64,"",I64) -> 1210300 | J97: =IF(COUNTIF($H64:J64,">"&0)>$G64,"",J64) -> 1430700 | K97: =IF(COUNTIF($H64:K64,">"&0)>$G64,"",K64) -> 1230400 | L97: =IF(COUNTIF($H64:L64,">"&0)>$G64,"",L64) -> 1140100 | M97: =IF(COUNTIF($H64:M64,">"&0)>$G64,"",M64) -> 1310100 | N97: =IF(COUNTIF($H64:N64,">"&0)>$G64,"",N64) -> 1210400 | O97: =IF(COUNTIF($H64:O64,">"&0)>$G64,"",O64) -> 1230100 | ... AF97: =IF(COUNTIF($H64:AF64,">"&0)>$G64,"",AF64)
... E113: ="["&_xlfn.TEXTJOIN(",",1,H113:AF113)&"]" -> [1410200,1420300,1530200,1210300,1140200,1310100,1210400,1230100,1420200,1320100,1210600,1230400,1310300,1110100,1130100,1530100,1430700,1140100] | F113: 三红带辅助 | H113: =IF(COUNTIF($H80:H80,">"&0)>$G80,"",H80) -> 1410200 | I113: =IF(COUNTIF($H80:I80,">"&0)>$G80,"",I80) -> 1420300 | J113: =IF(COUNTIF($H80:J80,">"&0)>$G80,"",J80) -> 1530200 | K113: =IF(COUNTIF($H80:K80,">"&0)>$G80,"",K80) -> 1210300 | L113: =IF(COUNTIF($H80:L80,">"&0)>$G80,"",L80) -> 1140200 | M113: =IF(COUNTIF($H80:M80,">"&0)>$G80,"",M80) -> 1310100 | N113: =IF(COUNTIF($H80:N80,">"&0)>$G80,"",N80) -> 1210400 | O113: =IF(COUNTIF($H80:O80,">"&0)>$G80,"",O80) -> 1230100 | ... AF113: =IF(COUNTIF($H80:AF80,">"&0)>$G80,"",AF80)
F129: 礼包 | G129: 时间预期 | I129: 预期体验
E130: 首充第三天 | F130: 橙色梦灵礼包·小 | G130: 常规非R玩家将将能拿到橙卡 | I130: 小概率能拿到蜘蛛（最后橙）
E131: 梦灵试炼1轮 | F131: 橙色梦灵礼包·小 | G131: 常规非R玩家拿到第1个橙，但是不到第2个 | I131: 前4个橙卡随机
E132: 梦灵试炼2轮 | F132: 橙色梦灵礼包·小 | G132: 常规非R玩家拿到第3个橙 | I132: 小概率能拿到蜘蛛（最后橙）
E133: 首轮梦灵最终宝箱 | F133: 不给橙色梦灵 | G133: 不给橙色梦灵 | I133: 不给橙色梦灵

Sheet 星妙之路
B1: 奖励id | C1: 组别 | D1: 进度 | E1: 道具奖励 | H1: 梦灵自选 | I1: 卡带奖励 | K1: 价值 | L1: 总返利
B2: 1 | C2: 1 | D2: 1 | E2: 13 | F2: 10 | G2: 体力*10 | J2: =IF(I2="","",_xlfn.XLOOKUP(I2,价值表!Z:Z,价值表!W:W)) | K2: =IF(E2="","",_xlfn.XLOOKUP(E2,价值表!E:E,价值表!H:H)*F2) -> 20 | L2: =SUM(K2:K22) -> 1735
B3: 2 | C3: 1 | D3: 10 | E3: 5103001 | F3: 50 | G3: 能量特饮*50 | J3: =IF(I3="","",_xlfn.XLOOKUP(I3,价值表!Z:Z,价值表!W:W)) | K3: =IF(E3="","",_xlfn.XLOOKUP(E3,价值表!E:E,价值表!H:H)*F3) -> 50
B4: 3 | C4: 1 | D4: 30 | E4: 2 | F4: 200 | G4: 金币*200 | J4: =IF(I4="","",_xlfn.XLOOKUP(I4,价值表!Z:Z,价值表!W:W)) | K4: =IF(E4="","",_xlfn.XLOOKUP(E4,价值表!E:E,价值表!H:H)*F4) -> 10
B5: 4 | C5: 1 | D5: 40 | H5: 果冻少女 | J5: =IF(I5="","",_xlfn.XLOOKUP(I5,价值表!Z:Z,价值表!W:W)) | K5: =IF(E5="","",_xlfn.XLOOKUP(E5,价值表!E:E,价值表!H:H)*F5)
B6: 5 | C6: 1 | D6: 50 | E6: 9 | F6: 1 | G6: 初愿摇杆*1 | J6: =IF(I6="","",_xlfn.XLOOKUP(I6,价值表!Z:Z,价值表!W:W)) | K6: =IF(E6="","",_xlfn.XLOOKUP(E6,价值表!E:E,价值表!H:H)*F6) -> 50
B7: 6 | C7: 1 | D7: 70 | E7: 20034 | F7: 1 | G7: 筑梦快递箱*1 | J7: =IF(I7="","",_xlfn.XLOOKUP(I7,价值表!Z:Z,价值表!W:W)) | K7: =IF(E7="","",_xlfn.XLOOKUP(E7,价值表!E:E,价值表!H:H)*F7) -> 250
B8: 7 | C8: 1 | D8: 90 | H8: 雷震子 | J8: =IF(I8="","",_xlfn.XLOOKUP(I8,价值表!Z:Z,价值表!W:W)) | K8: =IF(E8="","",_xlfn.XLOOKUP(E8,价值表!E:E,价值表!H:H)*F8)
B9: 8 | C9: 1 | D9: 120 | E9: 20034 | F9: 1 | G9: 筑梦快递箱*1 | J9: =IF(I9="","",_xlfn.XLOOKUP(I9,价值表!Z:Z,价值表!W:W)) | K9: =IF(E9="","",_xlfn.XLOOKUP(E9,价值表!E:E,价值表!H:H)*F9) -> 250
B10: 9 | C10: 1 | D10: 150 | I10: 永动充电宝 | J10: =IF(I10="","",_xlfn.XLOOKUP(I10,价值表!Z:Z,价值表!W:W)) -> 90106 | K10: =IF(E10="","",_xlfn.XLOOKUP(E10,价值表!E:E,价值表!H:H)*F10)
B11: 10 | C11: 1 | D11: 185 | H11: 甜心护士 | J11: =IF(I11="","",_xlfn.XLOOKUP(I11,价值表!Z:Z,价值表!W:W)) | K11: =IF(E11="","",_xlfn.XLOOKUP(E11,价值表!E:E,价值表!H:H)*F11)
B12: 11 | C12: 1 | D12: 210 | E12: 20034 | F12: 1 | G12: 筑梦快递箱*1 | J12: =IF(I12="","",_xlfn.XLOOKUP(I12,价值表!Z:Z,价值表!W:W)) | K12: =IF(E12="","",_xlfn.XLOOKUP(E12,价值表!E:E,价值表!H:H)*F12) -> 250
B13: 12 | C13: 1 | D13: 230 | E13: 2 | F13: 500 | G13: 金币*500 | J13: =IF(I13="","",_xlfn.XLOOKUP(I13,价值表!Z:Z,价值表!W:W)) | K13: =IF(E13="","",_xlfn.XLOOKUP(E13,价值表!E:E,价值表!H:H)*F13) -> 25
B14: 13 | C14: 1 | D14: 250 | H14: 忍者鲨手 | J14: =IF(I14="","",_xlfn.XLOOKUP(I14,价值表!Z:Z,价值表!W:W)) | K14: =IF(E14="","",_xlfn.XLOOKUP(E14,价值表!E:E,价值表!H:H)*F14)
B15: 14 | C15: 1 | D15: 280 | E15: 20034 | F15: 1 | G15: 筑梦快递箱*1 | J15: =IF(I15="","",_xlfn.XLOOKUP(I15,价值表!Z:Z,价值表!W:W)) | K15: =IF(E15="","",_xlfn.XLOOKUP(E15,价值表!E:E,价值表!H:H)*F15) -> 250
B16: 15 | C16: 1 | D16: 300 | I16: 北斗高精 | J16: =IF(I16="","",_xlfn.XLOOKUP(I16,价值表!Z:Z,价值表!W:W)) -> 90212 | K16: =IF(E16="","",_xlfn.XLOOKUP(E16,价值表!E:E,价值表!H:H)*F16)
B17: 16 | C17: 1 | D17: 330 | E17: 2 | F17: 1000 | G17: 金币*1000 | J17: =IF(I17="","",_xlfn.XLOOKUP(I17,价值表!Z:Z,价值表!W:W)) | K17: =IF(E17="","",_xlfn.XLOOKUP(E17,价值表!E:E,价值表!H:H)*F17) -> 50
B18: 17 | C18: 1 | D18: 350 | H18: 路人甲 | J18: =IF(I18="","",_xlfn.XLOOKUP(I18,价值表!Z:Z,价值表!W:W)) | K18: =IF(E18="","",_xlfn.XLOOKUP(E18,价值表!E:E,价值表!H:H)*F18)
B19: 18 | C19: 1 | D19: 400 | E19: 20034 | F19: 1 | G19: 筑梦快递箱*1 | J19: =IF(I19="","",_xlfn.XLOOKUP(I19,价值表!Z:Z,价值表!W:W)) | K19: =IF(E19="","",_xlfn.XLOOKUP(E19,价值表!E:E,价值表!H:H)*F19) -> 250
B20: 19 | C20: 1 | D20: 450 | E20: 30 | F20: 1 | G20: 秘藏摇杆*1 | J20: =IF(I20="","",_xlfn.XLOOKUP(I20,价值表!Z:Z,价值表!W:W)) | K20: =IF(E20="","",_xlfn.XLOOKUP(E20,价值表!E:E,价值表!H:H)*F20) -> 280
B21: 20 | C21: 1 | D21: 500 | H21: 东方不败&镭射眼 | J21: =IF(I21="","",_xlfn.XLOOKUP(I21,价值表!Z:Z,价值表!W:W)) | K21: =IF(E21="","",_xlfn.XLOOKUP(E21,价值表!E:E,价值表!H:H)*F21)
J22: =IF(I22="","",_xlfn.XLOOKUP(I22,价值表!Z:Z,价值表!W:W)) | K22: =IF(E22="","",_xlfn.XLOOKUP(E22,价值表!E:E,价值表!H:H)*F22)
J23: =IF(I23="","",_xlfn.XLOOKUP(I23,价值表!Z:Z,价值表!W:W)) | K23: =IF(E23="","",_xlfn.XLOOKUP(E23,价值表!E:E,价值表!H:H)*F23)
B24: 21 | C24: 2 | D24: 1 | E24: 20034 | F24: 1 | G24: 筑梦快递箱*1 | J24: =IF(I24="","",_xlfn.XLOOKUP(I24,价值表!Z:Z,价值表!W:W)) | K24: =IF(E24="","",_xlfn.XLOOKUP(E24,价值表!E:E,价值表!H:H)*F24) -> 250 | L24: =SUM(K24:K44) -> 2680
B25: 22 | C25: 2 | D25: 50 | E25: 2 | F25: 500 | G25: 金币*500 | J25: =IF(I25="","",_xlfn.XLOOKUP(I25,价值表!Z:Z,价值表!W:W)) | K25: =IF(E25="","",_xlfn.XLOOKUP(E25,价值表!E:E,价值表!H:H)*F25) -> 25
B26: 23 | C26: 2 | D26: 100 | E26: 20034 | F26: 1 | G26: 筑梦快递箱*1 | J26: =IF(I26="","",_xlfn.XLOOKUP(I26,价值表!Z:Z,价值表!W:W)) | K26: =IF(E26="","",_xlfn.XLOOKUP(E26,价值表!E:E,价值表!H:H)*F26) -> 250
B27: 24 | C27: 2 | D27: 150 | I27: 猎杀 | J27: =IF(I27="","",_xlfn.XLOOKUP(I27,价值表!Z:Z,价值表!W:W)) -> 90120 | K27: =IF(E27="","",_xlfn.XLOOKUP(E27,价值表!E:E,价值表!H:H)*F27)
B28: 25 | C28: 2 | D28: 200 | E28: 5104001 | F28: 100 | G28: 超能特饮*100 | J28: =IF(I28="","",_xlfn.XLOOKUP(I28,价值表!Z:Z,价值表!W:W)) | K28: =IF(E28="","",_xlfn.XLOOKUP(E28,价值表!E:E,价值表!H:H)*F28) -> 200
B29: 26 | C29: 2 | D29: 250 | E29: 20034 | F29: 1 | G29: 筑梦快递箱*1 | J29: =IF(I29="","",_xlfn.XLOOKUP(I29,价值表!Z:Z,价值表!W:W)) | K29: =IF(E29="","",_xlfn.XLOOKUP(E29,价值表!E:E,价值表!H:H)*F29) -> 250
B30: 27 | C30: 2 | D30: 300 | H30: 唐小僧&亚瑟 | J30: =IF(I30="","",_xlfn.XLOOKUP(I30,价值表!Z:Z,价值表!W:W)) | K30: =IF(E30="","",_xlfn.XLOOKUP(E30,价值表!E:E,价值表!H:H)*F30)
B31: 28 | C31: 2 | D31: 350 | E31: 2 | F31: 1000 | G31: 金币*1000 | J31: =IF(I31="","",_xlfn.XLOOKUP(I31,价值表!Z:Z,价值表!W:W)) | K31: =IF(E31="","",_xlfn.XLOOKUP(E31,价值表!E:E,价值表!H:H)*F31) -> 50
B32: 29 | C32: 2 | D32: 400 | E32: 20034 | F32: 1 | G32: 筑梦快递箱*1 | J32: =IF(I32="","",_xlfn.XLOOKUP(I32,价值表!Z:Z,价值表!W:W)) | K32: =IF(E32="","",_xlfn.XLOOKUP(E32,价值表!E:E,价值表!H:H)*F32) -> 250
B33: 30 | C33: 2 | D33: 450 | I33: 量子枸杞 | J33: =IF(I33="","",_xlfn.XLOOKUP(I33,价值表!Z:Z,价值表!W:W)) -> 90107 | K33: =IF(E33="","",_xlfn.XLOOKUP(E33,价值表!E:E,价值表!H:H)*F33)
B34: 31 | C34: 2 | D34: 520 | E34: 35 | F34: 1 | G34: 梦愿水晶*1 | J34: =IF(I34="","",_xlfn.XLOOKUP(I34,价值表!Z:Z,价值表!W:W)) | K34: =IF(E34="","",_xlfn.XLOOKUP(E34,价值表!E:E,价值表!H:H)*F34) -> 100
B35: 32 | C35: 2 | D35: 600 | E35: 20034 | F35: 1 | G35: 筑梦快递箱*1 | J35: =IF(I35="","",_xlfn.XLOOKUP(I35,价值表!Z:Z,价值表!W:W)) | K35: =IF(E35="","",_xlfn.XLOOKUP(E35,价值表!E:E,价值表!H:H)*F35) -> 250
B36: 33 | C36: 2 | D36: 650 | E36: 5104001 | F36: 200 | G36: 超能特饮*200 | J36: =IF(I36="","",_xlfn.XLOOKUP(I36,价值表!Z:Z,价值表!W:W)) | K36: =IF(E36="","",_xlfn.XLOOKUP(E36,价值表!E:E,价值表!H:H)*F36) -> 400
B37: 34 | C37: 2 | D37: 700 | H37: 东方不败&镭射眼 | J37: =IF(I37="","",_xlfn.XLOOKUP(I37,价值表!Z:Z,价值表!W:W)) | K37: =IF(E37="","",_xlfn.XLOOKUP(E37,价值表!E:E,价值表!H:H)*F37)
B38: 35 | C38: 2 | D38: 750 | E38: 2 | F38: 500 | G38: 金币*500 | J38: =IF(I38="","",_xlfn.XLOOKUP(I38,价值表!Z:Z,价值表!W:W)) | K38: =IF(E38="","",_xlfn.XLOOKUP(E38,价值表!E:E,价值表!H:H)*F38) -> 25
B39: 36 | C39: 2 | D39: 800 | E39: 9 | F39: 5 | G39: 初愿摇杆*5 | J39: =IF(I39="","",_xlfn.XLOOKUP(I39,价值表!Z:Z,价值表!W:W)) | K39: =IF(E39="","",_xlfn.XLOOKUP(E39,价值表!E:E,价值表!H:H)*F39) -> 250
B40: 37 | C40: 2 | D40: 850 | I40: 高能 | J40: =IF(I40="","",_xlfn.XLOOKUP(I40,价值表!Z:Z,价值表!W:W)) -> 90117 | K40: =IF(E40="","",_xlfn.XLOOKUP(E40,价值表!E:E,价值表!H:H)*F40)
B41: 38 | C41: 2 | D41: 950 | E41: 30 | F41: 1 | G41: 秘藏摇杆*1 | J41: =IF(I41="","",_xlfn.XLOOKUP(I41,价值表!Z:Z,价值表!W:W)) | K41: =IF(E41="","",_xlfn.XLOOKUP(E41,价值表!E:E,价值表!H:H)*F41) -> 280
B42: 39 | C42: 2 | D42: 980 | E42: 2 | F42: 2000 | G42: 金币*2000 | J42: =IF(I42="","",_xlfn.XLOOKUP(I42,价值表!Z:Z,价值表!W:W)) | K42: =IF(E42="","",_xlfn.XLOOKUP(E42,价值表!E:E,价值表!H:H)*F42) -> 100
B43: 40 | C43: 2 | D43: 1000 | H43: 神灯王子 | J43: =IF(I43="","",_xlfn.XLOOKUP(I43,价值表!Z:Z,价值表!W:W)) | K43: =IF(E43="","",_xlfn.XLOOKUP(E43,价值表!E:E,价值表!H:H)*F43)
J44: =IF(I44="","",_xlfn.XLOOKUP(I44,价值表!Z:Z,价值表!W:W)) | K44: =IF(E44="","",_xlfn.XLOOKUP(E44,价值表!E:E,价值表!H:H)*F44)
J45: =IF(I45="","",_xlfn.XLOOKUP(I45,价值表!Z:Z,价值表!W:W)) | K45: =IF(E45="","",_xlfn.XLOOKUP(E45,价值表!E:E,价值表!H:H)*F45)
J46: =IF(I46="","",_xlfn.XLOOKUP(I46,价值表!Z:Z,价值表!W:W)) | K46: =IF(E46="","",_xlfn.XLOOKUP(E46,价值表!E:E,价值表!H:H)*F46)
B47: 41 | C47: 3 | D47: 50 | E47: 2 | F47: 1000 | G47: 金币*1000 | J47: =IF(I47="","",_xlfn.XLOOKUP(I47,价值表!Z:Z,价值表!W:W)) | K47: =IF(E47="","",_xlfn.XLOOKUP(E47,价值表!E:E,价值表!H:H)*F47) -> 50 | L47: =SUM(K47:K67) -> 4305
B48: 42 | C48: 3 | D48: 100 | E48: 20034 | F48: 1 | G48: 筑梦快递箱*1 | J48: =IF(I48="","",_xlfn.XLOOKUP(I48,价值表!Z:Z,价值表!W:W)) | K48: =IF(E48="","",_xlfn.XLOOKUP(E48,价值表!E:E,价值表!H:H)*F48) -> 250
B49: 43 | C49: 3 | D49: 200 | E49: 9 | F49: 5 | G49: 初愿摇杆*5 | J49: =IF(I49="","",_xlfn.XLOOKUP(I49,价值表!Z:Z,价值表!W:W)) | K49: =IF(E49="","",_xlfn.XLOOKUP(E49,价值表!E:E,价值表!H:H)*F49) -> 250
B50: 44 | C50: 3 | D50: 300 | H50: 蜘蛛女王 | J50: =IF(I50="","",_xlfn.XLOOKUP(I50,价值表!Z:Z,价值表!W:W)) | K50: =IF(E50="","",_xlfn.XLOOKUP(E50,价值表!E:E,价值表!H:H)*F50)
B51: 45 | C51: 3 | D51: 400 | E51: 20034 | F51: 1 | G51: 筑梦快递箱*1 | J51: =IF(I51="","",_xlfn.XLOOKUP(I51,价值表!Z:Z,价值表!W:W)) | K51: =IF(E51="","",_xlfn.XLOOKUP(E51,价值表!E:E,价值表!H:H)*F51) -> 250
B52: 46 | C52: 3 | D52: 500 | E52: 5104001 | F52: 200 | G52: 超能特饮*200 | J52: =IF(I52="","",_xlfn.XLOOKUP(I52,价值表!Z:Z,价值表!W:W)) | K52: =IF(E52="","",_xlfn.XLOOKUP(E52,价值表!E:E,价值表!H:H)*F52) -> 400
B53: 47 | C53: 3 | D53: 700 | H53: 唐小僧&亚瑟 | J53: =IF(I53="","",_xlfn.XLOOKUP(I53,价值表!Z:Z,价值表!W:W)) | K53: =IF(E53="","",_xlfn.XLOOKUP(E53,价值表!E:E,价值表!H:H)*F53)
B54: 48 | C54: 3 | D54: 800 | E54: 2 | F54: 500 | G54: 金币*500 | J54: =IF(I54="","",_xlfn.XLOOKUP(I54,价值表!Z:Z,价值表!W:W)) | K54: =IF(E54="","",_xlfn.XLOOKUP(E54,价值表!E:E,价值表!H:H)*F54) -> 25
B55: 49 | C55: 3 | D55: 900 | I55: 裂开了 | J55: =IF(I55="","",_xlfn.XLOOKUP(I55,价值表!Z:Z,价值表!W:W)) -> 90208 | K55: =IF(E55="","",_xlfn.XLOOKUP(E55,价值表!E:E,价值表!H:H)*F55)
B56: 50 | C56: 3 | D56: 1000 | E56: 20034 | F56: 1 | G56: 筑梦快递箱*1 | J56: =IF(I56="","",_xlfn.XLOOKUP(I56,价值表!Z:Z,价值表!W:W)) | K56: =IF(E56="","",_xlfn.XLOOKUP(E56,价值表!E:E,价值表!H:H)*F56) -> 250
B57: 51 | C57: 3 | D57: 1200 | H57: 关羽 | J57: =IF(I57="","",_xlfn.XLOOKUP(I57,价值表!Z:Z,价值表!W:W)) | K57: =IF(E57="","",_xlfn.XLOOKUP(E57,价值表!E:E,价值表!H:H)*F57)
B58: 52 | C58: 3 | D58: 1300 | E58: 5104001 | F58: 500 | G58: 超能特饮*500 | J58: =IF(I58="","",_xlfn.XLOOKUP(I58,价值表!Z:Z,价值表!W:W)) | K58: =IF(E58="","",_xlfn.XLOOKUP(E58,价值表!E:E,价值表!H:H)*F58) -> 1000
B59: 53 | C59: 3 | D59: 1400 | E59: 2 | F59: 2000 | G59: 金币*2000 | J59: =IF(I59="","",_xlfn.XLOOKUP(I59,价值表!Z:Z,价值表!W:W)) | K59: =IF(E59="","",_xlfn.XLOOKUP(E59,价值表!E:E,价值表!H:H)*F59) -> 100
B60: 54 | C60: 3 | D60: 1500 | E60: 20034 | F60: 1 | G60: 筑梦快递箱*1 | J60: =IF(I60="","",_xlfn.XLOOKUP(I60,价值表!Z:Z,价值表!W:W)) | K60: =IF(E60="","",_xlfn.XLOOKUP(E60,价值表!E:E,价值表!H:H)*F60) -> 250
B61: 55 | C61: 3 | D61: 1600 | I61: 群聊复读机 | J61: =IF(I61="","",_xlfn.XLOOKUP(I61,价值表!Z:Z,价值表!W:W)) -> 90204 | K61: =IF(E61="","",_xlfn.XLOOKUP(E61,价值表!E:E,价值表!H:H)*F61)
B62: 56 | C62: 3 | D62: 1700 | E62: 5104001 | F62: 200 | G62: 超能特饮*200 | J62: =IF(I62="","",_xlfn.XLOOKUP(I62,价值表!Z:Z,价值表!W:W)) | K62: =IF(E62="","",_xlfn.XLOOKUP(E62,价值表!E:E,价值表!H:H)*F62) -> 400
B63: 57 | C63: 3 | D63: 1800 | E63: 30 | F63: 1 | G63: 秘藏摇杆*1 | J63: =IF(I63="","",_xlfn.XLOOKUP(I63,价值表!Z:Z,价值表!W:W)) | K63: =IF(E63="","",_xlfn.XLOOKUP(E63,价值表!E:E,价值表!H:H)*F63) -> 280
B64: 58 | C64: 3 | D64: 1900 | E64: 35 | F64: 1 | G64: 梦愿水晶*1 | J64: =IF(I64="","",_xlfn.XLOOKUP(I64,价值表!Z:Z,价值表!W:W)) | K64: =IF(E64="","",_xlfn.XLOOKUP(E64,价值表!E:E,价值表!H:H)*F64) -> 100
B65: 59 | C65: 3 | D65: 2000 | E65: 20035 | F65: 1 | G65: 筑梦典藏箱*1 | J65: =IF(I65="","",_xlfn.XLOOKUP(I65,价值表!Z:Z,价值表!W:W)) | K65: =IF(E65="","",_xlfn.XLOOKUP(E65,价值表!E:E,价值表!H:H)*F65) -> 700
J66: =IF(I66="","",_xlfn.XLOOKUP(I66,价值表!Z:Z,价值表!W:W)) | K66: =IF(E66="","",_xlfn.XLOOKUP(E66,价值表!E:E,价值表!H:H)*F66)
J67: =IF(I67="","",_xlfn.XLOOKUP(I67,价值表!Z:Z,价值表!W:W)) | K67: =IF(E67="","",_xlfn.XLOOKUP(E67,价值表!E:E,价值表!H:H)*F67)
J68: =IF(I68="","",_xlfn.XLOOKUP(I68,价值表!Z:Z,价值表!W:W)) | K68: =IF(E68="","",_xlfn.XLOOKUP(E68,价值表!E:E,价值表!H:H)*F68)
J69: =IF(I69="","",_xlfn.XLOOKUP(I69,价值表!Z:Z,价值表!W:W)) | K69: =IF(E69="","",_xlfn.XLOOKUP(E69,价值表!E:E,价值表!H:H)*F69)
J70: =IF(I70="","",_xlfn.XLOOKUP(I70,价值表!Z:Z,价值表!W:W)) | K70: =IF(E70="","",_xlfn.XLOOKUP(E70,价值表!E:E,价值表!H:H)*F70)
B71: 60 | C71: 4 | D71: 1 | H71: 后羿&神算诸葛 | J71: =IF(I71="","",_xlfn.XLOOKUP(I71,价值表!Z:Z,价值表!W:W)) | K71: =IF(E71="","",_xlfn.XLOOKUP(E71,价值表!E:E,价值表!H:H)*F71) | L71: =SUM(K71:K91) -> 3430
B72: 61 | C72: 4 | D72: 200 | E72: 2 | F72: 2000 | G72: 金币*2000 | J72: =IF(I72="","",_xlfn.XLOOKUP(I72,价值表!Z:Z,价值表!W:W)) | K72: =IF(E72="","",_xlfn.XLOOKUP(E72,价值表!E:E,价值表!H:H)*F72) -> 100
B73: 62 | C73: 4 | D73: 300 | E73: 20034 | F73: 1 | G73: 筑梦快递箱*1 | J73: =IF(I73="","",_xlfn.XLOOKUP(I73,价值表!Z:Z,价值表!W:W)) | K73: =IF(E73="","",_xlfn.XLOOKUP(E73,价值表!E:E,价值表!H:H)*F73) -> 250
B74: 63 | C74: 4 | D74: 500 | I74: 弹墙 | J74: =IF(I74="","",_xlfn.XLOOKUP(I74,价值表!Z:Z,价值表!W:W)) -> 90216 | K74: =IF(E74="","",_xlfn.XLOOKUP(E74,价值表!E:E,价值表!H:H)*F74)
B75: 64 | C75: 4 | D75: 700 | E75: 35 | F75: 1 | G75: 梦愿水晶*1 | J75: =IF(I75="","",_xlfn.XLOOKUP(I75,价值表!Z:Z,价值表!W:W)) | K75: =IF(E75="","",_xlfn.XLOOKUP(E75,价值表!E:E,价值表!H:H)*F75) -> 100
B76: 65 | C76: 4 | D76: 900 | E76: 20034 | F76: 1 | G76: 筑梦快递箱*1 | J76: =IF(I76="","",_xlfn.XLOOKUP(I76,价值表!Z:Z,价值表!W:W)) | K76: =IF(E76="","",_xlfn.XLOOKUP(E76,价值表!E:E,价值表!H:H)*F76) -> 250
B77: 66 | C77: 4 | D77: 1000 | E77: 5104001 | F77: 200 | G77: 超能特饮*200 | J77: =IF(I77="","",_xlfn.XLOOKUP(I77,价值表!Z:Z,价值表!W:W)) | K77: =IF(E77="","",_xlfn.XLOOKUP(E77,价值表!E:E,价值表!H:H)*F77) -> 400
B78: 67 | C78: 4 | D78: 1200 | H78: 海拉 | J78: =IF(I78="","",_xlfn.XLOOKUP(I78,价值表!Z:Z,价值表!W:W)) | K78: =IF(E78="","",_xlfn.XLOOKUP(E78,价值表!E:E,价值表!H:H)*F78)
B79: 68 | C79: 4 | D79: 1300 | E79: 2 | F79: 1000 | G79: 金币*1000 | J79: =IF(I79="","",_xlfn.XLOOKUP(I79,价值表!Z:Z,价值表!W:W)) | K79: =IF(E79="","",_xlfn.XLOOKUP(E79,价值表!E:E,价值表!H:H)*F79) -> 50
B80: 69 | C80: 4 | D80: 1500 | E80: 9 | F80: 5 | G80: 初愿摇杆*5 | J80: =IF(I80="","",_xlfn.XLOOKUP(I80,价值表!Z:Z,价值表!W:W)) | K80: =IF(E80="","",_xlfn.XLOOKUP(E80,价值表!E:E,价值表!H:H)*F80) -> 250
B81: 70 | C81: 4 | D81: 1700 | E81: 20034 | F81: 1 | G81: 筑梦快递箱*1 | J81: =IF(I81="","",_xlfn.XLOOKUP(I81,价值表!Z:Z,价值表!W:W)) | K81: =IF(E81="","",_xlfn.XLOOKUP(E81,价值表!E:E,价值表!H:H)*F81) -> 250
B82: 71 | C82: 4 | D82: 1800 | E82: 2 | F82: 3000 | G82: 金币*3000 | J82: =IF(I82="","",_xlfn.XLOOKUP(I82,价值表!Z:Z,价值表!W:W)) | K82: =IF(E82="","",_xlfn.XLOOKUP(E82,价值表!E:E,价值表!H:H)*F82) -> 150
B83: 72 | C83: 4 | D83: 2000 | H83: 后羿&神算诸葛 | J83: =IF(I83="","",_xlfn.XLOOKUP(I83,价值表!Z:Z,价值表!W:W)) | K83: =IF(E83="","",_xlfn.XLOOKUP(E83,价值表!E:E,价值表!H:H)*F83)
B84: 73 | C84: 4 | D84: 2200 | E84: 20034 | F84: 1 | G84: 筑梦快递箱*1 | J84: =IF(I84="","",_xlfn.XLOOKUP(I84,价值表!Z:Z,价值表!W:W)) | K84: =IF(E84="","",_xlfn.XLOOKUP(E84,价值表!E:E,价值表!H:H)*F84) -> 250
B85: 74 | C85: 4 | D85: 2400 | I85: 会议时间相对论 | J85: =IF(I85="","",_xlfn.XLOOKUP(I85,价值表!Z:Z,价值表!W:W)) -> 90206 | K85: =IF(E85="","",_xlfn.XLOOKUP(E85,价值表!E:E,价值表!H:H)*F85)
B86: 75 | C86: 4 | D86: 2600 | E86: 5104001 | F86: 200 | G86: 超能特饮*200 | J86: =IF(I86="","",_xlfn.XLOOKUP(I86,价值表!Z:Z,价值表!W:W)) | K86: =IF(E86="","",_xlfn.XLOOKUP(E86,价值表!E:E,价值表!H:H)*F86) -> 400
B87: 76 | C87: 4 | D87: 2800 | E87: 30 | F87: 1 | G87: 秘藏摇杆*1 | J87: =IF(I87="","",_xlfn.XLOOKUP(I87,价值表!Z:Z,价值表!W:W)) | K87: =IF(E87="","",_xlfn.XLOOKUP(E87,价值表!E:E,价值表!H:H)*F87) -> 280
B88: 77 | C88: 4 | D88: 3000 | E88: 20035 | F88: 1 | G88: 筑梦典藏箱*1 | J88: =IF(I88="","",_xlfn.XLOOKUP(I88,价值表!Z:Z,价值表!W:W)) | K88: =IF(E88="","",_xlfn.XLOOKUP(E88,价值表!E:E,价值表!H:H)*F88) -> 700

Sheet 价值表
W1: 祝福ID | X1: 等级 | Y1: 排序
W2: id | X2: level | Y2: order
W3: 90001 | X3: 1 | Y3: 4 | Z3: 光环·宿舍夜谈
X4: 2 | Z4: 光环·宿舍夜谈
Z5: 光环·友圈社牛
J6: 主要投放途径 | Z6: 光环·天劫查重
D7: 序号 | E7: 道具ID | F7: 道具名称 | G7: 类别 | H7: 钻石价值 | I7: RMB售价 | J7: 途径1 | K7: 途径2 | L7: 标准折扣 | M7: 备注 | N7: 整体思路 | Z7: 光环·拼手速
D8: 1 | E8: 1 | F8: 钻石 | G8: 货币类 | H8: 1 | J8: 任务/成就/主线三星 | K8: 充值 | L8: 5 | N8: 做各阶层的能力阶梯 | X8: 1 | Z8: 光环·海王撒网
D9: 2 | E9: 13 | F9: 体力 | H9: 2 | J9: 快捷购买 | L9: 7 | X9: 2 | Z9: 光环·海王撒网
D10: 3 | E10: 2 | F10: 金币 | H10: 0.05 | J10: 日周月商店 | L10: 5 | Z10: 光环·电量续航
D11: 4 | E11: 44 | F11: 星珀 | H11: 10 | J11: 每日特惠 | K11: 排行冲刺 | L11: 2 | N11: 做中R的付费质感（前期中R） | Z11: 光环·科学养生
D12: 5 | E12: 20003 | F12: 战令宝箱 | H12: 30 | Z12: 红温警告
D13: 6 | E13: 20033 | F13: 每日特惠宝箱 | H13: 40 | Z13: 红温警告
D14: 7 | E14: 5800004 | F14: 咩菲特的雕像 | H14: 30 | Z14: 红温警告
D15: 8 | E15: 5800005 | F15: 织梦宝箱 | H15: 50 | Z15: 闪电五连鞭
D16: 9 | E16: 20034 | F16: 筑梦快递箱 | H16: 250 | Z16: 十万伏特
D17: 10 | E17: 20035 | F17: 筑梦典藏箱 | H17: 700 | W17: 90104 | X17: 1 | Y17: 1 | Z17: 抢课仙人的手速
X18: 2 | Z18: 抢课仙人的手速
D19: 11 | E19: 5104001 | F19: 能量特饮2 | H19: 2 | X19: 3 | Z19: 抢课仙人的手速
D20: 12 | E20: 5103001 | F20: 能量特饮 | G20: 梦灵类 | H20: 1 | J20: 体力产出 | L20: 5 | N20: 做非R的基础体验 | Z20: 5G光速加载
D21: 13 | E21: 11 | F21: 梦境招募券 | H21: 30 | J21: 情绪净化/主线任务 | K21: 商店购买 | L21: 6 | N21: 做各阶层的能力阶梯（前期质变） | W21: 90106 | X21: 1 | Y21: 10 | Z21: 永动充电宝
D22: 14 | E22: 35 | F22: 梦愿水晶 | H22: 100 | J22: 招募累计 | M22: 心愿招募 | W22: 90107 | X22: 1 | Y22: 12 | Z22: 量子枸杞
D23: 15 | F23: 神灯 | H23: 150 | J23: 商店购买 | L23: 10 | M23: 限定招募 | N23: 做大R的付费边界（后期质变） | Z23: 已读不回
D24: 16 | E24: 1310100 | F24: 稀有梦灵 | H24: 60 | J24: 英雄招募 | L24: 8 | X24: 1 | Z24: 内卷的呼吸
D25: 17 | E25: 1420200 | F25: 史诗梦灵 | H25: 120 | J25: 英雄招募 | L25: 8 | X25: 1 | Z25: 直男秘剑·多喝热水
D26: 18 | E26: 1130100 | F26: 传说梦灵 | H26: 240 | J26: 英雄招募 | L26: 8 | X26: 2 | Z26: 直男秘剑·多喝热水
D27: 19 | F27: 神话梦灵 | H27: 480 | J27: 英雄招募 | L27: 8 | X27: 1 | Z27: 奶茶功德
D28: 20 | F28: 彩虹梦灵 | H28: 960 | J28: 英雄招募 | L28: 8 | X28: 2 | Z28: 奶茶功德
D29: 21 | E29: 13101001 | F29: 稀有梦灵碎片 | H29: 6 | J29: 英雄招募 | L29: 8 | Z29: 节能零元购
D30: 22 | E30: 14202001 | F30: 史诗梦灵碎片 | H30: 12 | J30: 英雄招募 | L30: 8 | Z30: 检讨仙人的手速
D31: 23 | E31: 11301001 | F31: 传说梦灵碎片 | H31: 24 | J31: 英雄招募 | L31: 8 | X31: 1 | Z31: 班主任的凝视
D32: 24 | F32: 神话梦灵碎片 | H32: 48 | J32: 英雄招募 | L32: 8 | X32: 2 | Z32: 班主任的凝视
D33: 25 | F33: 彩虹梦灵碎片 | H33: 96 | J33: 英雄招募 | L33: 8 | X33: 3 | Z33: 班主任的凝视
X34: 4 | Z34: 班主任的凝视
D35: 26 | E35: 50002 | F35: 装备强化书 | G35: 装备类 | H35: 3 | J35: 体力产出 | L35: 8 | N35: 做非R长线活跃养成 | W35: 90202 | X35: 1 | Y35: 2 | Z35: 粉笔头的复仇
D36: 27 | E36: 50001 | F36: 锻造晶石 | H36: 0.1 | J36: 体力产出 | L36: 5 | M36: 装备洗练 | N36: 做非R的基础体验 | X36: 2 | Z36: 粉笔头的复仇
D37: 28 | F37: 主线装备箱 | H37: 15 | J37: 体力产出 | X37: 3 | Z37: 粉笔头的复仇
D38: 29 | F38: 组队装备箱 | H38: 50 | J38: 体力产出 | Z38: 粉笔头的复仇
D39: 30 | F39: 随机普通装备 | J39: 体力产出 | W39: 90203 | X39: 1 | Y39: 3 | Z39: 扩了么
D40: 31 | F40: 随机优秀装备 | J40: 体力产出 | X40: 2 | Z40: 扩了么
D41: 32 | F41: 随机稀有装备 | J41: 体力产出 | X41: 3 | Z41: 扩了么
D42: 33 | F42: 随机史诗装备 | J42: 体力产出 | W42: 90204 | X42: 1 | Y42: 15 | Z42: 群聊复读机
D43: 34 | F43: 随机传说装备 | J43: 体力产出 | X43: 2 | Z43: 群聊复读机
D44: 35 | F44: 随机神话装备 | J44: 体力产出 | Z44: 早八瞬移术
D45: 36 | F45: 随机创世装备 | J45: 体力产出 | W45: 90206 | X45: 1 | Y45: 13 | Z45: 会议时间相对论
X46: 1 | Z46: 买一送一
X47: 2 | Z47: 买一送一
D48: 37 | E48: 9 | F48: 初愿摇杆 | G48: 宝石类 | H48: 50 | J48: 商店购买 | M48: 宝石低抽 | X48: 3 | Z48: 买一送一
D49: 38 | E49: 30 | F49: 秘藏摇杆 | H49: 280 | J49: 商店购买 | L49: 5 | M49: 宝石高抽 | W49: 90208 | X49: 1 | Y49: 14 | Z49: 裂开了
D50: 39 | E50: 5303001 | F50: 符引结晶 | H50: 5 | J50: 体力产出 | L50: 8 | M50: 低级洗练石 | X50: 2 | Z50: 裂开了
D51: 40 | E51: 5305001 | F51: 幻梦晶核 | H51: 60 | J51: 商店购买 | L51: 5 | M51: 高级洗练石 | N51: 做中R的付费质感 | X51: 3 | Z51: 裂开了
