Workbook

Sheet 说明
A1: 梦灵养成
A3: 说明
C5: 梦灵升级
D6: 梦灵属性=梦灵初始属性×（1＋（梦灵等级－1）×等级系数）
D7: 梦灵升级消耗【能量特饮】＋【金币】
D8: 梦灵升级本质上是上阵编队位置的升级，替换梦灵，等级继承
D9: 梦灵升级不能超过上阵编队最低等级位置10级
C11: 梦灵升星
D12: 梦灵升星属性＝梦灵等级属性×（1+品质系数）＋梦灵初始属性×升星系数×（品质id-1）
D13: 梦灵升星消耗【本体碎片】＋【金币】
D14: 梦灵升星到一定阶段后，需要【进阶石】
C16: 关联配置
D18: 配置 | E18: 字段 | F18: 值 | G18: 说明
D19: D_单位_unit_data
D20: D_道具_item_data | G20: *涉及梦灵道具与梦灵初始品质
G22: *预留最后一行
D27: 表头
D29: 表头
D31: 表头
A35: 本页结束

Sheet 养成规划
A1: 养成属性
C3: 属性规划
D5: 天数 | E5: 玩家等级 | F5: 装备等级 | G5: 装备强化 | H5: 装备品质 | I5: 装备属性 | J5: 强化属性 | K5: 洗练属性 | L5: 强化属性 | R5: 天数 | S5: 玩家等级 | T5: 装备等级 | U5: 装备强化 | V5: 装备品质 | W5: 装备属性 | X5: 强化属性 | Y5: 洗练属性
A6: 270 | D6: 1 | E6: 12 | F6: 10 | G6: 10 | H6: 蓝 | I6: 270 | J6: 180 | K6: 90 | L6: =INT(J6/G6/6) -> 3 | P6: 365.4 | Q6: 180 | R6: 1 | S6: =IF([1]养成框架!S75=E6,"",[1]养成框架!S75) | T6: =IF([1]养成框架!T75=F6,"",[1]养成框架!T75) | U6: =IF([1]养成框架!U75=G6,"",[1]养成框架!U75) | V6: =IF([1]养成框架!V75=H6,"",[1]养成框架!V75) | W6: =IF(ABS([1]养成框架!L159-I6)<1,"",[1]养成框架!L159) | X6: =IF(ABS([1]养成框架!M159-J6)<1,"",[1]养成框架!M159) | Y6: =IF(ABS([1]养成框架!N159-K6)<1,"",[1]养成框架!N159) -> 72 | Z6: =IF(W6="",I6,W6) -> 270 | AA6: =IF(X6="",J6,X6) -> 180 | AB6: =IF(Y6="",K6,Y6) -> 72
A7: 372.6 | D7: 2 | E7: 18 | F7: 20 | G7: 16 | H7: 紫 | I7: 372.6 | J7: 324 | K7: 108 | L7: =INT((J7-J6)/(G7-G6)/6) -> 4 | P7: 518.75526 | Q7: 324 | R7: 2 | S7: =IF([1]养成框架!S76=E7,"",[1]养成框架!S76) | T7: =IF([1]养成框架!T76=F7,"",[1]养成框架!T76) | U7: =IF([1]养成框架!U76=G7,"",[1]养成框架!U76) | V7: =IF([1]养成框架!V76=H7,"",[1]养成框架!V76) | W7: =IF(ABS([1]养成框架!L160-I7)<1,"",[1]养成框架!L160) | X7: =IF(ABS([1]养成框架!M160-J7)<1,"",[1]养成框架!M160) | Y7: =IF(ABS([1]养成框架!N160-K7)<1,"",[1]养成框架!N160) | Z7: =IF(W7="",I7,W7) -> 372.6 | AA7: =IF(X7="",J7,X7) -> 324 | AB7: =IF(Y7="",K7,Y7) -> 108
A8: 514.8 | D8: 3 | E8: 22 | F8: 30 | G8: 20 | H8: 橙 | I8: 514.8 | J8: 420 | K8: 144 | L8: =INT((J8-J7)/(G8-G7)/6) -> 4 | P8: 688.97722 | Q8: 420 | R8: 3 | S8: =IF([1]养成框架!S77=E8,"",[1]养成框架!S77) | T8: =IF([1]养成框架!T77=F8,"",[1]养成框架!T77) | U8: =IF([1]养成框架!U77=G8,"",[1]养成框架!U77) | V8: =IF([1]养成框架!V77=H8,"",[1]养成框架!V77) | W8: =IF(ABS([1]养成框架!L161-I8)<1,"",[1]养成框架!L161) | X8: =IF(ABS([1]养成框架!M161-J8)<1,"",[1]养成框架!M161) | Y8: =IF(ABS([1]养成框架!N161-K8)<1,"",[1]养成框架!N161) -> 176 | Z8: =IF(W8="",I8,W8) -> 514.8 | AA8: =IF(X8="",J8,X8) -> 420 | AB8: =IF(Y8="",K8,Y8) -> 176
A9: 514.8 | D9: 4 | E9: 25 | F9: 30 | G9: 24 | H9: 橙 | I9: 514.8 | J9: 540 | K9: 174 | L9: =INT((J9-J8)/(G9-G8)/6) -> 5 | P9: 749.60982 | Q9: 540 | R9: 4 | S9: =IF([1]养成框架!S78=E9,"",[1]养成框架!S78) | T9: =IF([1]养成框架!T78=F9,"",[1]养成框架!T78) | U9: =IF([1]养成框架!U78=G9,"",[1]养成框架!U78) | V9: =IF([1]养成框架!V78=H9,"",[1]养成框架!V78) | W9: =IF(ABS([1]养成框架!L162-I9)<1,"",[1]养成框架!L162) | X9: =IF(ABS([1]养成框架!M162-J9)<1,"",[1]养成框架!M162) | Y9: =IF(ABS([1]养成框架!N162-K9)<1,"",[1]养成框架!N162) -> 192 | Z9: =IF(W9="",I9,W9) -> 514.8 | AA9: =IF(X9="",J9,X9) -> 540 | AB9: =IF(Y9="",K9,Y9) -> 192
A10: 514.8 | D10: 5 | E10: 28 | F10: 30 | G10: 27 | H10: 橙 | I10: 514.8 | J10: 630 | K10: 234 | L10: =INT((J10-J9)/(G10-G9)/6) -> 5 | P10: 793.85868 | Q10: 630 | R10: 5 | S10: =IF([1]养成框架!S79=E10,"",[1]养成框架!S79) | T10: =IF([1]养成框架!T79=F10,"",[1]养成框架!T79) | U10: =IF([1]养成框架!U79=G10,"",[1]养成框架!U79) | V10: =IF([1]养成框架!V79=H10,"",[1]养成框架!V79) | W10: =IF(ABS([1]养成框架!L163-I10)<1,"",[1]养成框架!L163) | X10: =IF(ABS([1]养成框架!M163-J10)<1,"",[1]养成框架!M163) | Y10: =IF(ABS([1]养成框架!N163-K10)<1,"",[1]养成框架!N163) -> 208 | Z10: =IF(W10="",I10,W10) -> 514.8 | AA10: =IF(X10="",J10,X10) -> 630 | AB10: =IF(Y10="",K10,Y10) -> 208
A11: 591.5 | D11: 6 | E11: 30 | F11: 40 | G11: 30 | H11: 橙 | I11: 591.5 | J11: 756 | K11: 240 | L11: =INT((J11-J10)/(G11-G10)/6) -> 7 | P11: 905.92353 | Q11: 756 | R11: 6 | S11: =IF([1]养成框架!S80=E11,"",[1]养成框架!S80) | T11: =IF([1]养成框架!T80=F11,"",[1]养成框架!T80) | U11: =IF([1]养成框架!U80=G11,"",[1]养成框架!U80) | V11: =IF([1]养成框架!V80=H11,"",[1]养成框架!V80) | W11: =IF(ABS([1]养成框架!L164-I11)<1,"",[1]养成框架!L164) | X11: =IF(ABS([1]养成框架!M164-J11)<1,"",[1]养成框架!M164) | Y11: =IF(ABS([1]养成框架!N164-K11)<1,"",[1]养成框架!N164) -> 224 | Z11: =IF(W11="",I11,W11) -> 591.5 | AA11: =IF(X11="",J11,X11) -> 756 | AB11: =IF(Y11="",K11,Y11) -> 224
A12: 591.5 | D12: 7 | E12: 32 | F12: 40 | G12: 32 | H12: 橙 | I12: 591.5 | J12: 840 | K12: 288 | L12: =INT((J12-J11)/(G12-G11)/6) -> 7 | P12: 946.86127 | Q12: 840 | R12: 7 | S12: =IF([1]养成框架!S81=E12,"",[1]养成框架!S81) | T12: =IF([1]养成框架!T81=F12,"",[1]养成框架!T81) | U12: =IF([1]养成框架!U81=G12,"",[1]养成框架!U81) | V12: =IF([1]养成框架!V81=H12,"",[1]养成框架!V81) | W12: =IF(ABS([1]养成框架!L165-I12)<1,"",[1]养成框架!L165) | X12: =IF(ABS([1]养成框架!M165-J12)<1,"",[1]养成框架!M165) | Y12: =IF(ABS([1]养成框架!N165-K12)<1,"",[1]养成框架!N165) -> 240 | Z12: =IF(W12="",I12,W12) -> 591.5 | AA12: =IF(X12="",J12,X12) -> 840 | AB12: =IF(Y12="",K12,Y12) -> 240
A13: 728 | D13: 8 | E13: 34 | F13: 40 | G13: 34 | H13: 红 | I13: 728 | J13: 924 | K13: 360 | L13: =INT((J13-J12)/(G13-G12)/6) -> 7 | P13: 1053.5 | Q13: 924 | R13: 8 | S13: =IF([1]养成框架!S82=E13,"",[1]养成框架!S82) | T13: =IF([1]养成框架!T82=F13,"",[1]养成框架!T82) | U13: =IF([1]养成框架!U82=G13,"",[1]养成框架!U82) | V13: =IF([1]养成框架!V82=H13,"",[1]养成框架!V82) | W13: =IF(ABS([1]养成框架!L166-I13)<1,"",[1]养成框架!L166) | X13: =IF(ABS([1]养成框架!M166-J13)<1,"",[1]养成框架!M166) | Y13: =IF(ABS([1]养成框架!N166-K13)<1,"",[1]养成框架!N166) -> 240 | Z13: =IF(W13="",I13,W13) -> 728 | AA13: =IF(X13="",J13,X13) -> 924 | AB13: =IF(Y13="",K13,Y13) -> 240
A14: 728 | D14: 9 | E14: 36 | F14: 40 | G14: 36 | H14: 红 | I14: 728 | J14: 1008 | K14: 420 | L14: =INT((J14-J13)/(G14-G13)/6) -> 7 | P14: 1081.8324 | Q14: 1008 | R14: 9 | S14: =IF([1]养成框架!S83=E14,"",[1]养成框架!S83) | T14: =IF([1]养成框架!T83=F14,"",[1]养成框架!T83) | U14: =IF([1]养成框架!U83=G14,"",[1]养成框架!U83) | V14: =IF([1]养成框架!V83=H14,"",[1]养成框架!V83) | W14: =IF(ABS([1]养成框架!L167-I14)<1,"",[1]养成框架!L167) | X14: =IF(ABS([1]养成框架!M167-J14)<1,"",[1]养成框架!M167) | Y14: =IF(ABS([1]养成框架!N167-K14)<1,"",[1]养成框架!N167) -> 240 | Z14: =IF(W14="",I14,W14) -> 728 | AA14: =IF(X14="",J14,X14) -> 1008 | AB14: =IF(Y14="",K14,Y14) -> 240
A15: 728 | D15: 10 | E15: 38 | F15: 40 | G15: 38 | H15: 红 | I15: 728 | J15: 1092 | K15: 486 | L15: =INT((J15-J14)/(G15-G14)/6) -> 7 | P15: 1115.3591 | Q15: 1092 | R15: 10 | S15: =IF([1]养成框架!S84=E15,"",[1]养成框架!S84) | T15: =IF([1]养成框架!T84=F15,"",[1]养成框架!T84) | U15: =IF([1]养成框架!U84=G15,"",[1]养成框架!U84) | V15: =IF([1]养成框架!V84=H15,"",[1]养成框架!V84) | W15: =IF(ABS([1]养成框架!L168-I15)<1,"",[1]养成框架!L168) | X15: =IF(ABS([1]养成框架!M168-J15)<1,"",[1]养成框架!M168) | Y15: =IF(ABS([1]养成框架!N168-K15)<1,"",[1]养成框架!N168) -> 240 | Z15: =IF(W15="",I15,W15) -> 728 | AA15: =IF(X15="",J15,X15) -> 1092 | AB15: =IF(Y15="",K15,Y15) -> 240
A16: 836.8 | D16: 11 | E16: 40 | F16: 50 | G16: 40 | H16: 红 | I16: 836.8 | J16: 1188 | K16: 558 | L16: =INT((J16-J15)/(G16-G15)/6) -> 8 | P16: 1212.8437 | Q16: 1188 | R16: 11 | S16: =IF([1]养成框架!S85=E16,"",[1]养成框架!S85) | T16: =IF([1]养成框架!T85=F16,"",[1]养成框架!T85) | U16: =IF([1]养成框架!U85=G16,"",[1]养成框架!U85) | V16: =IF([1]养成框架!V85=H16,"",[1]养成框架!V85) | W16: =IF(ABS([1]养成框架!L169-I16)<1,"",[1]养成框架!L169) | X16: =IF(ABS([1]养成框架!M169-J16)<1,"",[1]养成框架!M169) | Y16: =IF(ABS([1]养成框架!N169-K16)<1,"",[1]养成框架!N169) -> 240 | Z16: =IF(W16="",I16,W16) -> 836.8 | AA16: =IF(X16="",J16,X16) -> 1188 | AB16: =IF(Y16="",K16,Y16) -> 240
A17: 836.8 | D17: 12 | E17: 42 | F17: 50 | G17: 42 | H17: 红 | I17: 836.8 | J17: 1284 | K17: 792 | L17: =INT((J17-J16)/(G17-G16)/6) -> 8 | P17: 1250.5859 | Q17: 1284 | R17: 12 | S17: =IF([1]养成框架!S86=E17,"",[1]养成框架!S86) | T17: =IF([1]养成框架!T86=F17,"",[1]养成框架!T86) | U17: =IF([1]养成框架!U86=G17,"",[1]养成框架!U86) | V17: =IF([1]养成框架!V86=H17,"",[1]养成框架!V86) | W17: =IF(ABS([1]养成框架!L170-I17)<1,"",[1]养成框架!L170) | X17: =IF(ABS([1]养成框架!M170-J17)<1,"",[1]养成框架!M170) | Y17: =IF(ABS([1]养成框架!N170-K17)<1,"",[1]养成框架!N170) -> 240 | Z17: =IF(W17="",I17,W17) -> 836.8 | AA17: =IF(X17="",J17,X17) -> 1284 | AB17: =IF(Y17="",K17,Y17) -> 240
A18: 836.8 | D18: 13 | E18: 44 | F18: 50 | G18: 44 | H18: 红 | I18: 836.8 | J18: 1380 | K18: 990 | L18: =INT((J18-J17)/(G18-G17)/6) -> 8 | P18: 1287.5209 | Q18: 1380 | R18: 13 | S18: =IF([1]养成框架!S87=E18,"",[1]养成框架!S87) | T18: =IF([1]养成框架!T87=F18,"",[1]养成框架!T87) | U18: =IF([1]养成框架!U87=G18,"",[1]养成框架!U87) | V18: =IF([1]养成框架!V87=H18,"",[1]养成框架!V87) | W18: =IF(ABS([1]养成框架!L171-I18)<1,"",[1]养成框架!L171) | X18: =IF(ABS([1]养成框架!M171-J18)<1,"",[1]养成框架!M171) | Y18: =IF(ABS([1]养成框架!N171-K18)<1,"",[1]养成框架!N171) -> 240 | Z18: =IF(W18="",I18,W18) -> 836.8 | AA18: =IF(X18="",J18,X18) -> 1380 | AB18: =IF(Y18="",K18,Y18) -> 240
... A27: 1588 | D27: 55 | E27: 76 | F27: 80 | G27: 77.6 | H27: 粉 | I27: 1730 | J27: 3418.8 | K27: 3840 | L27: =INT((J27-J26)/(G27-G26)/6) -> 12 | P27: 2347.975 | Q27: 3286.8 | R27: 55 | S27: =IF([1]养成框架!S96=E27,"",[1]养成框架!S96) | T27: =IF([1]养成框架!T96=F27,"",[1]养成框架!T96) | U27: =IF([1]养成框架!U96=G27,"",[1]养成框架!U96) | V27: =IF([1]养成框架!V96=H27,"",[1]养成框架!V96) | W27: =IF(ABS([1]养成框架!L180-I27)<1,"",[1]养成框架!L180) -> 1588 | X27: =IF(ABS([1]养成框架!M180-J27)<1,"",[1]养成框架!M180) -> 3286.8 | Y27: =IF(ABS([1]养成框架!N180-K27)<1,"",[1]养成框架!N180) -> 360 | Z27: =IF(W27="",I27,W27) -> 1588 | AA27: =IF(X27="",J27,X27) -> 3286.8 | AB27: =IF(Y27="",K27,Y27) -> 360
A28: 1588 | D28: 62 | E28: 78.5 | F28: 85 | G28: 80.4 | H28: 粉 | I28: 1730 | J28: 3620.4 | K28: 4170 | L28: =INT((J28-J27)/(G28-G27)/6) -> 11 | Q28: 3488.4 | R28: 62 | S28: =IF([1]养成框架!S97=E28,"",[1]养成框架!S97) | T28: =IF([1]养成框架!T97=F28,"",[1]养成框架!T97) -> 80 | U28: =IF([1]养成框架!U97=G28,"",[1]养成框架!U97) | V28: =IF([1]养成框架!V97=H28,"",[1]养成框架!V97) | W28: =IF(ABS([1]养成框架!L181-I28)<1,"",[1]养成框架!L181) -> 1588 | X28: =IF(ABS([1]养成框架!M181-J28)<1,"",[1]养成框架!M181) -> 3488.4 | Y28: =IF(ABS([1]养成框架!N181-K28)<1,"",[1]养成框架!N181) -> 450 | Z28: =IF(W28="",I28,W28) -> 1588 | AA28: =IF(X28="",J28,X28) -> 3488.4 | AB28: =IF(Y28="",K28,Y28) -> 450
A29: 1826 | D29: 90 | E29: 88.5 | F29: 90 | G29: 91.6 | H29: 粉 | I29: 1858 | J29: 4695.6 | K29: 4500 | L29: =INT((J29-J28)/(G29-G28)/6) -> 16 | Q29: 4563.6 | R29: 90 | S29: =IF([1]养成框架!S98=E29,"",[1]养成框架!S98) | T29: =IF([1]养成框架!T98=F29,"",[1]养成框架!T98) | U29: =IF([1]养成框架!U98=G29,"",[1]养成框架!U98) | V29: =IF([1]养成框架!V98=H29,"",[1]养成框架!V98) | W29: =IF(ABS([1]养成框架!L182-I29)<1,"",[1]养成框架!L182) -> 1826 | X29: =IF(ABS([1]养成框架!M182-J29)<1,"",[1]养成框架!M182) -> 4563.6 | Y29: =IF(ABS([1]养成框架!N182-K29)<1,"",[1]养成框架!N182) -> 450 | Z29: =IF(W29="",I29,W29) -> 1826 | AA29: =IF(X29="",J29,X29) -> 4563.6 | AB29: =IF(Y29="",K29,Y29) -> 450
A30: 2622.5 | D30: 120 | E30: 93.857143 | F30: 100 | G30: 97.6 | H30: 彩 | I30: 2680 | J30: 5415.6 | K30: 4830 | L30: =INT((J30-J29)/(G30-G29)/6) -> 20 | Q30: 5283.6 | R30: 120 | S30: =IF([1]养成框架!S99=E30,"",[1]养成框架!S99) | T30: =IF([1]养成框架!T99=F30,"",[1]养成框架!T99) | U30: =IF([1]养成框架!U99=G30,"",[1]养成框架!U99) | V30: =IF([1]养成框架!V99=H30,"",[1]养成框架!V99) | W30: =IF(ABS([1]养成框架!L183-I30)<1,"",[1]养成框架!L183) -> 2622.5 | X30: =IF(ABS([1]养成框架!M183-J30)<1,"",[1]养成框架!M183) -> 5283.6 | Y30: =IF(ABS([1]养成框架!N183-K30)<1,"",[1]养成框架!N183) -> 450 | Z30: =IF(W30="",I30,W30) -> 2622.5 | AA30: =IF(X30="",J30,X30) -> 5283.6 | AB30: =IF(Y30="",K30,Y30) -> 450
A31: 2622.5 | D31: 150 | E31: 99.214286 | F31: 105 | G31: 103.6 | H31: 彩 | I31: 2880 | J31: 6135.6 | K31: 5466 | L31: =INT((J31-J30)/(G31-G30)/6) -> 20 | Q31: 6003.6 | R31: 150 | S31: =IF([1]养成框架!S100=E31,"",[1]养成框架!S100) | T31: =IF([1]养成框架!T100=F31,"",[1]养成框架!T100) -> 100 | U31: =IF([1]养成框架!U100=G31,"",[1]养成框架!U100) | V31: =IF([1]养成框架!V100=H31,"",[1]养成框架!V100) | W31: =IF(ABS([1]养成框架!L184-I31)<1,"",[1]养成框架!L184) -> 2622.5 | X31: =IF(ABS([1]养成框架!M184-J31)<1,"",[1]养成框架!M184) -> 6003.6 | Y31: =IF(ABS([1]养成框架!N184-K31)<1,"",[1]养成框架!N184) -> 450 | Z31: =IF(W31="",I31,W31) -> 2622.5 | AA31: =IF(X31="",J31,X31) -> 6003.6 | AB31: =IF(Y31="",K31,Y31) -> 450
A32: 3015 | D32: 190 | E32: 106.35714 | F32: 110 | G32: 111.6 | H32: 彩 | I32: 3095 | J32: 7287.6 | K32: 6546 | L32: =INT((J32-J31)/(G32-G31)/6) -> 24 | Q32: 7155.6 | R32: 190 | S32: =IF([1]养成框架!S101=E32,"",[1]养成框架!S101) | T32: =IF([1]养成框架!T101=F32,"",[1]养成框架!T101) | U32: =IF([1]养成框架!U101=G32,"",[1]养成框架!U101) | V32: =IF([1]养成框架!V101=H32,"",[1]养成框架!V101) | W32: =IF(ABS([1]养成框架!L185-I32)<1,"",[1]养成框架!L185) -> 3015 | X32: =IF(ABS([1]养成框架!M185-J32)<1,"",[1]养成框架!M185) -> 7155.6 | Y32: =IF(ABS([1]养成框架!N185-K32)<1,"",[1]养成框架!N185) -> 450 | Z32: =IF(W32="",I32,W32) -> 3015 | AA32: =IF(X32="",J32,X32) -> 7155.6 | AB32: =IF(Y32="",K32,Y32) -> 450
A33: 3465 | D33: 250 | E33: 117.07143 | F33: 120 | G33: 123.6 | H33: 彩 | I33: 3572.5 | J33: 9303.6 | K33: 7632 | L33: =INT((J33-J32)/(G33-G32)/6) -> 28 | Q33: 9171.6 | R33: 250 | S33: =IF([1]养成框架!S102=E33,"",[1]养成框架!S102) | T33: =IF([1]养成框架!T102=F33,"",[1]养成框架!T102) | U33: =IF([1]养成框架!U102=G33,"",[1]养成框架!U102) | V33: =IF([1]养成框架!V102=H33,"",[1]养成框架!V102) | W33: =IF(ABS([1]养成框架!L186-I33)<1,"",[1]养成框架!L186) -> 3465 | X33: =IF(ABS([1]养成框架!M186-J33)<1,"",[1]养成框架!M186) -> 9171.6 | Y33: =IF(ABS([1]养成框架!N186-K33)<1,"",[1]养成框架!N186) -> 540 | Z33: =IF(W33="",I33,W33) -> 3465 | AA33: =IF(X33="",J33,X33) -> 9171.6 | AB33: =IF(Y33="",K33,Y33) -> 540
A34: 3982.5 | D34: 310 | E34: 127.78571 | F34: 130 | G34: 135.6 | H34: 彩 | I34: 4127.5 | J34: 11607.6 | K34: 8712 | L34: =INT((J34-J33)/(G34-G33)/6) -> 32 | Q34: 11475.6 | R34: 310 | S34: =IF([1]养成框架!S103=E34,"",[1]养成框架!S103) | T34: =IF([1]养成框架!T103=F34,"",[1]养成框架!T103) | U34: =IF([1]养成框架!U103=G34,"",[1]养成框架!U103) | V34: =IF([1]养成框架!V103=H34,"",[1]养成框架!V103) | W34: =IF(ABS([1]养成框架!L187-I34)<1,"",[1]养成框架!L187) -> 3982.5 | X34: =IF(ABS([1]养成框架!M187-J34)<1,"",[1]养成框架!M187) -> 11475.6 | Y34: =IF(ABS([1]养成框架!N187-K34)<1,"",[1]养成框架!N187) -> 540 | Z34: =IF(W34="",I34,W34) -> 3982.5 | AA34: =IF(X34="",J34,X34) -> 11475.6 | AB34: =IF(Y34="",K34,Y34) -> 540
A35: 4577.5 | D35: 370 | E35: 138.5 | F35: 140 | G35: 147.6 | H35: 彩 | I35: 4767.5 | J35: 14343.6 | K35: 9078 | L35: =INT((J35-J34)/(G35-G34)/6) -> 38 | Q35: 14211.6 | R35: 370 | S35: =IF([1]养成框架!S104=E35,"",[1]养成框架!S104) | T35: =IF([1]养成框架!T104=F35,"",[1]养成框架!T104) | U35: =IF([1]养成框架!U104=G35,"",[1]养成框架!U104) | V35: =IF([1]养成框架!V104=H35,"",[1]养成框架!V104) | W35: =IF(ABS([1]养成框架!L188-I35)<1,"",[1]养成框架!L188) -> 4577.5 | X35: =IF(ABS([1]养成框架!M188-J35)<1,"",[1]养成框架!M188) -> 14211.6 | Y35: =IF(ABS([1]养成框架!N188-K35)<1,"",[1]养成框架!N188) -> 540 | Z35: =IF(W35="",I35,W35) -> 4577.5 | AA35: =IF(X35="",J35,X35) -> 14211.6 | AB35: =IF(Y35="",K35,Y35) -> 540
A36: 5262.5 | D36: 430 | E36: 149.21429 | F36: 150 | G36: 159.6 | H36: 彩 | I36: 5507.5 | J36: 17511.6 | K36: 9444 | L36: =INT((J36-J35)/(G36-G35)/6) -> 44 | Q36: 17379.6 | R36: 430 | S36: =IF([1]养成框架!S105=E36,"",[1]养成框架!S105) | T36: =IF([1]养成框架!T105=F36,"",[1]养成框架!T105) | U36: =IF([1]养成框架!U105=G36,"",[1]养成框架!U105) | V36: =IF([1]养成框架!V105=H36,"",[1]养成框架!V105) | W36: =IF(ABS([1]养成框架!L189-I36)<1,"",[1]养成框架!L189) -> 5262.5 | X36: =IF(ABS([1]养成框架!M189-J36)<1,"",[1]养成框架!M189) -> 17379.6 | Y36: =IF(ABS([1]养成框架!N189-K36)<1,"",[1]养成框架!N189) -> 540 | Z36: =IF(W36="",I36,W36) -> 5262.5 | AA36: =IF(X36="",J36,X36) -> 17379.6 | AB36: =IF(Y36="",K36,Y36) -> 540
A37: 6957.5 | D37: =ROUND((D36+D38)/2,0) -> 475 | E37: =ROUND((E36+E38)/2,0) -> 157 | F37: =ROUND((F36+F38)/2,0) -> 160 | G37: =ROUND((G36+G38)/2,0) -> 169 | H37: 彩 | I37: =ROUND((I36+I38)/2,0) -> 6429 | J37: =ROUND((J36+J38)/2,0) -> 20104 | K37: 9816 | L37: =INT((J37-J36)/(G37-G36)/6) -> 45 | Q37: 22563.6
D38: 520 | E38: 165.28571 | F38: 170 | G38: 177.6 | H38: 彩 | I38: 7350 | J38: 22695.6 | K38: 10182 | L38: =INT((J38-J37)/(G38-G37)/6) -> 50 | Q38: 27555.6 | R38: 520 | S38: =IF([1]养成框架!S106=E38,"",[1]养成框架!S106) -> 165.28571 | T38: =IF([1]养成框架!T106=F38,"",[1]养成框架!T106) | U38: =IF([1]养成框架!U106=G38,"",[1]养成框架!U106) | V38: =IF([1]养成框架!V106=H38,"",[1]养成框架!V106) | W38: =IF(ABS([1]养成框架!L190-I38)<1,"",[1]养成框架!L190) -> 6957.5 | X38: =IF(ABS([1]养成框架!M190-J38)<1,"",[1]养成框架!M190) -> 22563.6 | Y38: =IF(ABS([1]养成框架!N190-K38)<1,"",[1]养成框架!N190) -> 540 | Z38: =IF(W38="",I38,W38) -> 6957.5 | AA38: =IF(X38="",J38,X38) -> 22563.6 | AB38: =IF(Y38="",K38,Y38) -> 540
D39: =ROUND((D38+D40)/2,0) -> 560 | E39: =ROUND((E38+E40)/2,0) -> 173 | F39: =ROUND((F38+F40)/2,0) -> 180 | G39: =ROUND((G38+G40)/2,0) -> 184 | H39: 彩 | I39: =ROUND((I38+I40)/2,0) -> 7921 | J39: =ROUND((J38+J40)/2,0) -> 25288 | K39: 10944 | L39: =INT((J39-J38)/(G39-G38)/6) -> 67
D40: 600 | E40: 180 | F40: 190 | G40: 190 | H40: 彩 | I40: 8492.5 | J40: 27879.6 | K40: 11706 | L40: =INT((J40-J39)/(G40-G39)/6) -> 71
D41: 640 | E41: 190 | F41: 200 | G41: 200 | H41: 彩 | I41: =ROUND(I40*1.07,0) -> 9087 | J41: =ROUND(J40*1.07,0) -> 29831 | K41: =ROUND(K40*1.07,0) -> 12525 | L41: =INT((J41-J40)/(G41-G40)/6) -> 32
A46: 本页结束

Sheet 装备属性
A1: 装备本体
C3: 属性规划
D5: 见养成属性页签
A8: 装备基础属性
D10: #前期成长略低于升级，后期高于升级（相当于高品质可以用多一个等级）
C11: 等级模型
D12: *确定每一级属性
H13: #从玩家等级表里面拉，这里偏快
D14: 装备等级 | E14: 攻击 | F14: 生命 | G14: 成长幅度 | H14: 解锁时间 | I14: 停留时间 | J14: 品质 | K14: 等级时间 | L14: 算上品质 | M14: 装备提升 | N14: 装备性价比
D15: 0 | E15: 167 | F15: =E15*10 -> 1670 | H15: 1 | J15: =OFFSET(装备产出!$W$18,MATCH(H15,装备产出!$E$19:$E$33,1),0) -> 橙0.05 | K15: 0 | L15: =E15*E69 -> 180.36
D16: 1 | E16: 167 | F16: =E16*10 -> 1670 | G16: =E16/E15 -> 1 | H16: 1 | I16: =H16-H15 -> 0 | J16: =OFFSET(装备产出!$W$18,MATCH(H16,装备产出!$E$19:$E$33,1),0) -> 橙0.05 | K16: =H16-H15 -> 0 | L16: =E16*E70 -> 217.1 | M16: =LOG((G16-1)/6+1,1.07) -> 0
D17: 10 | E17: 300 | F17: =E17*10 -> 3000 | G17: =E17/E16 -> 1.7964072 | H17: 1 | I17: =H17-H16 -> 0 | J17: =OFFSET(装备产出!$W$18,MATCH(H17,装备产出!$E$19:$E$33,1),0) -> 橙0.05 | K17: =H17-H16 -> 0 | L17: =E17*E69 -> 324 | M17: =LOG((G17-1)/6+1,1.07) -> 1.8421096
D18: 20 | E18: =INT(E17*1.15) -> 345 | F18: =E18*10 -> 3450 | G18: =E18/E17 -> 1.15 | H18: 3 | I18: =H18-H17 -> 2 | J18: =OFFSET(装备产出!$W$18,MATCH(H18,装备产出!$E$19:$E$33,1),0) -> 橙0.1 | K18: =H18-H17 -> 2 | L18: =E18*$E$70 -> 448.5 | M18: =LOG((G18-1)/6+1,1.07) -> 0.3649587
D19: 30 | E19: =INT(E18*1.15) -> 396 | F19: =E19*10 -> 3960 | G19: =E19/E18 -> 1.1478261 | H19: 5 | I19: =H19-H18 -> 2 | J19: =OFFSET(装备产出!$W$18,MATCH(H19,装备产出!$E$19:$E$33,1),0) -> 红0.025 | K19: =H19-H18 -> 2 | L19: =E19*$E$71 -> 633.6 | M19: =LOG((G19-1)/6+1,1.07) -> 0.35973329
D20: 40 | E20: =INT(E19*1.15) -> 455 | F20: =E20*10 -> 4550 | G20: =E20/E19 -> 1.1489899 | H20: 7 | I20: =H20-H19 -> 2 | J20: =OFFSET(装备产出!$W$18,MATCH(H20,装备产出!$E$19:$E$33,1),0) -> 红0.05 | K20: =H20-H19 -> 2 | L20: =E20*$E$71 -> 728 | M20: =LOG((G20-1)/6+1,1.07) -> 0.36253096
D21: 50 | E21: =INT(E20*1.15) -> 523 | F21: =E21*10 -> 5230 | G21: =E21/E20 -> 1.1494505 | H21: 11 | I21: =H21-H20 -> 4 | J21: =OFFSET(装备产出!$W$18,MATCH(H21,装备产出!$E$19:$E$33,1),0) -> 红0.075 | K21: =H21-H20 -> 4 | L21: =E21*$E$71 -> 836.8 | M21: =LOG((G21-1)/6+1,1.07) -> 0.36363817
D22: 55 | E22: =(E21+E23)/2 -> 562 | F22: =E22*10 -> 5620 | G22: =E22/E21 -> 1.0745698 | H22: =(H21+H23)/2 -> 14.5 | I22: =H22-H21 -> 3.5 | J22: =OFFSET(装备产出!$W$18,MATCH(H22,装备产出!$E$19:$E$33,1),0) -> 红0.075 | K22: =H22-H21 -> 3.5 | L22: =E22*$E$71 -> 899.2 | M22: =LOG((G22-1)/6+1,1.07) -> 0.18255909
D23: 60 | E23: =INT(E21*1.15) -> 601 | F23: =E23*10 -> 6010 | G23: =E23/E22 -> 1.069395 | H23: 18 | I23: =H23-H22 -> 3.5 | J23: =OFFSET(装备产出!$W$18,MATCH(H23,装备产出!$E$19:$E$33,1),0) -> 粉0.025 | K23: =H23-H22 -> 3.5 | L23: =E23*$E$72 -> 1202 | M23: =LOG((G23-1)/6+1,1.07) -> 0.16996295
D24: 65 | E24: =(E23+E25)/2 -> 646 | F24: =E24*10 -> 6460 | G24: =E24/E23 -> 1.0748752 | H24: =(H23+H25)/2 -> 23 | I24: =H24-H23 -> 5 | J24: =OFFSET(装备产出!$W$18,MATCH(H24,装备产出!$E$19:$E$33,1),0) -> 粉0.04 | K24: =H24-H23 -> 5 | L24: =E24*$E$72 -> 1292 | M24: =LOG((G24-1)/6+1,1.07) -> 0.18330218
D25: 70 | E25: =INT(E23*1.15) -> 691 | F25: =E25*10 -> 6910 | G25: =E25/E24 -> 1.0696594 | H25: 28 | I25: =H25-H24 -> 5 | J25: =OFFSET(装备产出!$W$18,MATCH(H25,装备产出!$E$19:$E$33,1),0) -> 粉0.04 | K25: =H25-H24 -> 5 | L25: =E25*$E$72 -> 1382 | M25: =LOG((G25-1)/6+1,1.07) -> 0.17060686
D26: 75 | E26: =(E25+E27)/2 -> 742.5 | F26: =E26*10 -> 7425 | G26: =E26/E25 -> 1.0745297 | H26: =(H25+H27)/2 -> 35 | I26: =H26-H25 -> 7 | J26: =OFFSET(装备产出!$W$18,MATCH(H26,装备产出!$E$19:$E$33,1),0) -> 粉0.055 | K26: =H26-H25 -> 7 | L26: =E26*$E$72 -> 1485 | M26: =LOG((G26-1)/6+1,1.07) -> 0.18246146
D27: 80 | E27: =INT(E25*1.15) -> 794 | F27: =E27*10 -> 7940 | G27: =E27/E26 -> 1.0693603 | H27: 42 | I27: =H27-H26 -> 7 | J27: =OFFSET(装备产出!$W$18,MATCH(H27,装备产出!$E$19:$E$33,1),0) -> 粉0.075 | K27: =H27-H26 -> 7 | L27: =E27*$E$72 -> 1588 | M27: =LOG((G27-1)/6+1,1.07) -> 0.16987833
D28: 85 | E28: =(E27+E29)/2 -> 853.5 | F28: =E28*10 -> 8535 | G28: =E28/E27 -> 1.074937 | H28: =(H27+H29)/2 -> 49.5 | I28: =H28-H27 -> 7.5 | J28: =OFFSET(装备产出!$W$18,MATCH(H28,装备产出!$E$19:$E$33,1),0) -> 粉0.075 | K28: =H28-H27 -> 7.5 | L28: =E28*$E$72 -> 1707 | M28: =LOG((G28-1)/6+1,1.07) -> 0.18345259
D29: 90 | E29: =INT(E27*1.15) -> 913 | F29: =E29*10 -> 9130 | G29: =E29/E28 -> 1.0697129 | H29: 57 | I29: =H29-H28 -> 7.5 | J29: =OFFSET(装备产出!$W$18,MATCH(H29,装备产出!$E$19:$E$33,1),0) -> 彩0.015 | K29: =H29-H28 -> 7.5 | L29: =E29*$E$73 -> 2282.5 | M29: =LOG((G29-1)/6+1,1.07) -> 0.17073714
D30: 95 | E30: =(E29+E31)/2 -> 981 | F30: =E30*10 -> 9810 | G30: =E30/E29 -> 1.0744797 | H30: =(H29+H31)/2 -> 64.5 | I30: =H30-H29 -> 7.5 | J30: =OFFSET(装备产出!$W$18,MATCH(H30,装备产出!$E$19:$E$33,1),0) -> 彩0.025 | K30: =H30-H29 -> 7.5 | L30: =E30*$E$73 -> 2452.5 | M30: =LOG((G30-1)/6+1,1.07) -> 0.18233998
D31: 100 | E31: =INT(E29*1.15) -> 1049 | F31: =E31*10 -> 10490 | G31: =E31/E30 -> 1.069317 | H31: 72 | I31: =H31-H30 -> 7.5 | J31: =OFFSET(装备产出!$W$18,MATCH(H31,装备产出!$E$19:$E$33,1),0) -> 彩0.025 | K31: =H31-H30 -> 7.5 | L31: =E31*$E$73 -> 2622.5 | M31: =LOG((G31-1)/6+1,1.07) -> 0.16977302
D32: 105 | E32: =(E31+E33)/2 -> 1127.5 | F32: =E32*10 -> 11275 | G32: =E32/E31 -> 1.0748332 | H32: =(H31+H33)/2 -> 82 | I32: =H32-H31 -> 10 | J32: =OFFSET(装备产出!$W$18,MATCH(H32,装备产出!$E$19:$E$33,1),0) -> 彩0.04 | K32: =H32-H31 -> 10 | L32: =E32*$E$73 -> 2818.75 | M32: =LOG((G32-1)/6+1,1.07) -> 0.18319991
D33: 110 | E33: =INT(E31*1.15) -> 1206 | F33: =E33*10 -> 12060 | G33: =E33/E32 -> 1.0696231 | H33: 92 | I33: =H33-H32 -> 10 | J33: =OFFSET(装备产出!$W$18,MATCH(H33,装备产出!$E$19:$E$33,1),0) -> 彩0.04 | K33: =H33-H32 -> 10 | L33: =E33*$E$73 -> 3015 | M33: =LOG((G33-1)/6+1,1.07) -> 0.17051826
D34: 115 | E34: =(E33+E35)/2 -> 1296 | F34: =E34*10 -> 12960 | G34: =E34/E33 -> 1.0746269 | H34: =(H33+H35)/2 -> 102 | I34: =H34-H33 -> 10 | J34: =OFFSET(装备产出!$W$18,MATCH(H34,装备产出!$E$19:$E$33,1),0) -> 彩0.045 | K34: =H34-H33 -> 10 | L34: =E34*$E$73 -> 3240 | M34: =LOG((G34-1)/6+1,1.07) -> 0.18269796
D35: 120 | E35: =INT(E33*1.15) -> 1386 | F35: =E35*10 -> 13860 | G35: =E35/E34 -> 1.0694444 | H35: 112 | I35: =H35-H34 -> 10 | J35: =OFFSET(装备产出!$W$18,MATCH(H35,装备产出!$E$19:$E$33,1),0) -> 彩0.045 | K35: =H35-H34 -> 10 | L35: =E35*$E$73 -> 3465 | M35: =LOG((G35-1)/6+1,1.07) -> 0.17008331
D36: 125 | E36: =(E35+E37)/2 -> 1489.5 | F36: =E36*10 -> 14895 | G36: =E36/E35 -> 1.0746753 | H36: =(H35+H37)/2 -> 122 | I36: =H36-H35 -> 10 | J36: =OFFSET(装备产出!$W$18,MATCH(H36,装备产出!$E$19:$E$33,1),0) -> 彩0.05 | K36: =H36-H35 -> 10 | L36: =E36*$E$73 -> 3723.75 | M36: =LOG((G36-1)/6+1,1.07) -> 0.18281586
D37: 130 | E37: =INT(E35*1.15) -> 1593 | F37: =E37*10 -> 15930 | G37: =E37/E36 -> 1.0694864 | H37: 132 | I37: =H37-H36 -> 10 | J37: =OFFSET(装备产出!$W$18,MATCH(H37,装备产出!$E$19:$E$33,1),0) -> 彩0.05 | K37: =H37-H36 -> 10 | L37: =E37*$E$73 -> 3982.5 | M37: =LOG((G37-1)/6+1,1.07) -> 0.17018549
D38: 135 | E38: =(E37+E39)/2 -> 1712 | F38: =E38*10 -> 17120 | G38: =E38/E37 -> 1.0747018 | H38: =(H37+H39)/2 -> 142 | I38: =H38-H37 -> 10 | J38: =OFFSET(装备产出!$W$18,MATCH(H38,装备产出!$E$19:$E$33,1),0) -> 彩0.055 | K38: =H38-H37 -> 10 | L38: =E38*$E$73 -> 4280 | M38: =LOG((G38-1)/6+1,1.07) -> 0.18288033
D39: 140 | E39: =INT(E37*1.15) -> 1831 | F39: =E39*10 -> 18310 | G39: =E39/E38 -> 1.0695093 | H39: 152 | I39: =H39-H38 -> 10 | J39: =OFFSET(装备产出!$W$18,MATCH(H39,装备产出!$E$19:$E$33,1),0) -> 彩0.055 | K39: =H39-H38 -> 10 | L39: =E39*$E$73 -> 4577.5 | M39: =LOG((G39-1)/6+1,1.07) -> 0.17024135
D40: 145 | E40: =(E39+E41)/2 -> 1968 | F40: =E40*10 -> 19680 | G40: =E40/E39 -> 1.0748225 | H40: =(H39+H41)/2 -> 162 | I40: =H40-H39 -> 10 | J40: =OFFSET(装备产出!$W$18,MATCH(H40,装备产出!$E$19:$E$33,1),0) -> 彩0.055 | K40: =H40-H39 -> 10 | L40: =E40*$E$73 -> 4920 | M40: =LOG((G40-1)/6+1,1.07) -> 0.18317395
D41: 150 | E41: =INT(E39*1.15) -> 2105 | F41: =E41*10 -> 21050 | G41: =E41/E40 -> 1.0696138 | H41: 172 | I41: =H41-H40 -> 10 | J41: =OFFSET(装备产出!$W$18,MATCH(H41,装备产出!$E$19:$E$33,1),0) -> 彩0.055 | K41: =H41-H40 -> 10 | L41: =E41*$E$73 -> 5262.5 | M41: =LOG((G41-1)/6+1,1.07) -> 0.17049576
D42: 155 | E42: =(E41+E43)/2 -> 2262.5 | F42: =E42*10 -> 22625 | G42: =E42/E41 -> 1.0748219 | H42: =(H41+H43)/2 -> 182 | I42: =H42-H41 -> 10 | J42: =OFFSET(装备产出!$W$18,MATCH(H42,装备产出!$E$19:$E$33,1),0) -> 彩0.055 | K42: =H42-H41 -> 10 | L42: =E42*$E$73 -> 5656.25 | M42: =LOG((G42-1)/6+1,1.07) -> 0.18317237
D43: 160 | E43: =INT(E41*1.15) -> 2420 | F43: =E43*10 -> 24200 | G43: =E43/E42 -> 1.0696133 | H43: 192 | I43: =H43-H42 -> 10 | J43: =OFFSET(装备产出!$W$18,MATCH(H43,装备产出!$E$19:$E$33,1),0) -> 彩0.055 | K43: =H43-H42 -> 10 | L43: =E43*$E$73 -> 6050 | M43: =LOG((G43-1)/6+1,1.07) -> 0.1704944
D44: 165 | E44: =(E43+E45)/2 -> 2601.5 | F44: =E44*10 -> 26015 | G44: =E44/E43 -> 1.075 | H44: =(H43+H45)/2 -> 205 | I44: =H44-H43 -> 13 | J44: =OFFSET(装备产出!$W$18,MATCH(H44,装备产出!$E$19:$E$33,1),0) -> 彩0.055 | K44: =H44-H43 -> 13 | L44: =E44*$E$73 -> 6503.75 | M44: =LOG((G44-1)/6+1,1.07) -> 0.1836058
D45: 170 | E45: =INT(E43*1.15) -> 2783 | F45: =E45*10 -> 27830 | G45: =E45/E44 -> 1.0697674 | H45: 218 | I45: =H45-H44 -> 13 | J45: =OFFSET(装备产出!$W$18,MATCH(H45,装备产出!$E$19:$E$33,1),0) -> 彩0.055 | K45: =H45-H44 -> 13 | L45: =E45*$E$73 -> 6957.5 | M45: =LOG((G45-1)/6+1,1.07) -> 0.17086984
D46: 175 | E46: =(E45+E47)/2 -> 2991.5 | F46: =E46*10 -> 29915 | G46: =E46/E45 -> 1.0749192 | H46: =(H45+H47)/2 -> 233 | I46: =H46-H45 -> 15 | J46: =OFFSET(装备产出!$W$18,MATCH(H46,装备产出!$E$19:$E$33,1),0) -> 彩0.055 | K46: =H46-H45 -> 15 | L46: =E46*$E$73 -> 7478.75 | M46: =LOG((G46-1)/6+1,1.07) -> 0.1834091
D47: 180 | E47: =INT(E45*1.15) -> 3200 | F47: =E47*10 -> 32000 | G47: =E47/E46 -> 1.0696975 | H47: 248 | I47: =H47-H46 -> 15 | J47: =OFFSET(装备产出!$W$18,MATCH(H47,装备产出!$E$19:$E$33,1),0) -> 彩0.055 | K47: =H47-H46 -> 15 | L47: =E47*$E$73 -> 8000 | M47: =LOG((G47-1)/6+1,1.07) -> 0.17069947
D48: 185 | E48: =(E47+E49)/2 -> 3440 | F48: =E48*10 -> 34400 | G48: =E48/E47 -> 1.075 | H48: =(H47+H49)/2 -> 263 | I48: =H48-H47 -> 15 | J48: =OFFSET(装备产出!$W$18,MATCH(H48,装备产出!$E$19:$E$33,1),0) -> 彩0.055 | K48: =H48-H47 -> 15 | L48: =E48*$E$73 -> 8600 | M48: =LOG((G48-1)/6+1,1.07) -> 0.1836058
D49: 190 | E49: =INT(E47*1.15) -> 3680 | F49: =E49*10 -> 36800 | G49: =E49/E48 -> 1.0697674 | H49: 278 | I49: =H49-H48 -> 15 | J49: =OFFSET(装备产出!$W$18,MATCH(H49,装备产出!$E$19:$E$33,1),0) -> 彩0.055 | K49: =H49-H48 -> 15 | L49: =E49*$E$73 -> 9200 | M49: =LOG((G49-1)/6+1,1.07) -> 0.17086984
D50: 195 | E50: =(E49+E51)/2 -> 3956 | F50: =E50*10 -> 39560 | G50: =E50/E49 -> 1.075 | H50: =(H49+H51)/2 -> 293 | I50: =H50-H49 -> 15 | J50: =OFFSET(装备产出!$W$18,MATCH(H50,装备产出!$E$19:$E$33,1),0) -> 彩0.055 | K50: =H50-H49 -> 15 | L50: =E50*$E$73 -> 9890 | M50: =LOG((G50-1)/6+1,1.07) -> 0.1836058
D51: 200 | E51: =INT(E49*1.15) -> 4232 | F51: =E51*10 -> 42320 | G51: =E51/E50 -> 1.0697674 | H51: 308 | I51: =H51-H50 -> 15 | J51: =OFFSET(装备产出!$W$18,MATCH(H51,装备产出!$E$19:$E$33,1),0) -> 彩0.055 | K51: =H51-H50 -> 15 | L51: =E51*$E$73 -> 10580 | M51: =LOG((G51-1)/6+1,1.07) -> 0.17086984
D52: 205 | E52: =(E51+E53)/2 -> 4549 | F52: =E52*10 -> 45490 | G52: =E52/E51 -> 1.0749055 | H52: =(H51+H53)/2 -> 323 | I52: =H52-H51 -> 15 | J52: =OFFSET(装备产出!$W$18,MATCH(H52,装备产出!$E$19:$E$33,1),0) -> 彩0.055 | K52: =H52-H51 -> 15 | L52: =E52*$E$73 -> 11372.5 | M52: =LOG((G52-1)/6+1,1.07) -> 0.18337584
D53: 210 | E53: =INT(E51*1.15) -> 4866 | F53: =E53*10 -> 48660 | G53: =E53/E52 -> 1.0696856 | H53: 338 | I53: =H53-H52 -> 15 | J53: =OFFSET(装备产出!$W$18,MATCH(H53,装备产出!$E$19:$E$33,1),0) -> 彩0.055 | K53: =H53-H52 -> 15 | L53: =E53*$E$73 -> 12165 | M53: =LOG((G53-1)/6+1,1.07) -> 0.17067066
D54: 215 | E54: =(E53+E55)/2 -> 5230.5 | F54: =E54*10 -> 52305 | G54: =E54/E53 -> 1.0749075 | H54: =(H53+H55)/2 -> 353 | I54: =H54-H53 -> 15 | J54: =OFFSET(装备产出!$W$18,MATCH(H54,装备产出!$E$19:$E$33,1),0) -> 彩0.055 | K54: =H54-H53 -> 15 | L54: =E54*$E$73 -> 13076.25 | M54: =LOG((G54-1)/6+1,1.07) -> 0.1833808
D55: 220 | E55: =INT(E53*1.15) -> 5595 | F55: =E55*10 -> 55950 | G55: =E55/E54 -> 1.0696874 | H55: 368 | I55: =H55-H54 -> 15 | J55: =OFFSET(装备产出!$W$18,MATCH(H55,装备产出!$E$19:$E$33,1),0) -> 彩0.055 | K55: =H55-H54 -> 15 | L55: =E55*$E$73 -> 13987.5 | M55: =LOG((G55-1)/6+1,1.07) -> 0.17067496
D56: 225 | E56: =(E55+E57)/2 -> 6014.5 | F56: =E56*10 -> 60145 | G56: =E56/E55 -> 1.0749777 | H56: =(H55+H57)/2 -> 383 | I56: =H56-H55 -> 15 | J56: =OFFSET(装备产出!$W$18,MATCH(H56,装备产出!$E$19:$E$33,1),0) -> 彩0.055 | K56: =H56-H55 -> 15 | L56: =E56*$E$73 -> 15036.25 | M56: =LOG((G56-1)/6+1,1.07) -> 0.18355144
D57: 230 | E57: =INT(E55*1.15) -> 6434 | F57: =E57*10 -> 64340 | G57: =E57/E56 -> 1.0697481 | H57: 398 | I57: =H57-H56 -> 15 | J57: =OFFSET(装备产出!$W$18,MATCH(H57,装备产出!$E$19:$E$33,1),0) -> 彩0.055 | K57: =H57-H56 -> 15 | L57: =E57*$E$73 -> 16085 | M57: =LOG((G57-1)/6+1,1.07) -> 0.17082276
D58: 235 | E58: =(E57+E59)/2 -> 6916.5 | F58: =E58*10 -> 69165 | G58: =E58/E57 -> 1.0749922 | H58: =(H57+H59)/2 -> 413 | I58: =H58-H57 -> 15 | J58: =OFFSET(装备产出!$W$18,MATCH(H58,装备产出!$E$19:$E$33,1),0) -> 彩0.055 | K58: =H58-H57 -> 15 | L58: =E58*$E$73 -> 17291.25 | M58: =LOG((G58-1)/6+1,1.07) -> 0.18358689
D59: 240 | E59: =INT(E57*1.15) -> 7399 | F59: =E59*10 -> 73990 | G59: =E59/E58 -> 1.0697607 | H59: 428 | I59: =H59-H58 -> 15 | J59: =OFFSET(装备产出!$W$18,MATCH(H59,装备产出!$E$19:$E$33,1),0) -> 彩0.055 | K59: =H59-H58 -> 15 | L59: =E59*$E$73 -> 18497.5 | M59: =LOG((G59-1)/6+1,1.07) -> 0.17085346
D60: 245 | E60: =(E59+E61)/2 -> 7953.5 | F60: =E60*10 -> 79535 | G60: =E60/E59 -> 1.0749426 | H60: =(H59+H61)/2 -> 443 | I60: =H60-H59 -> 15 | J60: =OFFSET(装备产出!$W$18,MATCH(H60,装备产出!$E$19:$E$33,1),0) -> 彩0.055 | K60: =H60-H59 -> 15 | L60: =E60*$E$73 -> 19883.75 | M60: =LOG((G60-1)/6+1,1.07) -> 0.18346605
D61: 250 | E61: =INT(E59*1.15) -> 8508 | F61: =E61*10 -> 85080 | G61: =E61/E60 -> 1.0697177 | H61: 458 | I61: =H61-H60 -> 15 | J61: =OFFSET(装备产出!$W$18,MATCH(H61,装备产出!$E$19:$E$33,1),0) -> 彩0.055 | K61: =H61-H60 -> 15 | L61: =E61*$E$73 -> 21270 | M61: =LOG((G61-1)/6+1,1.07) -> 0.1707488
C63: 品质-等级-部位模型
D64: #装备属性=装备等级属性*品质投放系数*类型系数
D65: 品质投放比例 | E65: 品质投放系数 | F65: 成长幅度 | G65: 解锁时间 | H65: 装备提升
D66: 白 | E66: 0.6
D67: 绿 | E67: 0.75 | F67: =E67/E66 -> 1.25 | G67: {=OFFSET(装备产出!$E$18,MATCH(TRUE,OFFSET(装备产出!$F$19:$F$33,0,MATCH($D67,装备产出!$F$18:$M$18,0)-1)>0,0),0)} -> 1 | H67: =LOG((F67-1)/6+1,1.07) -> 0.6033522
D68: 蓝 | E68: 0.9 | F68: =E68/E67 -> 1.2 | G68: {=OFFSET(装备产出!$E$18,MATCH(TRUE,OFFSET(装备产出!$F$19:$F$33,0,MATCH($D68,装备产出!$F$18:$M$18,0)-1)>0,0),0)} -> 1 | H68: =LOG((F68-1)/6+1,1.07) -> 0.48463609
D69: 紫 | E69: 1.08 | F69: =E69/E68 -> 1.2 | G69: {=OFFSET(装备产出!$E$18,MATCH(TRUE,OFFSET(装备产出!$F$19:$F$33,0,MATCH($D69,装备产出!$F$18:$M$18,0)-1)>0,0),0)} -> 1 | H69: =LOG((F69-1)/6+1,1.07) -> 0.48463609
D70: 橙 | E70: 1.3 | F70: =E70/E69 -> 1.2037037 | G70: {=OFFSET(装备产出!$E$18,MATCH(TRUE,OFFSET(装备产出!$F$19:$F$33,0,MATCH($D70,装备产出!$F$18:$M$18,0)-1)>0,0),0)} -> 1 | H70: =LOG((F70-1)/6+1,1.07) -> 0.49346265
D71: 红 | E71: 1.6 | F71: =E71/E70 -> 1.2307692 | G71: {=OFFSET(装备产出!$E$18,MATCH(TRUE,OFFSET(装备产出!$F$19:$F$33,0,MATCH($D71,装备产出!$F$18:$M$18,0)-1)>0,0),0)} -> 4 | H71: =LOG((F71-1)/6+1,1.07) -> 0.55780493
D72: 粉 | E72: 2 | F72: =E72/E71 -> 1.25 | G72: {=OFFSET(装备产出!$E$18,MATCH(TRUE,OFFSET(装备产出!$F$19:$F$33,0,MATCH($D72,装备产出!$F$18:$M$18,0)-1)>0,0),0)} -> 16 | H72: =LOG((F72-1)/6+1,1.07) -> 0.6033522
D73: 彩 | E73: 2.5 | F73: =E73/E72 -> 1.25 | G73: {=OFFSET(装备产出!$E$18,MATCH(TRUE,OFFSET(装备产出!$F$19:$F$33,0,MATCH($D73,装备产出!$F$18:$M$18,0)-1)>0,0),0)} -> 52 | H73: =LOG((F73-1)/6+1,1.07) -> 0.6033522
D75: 装备ID | E75: 装备部位 | F75: 生命类型系数 | G75: 攻击类型系数
D76: 1 | E76: 头盔 | F76: 1 | G76: 1
D77: 2 | E77: 衣服 | F77: 1 | G77: 1
D78: 3 | E78: 护臂 | F78: 1 | G78: 1
D79: 4 | E79: 裤子 | F79: 1 | G79: 1
D80: 5 | E80: 鞋子 | F80: 1 | G80: 1
D81: 6 | E81: 手套 | F81: 1 | G81: 1
D82: *目前所有部位是用一套模型，所以装备类型可忽略，所有类型都是用同一套等级-品质模型
D83: *0级属性特殊，每个部位单独算 | S83: 装备攻击
D84: ID | E84: 装备等级 | F84: 装备类型 | G84: 装备品质 | H84: 生命 | I84: 攻击 | K84: 等级 | L84: 白 | M84: 绿 | N84: 蓝 | O84: 紫 | P84: 橙 | Q84: 红 | R84: 粉 | S84: 彩
D85: 1 | E85: 0 | F85: 头盔 | G85: 白 | H85: =INT(VLOOKUP($E85,$D$15:$G$61,MATCH(H$84,$D$14:$G$14,0),0)*VLOOKUP($G85,$D$66:$F$73,2,0)/6*_xlfn.XLOOKUP($F85,$E$76:$E$81,$F$76:$F$81)) -> 167 | I85: =INT(VLOOKUP($E85,$D$15:$G$61,MATCH(I$84,$D$14:$G$14,0),0)*VLOOKUP($G85,$D$66:$F$73,2,0)/6*_xlfn.XLOOKUP($F85,$E$76:$E$81,$F$76:$F$81)) -> 16
D86: 1 | E86: 0 | F86: 衣服 | G86: 白 | H86: =INT(VLOOKUP($E86,$D$15:$G$61,MATCH(H$84,$D$14:$G$14,0),0)*VLOOKUP($G86,$D$66:$F$73,2,0)/6*_xlfn.XLOOKUP($F86,$E$76:$E$81,$F$76:$F$81)) -> 167 | I86: 17
D87: 1 | E87: 0 | F87: 护臂 | G87: 白 | H87: =INT(VLOOKUP($E87,$D$15:$G$61,MATCH(H$84,$D$14:$G$14,0),0)*VLOOKUP($G87,$D$66:$F$73,2,0)/6*_xlfn.XLOOKUP($F87,$E$76:$E$81,$F$76:$F$81)) -> 167 | I87: =INT(VLOOKUP($E87,$D$15:$G$61,MATCH(I$84,$D$14:$G$14,0),0)*VLOOKUP($G87,$D$66:$F$73,2,0)/6*_xlfn.XLOOKUP($F87,$E$76:$E$81,$F$76:$F$81)) -> 16
D88: 1 | E88: 0 | F88: 裤子 | G88: 白 | H88: =INT(VLOOKUP($E88,$D$15:$G$61,MATCH(H$84,$D$14:$G$14,0),0)*VLOOKUP($G88,$D$66:$F$73,2,0)/6*_xlfn.XLOOKUP($F88,$E$76:$E$81,$F$76:$F$81)) -> 167 | I88: 17
D89: 1 | E89: 0 | F89: 鞋子 | G89: 白 | H89: =INT(VLOOKUP($E89,$D$15:$G$61,MATCH(H$84,$D$14:$G$14,0),0)*VLOOKUP($G89,$D$66:$F$73,2,0)/6*_xlfn.XLOOKUP($F89,$E$76:$E$81,$F$76:$F$81)) -> 167 | I89: 17
D90: 1 | E90: 0 | F90: 手套 | G90: 白 | H90: =INT(VLOOKUP($E90,$D$15:$G$61,MATCH(H$84,$D$14:$G$14,0),0)*VLOOKUP($G90,$D$66:$F$73,2,0)/6*_xlfn.XLOOKUP($F90,$E$76:$E$81,$F$76:$F$81)) -> 167 | I90: 17 | K90: 0 | L90: {=_xlfn.XLOOKUP($K90&L$84,$E$90:$E$466&$G$90:$G$466,$I$90:$I$466)} -> 17 | M90: {=_xlfn.XLOOKUP($K90&M$84,$E$90:$E$466&$G$90:$G$466,$I$90:$I$466)} -> 20 | N90: {=_xlfn.XLOOKUP($K90&N$84,$E$90:$E$466&$G$90:$G$466,$I$90:$I$466)} -> 25 | O90: {=_xlfn.XLOOKUP($K90&O$84,$E$90:$E$466&$G$90:$G$466,$I$90:$I$466)} -> 30 | P90: {=_xlfn.XLOOKUP($K90&P$84,$E$90:$E$466&$G$90:$G$466,$I$90:$I$466)} -> 36 | Q90: {=_xlfn.XLOOKUP($K90&Q$84,$E$90:$E$466&$G$90:$G$466,$I$90:$I$466)} -> 44 | R90: {=_xlfn.XLOOKUP($K90&R$84,$E$90:$E$466&$G$90:$G$466,$I$90:$I$466)} -> 55 | S90: {=_xlfn.XLOOKUP($K90&S$84,$E$90:$E$466&$G$90:$G$466,$I$90:$I$466)} -> 69
D91: 2 | E91: 0 | F91: 头盔 | G91: 绿 | H91: =INT(VLOOKUP($E91,$D$15:$G$61,MATCH(H$84,$D$14:$G$14,0),0)*VLOOKUP($G91,$D$66:$F$73,2,0)/6*_xlfn.XLOOKUP($F91,$E$76:$E$81,$F$76:$F$81)) -> 208 | I91: =INT(VLOOKUP($E91,$D$15:$G$61,MATCH(I$84,$D$14:$G$14,0),0)*VLOOKUP($G91,$D$66:$F$73,2,0)/6*_xlfn.XLOOKUP($F91,$E$76:$E$81,$F$76:$F$81)) -> 20 | K91: 1 | L91: {=_xlfn.XLOOKUP($K91&L$84,$E$90:$E$466&$G$90:$G$466,$I$90:$I$466)} -> 16 | M91: {=_xlfn.XLOOKUP($K91&M$84,$E$90:$E$466&$G$90:$G$466,$I$90:$I$466)} -> 20 | N91: {=_xlfn.XLOOKUP($K91&N$84,$E$90:$E$466&$G$90:$G$466,$I$90:$I$466)} -> 25 | O91: {=_xlfn.XLOOKUP($K91&O$84,$E$90:$E$466&$G$90:$G$466,$I$90:$I$466)} -> 30 | P91: {=_xlfn.XLOOKUP($K91&P$84,$E$90:$E$466&$G$90:$G$466,$I$90:$I$466)} -> 36 | Q91: {=_xlfn.XLOOKUP($K91&Q$84,$E$90:$E$466&$G$90:$G$466,$I$90:$I$466)} -> 44 | R91: {=_xlfn.XLOOKUP($K91&R$84,$E$90:$E$466&$G$90:$G$466,$I$90:$I$466)} -> 55 | S91: {=_xlfn.XLOOKUP($K91&S$84,$E$90:$E$466&$G$90:$G$466,$I$90:$I$466)} -> 69
D92: 3 | E92: 0 | F92: 头盔 | G92: 蓝 | H92: =INT(VLOOKUP($E92,$D$15:$G$61,MATCH(H$84,$D$14:$G$14,0),0)*VLOOKUP($G92,$D$66:$F$73,2,0)/6*_xlfn.XLOOKUP($F92,$E$76:$E$81,$F$76:$F$81)) -> 250 | I92: =INT(VLOOKUP($E92,$D$15:$G$61,MATCH(I$84,$D$14:$G$14,0),0)*VLOOKUP($G92,$D$66:$F$73,2,0)/6*_xlfn.XLOOKUP($F92,$E$76:$E$81,$F$76:$F$81)) -> 25 | K92: 10 | L92: {=_xlfn.XLOOKUP($K92&L$84,$E$90:$E$466&$G$90:$G$466,$I$90:$I$466)} -> 30 | M92: {=_xlfn.XLOOKUP($K92&M$84,$E$90:$E$466&$G$90:$G$466,$I$90:$I$466)} -> 37 | N92: {=_xlfn.XLOOKUP($K92&N$84,$E$90:$E$466&$G$90:$G$466,$I$90:$I$466)} -> 45 | O92: {=_xlfn.XLOOKUP($K92&O$84,$E$90:$E$466&$G$90:$G$466,$I$90:$I$466)} -> 54 | P92: {=_xlfn.XLOOKUP($K92&P$84,$E$90:$E$466&$G$90:$G$466,$I$90:$I$466)} -> 65 | Q92: {=_xlfn.XLOOKUP($K92&Q$84,$E$90:$E$466&$G$90:$G$466,$I$90:$I$466)} -> 80 | R92: {=_xlfn.XLOOKUP($K92&R$84,$E$90:$E$466&$G$90:$G$466,$I$90:$I$466)} -> 100 | S92: {=_xlfn.XLOOKUP($K92&S$84,$E$90:$E$466&$G$90:$G$466,$I$90:$I$466)} -> 125
D93: 4 | E93: 0 | F93: 头盔 | G93: 紫 | H93: =INT(VLOOKUP($E93,$D$15:$G$61,MATCH(H$84,$D$14:$G$14,0),0)*VLOOKUP($G93,$D$66:$F$73,2,0)/6*_xlfn.XLOOKUP($F93,$E$76:$E$81,$F$76:$F$81)) -> 300 | I93: =INT(VLOOKUP($E93,$D$15:$G$61,MATCH(I$84,$D$14:$G$14,0),0)*VLOOKUP($G93,$D$66:$F$73,2,0)/6*_xlfn.XLOOKUP($F93,$E$76:$E$81,$F$76:$F$81)) -> 30 | K93: 20 | L93: {=_xlfn.XLOOKUP($K93&L$84,$E$90:$E$466&$G$90:$G$466,$I$90:$I$466)} -> 34 | M93: {=_xlfn.XLOOKUP($K93&M$84,$E$90:$E$466&$G$90:$G$466,$I$90:$I$466)} -> 43 | N93: {=_xlfn.XLOOKUP($K93&N$84,$E$90:$E$466&$G$90:$G$466,$I$90:$I$466)} -> 51 | O93: {=_xlfn.XLOOKUP($K93&O$84,$E$90:$E$466&$G$90:$G$466,$I$90:$I$466)} -> 62 | P93: {=_xlfn.XLOOKUP($K93&P$84,$E$90:$E$466&$G$90:$G$466,$I$90:$I$466)} -> 74 | Q93: {=_xlfn.XLOOKUP($K93&Q$84,$E$90:$E$466&$G$90:$G$466,$I$90:$I$466)} -> 92 | R93: {=_xlfn.XLOOKUP($K93&R$84,$E$90:$E$466&$G$90:$G$466,$I$90:$I$466)} -> 115 | S93: {=_xlfn.XLOOKUP($K93&S$84,$E$90:$E$466&$G$90:$G$466,$I$90:$I$466)} -> 143
D94: 5 | E94: 0 | F94: 头盔 | G94: 橙 | H94: =INT(VLOOKUP($E94,$D$15:$G$61,MATCH(H$84,$D$14:$G$14,0),0)*VLOOKUP($G94,$D$66:$F$73,2,0)/6*_xlfn.XLOOKUP($F94,$E$76:$E$81,$F$76:$F$81)) -> 361 | I94: =INT(VLOOKUP($E94,$D$15:$G$61,MATCH(I$84,$D$14:$G$14,0),0)*VLOOKUP($G94,$D$66:$F$73,2,0)/6*_xlfn.XLOOKUP($F94,$E$76:$E$81,$F$76:$F$81)) -> 36 | K94: 30 | L94: {=_xlfn.XLOOKUP($K94&L$84,$E$90:$E$466&$G$90:$G$466,$I$90:$I$466)} -> 39 | M94: {=_xlfn.XLOOKUP($K94&M$84,$E$90:$E$466&$G$90:$G$466,$I$90:$I$466)} -> 49 | N94: {=_xlfn.XLOOKUP($K94&N$84,$E$90:$E$466&$G$90:$G$466,$I$90:$I$466)} -> 59 | O94: {=_xlfn.XLOOKUP($K94&O$84,$E$90:$E$466&$G$90:$G$466,$I$90:$I$466)} -> 71 | P94: {=_xlfn.XLOOKUP($K94&P$84,$E$90:$E$466&$G$90:$G$466,$I$90:$I$466)} -> 85 | Q94: {=_xlfn.XLOOKUP($K94&Q$84,$E$90:$E$466&$G$90:$G$466,$I$90:$I$466)} -> 105 | R94: {=_xlfn.XLOOKUP($K94&R$84,$E$90:$E$466&$G$90:$G$466,$I$90:$I$466)} -> 132 | S94: {=_xlfn.XLOOKUP($K94&S$84,$E$90:$E$466&$G$90:$G$466,$I$90:$I$466)} -> 165
D95: 6 | E95: 0 | F95: 头盔 | G95: 红 | H95: =INT(VLOOKUP($E95,$D$15:$G$61,MATCH(H$84,$D$14:$G$14,0),0)*VLOOKUP($G95,$D$66:$F$73,2,0)/6*_xlfn.XLOOKUP($F95,$E$76:$E$81,$F$76:$F$81)) -> 445 | I95: =INT(VLOOKUP($E95,$D$15:$G$61,MATCH(I$84,$D$14:$G$14,0),0)*VLOOKUP($G95,$D$66:$F$73,2,0)/6*_xlfn.XLOOKUP($F95,$E$76:$E$81,$F$76:$F$81)) -> 44 | K95: 40 | L95: {=_xlfn.XLOOKUP($K95&L$84,$E$90:$E$466&$G$90:$G$466,$I$90:$I$466)} -> 45 | M95: {=_xlfn.XLOOKUP($K95&M$84,$E$90:$E$466&$G$90:$G$466,$I$90:$I$466)} -> 56 | N95: {=_xlfn.XLOOKUP($K95&N$84,$E$90:$E$466&$G$90:$G$466,$I$90:$I$466)} -> 68 | O95: {=_xlfn.XLOOKUP($K95&O$84,$E$90:$E$466&$G$90:$G$466,$I$90:$I$466)} -> 81 | P95: {=_xlfn.XLOOKUP($K95&P$84,$E$90:$E$466&$G$90:$G$466,$I$90:$I$466)} -> 98 | Q95: {=_xlfn.XLOOKUP($K95&Q$84,$E$90:$E$466&$G$90:$G$466,$I$90:$I$466)} -> 121 | R95: {=_xlfn.XLOOKUP($K95&R$84,$E$90:$E$466&$G$90:$G$466,$I$90:$I$466)} -> 151 | S95: {=_xlfn.XLOOKUP($K95&S$84,$E$90:$E$466&$G$90:$G$466,$I$90:$I$466)} -> 189
D96: 7 | E96: 0 | F96: 头盔 | G96: 粉 | H96: =INT(VLOOKUP($E96,$D$15:$G$61,MATCH(H$84,$D$14:$G$14,0),0)*VLOOKUP($G96,$D$66:$F$73,2,0)/6*_xlfn.XLOOKUP($F96,$E$76:$E$81,$F$76:$F$81)) -> 556 | I96: =INT(VLOOKUP($E96,$D$15:$G$61,MATCH(I$84,$D$14:$G$14,0),0)*VLOOKUP($G96,$D$66:$F$73,2,0)/6*_xlfn.XLOOKUP($F96,$E$76:$E$81,$F$76:$F$81)) -> 55 | K96: 50 | L96: {=_xlfn.XLOOKUP($K96&L$84,$E$90:$E$466&$G$90:$G$466,$I$90:$I$466)} -> 52 | M96: {=_xlfn.XLOOKUP($K96&M$84,$E$90:$E$466&$G$90:$G$466,$I$90:$I$466)} -> 65 | N96: {=_xlfn.XLOOKUP($K96&N$84,$E$90:$E$466&$G$90:$G$466,$I$90:$I$466)} -> 78 | O96: {=_xlfn.XLOOKUP($K96&O$84,$E$90:$E$466&$G$90:$G$466,$I$90:$I$466)} -> 94 | P96: {=_xlfn.XLOOKUP($K96&P$84,$E$90:$E$466&$G$90:$G$466,$I$90:$I$466)} -> 113 | Q96: {=_xlfn.XLOOKUP($K96&Q$84,$E$90:$E$466&$G$90:$G$466,$I$90:$I$466)} -> 139 | R96: {=_xlfn.XLOOKUP($K96&R$84,$E$90:$E$466&$G$90:$G$466,$I$90:$I$466)} -> 174 | S96: {=_xlfn.XLOOKUP($K96&S$84,$E$90:$E$466&$G$90:$G$466,$I$90:$I$466)} -> 217
D97: 8 | E97: 0 | F97: 头盔 | G97: 彩 | H97: =INT(VLOOKUP($E97,$D$15:$G$61,MATCH(H$84,$D$14:$G$14,0),0)*VLOOKUP($G97,$D$66:$F$73,2,0)/6*_xlfn.XLOOKUP($F97,$E$76:$E$81,$F$76:$F$81)) -> 695 | I97: =INT(VLOOKUP($E97,$D$15:$G$61,MATCH(I$84,$D$14:$G$14,0),0)*VLOOKUP($G97,$D$66:$F$73,2,0)/6*_xlfn.XLOOKUP($F97,$E$76:$E$81,$F$76:$F$81)) -> 69 | K97: 55 | L97: {=_xlfn.XLOOKUP($K97&L$84,$E$90:$E$466&$G$90:$G$466,$I$90:$I$466)} -> 56 | M97: {=_xlfn.XLOOKUP($K97&M$84,$E$90:$E$466&$G$90:$G$466,$I$90:$I$466)} -> 70 | N97: {=_xlfn.XLOOKUP($K97&N$84,$E$90:$E$466&$G$90:$G$466,$I$90:$I$466)} -> 84 | O97: {=_xlfn.XLOOKUP($K97&O$84,$E$90:$E$466&$G$90:$G$466,$I$90:$I$466)} -> 101 | P97: {=_xlfn.XLOOKUP($K97&P$84,$E$90:$E$466&$G$90:$G$466,$I$90:$I$466)} -> 121 | Q97: {=_xlfn.XLOOKUP($K97&Q$84,$E$90:$E$466&$G$90:$G$466,$I$90:$I$466)} -> 149 | R97: {=_xlfn.XLOOKUP($K97&R$84,$E$90:$E$466&$G$90:$G$466,$I$90:$I$466)} -> 187 | S97: {=_xlfn.XLOOKUP($K97&S$84,$E$90:$E$466&$G$90:$G$466,$I$90:$I$466)} -> 234
D98: 9 | E98: 1 | F98: 头盔 | G98: 白 | H98: =INT(VLOOKUP($E98,$D$15:$G$61,MATCH(H$84,$D$14:$G$14,0),0)*VLOOKUP($G98,$D$66:$F$73,2,0)/6*_xlfn.XLOOKUP($F98,$E$76:$E$81,$F$76:$F$81)) -> 167 | I98: =INT(VLOOKUP($E98,$D$15:$G$61,MATCH(I$84,$D$14:$G$14,0),0)*VLOOKUP($G98,$D$66:$F$73,2,0)/6*_xlfn.XLOOKUP($F98,$E$76:$E$81,$F$76:$F$81)) -> 16 | K98: 60 | L98: {=_xlfn.XLOOKUP($K98&L$84,$E$90:$E$466&$G$90:$G$466,$I$90:$I$466)} -> 60 | M98: {=_xlfn.XLOOKUP($K98&M$84,$E$90:$E$466&$G$90:$G$466,$I$90:$I$466)} -> 75 | N98: {=_xlfn.XLOOKUP($K98&N$84,$E$90:$E$466&$G$90:$G$466,$I$90:$I$466)} -> 90 | O98: {=_xlfn.XLOOKUP($K98&O$84,$E$90:$E$466&$G$90:$G$466,$I$90:$I$466)} -> 108 | P98: {=_xlfn.XLOOKUP($K98&P$84,$E$90:$E$466&$G$90:$G$466,$I$90:$I$466)} -> 130 | Q98: {=_xlfn.XLOOKUP($K98&Q$84,$E$90:$E$466&$G$90:$G$466,$I$90:$I$466)} -> 160 | R98: {=_xlfn.XLOOKUP($K98&R$84,$E$90:$E$466&$G$90:$G$466,$I$90:$I$466)} -> 200 | S98: {=_xlfn.XLOOKUP($K98&S$84,$E$90:$E$466&$G$90:$G$466,$I$90:$I$466)} -> 250
D99: 10 | E99: 1 | F99: 头盔 | G99: 绿 | H99: =INT(VLOOKUP($E99,$D$15:$G$61,MATCH(H$84,$D$14:$G$14,0),0)*VLOOKUP($G99,$D$66:$F$73,2,0)/6*_xlfn.XLOOKUP($F99,$E$76:$E$81,$F$76:$F$81)) -> 208 | I99: =INT(VLOOKUP($E99,$D$15:$G$61,MATCH(I$84,$D$14:$G$14,0),0)*VLOOKUP($G99,$D$66:$F$73,2,0)/6*_xlfn.XLOOKUP($F99,$E$76:$E$81,$F$76:$F$81)) -> 20 | K99: 65 | L99: {=_xlfn.XLOOKUP($K99&L$84,$E$90:$E$466&$G$90:$G$466,$I$90:$I$466)} -> 64 | M99: {=_xlfn.XLOOKUP($K99&M$84,$E$90:$E$466&$G$90:$G$466,$I$90:$I$466)} -> 80 | N99: {=_xlfn.XLOOKUP($K99&N$84,$E$90:$E$466&$G$90:$G$466,$I$90:$I$466)} -> 96 | O99: {=_xlfn.XLOOKUP($K99&O$84,$E$90:$E$466&$G$90:$G$466,$I$90:$I$466)} -> 116 | P99: {=_xlfn.XLOOKUP($K99&P$84,$E$90:$E$466&$G$90:$G$466,$I$90:$I$466)} -> 139 | Q99: {=_xlfn.XLOOKUP($K99&Q$84,$E$90:$E$466&$G$90:$G$466,$I$90:$I$466)} -> 172 | R99: {=_xlfn.XLOOKUP($K99&R$84,$E$90:$E$466&$G$90:$G$466,$I$90:$I$466)} -> 215 | S99: {=_xlfn.XLOOKUP($K99&S$84,$E$90:$E$466&$G$90:$G$466,$I$90:$I$466)} -> 269
D100: 11 | E100: 1 | F100: 头盔 | G100: 蓝 | H100: =INT(VLOOKUP($E100,$D$15:$G$61,MATCH(H$84,$D$14:$G$14,0),0)*VLOOKUP($G100,$D$66:$F$73,2,0)/6*_xlfn.XLOOKUP($F100,$E$76:$E$81,$F$76:$F$81)) -> 250 | I100: =INT(VLOOKUP($E100,$D$15:$G$61,MATCH(I$84,$D$14:$G$14,0),0)*VLOOKUP($G100,$D$66:$F$73,2,0)/6*_xlfn.XLOOKUP($F100,$E$76:$E$81,$F$76:$F$81)) -> 25 | K100: 70 | L100: {=_xlfn.XLOOKUP($K100&L$84,$E$90:$E$466&$G$90:$G$466,$I$90:$I$466)} -> 69 | M100: {=_xlfn.XLOOKUP($K100&M$84,$E$90:$E$466&$G$90:$G$466,$I$90:$I$466)} -> 86 | N100: {=_xlfn.XLOOKUP($K100&N$84,$E$90:$E$466&$G$90:$G$466,$I$90:$I$466)} -> 103 | O100: {=_xlfn.XLOOKUP($K100&O$84,$E$90:$E$466&$G$90:$G$466,$I$90:$I$466)} -> 124 | P100: {=_xlfn.XLOOKUP($K100&P$84,$E$90:$E$466&$G$90:$G$466,$I$90:$I$466)} -> 149 | Q100: {=_xlfn.XLOOKUP($K100&Q$84,$E$90:$E$466&$G$90:$G$466,$I$90:$I$466)} -> 184 | R100: {=_xlfn.XLOOKUP($K100&R$84,$E$90:$E$466&$G$90:$G$466,$I$90:$I$466)} -> 230 | S100: {=_xlfn.XLOOKUP($K100&S$84,$E$90:$E$466&$G$90:$G$466,$I$90:$I$466)} -> 287
D101: 12 | E101: 1 | F101: 头盔 | G101: 紫 | H101: =INT(VLOOKUP($E101,$D$15:$G$61,MATCH(H$84,$D$14:$G$14,0),0)*VLOOKUP($G101,$D$66:$F$73,2,0)/6*_xlfn.XLOOKUP($F101,$E$76:$E$81,$F$76:$F$81)) -> 300 | I101: =INT(VLOOKUP($E101,$D$15:$G$61,MATCH(I$84,$D$14:$G$14,0),0)*VLOOKUP($G101,$D$66:$F$73,2,0)/6*_xlfn.XLOOKUP($F101,$E$76:$E$81,$F$76:$F$81)) -> 30 | K101: 75 | L101: {=_xlfn.XLOOKUP($K101&L$84,$E$90:$E$466&$G$90:$G$466,$I$90:$I$466)} -> 74 | M101: {=_xlfn.XLOOKUP($K101&M$84,$E$90:$E$466&$G$90:$G$466,$I$90:$I$466)} -> 92 | N101: {=_xlfn.XLOOKUP($K101&N$84,$E$90:$E$466&$G$90:$G$466,$I$90:$I$466)} -> 111 | O101: {=_xlfn.XLOOKUP($K101&O$84,$E$90:$E$466&$G$90:$G$466,$I$90:$I$466)} -> 133 | P101: {=_xlfn.XLOOKUP($K101&P$84,$E$90:$E$466&$G$90:$G$466,$I$90:$I$466)} -> 160 | Q101: {=_xlfn.XLOOKUP($K101&Q$84,$E$90:$E$466&$G$90:$G$466,$I$90:$I$466)} -> 198 | R101: {=_xlfn.XLOOKUP($K101&R$84,$E$90:$E$466&$G$90:$G$466,$I$90:$I$466)} -> 247 | S101: {=_xlfn.XLOOKUP($K101&S$84,$E$90:$E$466&$G$90:$G$466,$I$90:$I$466)} -> 309
D102: 13 | E102: 1 | F102: 头盔 | G102: 橙 | H102: =INT(VLOOKUP($E102,$D$15:$G$61,MATCH(H$84,$D$14:$G$14,0),0)*VLOOKUP($G102,$D$66:$F$73,2,0)/6*_xlfn.XLOOKUP($F102,$E$76:$E$81,$F$76:$F$81)) -> 361 | I102: =INT(VLOOKUP($E102,$D$15:$G$61,MATCH(I$84,$D$14:$G$14,0),0)*VLOOKUP($G102,$D$66:$F$73,2,0)/6*_xlfn.XLOOKUP($F102,$E$76:$E$81,$F$76:$F$81)) -> 36 | K102: 80 | L102: {=_xlfn.XLOOKUP($K102&L$84,$E$90:$E$466&$G$90:$G$466,$I$90:$I$466)} -> 79 | M102: {=_xlfn.XLOOKUP($K102&M$84,$E$90:$E$466&$G$90:$G$466,$I$90:$I$466)} -> 99 | N102: {=_xlfn.XLOOKUP($K102&N$84,$E$90:$E$466&$G$90:$G$466,$I$90:$I$466)} -> 119 | O102: {=_xlfn.XLOOKUP($K102&O$84,$E$90:$E$466&$G$90:$G$466,$I$90:$I$466)} -> 142 | P102: {=_xlfn.XLOOKUP($K102&P$84,$E$90:$E$466&$G$90:$G$466,$I$90:$I$466)} -> 172 | Q102: {=_xlfn.XLOOKUP($K102&Q$84,$E$90:$E$466&$G$90:$G$466,$I$90:$I$466)} -> 211 | R102: {=_xlfn.XLOOKUP($K102&R$84,$E$90:$E$466&$G$90:$G$466,$I$90:$I$466)} -> 264 | S102: {=_xlfn.XLOOKUP($K102&S$84,$E$90:$E$466&$G$90:$G$466,$I$90:$I$466)} -> 330
... D105: 16 | E105: 1 | F105: 头盔 | G105: 彩 | H105: =INT(VLOOKUP($E105,$D$15:$G$61,MATCH(H$84,$D$14:$G$14,0),0)*VLOOKUP($G105,$D$66:$F$73,2,0)/6*_xlfn.XLOOKUP($F105,$E$76:$E$81,$F$76:$F$81)) -> 695 | I105: =INT(VLOOKUP($E105,$D$15:$G$61,MATCH(I$84,$D$14:$G$14,0),0)*VLOOKUP($G105,$D$66:$F$73,2,0)/6*_xlfn.XLOOKUP($F105,$E$76:$E$81,$F$76:$F$81)) -> 69 | K105: 95 | L105: {=_xlfn.XLOOKUP($K105&L$84,$E$90:$E$466&$G$90:$G$466,$I$90:$I$466)} -> 98 | M105: {=_xlfn.XLOOKUP($K105&M$84,$E$90:$E$466&$G$90:$G$466,$I$90:$I$466)} -> 122 | N105: {=_xlfn.XLOOKUP($K105&N$84,$E$90:$E$466&$G$90:$G$466,$I$90:$I$466)} -> 147 | O105: {=_xlfn.XLOOKUP($K105&O$84,$E$90:$E$466&$G$90:$G$466,$I$90:$I$466)} -> 176 | P105: {=_xlfn.XLOOKUP($K105&P$84,$E$90:$E$466&$G$90:$G$466,$I$90:$I$466)} -> 212 | Q105: {=_xlfn.XLOOKUP($K105&Q$84,$E$90:$E$466&$G$90:$G$466,$I$90:$I$466)} -> 261 | R105: {=_xlfn.XLOOKUP($K105&R$84,$E$90:$E$466&$G$90:$G$466,$I$90:$I$466)} -> 327 | S105: {=_xlfn.XLOOKUP($K105&S$84,$E$90:$E$466&$G$90:$G$466,$I$90:$I$466)} -> 408
D106: 17 | E106: 10 | F106: 头盔 | G106: =G98 -> 白 | H106: =INT(VLOOKUP($E106,$D$15:$G$61,MATCH(H$84,$D$14:$G$14,0),0)*VLOOKUP($G106,$D$66:$F$73,2,0)/6*_xlfn.XLOOKUP($F106,$E$76:$E$81,$F$76:$F$81)) -> 300 | I106: =INT(VLOOKUP($E106,$D$15:$G$61,MATCH(I$84,$D$14:$G$14,0),0)*VLOOKUP($G106,$D$66:$F$73,2,0)/6*_xlfn.XLOOKUP($F106,$E$76:$E$81,$F$76:$F$81)) -> 30 | K106: 100 | L106: {=_xlfn.XLOOKUP($K106&L$84,$E$90:$E$466&$G$90:$G$466,$I$90:$I$466)} -> 104 | M106: {=_xlfn.XLOOKUP($K106&M$84,$E$90:$E$466&$G$90:$G$466,$I$90:$I$466)} -> 131 | N106: {=_xlfn.XLOOKUP($K106&N$84,$E$90:$E$466&$G$90:$G$466,$I$90:$I$466)} -> 157 | O106: {=_xlfn.XLOOKUP($K106&O$84,$E$90:$E$466&$G$90:$G$466,$I$90:$I$466)} -> 188 | P106: {=_xlfn.XLOOKUP($K106&P$84,$E$90:$E$466&$G$90:$G$466,$I$90:$I$466)} -> 227 | Q106: {=_xlfn.XLOOKUP($K106&Q$84,$E$90:$E$466&$G$90:$G$466,$I$90:$I$466)} -> 279 | R106: {=_xlfn.XLOOKUP($K106&R$84,$E$90:$E$466&$G$90:$G$466,$I$90:$I$466)} -> 349 | S106: {=_xlfn.XLOOKUP($K106&S$84,$E$90:$E$466&$G$90:$G$466,$I$90:$I$466)} -> 437
D107: 18 | E107: 10 | F107: 头盔 | G107: =G99 -> 绿 | H107: =INT(VLOOKUP($E107,$D$15:$G$61,MATCH(H$84,$D$14:$G$14,0),0)*VLOOKUP($G107,$D$66:$F$73,2,0)/6*_xlfn.XLOOKUP($F107,$E$76:$E$81,$F$76:$F$81)) -> 375 | I107: =INT(VLOOKUP($E107,$D$15:$G$61,MATCH(I$84,$D$14:$G$14,0),0)*VLOOKUP($G107,$D$66:$F$73,2,0)/6*_xlfn.XLOOKUP($F107,$E$76:$E$81,$F$76:$F$81)) -> 37 | K107: 105 | L107: {=_xlfn.XLOOKUP($K107&L$84,$E$90:$E$466&$G$90:$G$466,$I$90:$I$466)} -> 112 | M107: {=_xlfn.XLOOKUP($K107&M$84,$E$90:$E$466&$G$90:$G$466,$I$90:$I$466)} -> 140 | N107: {=_xlfn.XLOOKUP($K107&N$84,$E$90:$E$466&$G$90:$G$466,$I$90:$I$466)} -> 169 | O107: {=_xlfn.XLOOKUP($K107&O$84,$E$90:$E$466&$G$90:$G$466,$I$90:$I$466)} -> 202 | P107: {=_xlfn.XLOOKUP($K107&P$84,$E$90:$E$466&$G$90:$G$466,$I$90:$I$466)} -> 244 | Q107: {=_xlfn.XLOOKUP($K107&Q$84,$E$90:$E$466&$G$90:$G$466,$I$90:$I$466)} -> 300 | R107: {=_xlfn.XLOOKUP($K107&R$84,$E$90:$E$466&$G$90:$G$466,$I$90:$I$466)} -> 375 | S107: {=_xlfn.XLOOKUP($K107&S$84,$E$90:$E$466&$G$90:$G$466,$I$90:$I$466)} -> 469
D108: 19 | E108: 10 | F108: 头盔 | G108: =G100 -> 蓝 | H108: =INT(VLOOKUP($E108,$D$15:$G$61,MATCH(H$84,$D$14:$G$14,0),0)*VLOOKUP($G108,$D$66:$F$73,2,0)/6*_xlfn.XLOOKUP($F108,$E$76:$E$81,$F$76:$F$81)) -> 450 | I108: =INT(VLOOKUP($E108,$D$15:$G$61,MATCH(I$84,$D$14:$G$14,0),0)*VLOOKUP($G108,$D$66:$F$73,2,0)/6*_xlfn.XLOOKUP($F108,$E$76:$E$81,$F$76:$F$81)) -> 45 | K108: 110 | L108: {=_xlfn.XLOOKUP($K108&L$84,$E$90:$E$466&$G$90:$G$466,$I$90:$I$466)} -> 120 | M108: {=_xlfn.XLOOKUP($K108&M$84,$E$90:$E$466&$G$90:$G$466,$I$90:$I$466)} -> 150 | N108: {=_xlfn.XLOOKUP($K108&N$84,$E$90:$E$466&$G$90:$G$466,$I$90:$I$466)} -> 180 | O108: {=_xlfn.XLOOKUP($K108&O$84,$E$90:$E$466&$G$90:$G$466,$I$90:$I$466)} -> 217 | P108: {=_xlfn.XLOOKUP($K108&P$84,$E$90:$E$466&$G$90:$G$466,$I$90:$I$466)} -> 261 | Q108: {=_xlfn.XLOOKUP($K108&Q$84,$E$90:$E$466&$G$90:$G$466,$I$90:$I$466)} -> 321 | R108: {=_xlfn.XLOOKUP($K108&R$84,$E$90:$E$466&$G$90:$G$466,$I$90:$I$466)} -> 402 | S108: {=_xlfn.XLOOKUP($K108&S$84,$E$90:$E$466&$G$90:$G$466,$I$90:$I$466)} -> 502
D109: 20 | E109: 10 | F109: 头盔 | G109: =G101 -> 紫 | H109: =INT(VLOOKUP($E109,$D$15:$G$61,MATCH(H$84,$D$14:$G$14,0),0)*VLOOKUP($G109,$D$66:$F$73,2,0)/6*_xlfn.XLOOKUP($F109,$E$76:$E$81,$F$76:$F$81)) -> 540 | I109: =INT(VLOOKUP($E109,$D$15:$G$61,MATCH(I$84,$D$14:$G$14,0),0)*VLOOKUP($G109,$D$66:$F$73,2,0)/6*_xlfn.XLOOKUP($F109,$E$76:$E$81,$F$76:$F$81)) -> 54 | K109: 115 | L109: {=_xlfn.XLOOKUP($K109&L$84,$E$90:$E$466&$G$90:$G$466,$I$90:$I$466)} -> 129 | M109: {=_xlfn.XLOOKUP($K109&M$84,$E$90:$E$466&$G$90:$G$466,$I$90:$I$466)} -> 162 | N109: {=_xlfn.XLOOKUP($K109&N$84,$E$90:$E$466&$G$90:$G$466,$I$90:$I$466)} -> 194 | O109: {=_xlfn.XLOOKUP($K109&O$84,$E$90:$E$466&$G$90:$G$466,$I$90:$I$466)} -> 233 | P109: {=_xlfn.XLOOKUP($K109&P$84,$E$90:$E$466&$G$90:$G$466,$I$90:$I$466)} -> 280 | Q109: {=_xlfn.XLOOKUP($K109&Q$84,$E$90:$E$466&$G$90:$G$466,$I$90:$I$466)} -> 345 | R109: {=_xlfn.XLOOKUP($K109&R$84,$E$90:$E$466&$G$90:$G$466,$I$90:$I$466)} -> 432 | S109: {=_xlfn.XLOOKUP($K109&S$84,$E$90:$E$466&$G$90:$G$466,$I$90:$I$466)} -> 540
...

Sheet 装备产出
A1: 装备本体
D3: 满级参数
D4: 养成周期/天 | E4: 180 | F4: *引用商业化框架
D5: 单个深度(钻石) | E5: 60000 | F5: *引用商业化框架
D6: 每日产出(钻石) | E6: 2000
D8: 道具 | E8: 定价
D9: 装备洗练石 | E9: 1
D10: 装备强化书 | E10: 3
P11: =400*0.32/20 -> 6.4
A12: 装备产出
C14: 装备产出
D15: #先用他们的拍一版本
D16: #不提倡扫荡，只关注合作本产出（合作本可以让大R带，暂时不考虑分层），扫荡只有白~蓝，30%高10级，10%高20级（10倍坑深） | S16: #单次副本可洗练次数 | U16: #预估
D18: 组队副本 | E18: 预计通关天数 | F18: 白 | G18: 绿 | H18: 蓝 | I18: 紫 | J18: 橙 | K18: 红 | L18: 粉 | M18: 彩 | N18: 装备等级 | O18: 转运产出 | P18: 总产/天 | S18: 洗练步长 | T18: 分解步长 | U18: 每日次数 | V18: 每日产出 | W18: 装备品质 | Z18: 平均件数
D19: 1 | E19: 1 | F19: 0.1 | G19: 0.35 | H19: 0.3 | I19: 0.2 | J19: 0.05 | N19: =OFFSET(装备属性!$D$15,MATCH($E19,装备属性!$H$16:$H$61,1),0) -> 10 | O19: {=SUMPRODUCT(F19:M19,OFFSET($E$121:$L$121,MATCH(N19,$D$122:$D$147,0),0))*5} -> 390 | P19: =O19*5 -> 1950 | Q19: =P19/10*0.05*3.5 -> 34.125 | R19: =P19/10*0.05 -> 9.75 | S19: {=SUMPRODUCT($F19:$M19,OFFSET(E$92:L$92,MATCH(N19,$D$93:$D$118,0),0))*$E$74/OFFSET($N$92,MATCH(N19,$N$93:$N$118,0),MATCH(OFFSET($H$18,0,MATCH(MIN(H19:M19),H19:M19,0)-1),$O$92:$V$92,0))} -> 4.7454545 | T19: {=SUMPRODUCT($F19:$M19,OFFSET(E$121:L$121,MATCH(N19,$D$93:$D$118,0),0))*$E$74*3} -> 1404 | U19: 4 | V19: =_xlfn.MINIFS(F19:M19,F19:M19,">"&0)*$E$74*U19 -> 1.2 | W19: =OFFSET($E$18,0,MATCH(_xlfn.MINIFS(F19:M19,F19:M19,">"&0),F19:M19,0))&OFFSET($E19,0,MATCH(_xlfn.MINIFS(F19:M19,F19:M19,">"&0),F19:M19,0)) -> 橙0.05 | Z19: =6/6 -> 1
D20: 2 | E20: 2 | F20: 0 | G20: 0.25 | H20: 0.4 | I20: 0.25 | J20: 0.1 | N20: =OFFSET(装备属性!$D$15,MATCH($E20,装备属性!$H$16:$H$61,1),0) -> 10 | O20: {=SUMPRODUCT(F20:M20,OFFSET($E$121:$L$121,MATCH(N20,$D$122:$D$147,0),0))*5} -> 444 | P20: =O20*5 -> 2220 | Q20: =P20/10*0.05*3.5 -> 38.85 | R20: =P20/10*0.05 -> 11.1 | S20: {=SUMPRODUCT($F20:$M20,OFFSET(E$92:L$92,MATCH(N20,$D$93:$D$118,0),0))*$E$74/OFFSET($N$92,MATCH(N20,$N$93:$N$118,0),MATCH(OFFSET($H$18,0,MATCH(MIN(H20:M20),H20:M20,0)-1),$O$92:$V$92,0))} -> 5.7272727 | T20: {=SUMPRODUCT($F20:$M20,OFFSET(E$121:L$121,MATCH(N20,$D$93:$D$118,0),0))*$E$74*3} -> 1598.4 | U20: 4 | V20: =_xlfn.MINIFS(F20:M20,F20:M20,">"&0)*$E$74*U20 -> 2.4 | W20: =OFFSET($E$18,0,MATCH(_xlfn.MINIFS(F20:M20,F20:M20,">"&0),F20:M20,0))&OFFSET($E20,0,MATCH(_xlfn.MINIFS(F20:M20,F20:M20,">"&0),F20:M20,0)) -> 橙0.1 | Z20: =6/6+6/5 -> 2.2
D21: 3 | E21: 4 | F21: 0 | G21: 0.2 | H21: 0.4 | I21: 0.25 | J21: 0.125 | K21: 0.025 | N21: =OFFSET(装备属性!$D$15,MATCH($E21,装备属性!$H$16:$H$61,1),0) -> 20 | O21: {=SUMPRODUCT(F21:M21,OFFSET($E$121:$L$121,MATCH(N21,$D$122:$D$147,0),0))*5} -> 566.25 | P21: =O21*5 -> 2831.25 | Q21: =P21/10*0.05*3.5 -> 49.546875 | R21: =P21/10*0.05 -> 14.15625 | S21: {=SUMPRODUCT($F21:$M21,OFFSET(E$92:L$92,MATCH(N21,$D$93:$D$118,0),0))*$E$74/OFFSET($N$92,MATCH(N21,$N$93:$N$118,0),MATCH(OFFSET($H$18,0,MATCH(MIN(H21:M21),H21:M21,0)-1),$O$92:$V$92,0))} -> 4.8176471 | T21: {=SUMPRODUCT($F21:$M21,OFFSET(E$121:L$121,MATCH(N21,$D$93:$D$118,0),0))*$E$74*3} -> 2038.5 | U21: 4 | V21: =_xlfn.MINIFS(F21:M21,F21:M21,">"&0)*$E$74*U21 -> 0.6 | W21: =OFFSET($E$18,0,MATCH(_xlfn.MINIFS(F21:M21,F21:M21,">"&0),F21:M21,0))&OFFSET($E21,0,MATCH(_xlfn.MINIFS(F21:M21,F21:M21,">"&0),F21:M21,0)) -> 红0.025 | Z21: =6/6+6/5+6/4 -> 3.7
D22: 4 | E22: 7 | F22: 0 | G22: 0.175 | H22: 0.4 | I22: 0.25 | J22: 0.125 | K22: 0.05 | N22: =OFFSET(装备属性!$D$15,MATCH($E22,装备属性!$H$16:$H$61,1),0) -> 40 | O22: {=SUMPRODUCT(F22:M22,OFFSET($E$121:$L$121,MATCH(N22,$D$122:$D$147,0),0))*5} -> 819.75 | P22: =O22*5 -> 4098.75 | Q22: =P22/10*0.05*3.5 -> 71.728125 | R22: =P22/10*0.05 -> 20.49375 | S22: {=SUMPRODUCT($F22:$M22,OFFSET(E$92:L$92,MATCH(N22,$D$93:$D$118,0),0))*$E$74/OFFSET($N$92,MATCH(N22,$N$93:$N$118,0),MATCH(OFFSET($H$18,0,MATCH(MIN(H22:M22),H22:M22,0)-1),$O$92:$V$92,0))} -> 5.2116279 | T22: {=SUMPRODUCT($F22:$M22,OFFSET(E$121:L$121,MATCH(N22,$D$93:$D$118,0),0))*$E$74*3} -> 2951.1 | U22: 4 | V22: =_xlfn.MINIFS(F22:M22,F22:M22,">"&0)*$E$74*U22 -> 1.2 | W22: =OFFSET($E$18,0,MATCH(_xlfn.MINIFS(F22:M22,F22:M22,">"&0),F22:M22,0))&OFFSET($E22,0,MATCH(_xlfn.MINIFS(F22:M22,F22:M22,">"&0),F22:M22,0)) -> 红0.05 | Z22: =6/6+6/5+6/4+6/3 -> 5.7
D23: 5 | E23: 11 | F23: 0 | G23: 0.125 | H23: 0.4 | I23: 0.25 | J23: 0.15 | K23: 0.075 | N23: =OFFSET(装备属性!$D$15,MATCH($E23,装备属性!$H$16:$H$61,1),0) -> 50 | O23: {=SUMPRODUCT(F23:M23,OFFSET($E$121:$L$121,MATCH(N23,$D$122:$D$147,0),0))*5} -> 1022.5 | P23: =O23*5 -> 5112.5 | Q23: =P23/10*0.05*3.5 -> 89.46875 | R23: =P23/10*0.05 -> 25.5625 | S23: {=SUMPRODUCT($F23:$M23,OFFSET(E$92:L$92,MATCH(N23,$D$93:$D$118,0),0))*$E$74/OFFSET($N$92,MATCH(N23,$N$93:$N$118,0),MATCH(OFFSET($H$18,0,MATCH(MIN(H23:M23),H23:M23,0)-1),$O$92:$V$92,0))} -> 5.8085106 | T23: {=SUMPRODUCT($F23:$M23,OFFSET(E$121:L$121,MATCH(N23,$D$93:$D$118,0),0))*$E$74*3} -> 3681 | U23: 4 | V23: =_xlfn.MINIFS(F23:M23,F23:M23,">"&0)*$E$74*U23 -> 1.8 | W23: =OFFSET($E$18,0,MATCH(_xlfn.MINIFS(F23:M23,F23:M23,">"&0),F23:M23,0))&OFFSET($E23,0,MATCH(_xlfn.MINIFS(F23:M23,F23:M23,">"&0),F23:M23,0)) -> 红0.075 | Z23: =6/6+6/5+6/4+6/3+6/2 -> 8.7
D24: 6 | E24: 16 | F24: 0 | G24: 0.075 | H24: 0.4 | I24: 0.25 | J24: 0.15 | K24: 0.1 | L24: 0.025 | N24: =OFFSET(装备属性!$D$15,MATCH($E24,装备属性!$H$16:$H$61,1),0) -> 55 | O24: {=SUMPRODUCT(F24:M24,OFFSET($E$121:$L$121,MATCH(N24,$D$122:$D$147,0),0))*5} -> 1292.5 | P24: =O24*5 -> 6462.5 | Q24: =P24/10*0.05*3.5 -> 113.09375 | R24: =P24/10*0.05 -> 32.3125 | S24: {=SUMPRODUCT($F24:$M24,OFFSET(E$92:L$92,MATCH(N24,$D$93:$D$118,0),0))*$E$74/OFFSET($N$92,MATCH(N24,$N$93:$N$118,0),MATCH(OFFSET($H$18,0,MATCH(MIN(H24:M24),H24:M24,0)-1),$O$92:$V$92,0))} -> #N/A | T24: {=SUMPRODUCT($F24:$M24,OFFSET(E$121:L$121,MATCH(N24,$D$93:$D$118,0),0))*$E$74*3} -> #N/A | U24: 4 | V24: =_xlfn.MINIFS(F24:M24,F24:M24,">"&0)*$E$74*U24 -> 0.6 | W24: =OFFSET($E$18,0,MATCH(_xlfn.MINIFS(F24:M24,F24:M24,">"&0),F24:M24,0))&OFFSET($E24,0,MATCH(_xlfn.MINIFS(F24:M24,F24:M24,">"&0),F24:M24,0)) -> 粉0.025 | Z24: =6/6+6/5+6/4+6/3+6/2+6/1 -> 14.7
D25: 7 | E25: 22 | F25: 0 | G25: 0 | H25: 0.36 | I25: 0.32 | J25: 0.16 | K25: 0.12 | L25: 0.04 | N25: =OFFSET(装备属性!$D$15,MATCH($E25,装备属性!$H$16:$H$61,1),0) -> 60 | O25: {=SUMPRODUCT(F25:M25,OFFSET($E$121:$L$121,MATCH(N25,$D$122:$D$147,0),0))*5} -> 1626 | P25: =O25*5 -> 8130 | Q25: =P25/10*0.05*3.5 -> 142.275 | R25: =P25/10*0.05 -> 40.65 | S25: {=SUMPRODUCT($F25:$M25,OFFSET(E$92:L$92,MATCH(N25,$D$93:$D$118,0),0))*$E$74/OFFSET($N$92,MATCH(N25,$N$93:$N$118,0),MATCH(OFFSET($H$18,0,MATCH(MIN(H25:M25),H25:M25,0)-1),$O$92:$V$92,0))} -> 6.1768421 | T25: {=SUMPRODUCT($F25:$M25,OFFSET(E$121:L$121,MATCH(N25,$D$93:$D$118,0),0))*$E$74*3} -> 4960.8 | U25: 4 | V25: =_xlfn.MINIFS(F25:M25,F25:M25,">"&0)*$E$74*U25 -> 0.96 | W25: =OFFSET($E$18,0,MATCH(_xlfn.MINIFS(F25:M25,F25:M25,">"&0),F25:M25,0))&OFFSET($E25,0,MATCH(_xlfn.MINIFS(F25:M25,F25:M25,">"&0),F25:M25,0)) -> 粉0.04
D26: 8 | E26: 32 | F26: 0 | G26: 0 | H26: 0.3 | I26: 0.34 | J26: 0.17 | K26: 0.135 | L26: 0.055 | N26: =OFFSET(装备属性!$D$15,MATCH($E26,装备属性!$H$16:$H$61,1),0) -> 70 | O26: {=SUMPRODUCT(F26:M26,OFFSET($E$121:$L$121,MATCH(N26,$D$122:$D$147,0),0))*5} -> 2392.5 | P26: =O26*5 -> 11962.5 | Q26: =P26/10*0.05*3.5 -> 209.34375 | R26: =P26/10*0.05 -> 59.8125 | S26: {=SUMPRODUCT($F26:$M26,OFFSET(E$92:L$92,MATCH(N26,$D$93:$D$118,0),0))*$E$74/OFFSET($N$92,MATCH(N26,$N$93:$N$118,0),MATCH(OFFSET($H$18,0,MATCH(MIN(H26:M26),H26:M26,0)-1),$O$92:$V$92,0))} -> 6.8918182 | T26: {=SUMPRODUCT($F26:$M26,OFFSET(E$121:L$121,MATCH(N26,$D$93:$D$118,0),0))*$E$74*3} -> 6036.3 | U26: 4 | V26: =_xlfn.MINIFS(F26:M26,F26:M26,">"&0)*$E$74*U26 -> 1.32 | W26: =OFFSET($E$18,0,MATCH(_xlfn.MINIFS(F26:M26,F26:M26,">"&0),F26:M26,0))&OFFSET($E26,0,MATCH(_xlfn.MINIFS(F26:M26,F26:M26,">"&0),F26:M26,0)) -> 粉0.055 | Z26: 品质 | AA26: 停留时间
D27: 9 | E27: 42 | F27: 0 | G27: 0 | H27: 0.245 | I27: 0.35 | J27: 0.18 | K27: 0.15 | L27: 0.075 | N27: =OFFSET(装备属性!$D$15,MATCH($E27,装备属性!$H$16:$H$61,1),0) -> 80 | O27: {=SUMPRODUCT(F27:M27,OFFSET($E$121:$L$121,MATCH(N27,$D$122:$D$147,0),0))*5} -> 2678.4 | P27: =O27*5 -> 13392 | Q27: =P27/10*0.05*3.5 -> 234.36 | R27: =P27/10*0.05 -> 66.96 | S27: {=SUMPRODUCT($F27:$M27,OFFSET(E$92:L$92,MATCH(N27,$D$93:$D$118,0),0))*$E$74/OFFSET($N$92,MATCH(N27,$N$93:$N$118,0),MATCH(OFFSET($H$18,0,MATCH(MIN(H27:M27),H27:M27,0)-1),$O$92:$V$92,0))} -> 7.830303 | T27: {=SUMPRODUCT($F27:$M27,OFFSET(E$121:L$121,MATCH(N27,$D$93:$D$118,0),0))*$E$74*3} -> 7463.52 | U27: 4 | V27: =_xlfn.MINIFS(F27:M27,F27:M27,">"&0)*$E$74*U27 -> 1.8 | W27: =OFFSET($E$18,0,MATCH(_xlfn.MINIFS(F27:M27,F27:M27,">"&0),F27:M27,0))&OFFSET($E27,0,MATCH(_xlfn.MINIFS(F27:M27,F27:M27,">"&0),F27:M27,0)) -> 粉0.075 | Z27: 橙 | AA27: 1
D28: 10 | E28: 52 | F28: 0 | G28: 0 | H28: 0.15 | I28: 0.38 | J28: 0.2 | K28: 0.165 | L28: 0.09 | M28: 0.015 | N28: =OFFSET(装备属性!$D$15,MATCH($E28,装备属性!$H$16:$H$61,1),0) -> 85 | O28: {=SUMPRODUCT(F28:M28,OFFSET($E$121:$L$121,MATCH(N28,$D$122:$D$147,0),0))*5} -> 2964.7 | P28: =O28*5 -> 14823.5 | Q28: =P28/10*0.05*3.5 -> 259.41125 | R28: =P28/10*0.05 -> 74.1175 | S28: {=SUMPRODUCT($F28:$M28,OFFSET(E$92:L$92,MATCH(N28,$D$93:$D$118,0),0))*$E$74/OFFSET($N$92,MATCH(N28,$N$93:$N$118,0),MATCH(OFFSET($H$18,0,MATCH(MIN(H28:M28),H28:M28,0)-1),$O$92:$V$92,0))} -> #N/A | T28: {=SUMPRODUCT($F28:$M28,OFFSET(E$121:L$121,MATCH(N28,$D$93:$D$118,0),0))*$E$74*3} -> #N/A | U28: 4 | V28: =_xlfn.MINIFS(F28:M28,F28:M28,">"&0)*$E$74*U28 -> 0.36 | W28: =OFFSET($E$18,0,MATCH(_xlfn.MINIFS(F28:M28,F28:M28,">"&0),F28:M28,0))&OFFSET($E28,0,MATCH(_xlfn.MINIFS(F28:M28,F28:M28,">"&0),F28:M28,0)) -> 彩0.015 | Z28: 红 | AA28: 3
D29: 11 | E29: 62 | F29: 0 | G29: 0 | H29: 0 | I29: 0.44 | J29: 0.25 | K29: 0.185 | L29: 0.1 | M29: 0.025 | N29: =OFFSET(装备属性!$D$15,MATCH($E29,装备属性!$H$16:$H$61,1),0) -> 90 | O29: {=SUMPRODUCT(F29:M29,OFFSET($E$121:$L$121,MATCH(N29,$D$122:$D$147,0),0))*5} -> 3302 | P29: =O29*5 -> 16510 | Q29: =P29/10*0.05*3.5 -> 288.925 | R29: =P29/10*0.05 -> 82.55 | S29: {=SUMPRODUCT($F29:$M29,OFFSET(E$92:L$92,MATCH(N29,$D$93:$D$118,0),0))*$E$74/OFFSET($N$92,MATCH(N29,$N$93:$N$118,0),MATCH(OFFSET($H$18,0,MATCH(MIN(H29:M29),H29:M29,0)-1),$O$92:$V$92,0))} -> #DIV/0! | T29: {=SUMPRODUCT($F29:$M29,OFFSET(E$121:L$121,MATCH(N29,$D$93:$D$118,0),0))*$E$74*3} -> 9900 | U29: 4 | V29: =_xlfn.MINIFS(F29:M29,F29:M29,">"&0)*$E$74*U29 -> 0.6 | W29: =OFFSET($E$18,0,MATCH(_xlfn.MINIFS(F29:M29,F29:M29,">"&0),F29:M29,0))&OFFSET($E29,0,MATCH(_xlfn.MINIFS(F29:M29,F29:M29,">"&0),F29:M29,0)) -> 彩0.025 | Z29: 粉 | AA29: 10
D30: 12 | E30: 82 | F30: 0 | G30: 0 | H30: 0 | I30: 0.4 | J30: 0.25 | K30: 0.2 | L30: 0.11 | M30: 0.04 | N30: =OFFSET(装备属性!$D$15,MATCH($E30,装备属性!$H$16:$H$61,1),0) -> 105 | O30: {=SUMPRODUCT(F30:M30,OFFSET($E$121:$L$121,MATCH(N30,$D$122:$D$147,0),0))*5} -> 3835.2 | P30: =O30*5 -> 19176 | Q30: =P30/10*0.05*3.5 -> 335.58 | R30: =P30/10*0.05 -> 95.88 | S30: {=SUMPRODUCT($F30:$M30,OFFSET(E$92:L$92,MATCH(N30,$D$93:$D$118,0),0))*$E$74/OFFSET($N$92,MATCH(N30,$N$93:$N$118,0),MATCH(OFFSET($H$18,0,MATCH(MIN(H30:M30),H30:M30,0)-1),$O$92:$V$92,0))} -> #N/A | T30: {=SUMPRODUCT($F30:$M30,OFFSET(E$121:L$121,MATCH(N30,$D$93:$D$118,0),0))*$E$74*3} -> #N/A | U30: 4 | V30: =_xlfn.MINIFS(F30:M30,F30:M30,">"&0)*$E$74*U30 -> 0.96 | W30: =OFFSET($E$18,0,MATCH(_xlfn.MINIFS(F30:M30,F30:M30,">"&0),F30:M30,0))&OFFSET($E30,0,MATCH(_xlfn.MINIFS(F30:M30,F30:M30,">"&0),F30:M30,0)) -> 彩0.04 | Z30: 彩 | AA30: 20
D31: 13 | E31: 102 | F31: 0 | G31: 0 | H31: 0 | I31: 0.385 | J31: 0.25 | K31: 0.2 | L31: 0.12 | M31: 0.045 | N31: =OFFSET(装备属性!$D$15,MATCH($E31,装备属性!$H$16:$H$61,1),0) -> 115 | O31: {=SUMPRODUCT(F31:M31,OFFSET($E$121:$L$121,MATCH(N31,$D$122:$D$147,0),0))*5} -> 4262.5 | P31: =O31*5 -> 21312.5 | Q31: =P31/10*0.05*3.5 -> 372.96875 | R31: =P31/10*0.05 -> 106.5625 | S31: {=SUMPRODUCT($F31:$M31,OFFSET(E$92:L$92,MATCH(N31,$D$93:$D$118,0),0))*$E$74/OFFSET($N$92,MATCH(N31,$N$93:$N$118,0),MATCH(OFFSET($H$18,0,MATCH(MIN(H31:M31),H31:M31,0)-1),$O$92:$V$92,0))} -> #N/A | T31: {=SUMPRODUCT($F31:$M31,OFFSET(E$121:L$121,MATCH(N31,$D$93:$D$118,0),0))*$E$74*3} -> #N/A | U31: 4 | V31: =_xlfn.MINIFS(F31:M31,F31:M31,">"&0)*$E$74*U31 -> 1.08 | W31: =OFFSET($E$18,0,MATCH(_xlfn.MINIFS(F31:M31,F31:M31,">"&0),F31:M31,0))&OFFSET($E31,0,MATCH(_xlfn.MINIFS(F31:M31,F31:M31,">"&0),F31:M31,0)) -> 彩0.045
D32: 14 | E32: 122 | F32: 0 | G32: 0 | H32: 0 | I32: 0.365 | J32: 0.25 | K32: 0.2 | L32: 0.135 | M32: 0.05 | N32: =OFFSET(装备属性!$D$15,MATCH($E32,装备属性!$H$16:$H$61,1),0) -> 125 | O32: {=SUMPRODUCT(F32:M32,OFFSET($E$121:$L$121,MATCH(N32,$D$122:$D$147,0),0))*5} -> 4719.1 | P32: =O32*5 -> 23595.5 | Q32: =P32/10*0.05*3.5 -> 412.92125 | R32: =P32/10*0.05 -> 117.9775 | S32: {=SUMPRODUCT($F32:$M32,OFFSET(E$92:L$92,MATCH(N32,$D$93:$D$118,0),0))*$E$74/OFFSET($N$92,MATCH(N32,$N$93:$N$118,0),MATCH(OFFSET($H$18,0,MATCH(MIN(H32:M32),H32:M32,0)-1),$O$92:$V$92,0))} -> #N/A | T32: {=SUMPRODUCT($F32:$M32,OFFSET(E$121:L$121,MATCH(N32,$D$93:$D$118,0),0))*$E$74*3} -> #N/A | U32: 4 | V32: =_xlfn.MINIFS(F32:M32,F32:M32,">"&0)*$E$74*U32 -> 1.2 | W32: =OFFSET($E$18,0,MATCH(_xlfn.MINIFS(F32:M32,F32:M32,">"&0),F32:M32,0))&OFFSET($E32,0,MATCH(_xlfn.MINIFS(F32:M32,F32:M32,">"&0),F32:M32,0)) -> 彩0.05
D33: 15 | E33: 142 | F33: 0 | G33: 0 | H33: 0 | I33: 0.345 | J33: 0.25 | K33: 0.2 | L33: 0.15 | M33: 0.055 | N33: =OFFSET(装备属性!$D$15,MATCH($E33,装备属性!$H$16:$H$61,1),0) -> 135 | O33: {=SUMPRODUCT(F33:M33,OFFSET($E$121:$L$121,MATCH(N33,$D$122:$D$147,0),0))*5} -> 5238 | P33: =O33*5 -> 26190 | Q33: =P33/10*0.05*3.5 -> 458.325 | R33: =P33/10*0.05 -> 130.95 | S33: {=SUMPRODUCT($F33:$M33,OFFSET(E$92:L$92,MATCH(N33,$D$93:$D$118,0),0))*$E$74/OFFSET($N$92,MATCH(N33,$N$93:$N$118,0),MATCH(OFFSET($H$18,0,MATCH(MIN(H33:M33),H33:M33,0)-1),$O$92:$V$92,0))} -> #N/A | T33: {=SUMPRODUCT($F33:$M33,OFFSET(E$121:L$121,MATCH(N33,$D$93:$D$118,0),0))*$E$74*3} -> #N/A | U33: 4 | V33: =_xlfn.MINIFS(F33:M33,F33:M33,">"&0)*$E$74*U33 -> 1.32 | W33: =OFFSET($E$18,0,MATCH(_xlfn.MINIFS(F33:M33,F33:M33,">"&0),F33:M33,0))&OFFSET($E33,0,MATCH(_xlfn.MINIFS(F33:M33,F33:M33,">"&0),F33:M33,0)) -> 彩0.055
D35: 当前等级
D36: z主线副本 | E36: 预计通关天数 | F36: 白 | G36: 绿 | H36: 蓝 | I36: 紫 | J36: 橙 | K36: 红 | L36: 粉 | M36: 彩 | P36: 1 | Q36: 橙
D37: 1~10 | E37: 1 | F37: 0.8 | G37: 0.2
D38: 11~20 | E38: 1 | F38: 0.8 | G38: 0.2
D39: 21~30 | E39: 3 | F39: 0.8 | G39: 0.2
D40: 31~40 | E40: 5 | F40: 0.6 | G40: 0.3 | H40: 0.1
D41: 41~50 | E41: 8 | F41: 0.6 | G41: 0.3 | H41: 0.1
D42: 51~60 | E42: 12 | F42: 0.6 | G42: 0.3 | H42: 0.1
D43: 61~70 | E43: 19 | F43: 0.55 | G43: 0.3 | H43: 0.15
D44: 71~80 | E44: 30 | F44: 0.55 | G44: 0.3 | H44: 0.15
D45: 81~90 | E45: 50 | F45: 0.55 | G45: 0.3 | H45: 0.15
D46: 91~100 | E46: 70 | F46: 0.55 | G46: 0.3 | H46: 0.15
D47: 101~110 | E47: 90 | F47: 0.55 | G47: 0.3 | H47: 0.15
D48: 111~120 | E48: 110 | F48: 0.5 | G48: 0.3 | H48: 0.2
D49: 121~130 | E49: 130 | F49: 0.5 | G49: 0.3 | H49: 0.2
D50: 131~140 | E50: 150 | F50: 0.5 | G50: 0.3 | H50: 0.2
D51: 141~150 | E51: 170 | F51: 0.5 | G51: 0.3 | H51: 0.2
... D66: 291~300 | E66: 470 | F66: 0.5 | G66: 0.3 | H66: 0.2
C69: 装备洗练产出
D72: 装备产出 | E72: #单次扫荡产出，前期1后期2
D73: 组队副本 | E73: 装备数 | F73: 非R | G73: 小R | H73: 中R | I73: 大R | J73: 经验本体力
D74: 1 | E74: 6 | F74: =H82/J74 -> 20 | G74: =H83/J74 -> 20.5 | H74: =H86/J74 -> 23 | I74: =H89/J74 -> 35.642857 | J74: 20
D77: 途径 | E77: 每日次数 | F77: 单次体力 | G77: 单项体力 | H77: 累计体力 | I77: 钻石价格 | J77: rmb价格 | K77: 定位 | L77: 额外说明 汇总
D78: 创号初始 | E78: 0 | F78: 60 | I78: 0 | K78: 全体
D79: 时间恢复 | E79: =10*24 -> 240 | F79: 1 | G79: =E79*F79 -> 240 | H79: =G79 -> 240 | I79: 0 | K79: 全体
D80: 每日广告 | E80: 3 | F80: 10 | G80: =E80*F80 -> 30 | H80: =G80+H79 -> 270 | I80: 0 | K80: 全体
D81: 食堂奖励 | E81: 4 | F81: 30 | G81: =E81*F81 -> 120 | H81: =G81+H80 -> 390 | I81: 0 | K81: 全体
D82: 日礼包免费 | E82: 1 | F82: 10 | G82: =E82*F82 -> 10 | H82: =G82+H81 -> 400 | I82: 0 | K82: 全体
D83: 月卡福利 | E83: 1 | F83: 10 | G83: =E83*F83 -> 10 | H83: =G83+H82 -> 410 | J83: 1 | K83: 小R
D84: 每日特惠礼包1 | E84: 1 | F84: 10 | G84: =E84*F84 -> 10 | H84: =G84+H83 -> 420 | J84: 1 | K84: 小R | L84: 预留给小R
D85: 每日特惠礼包2 | E85: 1 | F85: 15 | G85: =E85*F85 -> 15 | H85: =G85+H84 -> 435 | J85: 6 | K85: 小R | L85: 预留给小R | Q85: 156
D86: 每日特惠礼包3 | E86: 1 | F86: 25 | G86: =E86*F86 -> 25 | H86: =G86+H85 -> 460 | J86: 18 | K86: 小R | L86: 预留给小R | Q86: 280
D87: 日礼包购买 | E87: 1 | F87: 60 | G87: =E87*F87 -> 60 | H87: =G87+H86 -> 520 | I87: 96 | K87: 中R | Q87: =342/280 -> 1.2214286
D88: 周礼包购买 | E88: =1/7 -> 0.14285714 | F88: =60*5 -> 300 | G88: =E88*F88 -> 42.857143 | H88: =G88+H87 -> 562.85714 | I88: =84*5 -> 420 | K88: 中R | L88: 每周1次 | Q88: =405/342 -> 1.1842105
D89: 宝石购买 | E89: 5 | F89: 30 | G89: =E89*F89 -> 150 | H89: =G89+H88 -> 712.85714 | I89: 60 | K89: 大R
R90: 等级比较重要，70级作为双词条的关键节点，减少洗练次数
E91: 1 | F91: 2 | G91: 1.5 | H91: =4/3 -> 1.3333333 | I91: 2 | J91: 1.5 | K91: 3 | L91: 2 | S91: 1.2 | T91: 1.3 | U91: 1.3 | V91: 1.5
D92: 装备分解材料 | E92: 白 | F92: 绿 | G92: 蓝 | H92: 紫 | I92: 橙 | J92: 红 | K92: 彩 | L92: 粉 | N92: 洗练消耗 | O92: 白 | P92: 绿 | Q92: 蓝 | R92: 紫 | S92: 橙 | T92: 红 | U92: 粉 | V92: 彩
D93: 1 | E93: 10 | F93: =E93*F$91 -> 20 | G93: =F93*G$91 -> 30 | H93: =G93*H$91 -> 40 | I93: =H93*I$91 -> 80 | J93: =I93*J$91 -> 120 | K93: =J93*K$91 -> 360 | L93: =K93*L$91 -> 720 | N93: 1 | R93: =G93 -> 30 | S93: =CEILING(R93*S$91,2) -> 36 | T93: =CEILING(S93*T$91,2) -> 48 | U93: =CEILING(T93*U$91,2) -> 64 | V93: =CEILING(U93*V$91,2) -> 96
D94: 10 | E94: =E93+2 -> 12 | F94: =E94*F$91 -> 24 | G94: =F94*G$91 -> 36 | H94: =G94*H$91 -> 48 | I94: =H94*I$91 -> 96 | J94: =I94*J$91 -> 144 | K94: =J94*K$91 -> 432 | L94: =K94*L$91 -> 864 | N94: 10 | R94: =G94 -> 36 | S94: =CEILING(R94*S$91,2) -> 44 | T94: =CEILING(S94*T$91,2) -> 58 | U94: =CEILING(T94*U$91,2) -> 76 | V94: =CEILING(U94*V$91,2) -> 114
D95: 20 | E95: =E94+2 -> 14 | F95: =E95*F$91 -> 28 | G95: =F95*G$91 -> 42 | H95: =G95*H$91 -> 56 | I95: =H95*I$91 -> 112 | J95: =I95*J$91 -> 168 | K95: =J95*K$91 -> 504 | L95: =K95*L$91 -> 1008 | N95: 20 | R95: =G95 -> 42 | S95: =CEILING(R95*S$91,2) -> 52 | T95: =CEILING(S95*T$91,2) -> 68 | U95: =CEILING(T95*U$91,2) -> 90 | V95: =CEILING(U95*V$91,2) -> 136
D96: 30 | E96: =E95+2 -> 16 | F96: =E96*F$91 -> 32 | G96: =F96*G$91 -> 48 | H96: =G96*H$91 -> 64 | I96: =H96*I$91 -> 128 | J96: =I96*J$91 -> 192 | K96: =J96*K$91 -> 576 | L96: =K96*L$91 -> 1152 | N96: 30 | R96: =G96 -> 48 | S96: =CEILING(R96*S$91,2) -> 58 | T96: =CEILING(S96*T$91,2) -> 76 | U96: =CEILING(T96*U$91,2) -> 100 | V96: =CEILING(U96*V$91,2) -> 150
D97: 40 | E97: =E96+2 -> 18 | F97: =E97*F$91 -> 36 | G97: =F97*G$91 -> 54 | H97: =G97*H$91 -> 72 | I97: =H97*I$91 -> 144 | J97: =I97*J$91 -> 216 | K97: =J97*K$91 -> 648 | L97: =K97*L$91 -> 1296 | N97: 40 | R97: =G97 -> 54 | S97: =CEILING(R97*S$91,2) -> 66 | T97: =CEILING(S97*T$91,2) -> 86 | U97: =CEILING(T97*U$91,2) -> 112 | V97: =CEILING(U97*V$91,2) -> 168
D98: 50 | E98: =E97+2 -> 20 | F98: =E98*F$91 -> 40 | G98: =F98*G$91 -> 60 | H98: =G98*H$91 -> 80 | I98: =H98*I$91 -> 160 | J98: =I98*J$91 -> 240 | K98: =J98*K$91 -> 720 | L98: =K98*L$91 -> 1440 | N98: 50 | R98: =G98 -> 60 | S98: =CEILING(R98*S$91,2) -> 72 | T98: =CEILING(S98*T$91,2) -> 94 | U98: =CEILING(T98*U$91,2) -> 124 | V98: =CEILING(U98*V$91,2) -> 186
D99: 60 | E99: =E98+4 -> 24 | F99: =E99*F$91 -> 48 | G99: =F99*G$91 -> 72 | H99: =G99*H$91 -> 96 | I99: =H99*I$91 -> 192 | J99: =I99*J$91 -> 288 | K99: =J99*K$91 -> 864 | L99: =K99*L$91 -> 1728 | N99: 60 | R99: =G99 -> 72 | S99: =CEILING(R99*S$91,2) -> 88 | T99: =CEILING(S99*T$91,2) -> 116 | U99: =CEILING(T99*U$91,2) -> 152 | V99: =CEILING(U99*V$91,2) -> 228
D100: 70 | E100: =E99+4 -> 28 | F100: =E100*F$91 -> 56 | G100: =F100*G$91 -> 84 | H100: =G100*H$91 -> 112 | I100: =H100*I$91 -> 224 | J100: =I100*J$91 -> 336 | K100: =J100*K$91 -> 1008 | L100: =K100*L$91 -> 2016 | N100: 70 | R100: =G100 -> 84 | S100: =CEILING(R100*S$91,2) -> 102 | T100: =CEILING(S100*T$91,2) -> 134 | U100: =CEILING(T100*U$91,2) -> 176 | V100: =CEILING(U100*V$91,2) -> 264
D101: 80 | E101: =E100+4 -> 32 | F101: =E101*F$91 -> 64 | G101: =F101*G$91 -> 96 | H101: =G101*H$91 -> 128 | I101: =H101*I$91 -> 256 | J101: =I101*J$91 -> 384 | K101: =J101*K$91 -> 1152 | L101: =K101*L$91 -> 2304 | N101: 80 | R101: =G101 -> 96 | S101: =CEILING(R101*S$91,2) -> 116 | T101: =CEILING(S101*T$91,2) -> 152 | U101: =CEILING(T101*U$91,2) -> 198 | V101: =CEILING(U101*V$91,2) -> 298
D102: 90 | E102: =E101+4 -> 36 | F102: =E102*F$91 -> 72 | G102: =F102*G$91 -> 108 | H102: =G102*H$91 -> 144 | I102: =H102*I$91 -> 288 | J102: =I102*J$91 -> 432 | K102: =J102*K$91 -> 1296 | L102: =K102*L$91 -> 2592 | N102: 90 | R102: =G102 -> 108 | S102: =CEILING(R102*S$91,2) -> 130 | T102: =CEILING(S102*T$91,2) -> 170 | U102: =CEILING(T102*U$91,2) -> 222 | V102: =CEILING(U102*V$91,2) -> 334
D103: 100 | E103: =E102+4 -> 40 | F103: =E103*F$91 -> 80 | G103: =F103*G$91 -> 120 | H103: =G103*H$91 -> 160 | I103: =H103*I$91 -> 320 | J103: =I103*J$91 -> 480 | K103: =J103*K$91 -> 1440 | L103: =K103*L$91 -> 2880 | N103: 100 | R103: =G103 -> 120 | S103: =CEILING(R103*S$91,2) -> 144 | T103: =CEILING(S103*T$91,2) -> 188 | U103: =CEILING(T103*U$91,2) -> 246 | V103: =CEILING(U103*V$91,2) -> 370
D104: 110 | E104: =E103+8 -> 48 | F104: =E104*F$91 -> 96 | G104: =F104*G$91 -> 144 | H104: =G104*H$91 -> 192 | I104: =H104*I$91 -> 384 | J104: =I104*J$91 -> 576 | K104: =J104*K$91 -> 1728 | L104: =K104*L$91 -> 3456 | N104: 110 | R104: =G104 -> 144 | S104: =CEILING(R104*S$91,2) -> 174 | T104: =CEILING(S104*T$91,2) -> 228 | U104: =CEILING(T104*U$91,2) -> 298 | V104: =CEILING(U104*V$91,2) -> 448
D105: 120 | E105: =E104+8 -> 56 | F105: =E105*F$91 -> 112 | G105: =F105*G$91 -> 168 | H105: =G105*H$91 -> 224 | I105: =H105*I$91 -> 448 | J105: =I105*J$91 -> 672 | K105: =J105*K$91 -> 2016 | L105: =K105*L$91 -> 4032 | N105: 120 | R105: =G105 -> 168 | S105: =CEILING(R105*S$91,2) -> 202 | T105: =CEILING(S105*T$91,2) -> 264 | U105: =CEILING(T105*U$91,2) -> 344 | V105: =CEILING(U105*V$91,2) -> 516
D106: 130 | E106: =E105+8 -> 64 | F106: =E106*F$91 -> 128 | G106: =F106*G$91 -> 192 | H106: =G106*H$91 -> 256 | I106: =H106*I$91 -> 512 | J106: =I106*J$91 -> 768 | K106: =J106*K$91 -> 2304 | L106: =K106*L$91 -> 4608 | N106: 130 | R106: =G106 -> 192 | S106: =CEILING(R106*S$91,2) -> 232 | T106: =CEILING(S106*T$91,2) -> 302 | U106: =CEILING(T106*U$91,2) -> 394 | V106: =CEILING(U106*V$91,2) -> 592
D107: 140 | E107: =E106+8 -> 72 | F107: =E107*F$91 -> 144 | G107: =F107*G$91 -> 216 | H107: =G107*H$91 -> 288 | I107: =H107*I$91 -> 576 | J107: =I107*J$91 -> 864 | K107: =J107*K$91 -> 2592 | L107: =K107*L$91 -> 5184 | N107: 140 | R107: =G107 -> 216 | S107: =CEILING(R107*S$91,2) -> 260 | T107: =CEILING(S107*T$91,2) -> 338 | U107: =CEILING(T107*U$91,2) -> 440 | V107: =CEILING(U107*V$91,2) -> 660
D108: 150 | E108: =E107+8 -> 80 | F108: =E108*F$91 -> 160 | G108: =F108*G$91 -> 240 | H108: =G108*H$91 -> 320 | I108: =H108*I$91 -> 640 | J108: =I108*J$91 -> 960 | K108: =J108*K$91 -> 2880 | L108: =K108*L$91 -> 5760 | N108: 150 | R108: =G108 -> 240 | S108: =CEILING(R108*S$91,2) -> 288 | T108: =CEILING(S108*T$91,2) -> 376 | U108: =CEILING(T108*U$91,2) -> 490 | V108: =CEILING(U108*V$91,2) -> 736
D109: 160 | E109: =E108+16 -> 96 | F109: =E109*F$91 -> 192 | G109: =F109*G$91 -> 288 | H109: =G109*H$91 -> 384 | I109: =H109*I$91 -> 768 | J109: =I109*J$91 -> 1152 | K109: =J109*K$91 -> 3456 | L109: =K109*L$91 -> 6912 | N109: 160 | R109: =G109 -> 288 | S109: =CEILING(R109*S$91,2) -> 346 | T109: =CEILING(S109*T$91,2) -> 450 | U109: =CEILING(T109*U$91,2) -> 586 | V109: =CEILING(U109*V$91,2) -> 880
D110: 170 | E110: =E109+16 -> 112 | F110: =E110*F$91 -> 224 | G110: =F110*G$91 -> 336 | H110: =G110*H$91 -> 448 | I110: =H110*I$91 -> 896 | J110: =I110*J$91 -> 1344 | K110: =J110*K$91 -> 4032 | L110: =K110*L$91 -> 8064 | N110: 170 | R110: =G110 -> 336 | S110: =CEILING(R110*S$91,2) -> 404 | T110: =CEILING(S110*T$91,2) -> 526 | U110: =CEILING(T110*U$91,2) -> 684 | V110: =CEILING(U110*V$91,2) -> 1026
D111: 180 | E111: =E110+16 -> 128 | F111: =E111*F$91 -> 256 | G111: =F111*G$91 -> 384 | H111: =G111*H$91 -> 512 | I111: =H111*I$91 -> 1024 | J111: =I111*J$91 -> 1536 | K111: =J111*K$91 -> 4608 | L111: =K111*L$91 -> 9216 | N111: 180 | R111: =G111 -> 384 | S111: =CEILING(R111*S$91,2) -> 462 | T111: =CEILING(S111*T$91,2) -> 602 | U111: =CEILING(T111*U$91,2) -> 784 | V111: =CEILING(U111*V$91,2) -> 1176
D112: 190 | E112: =E111+16 -> 144 | F112: =E112*F$91 -> 288 | G112: =F112*G$91 -> 432 | H112: =G112*H$91 -> 576 | I112: =H112*I$91 -> 1152 | J112: =I112*J$91 -> 1728 | K112: =J112*K$91 -> 5184 | L112: =K112*L$91 -> 10368 | N112: 190 | R112: =G112 -> 432 | S112: =CEILING(R112*S$91,2) -> 520 | T112: =CEILING(S112*T$91,2) -> 676 | U112: =CEILING(T112*U$91,2) -> 880 | V112: =CEILING(U112*V$91,2) -> 1320
D113: 200 | E113: =E112+16 -> 160 | F113: =E113*F$91 -> 320 | G113: =F113*G$91 -> 480 | H113: =G113*H$91 -> 640 | I113: =H113*I$91 -> 1280 | J113: =I113*J$91 -> 1920 | K113: =J113*K$91 -> 5760 | L113: =K113*L$91 -> 11520 | N113: 200 | R113: =G113 -> 480 | S113: =CEILING(R113*S$91,2) -> 576 | T113: =CEILING(S113*T$91,2) -> 750 | U113: =CEILING(T113*U$91,2) -> 976 | V113: =CEILING(U113*V$91,2) -> 1464
D114: 210 | E114: =E113+16 -> 176 | F114: =E114*F$91 -> 352 | G114: =F114*G$91 -> 528 | H114: =G114*H$91 -> 704 | I114: =H114*I$91 -> 1408 | J114: =I114*J$91 -> 2112 | K114: =J114*K$91 -> 6336 | L114: =K114*L$91 -> 12672 | N114: 210 | R114: =G114 -> 528 | S114: =CEILING(R114*S$91,2) -> 634 | T114: =CEILING(S114*T$91,2) -> 826 | U114: =CEILING(T114*U$91,2) -> 1074 | V114: =CEILING(U114*V$91,2) -> 1612
D115: 220 | E115: =E114+16 -> 192 | F115: =E115*F$91 -> 384 | G115: =F115*G$91 -> 576 | H115: =G115*H$91 -> 768 | I115: =H115*I$91 -> 1536 | J115: =I115*J$91 -> 2304 | K115: =J115*K$91 -> 6912 | L115: =K115*L$91 -> 13824 | N115: 220 | R115: =G115 -> 576 | S115: =CEILING(R115*S$91,2) -> 692 | T115: =CEILING(S115*T$91,2) -> 900 | U115: =CEILING(T115*U$91,2) -> 1170 | V115: =CEILING(U115*V$91,2) -> 1756
D116: 230 | E116: =E115+16 -> 208 | F116: =E116*F$91 -> 416 | G116: =F116*G$91 -> 624 | H116: =G116*H$91 -> 832 | I116: =H116*I$91 -> 1664 | J116: =I116*J$91 -> 2496 | K116: =J116*K$91 -> 7488 | L116: =K116*L$91 -> 14976 | N116: 230 | R116: =G116 -> 624 | S116: =CEILING(R116*S$91,2) -> 750 | T116: =CEILING(S116*T$91,2) -> 976 | U116: =CEILING(T116*U$91,2) -> 1270 | V116: =CEILING(U116*V$91,2) -> 1906
D117: 240 | E117: =E116+16 -> 224 | F117: =E117*F$91 -> 448 | G117: =F117*G$91 -> 672 | H117: =G117*H$91 -> 896 | I117: =H117*I$91 -> 1792 | J117: =I117*J$91 -> 2688 | K117: =J117*K$91 -> 8064 | L117: =K117*L$91 -> 16128 | N117: 240 | R117: =G117 -> 672 | S117: =CEILING(R117*S$91,2) -> 808 | T117: =CEILING(S117*T$91,2) -> 1052 | U117: =CEILING(T117*U$91,2) -> 1368 | V117: =CEILING(U117*V$91,2) -> 2052
D118: 250 | E118: =E117+16 -> 240 | F118: =E118*F$91 -> 480 | G118: =F118*G$91 -> 720 | H118: =G118*H$91 -> 960 | I118: =H118*I$91 -> 1920 | J118: =I118*J$91 -> 2880 | K118: =J118*K$91 -> 8640 | L118: =K118*L$91 -> 17280 | N118: 250 | R118: =G118 -> 720 | S118: =CEILING(R118*S$91,2) -> 864 | T118: =CEILING(S118*T$91,2) -> 1124 | U118: =CEILING(T118*U$91,2) -> 1462 | V118: =CEILING(U118*V$91,2) -> 2194
E120: 1 | F120: =5/3 -> 1.6666667 | G120: =7/5 -> 1.4 | H120: =9/7 -> 1.2857143 | I120: =11/9 -> 1.2222222 | J120: =13/11 -> 1.1818182 | K120: =15/13 -> 1.1538462 | L120: =17/15 -> 1.1333333 | P120: 1 | Q120: 1.05 | R120: =Q120+0.05 -> 1.1 | S120: =R120+0.05 -> 1.15 | T120: =S120+0.05 -> 1.2 | U120: =T120+0.05 -> 1.25 | V120: 1.25 | W120: 1.25
D121: 装备分解金币 | E121: 白 | F121: 绿 | G121: 蓝 | H121: 紫 | I121: 橙 | J121: 红 | K121: 彩 | L121: 粉 | M121: 衰减系数 | O121: 转运石 | P121: 白 | Q121: 绿 | R121: 蓝 | S121: 紫 | T121: 橙 | U121: 红 | V121: 粉 | W121: 彩
D122: 1 | E122: 10 | F122: =CEILING(E122*F$120,2) -> 18 | G122: =CEILING(F122*G$120,2) -> 26 | H122: =CEILING(G122*H$120,2) -> 34 | I122: =CEILING(H122*I$120,2) -> 42 | J122: =CEILING(I122*J$120,2) -> 50 | K122: =CEILING(J122*K$120,2) -> 58 | L122: =CEILING(K122*L$120,2) -> 66 | O122: 1 | P122: 10 | Q122: =INT($P122*Q$120) -> 10 | R122: =INT($P122*R$120) -> 11 | S122: =INT($P122*S$120) -> 11 | T122: =INT($P122*T$120) -> 12 | U122: =INT($P122*U$120) -> 12 | V122: =INT($P122*V$120) -> 12 | W122: =INT($P122*W$120) -> 12
D123: 10 | E123: =INT(E$122*M123) -> 36 | F123: =CEILING(E123*F$120,2) -> 60 | G123: =CEILING(F123*G$120,2) -> 84 | H123: =CEILING(G123*H$120,2) -> 108 | I123: =CEILING(H123*I$120,2) -> 132 | J123: =CEILING(I123*J$120,2) -> 156 | K123: =CEILING(J123*K$120,2) -> 180 | L123: =CEILING(K123*L$120,2) -> 204 | M123: 3.6 | O123: 10 | P123: 10 | Q123: =INT($P123*Q$120) -> 10 | R123: =INT($P123*R$120) -> 11 | S123: =INT($P123*S$120) -> 11 | T123: =INT($P123*T$120) -> 12 | U123: =INT($P123*U$120) -> 12 | V123: =INT($P123*V$120) -> 12 | W123: =INT($P123*W$120) -> 12
D124: 20 | E124: =INT(E123*1.2) -> 43 | F124: =CEILING(E124*F$120,2) -> 72 | G124: =CEILING(F124*G$120,2) -> 102 | H124: =CEILING(G124*H$120,2) -> 132 | I124: =CEILING(H124*I$120,2) -> 162 | J124: =CEILING(I124*J$120,2) -> 192 | K124: =CEILING(J124*K$120,2) -> 222 | L124: =CEILING(K124*L$120,2) -> 252 | O124: 20 | P124: =P122+2 -> 12 | Q124: =INT($P124*Q$120) -> 12 | R124: =INT($P124*R$120) -> 13 | S124: =INT($P124*S$120) -> 13 | T124: =INT($P124*T$120) -> 14 | U124: =INT($P124*U$120) -> 15 | V124: =INT($P124*V$120) -> 15 | W124: =INT($P124*W$120) -> 15
D125: 30 | E125: =INT(E124*1.2) -> 51 | F125: =CEILING(E125*F$120,2) -> 86 | G125: =CEILING(F125*G$120,2) -> 122 | H125: =CEILING(G125*H$120,2) -> 158 | I125: =CEILING(H125*I$120,2) -> 194 | J125: =CEILING(I125*J$120,2) -> 230 | K125: =CEILING(J125*K$120,2) -> 266 | L125: =CEILING(K125*L$120,2) -> 302 | O125: 30 | P125: =P123+2 -> 12 | Q125: =INT($P125*Q$120) -> 12 | R125: =INT($P125*R$120) -> 13 | S125: =INT($P125*S$120) -> 13 | T125: =INT($P125*T$120) -> 14 | U125: =INT($P125*U$120) -> 15 | V125: =INT($P125*V$120) -> 15 | W125: =INT($P125*W$120) -> 15
D126: 40 | E126: =INT(E125*1.2) -> 61 | F126: =CEILING(E126*F$120,2) -> 102 | G126: =CEILING(F126*G$120,2) -> 144 | H126: =CEILING(G126*H$120,2) -> 186 | I126: =CEILING(H126*I$120,2) -> 228 | J126: =CEILING(I126*J$120,2) -> 270 | K126: =CEILING(J126*K$120,2) -> 312 | L126: =CEILING(K126*L$120,2) -> 354 | O126: 40 | P126: =P124+2 -> 14 | Q126: =INT($P126*Q$120) -> 14 | R126: =INT($P126*R$120) -> 15 | S126: =INT($P126*S$120) -> 16 | T126: =INT($P126*T$120) -> 16 | U126: =INT($P126*U$120) -> 17 | V126: =INT($P126*V$120) -> 17 | W126: =INT($P126*W$120) -> 17
...

Sheet 装备词条库配置
A1: 附加词条抽取库id | B1: 词条id 库id*10+序号 | C1: 词条品质 | D1: 权重 | F1: 效果id 对应effect_mapping_data表的id | G1: 效果组 （同效果高低等级的两个为一组） 可以跟effect_mapping_data表的效果组不一样 | H1: 属性加成 | I1: 是否放回 | J1: 战力 | K1: 排序 | L1: 描述
A2: random_effect_pool | B2: id | C2: quality | D2: weight | F2: effect_id | G2: effect_group | H2: attr_up | I2: is_back | J2: power | K2: sort | L2: desc_show
B3: =A3*10+1 -> 1 | C3: 紫 | D3: 1000 | F3: 1051 | G3: 1051 | I3: 不放回 | M3: 紫 | N3: 4
M4: 橙 | N4: 5
M5: 红 | N5: 6
M6: 粉 | N6: 7
M7: 彩 | N7: 8
A11: =IFERROR(R11+IF(Q11="通用属性",1,IF(Q11="玩法类",2,IF(Q11="稀有词条",3,0))),"") -> 10401 | B11: =IFERROR(R11+COUNTIFS($R$11:$R11,R11),"") -> 10401 | C11: 紫 | D11: 3000 | F11: =IFERROR(R11+INT((B11-R11-1)/5),"") -> 10400 | G11: =IF(AND(LEFT("[{"&M11&","&CEILING(N11*10000+(O11-N11)/4*(COUNTIF($F$11:F11,F11)-1)*10000,10)&"}]",7)="[{equip",MID("[{"&M11&","&CEILING(N11*10000+(O11-N11)/4*(COUNTIF($F$11:F11,F11)-1)*10000,10)&"}]",8,1)<>"_"),"[{"&M11&","&1&"}]","[{"&M11&","&CEILING(N11*10000+(O11-N11)/4*(COUNTIF($F$11:F11,F11)-1)*10000,10)&"}]") -> [{global_dmg_rate,300}] | H11: 不放回 | J11: 1 | K11: =IF(RIGHT(G11,13)="rune_slot,1}]",_xlfn.XLOOKUP(LEFT(SUBSTITUTE(G11,"[{",""),FIND(",",SUBSTITUTE(G11,"[{",""))-1),Sheet2!B:B,Sheet2!C:C)&"+"&1,_xlfn.XLOOKUP(LEFT(SUBSTITUTE(G11,"[{",""),FIND(",",SUBSTITUTE(G11,"[{",""))-1),Sheet2!B:B,Sheet2!C:C)&"+"&SUBSTITUTE(RIGHT(G11,LEN(G11)-FIND(",",G11)),"}]","")/100&"%") -> 伤害加成+3% | L11: 全职小队Ⅰ | M11: global_dmg_rate | N11: =装备属性!K1084 -> 0.03 | O11: =装备属性!L1084 -> 0.042 | Q11: 通用属性 | R11: 10400
A12: =IFERROR(R12+IF(Q12="通用属性",1,IF(Q12="玩法类",2,IF(Q12="稀有词条",3,0))),"") -> 10401 | B12: =IFERROR(R12+COUNTIFS($R$11:$R12,R12),"") -> 10402 | C12: =IF(MOD(COUNTIF($Q$11:Q11,Q11),5)=0,OFFSET(装备属性!$D$1083,1+INT(COUNTA($Q$11:Q11)/5),0),C11) -> 紫 | D12: 2500 | F12: =IFERROR(R12+INT((B12-R12-1)/5),"") -> 10400 | G12: =IF(AND(LEFT("[{"&M12&","&CEILING(N12*10000+(O12-N12)/4*(COUNTIF($F$11:F12,F12)-1)*10000,10)&"}]",7)="[{equip",MID("[{"&M12&","&CEILING(N12*10000+(O12-N12)/4*(COUNTIF($F$11:F12,F12)-1)*10000,10)&"}]",8,1)<>"_"),"[{"&M12&","&1&"}]","[{"&M12&","&CEILING(N12*10000+(O12-N12)/4*(COUNTIF($F$11:F12,F12)-1)*10000,10)&"}]") -> [{global_dmg_rate,330}] | H12: 不放回 | J12: =IF(MOD(COUNTIF($Q$11:Q11,Q11),5)=0,OFFSET(装备属性!$P$1083,1+INT(COUNTA($Q$11:Q11)/5),0),J11) -> 1 | K12: =IF(RIGHT(G12,13)="rune_slot,1}]",_xlfn.XLOOKUP(LEFT(SUBSTITUTE(G12,"[{",""),FIND(",",SUBSTITUTE(G12,"[{",""))-1),Sheet2!B:B,Sheet2!C:C)&"+"&1,_xlfn.XLOOKUP(LEFT(SUBSTITUTE(G12,"[{",""),FIND(",",SUBSTITUTE(G12,"[{",""))-1),Sheet2!B:B,Sheet2!C:C)&"+"&SUBSTITUTE(RIGHT(G12,LEN(G12)-FIND(",",G12)),"}]","")/100&"%") -> 伤害加成+3.3% | L12: =IF(MOD(COUNTIF($Q$11:Q11,Q11),5)=0,OFFSET(装备属性!$G$1083,1+INT(COUNTA($Q$11:Q11)/5),0),L11) -> 全职小队Ⅰ | M12: =IF(MOD(COUNTIF($Q$11:Q11,Q11),5)=0,OFFSET(装备属性!$H$1083,1+INT(COUNTA($Q$11:Q11)/5),0),M11) -> global_dmg_rate | N12: =IF(MOD(COUNTIF($Q$11:Q11,Q11),5)=0,OFFSET(装备属性!$K$1083,1+INT(COUNTA($Q$11:Q11)/5),0),N11) -> 0.03 | O12: =IF(MOD(COUNTIF($Q$11:Q11,Q11),5)=0,OFFSET(装备属性!$L$1083,1+INT(COUNTA($Q$11:Q11)/5),0),O11) -> 0.042 | Q12: =IF(MOD(COUNTIF($Q$11:Q11,Q11),5)=0,OFFSET(装备属性!$M$1083,1+INT(COUNTA($Q$11:Q11)/5),0),Q11) -> 通用属性 | R12: =IF(MOD(COUNTIF($Q$11:Q11,Q11),5)=0,10000*SUBSTITUTE(SUBSTITUTE(OFFSET(装备属性!$F$1083,1+INT(COUNTA($Q$11:Q11)/5),0),"[",""),"]","")+_xlfn.XLOOKUP(C12,$M$3:$M$7,$N$3:$N$7)*100,R11) -> 10400
A13: =IFERROR(R13+IF(Q13="通用属性",1,IF(Q13="玩法类",2,IF(Q13="稀有词条",3,0))),"") -> 10401 | B13: =IFERROR(R13+COUNTIFS($R$11:$R13,R13),"") -> 10403 | C13: =IF(MOD(COUNTIF($Q$11:Q12,Q12),5)=0,OFFSET(装备属性!$D$1083,1+INT(COUNTA($Q$11:Q12)/5),0),C12) -> 紫 | D13: 2000 | F13: =IFERROR(R13+INT((B13-R13-1)/5),"") -> 10400 | G13: =IF(AND(LEFT("[{"&M13&","&CEILING(N13*10000+(O13-N13)/4*(COUNTIF($F$11:F13,F13)-1)*10000,10)&"}]",7)="[{equip",MID("[{"&M13&","&CEILING(N13*10000+(O13-N13)/4*(COUNTIF($F$11:F13,F13)-1)*10000,10)&"}]",8,1)<>"_"),"[{"&M13&","&1&"}]","[{"&M13&","&CEILING(N13*10000+(O13-N13)/4*(COUNTIF($F$11:F13,F13)-1)*10000,10)&"}]") -> [{global_dmg_rate,360}] | H13: 不放回 | J13: =IF(MOD(COUNTIF($Q$11:Q12,Q12),5)=0,OFFSET(装备属性!$P$1083,1+INT(COUNTA($Q$11:Q12)/5),0),J12) -> 1 | K13: =IF(RIGHT(G13,13)="rune_slot,1}]",_xlfn.XLOOKUP(LEFT(SUBSTITUTE(G13,"[{",""),FIND(",",SUBSTITUTE(G13,"[{",""))-1),Sheet2!B:B,Sheet2!C:C)&"+"&1,_xlfn.XLOOKUP(LEFT(SUBSTITUTE(G13,"[{",""),FIND(",",SUBSTITUTE(G13,"[{",""))-1),Sheet2!B:B,Sheet2!C:C)&"+"&SUBSTITUTE(RIGHT(G13,LEN(G13)-FIND(",",G13)),"}]","")/100&"%") -> 伤害加成+3.6% | L13: =IF(MOD(COUNTIF($Q$11:Q12,Q12),5)=0,OFFSET(装备属性!$G$1083,1+INT(COUNTA($Q$11:Q12)/5),0),L12) -> 全职小队Ⅰ | M13: =IF(MOD(COUNTIF($Q$11:Q12,Q12),5)=0,OFFSET(装备属性!$H$1083,1+INT(COUNTA($Q$11:Q12)/5),0),M12) -> global_dmg_rate | N13: =IF(MOD(COUNTIF($Q$11:Q12,Q12),5)=0,OFFSET(装备属性!$K$1083,1+INT(COUNTA($Q$11:Q12)/5),0),N12) -> 0.03 | O13: =IF(MOD(COUNTIF($Q$11:Q12,Q12),5)=0,OFFSET(装备属性!$L$1083,1+INT(COUNTA($Q$11:Q12)/5),0),O12) -> 0.042 | Q13: =IF(MOD(COUNTIF($Q$11:Q12,Q12),5)=0,OFFSET(装备属性!$M$1083,1+INT(COUNTA($Q$11:Q12)/5),0),Q12) -> 通用属性 | R13: =IF(MOD(COUNTIF($Q$11:Q12,Q12),5)=0,10000*SUBSTITUTE(SUBSTITUTE(OFFSET(装备属性!$F$1083,1+INT(COUNTA($Q$11:Q12)/5),0),"[",""),"]","")+_xlfn.XLOOKUP(C13,$M$3:$M$7,$N$3:$N$7)*100,R12) -> 10400
A14: =IFERROR(R14+IF(Q14="通用属性",1,IF(Q14="玩法类",2,IF(Q14="稀有词条",3,0))),"") -> 10401 | B14: =IFERROR(R14+COUNTIFS($R$11:$R14,R14),"") -> 10404 | C14: =IF(MOD(COUNTIF($Q$11:Q13,Q13),5)=0,OFFSET(装备属性!$D$1083,1+INT(COUNTA($Q$11:Q13)/5),0),C13) -> 紫 | D14: 1500 | F14: =IFERROR(R14+INT((B14-R14-1)/5),"") -> 10400 | G14: =IF(AND(LEFT("[{"&M14&","&CEILING(N14*10000+(O14-N14)/4*(COUNTIF($F$11:F14,F14)-1)*10000,10)&"}]",7)="[{equip",MID("[{"&M14&","&CEILING(N14*10000+(O14-N14)/4*(COUNTIF($F$11:F14,F14)-1)*10000,10)&"}]",8,1)<>"_"),"[{"&M14&","&1&"}]","[{"&M14&","&CEILING(N14*10000+(O14-N14)/4*(COUNTIF($F$11:F14,F14)-1)*10000,10)&"}]") -> [{global_dmg_rate,390}] | H14: 不放回 | J14: =IF(MOD(COUNTIF($Q$11:Q13,Q13),5)=0,OFFSET(装备属性!$P$1083,1+INT(COUNTA($Q$11:Q13)/5),0),J13) -> 1 | K14: =IF(RIGHT(G14,13)="rune_slot,1}]",_xlfn.XLOOKUP(LEFT(SUBSTITUTE(G14,"[{",""),FIND(",",SUBSTITUTE(G14,"[{",""))-1),Sheet2!B:B,Sheet2!C:C)&"+"&1,_xlfn.XLOOKUP(LEFT(SUBSTITUTE(G14,"[{",""),FIND(",",SUBSTITUTE(G14,"[{",""))-1),Sheet2!B:B,Sheet2!C:C)&"+"&SUBSTITUTE(RIGHT(G14,LEN(G14)-FIND(",",G14)),"}]","")/100&"%") -> 伤害加成+3.9% | L14: =IF(MOD(COUNTIF($Q$11:Q13,Q13),5)=0,OFFSET(装备属性!$G$1083,1+INT(COUNTA($Q$11:Q13)/5),0),L13) -> 全职小队Ⅰ | M14: =IF(MOD(COUNTIF($Q$11:Q13,Q13),5)=0,OFFSET(装备属性!$H$1083,1+INT(COUNTA($Q$11:Q13)/5),0),M13) -> global_dmg_rate | N14: =IF(MOD(COUNTIF($Q$11:Q13,Q13),5)=0,OFFSET(装备属性!$K$1083,1+INT(COUNTA($Q$11:Q13)/5),0),N13) -> 0.03 | O14: =IF(MOD(COUNTIF($Q$11:Q13,Q13),5)=0,OFFSET(装备属性!$L$1083,1+INT(COUNTA($Q$11:Q13)/5),0),O13) -> 0.042 | Q14: =IF(MOD(COUNTIF($Q$11:Q13,Q13),5)=0,OFFSET(装备属性!$M$1083,1+INT(COUNTA($Q$11:Q13)/5),0),Q13) -> 通用属性 | R14: =IF(MOD(COUNTIF($Q$11:Q13,Q13),5)=0,10000*SUBSTITUTE(SUBSTITUTE(OFFSET(装备属性!$F$1083,1+INT(COUNTA($Q$11:Q13)/5),0),"[",""),"]","")+_xlfn.XLOOKUP(C14,$M$3:$M$7,$N$3:$N$7)*100,R13) -> 10400
A15: =IFERROR(R15+IF(Q15="通用属性",1,IF(Q15="玩法类",2,IF(Q15="稀有词条",3,0))),"") -> 10401 | B15: =IFERROR(R15+COUNTIFS($R$11:$R15,R15),"") -> 10405 | C15: =IF(MOD(COUNTIF($Q$11:Q14,Q14),5)=0,OFFSET(装备属性!$D$1083,1+INT(COUNTA($Q$11:Q14)/5),0),C14) -> 紫 | D15: 1000 | F15: =IFERROR(R15+INT((B15-R15-1)/5),"") -> 10400 | G15: =IF(AND(LEFT("[{"&M15&","&CEILING(N15*10000+(O15-N15)/4*(COUNTIF($F$11:F15,F15)-1)*10000,10)&"}]",7)="[{equip",MID("[{"&M15&","&CEILING(N15*10000+(O15-N15)/4*(COUNTIF($F$11:F15,F15)-1)*10000,10)&"}]",8,1)<>"_"),"[{"&M15&","&1&"}]","[{"&M15&","&CEILING(N15*10000+(O15-N15)/4*(COUNTIF($F$11:F15,F15)-1)*10000,10)&"}]") -> [{global_dmg_rate,420}] | H15: 不放回 | J15: =IF(MOD(COUNTIF($Q$11:Q14,Q14),5)=0,OFFSET(装备属性!$P$1083,1+INT(COUNTA($Q$11:Q14)/5),0),J14) -> 1 | K15: =IF(RIGHT(G15,13)="rune_slot,1}]",_xlfn.XLOOKUP(LEFT(SUBSTITUTE(G15,"[{",""),FIND(",",SUBSTITUTE(G15,"[{",""))-1),Sheet2!B:B,Sheet2!C:C)&"+"&1,_xlfn.XLOOKUP(LEFT(SUBSTITUTE(G15,"[{",""),FIND(",",SUBSTITUTE(G15,"[{",""))-1),Sheet2!B:B,Sheet2!C:C)&"+"&SUBSTITUTE(RIGHT(G15,LEN(G15)-FIND(",",G15)),"}]","")/100&"%") -> 伤害加成+4.2% | L15: =IF(MOD(COUNTIF($Q$11:Q14,Q14),5)=0,OFFSET(装备属性!$G$1083,1+INT(COUNTA($Q$11:Q14)/5),0),L14) -> 全职小队Ⅰ | M15: =IF(MOD(COUNTIF($Q$11:Q14,Q14),5)=0,OFFSET(装备属性!$H$1083,1+INT(COUNTA($Q$11:Q14)/5),0),M14) -> global_dmg_rate | N15: =IF(MOD(COUNTIF($Q$11:Q14,Q14),5)=0,OFFSET(装备属性!$K$1083,1+INT(COUNTA($Q$11:Q14)/5),0),N14) -> 0.03 | O15: =IF(MOD(COUNTIF($Q$11:Q14,Q14),5)=0,OFFSET(装备属性!$L$1083,1+INT(COUNTA($Q$11:Q14)/5),0),O14) -> 0.042 | Q15: =IF(MOD(COUNTIF($Q$11:Q14,Q14),5)=0,OFFSET(装备属性!$M$1083,1+INT(COUNTA($Q$11:Q14)/5),0),Q14) -> 通用属性 | R15: =IF(MOD(COUNTIF($Q$11:Q14,Q14),5)=0,10000*SUBSTITUTE(SUBSTITUTE(OFFSET(装备属性!$F$1083,1+INT(COUNTA($Q$11:Q14)/5),0),"[",""),"]","")+_xlfn.XLOOKUP(C15,$M$3:$M$7,$N$3:$N$7)*100,R14) -> 10400
A16: =IFERROR(R16+IF(Q16="通用属性",1,IF(Q16="玩法类",2,IF(Q16="稀有词条",3,0))),"") -> 10401 | B16: =IFERROR(R16+COUNTIFS($R$11:$R16,R16),"") -> 10406 | C16: =IF(MOD(COUNTIF($Q$11:Q15,Q15),5)=0,OFFSET(装备属性!$D$1083,1+INT(COUNTA($Q$11:Q15)/5),0),C15) -> 紫 | D16: =D11 -> 3000 | F16: =IFERROR(R16+INT((B16-R16-1)/5),"") -> 10401 | G16: =IF(AND(LEFT("[{"&M16&","&CEILING(N16*10000+(O16-N16)/4*(COUNTIF($F$11:F16,F16)-1)*10000,10)&"}]",7)="[{equip",MID("[{"&M16&","&CEILING(N16*10000+(O16-N16)/4*(COUNTIF($F$11:F16,F16)-1)*10000,10)&"}]",8,1)<>"_"),"[{"&M16&","&1&"}]","[{"&M16&","&CEILING(N16*10000+(O16-N16)/4*(COUNTIF($F$11:F16,F16)-1)*10000,10)&"}]") -> [{dmg_red_rate,100}] | H16: 不放回 | J16: =IF(MOD(COUNTIF($Q$11:Q15,Q15),5)=0,OFFSET(装备属性!$P$1083,1+INT(COUNTA($Q$11:Q15)/5),0),J15) -> 6 | K16: =IF(RIGHT(G16,13)="rune_slot,1}]",_xlfn.XLOOKUP(LEFT(SUBSTITUTE(G16,"[{",""),FIND(",",SUBSTITUTE(G16,"[{",""))-1),Sheet2!B:B,Sheet2!C:C)&"+"&1,_xlfn.XLOOKUP(LEFT(SUBSTITUTE(G16,"[{",""),FIND(",",SUBSTITUTE(G16,"[{",""))-1),Sheet2!B:B,Sheet2!C:C)&"+"&SUBSTITUTE(RIGHT(G16,LEN(G16)-FIND(",",G16)),"}]","")/100&"%") -> 伤害减免+1% | L16: =IF(MOD(COUNTIF($Q$11:Q15,Q15),5)=0,OFFSET(装备属性!$G$1083,1+INT(COUNTA($Q$11:Q15)/5),0),L15) -> 全员抗揍Ⅰ | M16: =IF(MOD(COUNTIF($Q$11:Q15,Q15),5)=0,OFFSET(装备属性!$H$1083,1+INT(COUNTA($Q$11:Q15)/5),0),M15) -> dmg_red_rate | N16: =IF(MOD(COUNTIF($Q$11:Q15,Q15),5)=0,OFFSET(装备属性!$K$1083,1+INT(COUNTA($Q$11:Q15)/5),0),N15) -> 0.01 | O16: =IF(MOD(COUNTIF($Q$11:Q15,Q15),5)=0,OFFSET(装备属性!$L$1083,1+INT(COUNTA($Q$11:Q15)/5),0),O15) -> 0.014 | Q16: =IF(MOD(COUNTIF($Q$11:Q15,Q15),5)=0,OFFSET(装备属性!$M$1083,1+INT(COUNTA($Q$11:Q15)/5),0),Q15) -> 通用属性 | R16: =IF(MOD(COUNTIF($Q$11:Q15,Q15),5)=0,10000*SUBSTITUTE(SUBSTITUTE(OFFSET(装备属性!$F$1083,1+INT(COUNTA($Q$11:Q15)/5),0),"[",""),"]","")+_xlfn.XLOOKUP(C16,$M$3:$M$7,$N$3:$N$7)*100,R15) -> 10400
A17: =IFERROR(R17+IF(Q17="通用属性",1,IF(Q17="玩法类",2,IF(Q17="稀有词条",3,0))),"") -> 10401 | B17: =IFERROR(R17+COUNTIFS($R$11:$R17,R17),"") -> 10407 | C17: =IF(MOD(COUNTIF($Q$11:Q16,Q16),5)=0,OFFSET(装备属性!$D$1083,1+INT(COUNTA($Q$11:Q16)/5),0),C16) -> 紫 | D17: =D12 -> 2500 | F17: =IFERROR(R17+INT((B17-R17-1)/5),"") -> 10401 | G17: =IF(AND(LEFT("[{"&M17&","&CEILING(N17*10000+(O17-N17)/4*(COUNTIF($F$11:F17,F17)-1)*10000,10)&"}]",7)="[{equip",MID("[{"&M17&","&CEILING(N17*10000+(O17-N17)/4*(COUNTIF($F$11:F17,F17)-1)*10000,10)&"}]",8,1)<>"_"),"[{"&M17&","&1&"}]","[{"&M17&","&CEILING(N17*10000+(O17-N17)/4*(COUNTIF($F$11:F17,F17)-1)*10000,10)&"}]") -> [{dmg_red_rate,110}] | H17: 不放回 | J17: =IF(MOD(COUNTIF($Q$11:Q16,Q16),5)=0,OFFSET(装备属性!$P$1083,1+INT(COUNTA($Q$11:Q16)/5),0),J16) -> 6 | K17: =IF(RIGHT(G17,13)="rune_slot,1}]",_xlfn.XLOOKUP(LEFT(SUBSTITUTE(G17,"[{",""),FIND(",",SUBSTITUTE(G17,"[{",""))-1),Sheet2!B:B,Sheet2!C:C)&"+"&1,_xlfn.XLOOKUP(LEFT(SUBSTITUTE(G17,"[{",""),FIND(",",SUBSTITUTE(G17,"[{",""))-1),Sheet2!B:B,Sheet2!C:C)&"+"&SUBSTITUTE(RIGHT(G17,LEN(G17)-FIND(",",G17)),"}]","")/100&"%") -> 伤害减免+1.1% | L17: =IF(MOD(COUNTIF($Q$11:Q16,Q16),5)=0,OFFSET(装备属性!$G$1083,1+INT(COUNTA($Q$11:Q16)/5),0),L16) -> 全员抗揍Ⅰ | M17: =IF(MOD(COUNTIF($Q$11:Q16,Q16),5)=0,OFFSET(装备属性!$H$1083,1+INT(COUNTA($Q$11:Q16)/5),0),M16) -> dmg_red_rate | N17: =IF(MOD(COUNTIF($Q$11:Q16,Q16),5)=0,OFFSET(装备属性!$K$1083,1+INT(COUNTA($Q$11:Q16)/5),0),N16) -> 0.01 | O17: =IF(MOD(COUNTIF($Q$11:Q16,Q16),5)=0,OFFSET(装备属性!$L$1083,1+INT(COUNTA($Q$11:Q16)/5),0),O16) -> 0.014 | Q17: =IF(MOD(COUNTIF($Q$11:Q16,Q16),5)=0,OFFSET(装备属性!$M$1083,1+INT(COUNTA($Q$11:Q16)/5),0),Q16) -> 通用属性 | R17: =IF(MOD(COUNTIF($Q$11:Q16,Q16),5)=0,10000*SUBSTITUTE(SUBSTITUTE(OFFSET(装备属性!$F$1083,1+INT(COUNTA($Q$11:Q16)/5),0),"[",""),"]","")+_xlfn.XLOOKUP(C17,$M$3:$M$7,$N$3:$N$7)*100,R16) -> 10400
A18: =IFERROR(R18+IF(Q18="通用属性",1,IF(Q18="玩法类",2,IF(Q18="稀有词条",3,0))),"") -> 10401 | B18: =IFERROR(R18+COUNTIFS($R$11:$R18,R18),"") -> 10408 | C18: =IF(MOD(COUNTIF($Q$11:Q17,Q17),5)=0,OFFSET(装备属性!$D$1083,1+INT(COUNTA($Q$11:Q17)/5),0),C17) -> 紫 | D18: =D13 -> 2000 | F18: =IFERROR(R18+INT((B18-R18-1)/5),"") -> 10401 | G18: =IF(AND(LEFT("[{"&M18&","&CEILING(N18*10000+(O18-N18)/4*(COUNTIF($F$11:F18,F18)-1)*10000,10)&"}]",7)="[{equip",MID("[{"&M18&","&CEILING(N18*10000+(O18-N18)/4*(COUNTIF($F$11:F18,F18)-1)*10000,10)&"}]",8,1)<>"_"),"[{"&M18&","&1&"}]","[{"&M18&","&CEILING(N18*10000+(O18-N18)/4*(COUNTIF($F$11:F18,F18)-1)*10000,10)&"}]") -> [{dmg_red_rate,120}] | H18: 不放回 | J18: =IF(MOD(COUNTIF($Q$11:Q17,Q17),5)=0,OFFSET(装备属性!$P$1083,1+INT(COUNTA($Q$11:Q17)/5),0),J17) -> 6 | K18: =IF(RIGHT(G18,13)="rune_slot,1}]",_xlfn.XLOOKUP(LEFT(SUBSTITUTE(G18,"[{",""),FIND(",",SUBSTITUTE(G18,"[{",""))-1),Sheet2!B:B,Sheet2!C:C)&"+"&1,_xlfn.XLOOKUP(LEFT(SUBSTITUTE(G18,"[{",""),FIND(",",SUBSTITUTE(G18,"[{",""))-1),Sheet2!B:B,Sheet2!C:C)&"+"&SUBSTITUTE(RIGHT(G18,LEN(G18)-FIND(",",G18)),"}]","")/100&"%") -> 伤害减免+1.2% | L18: =IF(MOD(COUNTIF($Q$11:Q17,Q17),5)=0,OFFSET(装备属性!$G$1083,1+INT(COUNTA($Q$11:Q17)/5),0),L17) -> 全员抗揍Ⅰ | M18: =IF(MOD(COUNTIF($Q$11:Q17,Q17),5)=0,OFFSET(装备属性!$H$1083,1+INT(COUNTA($Q$11:Q17)/5),0),M17) -> dmg_red_rate | N18: =IF(MOD(COUNTIF($Q$11:Q17,Q17),5)=0,OFFSET(装备属性!$K$1083,1+INT(COUNTA($Q$11:Q17)/5),0),N17) -> 0.01 | O18: =IF(MOD(COUNTIF($Q$11:Q17,Q17),5)=0,OFFSET(装备属性!$L$1083,1+INT(COUNTA($Q$11:Q17)/5),0),O17) -> 0.014 | Q18: =IF(MOD(COUNTIF($Q$11:Q17,Q17),5)=0,OFFSET(装备属性!$M$1083,1+INT(COUNTA($Q$11:Q17)/5),0),Q17) -> 通用属性 | R18: =IF(MOD(COUNTIF($Q$11:Q17,Q17),5)=0,10000*SUBSTITUTE(SUBSTITUTE(OFFSET(装备属性!$F$1083,1+INT(COUNTA($Q$11:Q17)/5),0),"[",""),"]","")+_xlfn.XLOOKUP(C18,$M$3:$M$7,$N$3:$N$7)*100,R17) -> 10400
A19: =IFERROR(R19+IF(Q19="通用属性",1,IF(Q19="玩法类",2,IF(Q19="稀有词条",3,0))),"") -> 10401 | B19: =IFERROR(R19+COUNTIFS($R$11:$R19,R19),"") -> 10409 | C19: =IF(MOD(COUNTIF($Q$11:Q18,Q18),5)=0,OFFSET(装备属性!$D$1083,1+INT(COUNTA($Q$11:Q18)/5),0),C18) -> 紫 | D19: =D14 -> 1500 | F19: =IFERROR(R19+INT((B19-R19-1)/5),"") -> 10401 | G19: =IF(AND(LEFT("[{"&M19&","&CEILING(N19*10000+(O19-N19)/4*(COUNTIF($F$11:F19,F19)-1)*10000,10)&"}]",7)="[{equip",MID("[{"&M19&","&CEILING(N19*10000+(O19-N19)/4*(COUNTIF($F$11:F19,F19)-1)*10000,10)&"}]",8,1)<>"_"),"[{"&M19&","&1&"}]","[{"&M19&","&CEILING(N19*10000+(O19-N19)/4*(COUNTIF($F$11:F19,F19)-1)*10000,10)&"}]") -> [{dmg_red_rate,130}] | H19: 不放回 | J19: =IF(MOD(COUNTIF($Q$11:Q18,Q18),5)=0,OFFSET(装备属性!$P$1083,1+INT(COUNTA($Q$11:Q18)/5),0),J18) -> 6 | K19: =IF(RIGHT(G19,13)="rune_slot,1}]",_xlfn.XLOOKUP(LEFT(SUBSTITUTE(G19,"[{",""),FIND(",",SUBSTITUTE(G19,"[{",""))-1),Sheet2!B:B,Sheet2!C:C)&"+"&1,_xlfn.XLOOKUP(LEFT(SUBSTITUTE(G19,"[{",""),FIND(",",SUBSTITUTE(G19,"[{",""))-1),Sheet2!B:B,Sheet2!C:C)&"+"&SUBSTITUTE(RIGHT(G19,LEN(G19)-FIND(",",G19)),"}]","")/100&"%") -> 伤害减免+1.3% | L19: =IF(MOD(COUNTIF($Q$11:Q18,Q18),5)=0,OFFSET(装备属性!$G$1083,1+INT(COUNTA($Q$11:Q18)/5),0),L18) -> 全员抗揍Ⅰ | M19: =IF(MOD(COUNTIF($Q$11:Q18,Q18),5)=0,OFFSET(装备属性!$H$1083,1+INT(COUNTA($Q$11:Q18)/5),0),M18) -> dmg_red_rate | N19: =IF(MOD(COUNTIF($Q$11:Q18,Q18),5)=0,OFFSET(装备属性!$K$1083,1+INT(COUNTA($Q$11:Q18)/5),0),N18) -> 0.01 | O19: =IF(MOD(COUNTIF($Q$11:Q18,Q18),5)=0,OFFSET(装备属性!$L$1083,1+INT(COUNTA($Q$11:Q18)/5),0),O18) -> 0.014 | Q19: =IF(MOD(COUNTIF($Q$11:Q18,Q18),5)=0,OFFSET(装备属性!$M$1083,1+INT(COUNTA($Q$11:Q18)/5),0),Q18) -> 通用属性 | R19: =IF(MOD(COUNTIF($Q$11:Q18,Q18),5)=0,10000*SUBSTITUTE(SUBSTITUTE(OFFSET(装备属性!$F$1083,1+INT(COUNTA($Q$11:Q18)/5),0),"[",""),"]","")+_xlfn.XLOOKUP(C19,$M$3:$M$7,$N$3:$N$7)*100,R18) -> 10400
A20: =IFERROR(R20+IF(Q20="通用属性",1,IF(Q20="玩法类",2,IF(Q20="稀有词条",3,0))),"") -> 10401 | B20: =IFERROR(R20+COUNTIFS($R$11:$R20,R20),"") -> 10410 | C20: =IF(MOD(COUNTIF($Q$11:Q19,Q19),5)=0,OFFSET(装备属性!$D$1083,1+INT(COUNTA($Q$11:Q19)/5),0),C19) -> 紫 | D20: =D15 -> 1000 | F20: =IFERROR(R20+INT((B20-R20-1)/5),"") -> 10401 | G20: =IF(AND(LEFT("[{"&M20&","&CEILING(N20*10000+(O20-N20)/4*(COUNTIF($F$11:F20,F20)-1)*10000,10)&"}]",7)="[{equip",MID("[{"&M20&","&CEILING(N20*10000+(O20-N20)/4*(COUNTIF($F$11:F20,F20)-1)*10000,10)&"}]",8,1)<>"_"),"[{"&M20&","&1&"}]","[{"&M20&","&CEILING(N20*10000+(O20-N20)/4*(COUNTIF($F$11:F20,F20)-1)*10000,10)&"}]") -> [{dmg_red_rate,140}] | H20: 不放回 | J20: =IF(MOD(COUNTIF($Q$11:Q19,Q19),5)=0,OFFSET(装备属性!$P$1083,1+INT(COUNTA($Q$11:Q19)/5),0),J19) -> 6 | K20: =IF(RIGHT(G20,13)="rune_slot,1}]",_xlfn.XLOOKUP(LEFT(SUBSTITUTE(G20,"[{",""),FIND(",",SUBSTITUTE(G20,"[{",""))-1),Sheet2!B:B,Sheet2!C:C)&"+"&1,_xlfn.XLOOKUP(LEFT(SUBSTITUTE(G20,"[{",""),FIND(",",SUBSTITUTE(G20,"[{",""))-1),Sheet2!B:B,Sheet2!C:C)&"+"&SUBSTITUTE(RIGHT(G20,LEN(G20)-FIND(",",G20)),"}]","")/100&"%") -> 伤害减免+1.4% | L20: =IF(MOD(COUNTIF($Q$11:Q19,Q19),5)=0,OFFSET(装备属性!$G$1083,1+INT(COUNTA($Q$11:Q19)/5),0),L19) -> 全员抗揍Ⅰ | M20: =IF(MOD(COUNTIF($Q$11:Q19,Q19),5)=0,OFFSET(装备属性!$H$1083,1+INT(COUNTA($Q$11:Q19)/5),0),M19) -> dmg_red_rate | N20: =IF(MOD(COUNTIF($Q$11:Q19,Q19),5)=0,OFFSET(装备属性!$K$1083,1+INT(COUNTA($Q$11:Q19)/5),0),N19) -> 0.01 | O20: =IF(MOD(COUNTIF($Q$11:Q19,Q19),5)=0,OFFSET(装备属性!$L$1083,1+INT(COUNTA($Q$11:Q19)/5),0),O19) -> 0.014 | Q20: =IF(MOD(COUNTIF($Q$11:Q19,Q19),5)=0,OFFSET(装备属性!$M$1083,1+INT(COUNTA($Q$11:Q19)/5),0),Q19) -> 通用属性 | R20: =IF(MOD(COUNTIF($Q$11:Q19,Q19),5)=0,10000*SUBSTITUTE(SUBSTITUTE(OFFSET(装备属性!$F$1083,1+INT(COUNTA($Q$11:Q19)/5),0),"[",""),"]","")+_xlfn.XLOOKUP(C20,$M$3:$M$7,$N$3:$N$7)*100,R19) -> 10400
A21: =IFERROR(R21+IF(Q21="通用属性",1,IF(Q21="玩法类",2,IF(Q21="稀有词条",3,0))),"") -> 10401 | B21: =IFERROR(R21+COUNTIFS($R$11:$R21,R21),"") -> 10411 | C21: =IF(MOD(COUNTIF($Q$11:Q20,Q20),5)=0,OFFSET(装备属性!$D$1083,1+INT(COUNTA($Q$11:Q20)/5),0),C20) -> 紫 | D21: =D16 -> 3000 | F21: =IFERROR(R21+INT((B21-R21-1)/5),"") -> 10402 | G21: =IF(AND(LEFT("[{"&M21&","&CEILING(N21*10000+(O21-N21)/4*(COUNTIF($F$11:F21,F21)-1)*10000,10)&"}]",7)="[{equip",MID("[{"&M21&","&CEILING(N21*10000+(O21-N21)/4*(COUNTIF($F$11:F21,F21)-1)*10000,10)&"}]",8,1)<>"_"),"[{"&M21&","&1&"}]","[{"&M21&","&CEILING(N21*10000+(O21-N21)/4*(COUNTIF($F$11:F21,F21)-1)*10000,10)&"}]") -> [{all_class_dmg,300}] | H21: 不放回 | J21: =IF(MOD(COUNTIF($Q$11:Q20,Q20),5)=0,OFFSET(装备属性!$P$1083,1+INT(COUNTA($Q$11:Q20)/5),0),J20) -> 2 | K21: =IF(RIGHT(G21,13)="rune_slot,1}]",_xlfn.XLOOKUP(LEFT(SUBSTITUTE(G21,"[{",""),FIND(",",SUBSTITUTE(G21,"[{",""))-1),Sheet2!B:B,Sheet2!C:C)&"+"&1,_xlfn.XLOOKUP(LEFT(SUBSTITUTE(G21,"[{",""),FIND(",",SUBSTITUTE(G21,"[{",""))-1),Sheet2!B:B,Sheet2!C:C)&"+"&SUBSTITUTE(RIGHT(G21,LEN(G21)-FIND(",",G21)),"}]","")/100&"%") -> 上阵五个不同职业增伤+3% | L21: =IF(MOD(COUNTIF($Q$11:Q20,Q20),5)=0,OFFSET(装备属性!$G$1083,1+INT(COUNTA($Q$11:Q20)/5),0),L20) -> 全员出力Ⅰ | M21: =IF(MOD(COUNTIF($Q$11:Q20,Q20),5)=0,OFFSET(装备属性!$H$1083,1+INT(COUNTA($Q$11:Q20)/5),0),M20) -> all_class_dmg | N21: =IF(MOD(COUNTIF($Q$11:Q20,Q20),5)=0,OFFSET(装备属性!$K$1083,1+INT(COUNTA($Q$11:Q20)/5),0),N20) -> 0.03 | O21: =IF(MOD(COUNTIF($Q$11:Q20,Q20),5)=0,OFFSET(装备属性!$L$1083,1+INT(COUNTA($Q$11:Q20)/5),0),O20) -> 0.042 | Q21: =IF(MOD(COUNTIF($Q$11:Q20,Q20),5)=0,OFFSET(装备属性!$M$1083,1+INT(COUNTA($Q$11:Q20)/5),0),Q20) -> 通用属性 | R21: =IF(MOD(COUNTIF($Q$11:Q20,Q20),5)=0,10000*SUBSTITUTE(SUBSTITUTE(OFFSET(装备属性!$F$1083,1+INT(COUNTA($Q$11:Q20)/5),0),"[",""),"]","")+_xlfn.XLOOKUP(C21,$M$3:$M$7,$N$3:$N$7)*100,R20) -> 10400
A22: =IFERROR(R22+IF(Q22="通用属性",1,IF(Q22="玩法类",2,IF(Q22="稀有词条",3,0))),"") -> 10401 | B22: =IFERROR(R22+COUNTIFS($R$11:$R22,R22),"") -> 10412 | C22: =IF(MOD(COUNTIF($Q$11:Q21,Q21),5)=0,OFFSET(装备属性!$D$1083,1+INT(COUNTA($Q$11:Q21)/5),0),C21) -> 紫 | D22: =D17 -> 2500 | F22: =IFERROR(R22+INT((B22-R22-1)/5),"") -> 10402 | G22: =IF(AND(LEFT("[{"&M22&","&CEILING(N22*10000+(O22-N22)/4*(COUNTIF($F$11:F22,F22)-1)*10000,10)&"}]",7)="[{equip",MID("[{"&M22&","&CEILING(N22*10000+(O22-N22)/4*(COUNTIF($F$11:F22,F22)-1)*10000,10)&"}]",8,1)<>"_"),"[{"&M22&","&1&"}]","[{"&M22&","&CEILING(N22*10000+(O22-N22)/4*(COUNTIF($F$11:F22,F22)-1)*10000,10)&"}]") -> [{all_class_dmg,330}] | H22: 不放回 | J22: =IF(MOD(COUNTIF($Q$11:Q21,Q21),5)=0,OFFSET(装备属性!$P$1083,1+INT(COUNTA($Q$11:Q21)/5),0),J21) -> 2 | K22: =IF(RIGHT(G22,13)="rune_slot,1}]",_xlfn.XLOOKUP(LEFT(SUBSTITUTE(G22,"[{",""),FIND(",",SUBSTITUTE(G22,"[{",""))-1),Sheet2!B:B,Sheet2!C:C)&"+"&1,_xlfn.XLOOKUP(LEFT(SUBSTITUTE(G22,"[{",""),FIND(",",SUBSTITUTE(G22,"[{",""))-1),Sheet2!B:B,Sheet2!C:C)&"+"&SUBSTITUTE(RIGHT(G22,LEN(G22)-FIND(",",G22)),"}]","")/100&"%") -> 上阵五个不同职业增伤+3.3% | L22: =IF(MOD(COUNTIF($Q$11:Q21,Q21),5)=0,OFFSET(装备属性!$G$1083,1+INT(COUNTA($Q$11:Q21)/5),0),L21) -> 全员出力Ⅰ | M22: =IF(MOD(COUNTIF($Q$11:Q21,Q21),5)=0,OFFSET(装备属性!$H$1083,1+INT(COUNTA($Q$11:Q21)/5),0),M21) -> all_class_dmg | N22: =IF(MOD(COUNTIF($Q$11:Q21,Q21),5)=0,OFFSET(装备属性!$K$1083,1+INT(COUNTA($Q$11:Q21)/5),0),N21) -> 0.03 | O22: =IF(MOD(COUNTIF($Q$11:Q21,Q21),5)=0,OFFSET(装备属性!$L$1083,1+INT(COUNTA($Q$11:Q21)/5),0),O21) -> 0.042 | Q22: =IF(MOD(COUNTIF($Q$11:Q21,Q21),5)=0,OFFSET(装备属性!$M$1083,1+INT(COUNTA($Q$11:Q21)/5),0),Q21) -> 通用属性 | R22: =IF(MOD(COUNTIF($Q$11:Q21,Q21),5)=0,10000*SUBSTITUTE(SUBSTITUTE(OFFSET(装备属性!$F$1083,1+INT(COUNTA($Q$11:Q21)/5),0),"[",""),"]","")+_xlfn.XLOOKUP(C22,$M$3:$M$7,$N$3:$N$7)*100,R21) -> 10400
A23: =IFERROR(R23+IF(Q23="通用属性",1,IF(Q23="玩法类",2,IF(Q23="稀有词条",3,0))),"") -> 10401 | B23: =IFERROR(R23+COUNTIFS($R$11:$R23,R23),"") -> 10413 | C23: =IF(MOD(COUNTIF($Q$11:Q22,Q22),5)=0,OFFSET(装备属性!$D$1083,1+INT(COUNTA($Q$11:Q22)/5),0),C22) -> 紫 | D23: =D18 -> 2000 | F23: =IFERROR(R23+INT((B23-R23-1)/5),"") -> 10402 | G23: =IF(AND(LEFT("[{"&M23&","&CEILING(N23*10000+(O23-N23)/4*(COUNTIF($F$11:F23,F23)-1)*10000,10)&"}]",7)="[{equip",MID("[{"&M23&","&CEILING(N23*10000+(O23-N23)/4*(COUNTIF($F$11:F23,F23)-1)*10000,10)&"}]",8,1)<>"_"),"[{"&M23&","&1&"}]","[{"&M23&","&CEILING(N23*10000+(O23-N23)/4*(COUNTIF($F$11:F23,F23)-1)*10000,10)&"}]") -> [{all_class_dmg,360}] | H23: 不放回 | J23: =IF(MOD(COUNTIF($Q$11:Q22,Q22),5)=0,OFFSET(装备属性!$P$1083,1+INT(COUNTA($Q$11:Q22)/5),0),J22) -> 2 | K23: =IF(RIGHT(G23,13)="rune_slot,1}]",_xlfn.XLOOKUP(LEFT(SUBSTITUTE(G23,"[{",""),FIND(",",SUBSTITUTE(G23,"[{",""))-1),Sheet2!B:B,Sheet2!C:C)&"+"&1,_xlfn.XLOOKUP(LEFT(SUBSTITUTE(G23,"[{",""),FIND(",",SUBSTITUTE(G23,"[{",""))-1),Sheet2!B:B,Sheet2!C:C)&"+"&SUBSTITUTE(RIGHT(G23,LEN(G23)-FIND(",",G23)),"}]","")/100&"%") -> 上阵五个不同职业增伤+3.6% | L23: =IF(MOD(COUNTIF($Q$11:Q22,Q22),5)=0,OFFSET(装备属性!$G$1083,1+INT(COUNTA($Q$11:Q22)/5),0),L22) -> 全员出力Ⅰ | M23: =IF(MOD(COUNTIF($Q$11:Q22,Q22),5)=0,OFFSET(装备属性!$H$1083,1+INT(COUNTA($Q$11:Q22)/5),0),M22) -> all_class_dmg | N23: =IF(MOD(COUNTIF($Q$11:Q22,Q22),5)=0,OFFSET(装备属性!$K$1083,1+INT(COUNTA($Q$11:Q22)/5),0),N22) -> 0.03 | O23: =IF(MOD(COUNTIF($Q$11:Q22,Q22),5)=0,OFFSET(装备属性!$L$1083,1+INT(COUNTA($Q$11:Q22)/5),0),O22) -> 0.042 | Q23: =IF(MOD(COUNTIF($Q$11:Q22,Q22),5)=0,OFFSET(装备属性!$M$1083,1+INT(COUNTA($Q$11:Q22)/5),0),Q22) -> 通用属性 | R23: =IF(MOD(COUNTIF($Q$11:Q22,Q22),5)=0,10000*SUBSTITUTE(SUBSTITUTE(OFFSET(装备属性!$F$1083,1+INT(COUNTA($Q$11:Q22)/5),0),"[",""),"]","")+_xlfn.XLOOKUP(C23,$M$3:$M$7,$N$3:$N$7)*100,R22) -> 10400
A24: =IFERROR(R24+IF(Q24="通用属性",1,IF(Q24="玩法类",2,IF(Q24="稀有词条",3,0))),"") -> 10401 | B24: =IFERROR(R24+COUNTIFS($R$11:$R24,R24),"") -> 10414 | C24: =IF(MOD(COUNTIF($Q$11:Q23,Q23),5)=0,OFFSET(装备属性!$D$1083,1+INT(COUNTA($Q$11:Q23)/5),0),C23) -> 紫 | D24: =D19 -> 1500 | F24: =IFERROR(R24+INT((B24-R24-1)/5),"") -> 10402 | G24: =IF(AND(LEFT("[{"&M24&","&CEILING(N24*10000+(O24-N24)/4*(COUNTIF($F$11:F24,F24)-1)*10000,10)&"}]",7)="[{equip",MID("[{"&M24&","&CEILING(N24*10000+(O24-N24)/4*(COUNTIF($F$11:F24,F24)-1)*10000,10)&"}]",8,1)<>"_"),"[{"&M24&","&1&"}]","[{"&M24&","&CEILING(N24*10000+(O24-N24)/4*(COUNTIF($F$11:F24,F24)-1)*10000,10)&"}]") -> [{all_class_dmg,390}] | H24: 不放回 | J24: =IF(MOD(COUNTIF($Q$11:Q23,Q23),5)=0,OFFSET(装备属性!$P$1083,1+INT(COUNTA($Q$11:Q23)/5),0),J23) -> 2 | K24: =IF(RIGHT(G24,13)="rune_slot,1}]",_xlfn.XLOOKUP(LEFT(SUBSTITUTE(G24,"[{",""),FIND(",",SUBSTITUTE(G24,"[{",""))-1),Sheet2!B:B,Sheet2!C:C)&"+"&1,_xlfn.XLOOKUP(LEFT(SUBSTITUTE(G24,"[{",""),FIND(",",SUBSTITUTE(G24,"[{",""))-1),Sheet2!B:B,Sheet2!C:C)&"+"&SUBSTITUTE(RIGHT(G24,LEN(G24)-FIND(",",G24)),"}]","")/100&"%") -> 上阵五个不同职业增伤+3.9% | L24: =IF(MOD(COUNTIF($Q$11:Q23,Q23),5)=0,OFFSET(装备属性!$G$1083,1+INT(COUNTA($Q$11:Q23)/5),0),L23) -> 全员出力Ⅰ | M24: =IF(MOD(COUNTIF($Q$11:Q23,Q23),5)=0,OFFSET(装备属性!$H$1083,1+INT(COUNTA($Q$11:Q23)/5),0),M23) -> all_class_dmg | N24: =IF(MOD(COUNTIF($Q$11:Q23,Q23),5)=0,OFFSET(装备属性!$K$1083,1+INT(COUNTA($Q$11:Q23)/5),0),N23) -> 0.03 | O24: =IF(MOD(COUNTIF($Q$11:Q23,Q23),5)=0,OFFSET(装备属性!$L$1083,1+INT(COUNTA($Q$11:Q23)/5),0),O23) -> 0.042 | Q24: =IF(MOD(COUNTIF($Q$11:Q23,Q23),5)=0,OFFSET(装备属性!$M$1083,1+INT(COUNTA($Q$11:Q23)/5),0),Q23) -> 通用属性 | R24: =IF(MOD(COUNTIF($Q$11:Q23,Q23),5)=0,10000*SUBSTITUTE(SUBSTITUTE(OFFSET(装备属性!$F$1083,1+INT(COUNTA($Q$11:Q23)/5),0),"[",""),"]","")+_xlfn.XLOOKUP(C24,$M$3:$M$7,$N$3:$N$7)*100,R23) -> 10400
A25: =IFERROR(R25+IF(Q25="通用属性",1,IF(Q25="玩法类",2,IF(Q25="稀有词条",3,0))),"") -> 10401 | B25: =IFERROR(R25+COUNTIFS($R$11:$R25,R25),"") -> 10415 | C25: =IF(MOD(COUNTIF($Q$11:Q24,Q24),5)=0,OFFSET(装备属性!$D$1083,1+INT(COUNTA($Q$11:Q24)/5),0),C24) -> 紫 | D25: =D20 -> 1000 | F25: =IFERROR(R25+INT((B25-R25-1)/5),"") -> 10402 | G25: =IF(AND(LEFT("[{"&M25&","&CEILING(N25*10000+(O25-N25)/4*(COUNTIF($F$11:F25,F25)-1)*10000,10)&"}]",7)="[{equip",MID("[{"&M25&","&CEILING(N25*10000+(O25-N25)/4*(COUNTIF($F$11:F25,F25)-1)*10000,10)&"}]",8,1)<>"_"),"[{"&M25&","&1&"}]","[{"&M25&","&CEILING(N25*10000+(O25-N25)/4*(COUNTIF($F$11:F25,F25)-1)*10000,10)&"}]") -> [{all_class_dmg,420}] | H25: 不放回 | J25: =IF(MOD(COUNTIF($Q$11:Q24,Q24),5)=0,OFFSET(装备属性!$P$1083,1+INT(COUNTA($Q$11:Q24)/5),0),J24) -> 2 | K25: =IF(RIGHT(G25,13)="rune_slot,1}]",_xlfn.XLOOKUP(LEFT(SUBSTITUTE(G25,"[{",""),FIND(",",SUBSTITUTE(G25,"[{",""))-1),Sheet2!B:B,Sheet2!C:C)&"+"&1,_xlfn.XLOOKUP(LEFT(SUBSTITUTE(G25,"[{",""),FIND(",",SUBSTITUTE(G25,"[{",""))-1),Sheet2!B:B,Sheet2!C:C)&"+"&SUBSTITUTE(RIGHT(G25,LEN(G25)-FIND(",",G25)),"}]","")/100&"%") -> 上阵五个不同职业增伤+4.2% | L25: =IF(MOD(COUNTIF($Q$11:Q24,Q24),5)=0,OFFSET(装备属性!$G$1083,1+INT(COUNTA($Q$11:Q24)/5),0),L24) -> 全员出力Ⅰ | M25: =IF(MOD(COUNTIF($Q$11:Q24,Q24),5)=0,OFFSET(装备属性!$H$1083,1+INT(COUNTA($Q$11:Q24)/5),0),M24) -> all_class_dmg | N25: =IF(MOD(COUNTIF($Q$11:Q24,Q24),5)=0,OFFSET(装备属性!$K$1083,1+INT(COUNTA($Q$11:Q24)/5),0),N24) -> 0.03 | O25: =IF(MOD(COUNTIF($Q$11:Q24,Q24),5)=0,OFFSET(装备属性!$L$1083,1+INT(COUNTA($Q$11:Q24)/5),0),O24) -> 0.042 | Q25: =IF(MOD(COUNTIF($Q$11:Q24,Q24),5)=0,OFFSET(装备属性!$M$1083,1+INT(COUNTA($Q$11:Q24)/5),0),Q24) -> 通用属性 | R25: =IF(MOD(COUNTIF($Q$11:Q24,Q24),5)=0,10000*SUBSTITUTE(SUBSTITUTE(OFFSET(装备属性!$F$1083,1+INT(COUNTA($Q$11:Q24)/5),0),"[",""),"]","")+_xlfn.XLOOKUP(C25,$M$3:$M$7,$N$3:$N$7)*100,R24) -> 10400
A26: =IFERROR(R26+IF(Q26="通用属性",1,IF(Q26="玩法类",2,IF(Q26="稀有词条",3,0))),"") | B26: =IFERROR(R26+COUNTIFS($R$11:$R26,R26),"") | C26: =IF(MOD(COUNTIF($Q$11:Q25,Q25),5)=0,OFFSET(装备属性!$D$1083,1+INT(COUNTA($Q$11:Q25)/5),0),C25) -> 0 | D26: =D21 -> 3000 | F26: =IFERROR(R26+INT((B26-R26-1)/5),"") | G26: =IF(AND(LEFT("[{"&M26&","&CEILING(N26*10000+(O26-N26)/4*(COUNTIF($F$11:F26,F26)-1)*10000,10)&"}]",7)="[{equip",MID("[{"&M26&","&CEILING(N26*10000+(O26-N26)/4*(COUNTIF($F$11:F26,F26)-1)*10000,10)&"}]",8,1)<>"_"),"[{"&M26&","&1&"}]","[{"&M26&","&CEILING(N26*10000+(O26-N26)/4*(COUNTIF($F$11:F26,F26)-1)*10000,10)&"}]") -> [{exp_boost,2000}] | H26: 不放回 | J26: =IF(MOD(COUNTIF($Q$11:Q25,Q25),5)=0,OFFSET(装备属性!$P$1083,1+INT(COUNTA($Q$11:Q25)/5),0),J25) -> 9 | K26: =IF(RIGHT(G26,13)="rune_slot,1}]",_xlfn.XLOOKUP(LEFT(SUBSTITUTE(G26,"[{",""),FIND(",",SUBSTITUTE(G26,"[{",""))-1),Sheet2!B:B,Sheet2!C:C)&"+"&1,_xlfn.XLOOKUP(LEFT(SUBSTITUTE(G26,"[{",""),FIND(",",SUBSTITUTE(G26,"[{",""))-1),Sheet2!B:B,Sheet2!C:C)&"+"&SUBSTITUTE(RIGHT(G26,LEN(G26)-FIND(",",G26)),"}]","")/100&"%") -> 经验加成+20% | L26: =IF(MOD(COUNTIF($Q$11:Q25,Q25),5)=0,OFFSET(装备属性!$G$1083,1+INT(COUNTA($Q$11:Q25)/5),0),L25) -> 涨见识 | M26: =IF(MOD(COUNTIF($Q$11:Q25,Q25),5)=0,OFFSET(装备属性!$H$1083,1+INT(COUNTA($Q$11:Q25)/5),0),M25) -> exp_boost | N26: =IF(MOD(COUNTIF($Q$11:Q25,Q25),5)=0,OFFSET(装备属性!$K$1083,1+INT(COUNTA($Q$11:Q25)/5),0),N25) -> 0.2 | O26: =IF(MOD(COUNTIF($Q$11:Q25,Q25),5)=0,OFFSET(装备属性!$L$1083,1+INT(COUNTA($Q$11:Q25)/5),0),O25) -> 0.2 | Q26: =IF(MOD(COUNTIF($Q$11:Q25,Q25),5)=0,OFFSET(装备属性!$M$1083,1+INT(COUNTA($Q$11:Q25)/5),0),Q25) -> 稀有词条 | R26: =IF(MOD(COUNTIF($Q$11:Q25,Q25),5)=0,10000*SUBSTITUTE(SUBSTITUTE(OFFSET(装备属性!$F$1083,1+INT(COUNTA($Q$11:Q25)/5),0),"[",""),"]","")+_xlfn.XLOOKUP(C26,$M$3:$M$7,$N$3:$N$7)*100,R25) -> #N/A
A27: =IFERROR(R27+IF(Q27="通用属性",1,IF(Q27="玩法类",2,IF(Q27="稀有词条",3,0))),"") | B27: =IFERROR(R27+COUNTIFS($R$11:$R27,R27),"") | C27: =IF(MOD(COUNTIF($Q$11:Q26,Q26),5)=0,OFFSET(装备属性!$D$1083,1+INT(COUNTA($Q$11:Q26)/5),0),C26) -> 0 | D27: =D22 -> 2500 | F27: =IFERROR(R27+INT((B27-R27-1)/5),"") | G27: =IF(AND(LEFT("[{"&M27&","&CEILING(N27*10000+(O27-N27)/4*(COUNTIF($F$11:F27,F27)-1)*10000,10)&"}]",7)="[{equip",MID("[{"&M27&","&CEILING(N27*10000+(O27-N27)/4*(COUNTIF($F$11:F27,F27)-1)*10000,10)&"}]",8,1)<>"_"),"[{"&M27&","&1&"}]","[{"&M27&","&CEILING(N27*10000+(O27-N27)/4*(COUNTIF($F$11:F27,F27)-1)*10000,10)&"}]") -> [{exp_boost,2000}] | H27: 不放回 | J27: =IF(MOD(COUNTIF($Q$11:Q26,Q26),5)=0,OFFSET(装备属性!$P$1083,1+INT(COUNTA($Q$11:Q26)/5),0),J26) -> 9 | K27: =IF(RIGHT(G27,13)="rune_slot,1}]",_xlfn.XLOOKUP(LEFT(SUBSTITUTE(G27,"[{",""),FIND(",",SUBSTITUTE(G27,"[{",""))-1),Sheet2!B:B,Sheet2!C:C)&"+"&1,_xlfn.XLOOKUP(LEFT(SUBSTITUTE(G27,"[{",""),FIND(",",SUBSTITUTE(G27,"[{",""))-1),Sheet2!B:B,Sheet2!C:C)&"+"&SUBSTITUTE(RIGHT(G27,LEN(G27)-FIND(",",G27)),"}]","")/100&"%") -> 经验加成+20% | L27: =IF(MOD(COUNTIF($Q$11:Q26,Q26),5)=0,OFFSET(装备属性!$G$1083,1+INT(COUNTA($Q$11:Q26)/5),0),L26) -> 涨见识 | M27: =IF(MOD(COUNTIF($Q$11:Q26,Q26),5)=0,OFFSET(装备属性!$H$1083,1+INT(COUNTA($Q$11:Q26)/5),0),M26) -> exp_boost | N27: =IF(MOD(COUNTIF($Q$11:Q26,Q26),5)=0,OFFSET(装备属性!$K$1083,1+INT(COUNTA($Q$11:Q26)/5),0),N26) -> 0.2 | O27: =IF(MOD(COUNTIF($Q$11:Q26,Q26),5)=0,OFFSET(装备属性!$L$1083,1+INT(COUNTA($Q$11:Q26)/5),0),O26) -> 0.2 | Q27: =IF(MOD(COUNTIF($Q$11:Q26,Q26),5)=0,OFFSET(装备属性!$M$1083,1+INT(COUNTA($Q$11:Q26)/5),0),Q26) -> 稀有词条 | R27: =IF(MOD(COUNTIF($Q$11:Q26,Q26),5)=0,10000*SUBSTITUTE(SUBSTITUTE(OFFSET(装备属性!$F$1083,1+INT(COUNTA($Q$11:Q26)/5),0),"[",""),"]","")+_xlfn.XLOOKUP(C27,$M$3:$M$7,$N$3:$N$7)*100,R26) -> #N/A
... A1810: =IFERROR(R1810+IF(Q1810="通用属性",1,IF(Q1810="玩法类",2,IF(Q1810="稀有词条",3,0))),"") -> 60801 | B1810: =IFERROR(R1810+COUNTIFS($R$11:$R1810,R1810),"") -> 60850 | C1810: =IF(MOD(COUNTIF($Q$11:Q1809,Q1809),5)=0,OFFSET(装备属性!$D$1083,1+INT(COUNTA($Q$11:Q1809)/5),0),C1809) -> 彩 | D1810: =D1805 -> 1000 | F1810: =IFERROR(R1810+INT((B1810-R1810-1)/5),"") -> 60809 | G1810: =IF(AND(LEFT("[{"&M1810&","&CEILING(N1810*10000+(O1810-N1810)/4*(COUNTIF($F$11:F1810,F1810)-1)*10000,10)&"}]",7)="[{equip",MID("[{"&M1810&","&CEILING(N1810*10000+(O1810-N1810)/4*(COUNTIF($F$11:F1810,F1810)-1)*10000,10)&"}]",8,1)<>"_"),"[{"&M1810&","&1&"}]","[{"&M1810&","&CEILING(N1810*10000+(O1810-N1810)/4*(COUNTIF($F$11:F1810,F1810)-1)*10000,10)&"}]") -> [{summon_crit_dmg,4500}] | H1810: 不放回 | J1810: =IF(MOD(COUNTIF($Q$11:Q1809,Q1809),5)=0,OFFSET(装备属性!$P$1083,1+INT(COUNTA($Q$11:Q1809)/5),0),J1809) -> 10 | K1810: =IF(RIGHT(G1810,13)="rune_slot,1}]",_xlfn.XLOOKUP(LEFT(SUBSTITUTE(G1810,"[{",""),FIND(",",SUBSTITUTE(G1810,"[{",""))-1),Sheet2!B:B,Sheet2!C:C)&"+"&1,_xlfn.XLOOKUP(LEFT(SUBSTITUTE(G1810,"[{",""),FIND(",",SUBSTITUTE(G1810,"[{",""))-1),Sheet2!B:B,Sheet2!C:C)&"+"&SUBSTITUTE(RIGHT(G1810,LEN(G1810)-FIND(",",G1810)),"}]","")/100&"%") -> 召唤暴击伤害+45% | L1810: =IF(MOD(COUNTIF($Q$11:Q1809,Q1809),5)=0,OFFSET(装备属性!$G$1083,1+INT(COUNTA($Q$11:Q1809)/5),0),L1809) -> 暴走召唤Ⅴ | M1810: =IF(MOD(COUNTIF($Q$11:Q1809,Q1809),5)=0,OFFSET(装备属性!$H$1083,1+INT(COUNTA($Q$11:Q1809)/5),0),M1809) -> summon_crit_dmg | N1810: =IF(MOD(COUNTIF($Q$11:Q1809,Q1809),5)=0,OFFSET(装备属性!$K$1083,1+INT(COUNTA($Q$11:Q1809)/5),0),N1809) -> 0.39 | O1810: =IF(MOD(COUNTIF($Q$11:Q1809,Q1809),5)=0,OFFSET(装备属性!$L$1083,1+INT(COUNTA($Q$11:Q1809)/5),0),O1809) -> 0.45 | Q1810: =IF(MOD(COUNTIF($Q$11:Q1809,Q1809),5)=0,OFFSET(装备属性!$M$1083,1+INT(COUNTA($Q$11:Q1809)/5),0),Q1809) -> 通用属性 | R1810: =IF(MOD(COUNTIF($Q$11:Q1809,Q1809),5)=0,10000*SUBSTITUTE(SUBSTITUTE(OFFSET(装备属性!$F$1083,1+INT(COUNTA($Q$11:Q1809)/5),0),"[",""),"]","")+_xlfn.XLOOKUP(C1810,$M$3:$M$7,$N$3:$N$7)*100,R1809) -> 60800

Sheet 属性汇总
A2: #目前只计算双月卡玩家进度，后续等数值总表一起拓展
I3: =14*5+5+20+5+50+15+5+30+
A6: 开服天数 | B6: 装备品质练度 | C6: 装备等级练度 | D6: 装备换代量 | E6: 装备强化练度 | F6: 攻击 | G6: 生命 | H6: 攻击比 | I6: 生命比 | J6: 暴击率 | K6: 暴击伤害 | L6: 伤害增加 | M6: 伤害减免 | N6: 固定减伤 | O6: 伤害增加 | P6: 攻击速度
A7: 1 | B7: 紫 | C7: =OFFSET(装备属性!$D$14,MATCH(A7,装备属性!$H$15:$H$61,1),0) -> 10 | D7: =IFERROR(MIN(MATCH(COUNTIFS($C$7:C7,C7,$B$7:B7,B7)*_xlfn.XLOOKUP(C7,装备属性!$D$15:$D$61,装备属性!$M$15:$M$61),装备产出!$Z$19:$Z$24,1),6),0) -> 1 | E7: =MATCH(A7,装备属性!$AD$520:$AD$819,1) -> #N/A | F7: {=_xlfn.XLOOKUP(B7&C7,装备属性!$G$90:$G$466&装备属性!$E$90:$E$466,装备属性!$I$90:$I$466)*D7+_xlfn.XLOOKUP(B7&MAX(C7-10,1),装备属性!$G$90:$G$466&装备属性!$E$90:$E$466,装备属性!$I$90:$I$466)*(6-D7)+_xlfn.XLOOKUP(B7&C7,装备属性!$P$919:$P$955&装备属性!$N$919:$N$955,装备属性!$R$919:$R$955)*D7*0.5+_xlfn.XLOOKUP(B7&(MAX(C7-10,1)),装备属性!$P$919:$P$955&装备属性!$N$919:$N$955,装备属性!$R$919:$R$955)*(6-D7)*0.5+_xlfn.XLOOKUP(E7,装备属性!$D$520:$D$819,装备属性!$I$520:$I$819)*6} -> #N/A
A8: 2 | B8: =OFFSET(装备属性!$D$65,MATCH(A8,装备属性!$G$66:$G$73,1),0) -> 橙 | C8: =OFFSET(装备属性!$D$14,MATCH(A8,装备属性!$H$15:$H$61,1),0) -> 10 | D8: =IFERROR(MIN(MATCH(COUNTIFS($C$7:C8,C8,$B$7:B8,B8)*_xlfn.XLOOKUP(C8,装备属性!$D$15:$D$61,装备属性!$M$15:$M$61),装备产出!$Z$19:$Z$24,1),6),0) -> 1 | E8: =MATCH(A8,装备属性!$AD$520:$AD$819,1) -> #N/A | F8: {=_xlfn.XLOOKUP(B8&C8,装备属性!$G$90:$G$466&装备属性!$E$90:$E$466,装备属性!$I$90:$I$466)*D8+_xlfn.XLOOKUP(B8&MAX(C8-10,1),装备属性!$G$90:$G$466&装备属性!$E$90:$E$466,装备属性!$I$90:$I$466)*(6-D8)+_xlfn.XLOOKUP(B8&C8,装备属性!$P$919:$P$955&装备属性!$N$919:$N$955,装备属性!$R$919:$R$955)*D8*0.5+_xlfn.XLOOKUP(B8&(MAX(C8-10,1)),装备属性!$P$919:$P$955&装备属性!$N$919:$N$955,装备属性!$R$919:$R$955)*(6-D8)*0.5+_xlfn.XLOOKUP(E8,装备属性!$D$520:$D$819,装备属性!$I$520:$I$819)*6} -> #N/A
A9: 3 | B9: =OFFSET(装备属性!$D$65,MATCH(A9,装备属性!$G$66:$G$73,1),0) -> 橙 | C9: =OFFSET(装备属性!$D$14,MATCH(A9,装备属性!$H$15:$H$61,1),0) -> 20 | D9: =IFERROR(MIN(MATCH(COUNTIFS($C$7:C9,C9,$B$7:B9,B9)*_xlfn.XLOOKUP(C9,装备属性!$D$15:$D$61,装备属性!$M$15:$M$61),装备产出!$Z$19:$Z$24,1),6),0) -> 0 | E9: =MATCH(A9,装备属性!$AD$520:$AD$819,1) -> #N/A | F9: {=_xlfn.XLOOKUP(B9&C9,装备属性!$G$90:$G$466&装备属性!$E$90:$E$466,装备属性!$I$90:$I$466)*D9+_xlfn.XLOOKUP(B9&MAX(C9-10,1),装备属性!$G$90:$G$466&装备属性!$E$90:$E$466,装备属性!$I$90:$I$466)*(6-D9)+_xlfn.XLOOKUP(B9&C9,装备属性!$P$919:$P$955&装备属性!$N$919:$N$955,装备属性!$R$919:$R$955)*D9*0.5+_xlfn.XLOOKUP(B9&(MAX(C9-10,1)),装备属性!$P$919:$P$955&装备属性!$N$919:$N$955,装备属性!$R$919:$R$955)*(6-D9)*0.5+_xlfn.XLOOKUP(E9,装备属性!$D$520:$D$819,装备属性!$I$520:$I$819)*6} -> #N/A
A10: 4 | B10: =OFFSET(装备属性!$D$65,MATCH(A10,装备属性!$G$66:$G$73,1),0) -> 红 | C10: =OFFSET(装备属性!$D$14,MATCH(A10,装备属性!$H$15:$H$61,1),0) -> 20 | D10: =IFERROR(MIN(MATCH(COUNTIFS($C$7:C10,C10,$B$7:B10,B10)*_xlfn.XLOOKUP(C10,装备属性!$D$15:$D$61,装备属性!$M$15:$M$61),装备产出!$Z$19:$Z$24,1),6),0) -> 0 | E10: =MATCH(A10,装备属性!$AD$520:$AD$819,1) -> #N/A | F10: {=_xlfn.XLOOKUP(B10&C10,装备属性!$G$90:$G$466&装备属性!$E$90:$E$466,装备属性!$I$90:$I$466)*D10+_xlfn.XLOOKUP(B10&MAX(C10-10,1),装备属性!$G$90:$G$466&装备属性!$E$90:$E$466,装备属性!$I$90:$I$466)*(6-D10)+_xlfn.XLOOKUP(B10&C10,装备属性!$P$919:$P$955&装备属性!$N$919:$N$955,装备属性!$R$919:$R$955)*D10*0.5+_xlfn.XLOOKUP(B10&(MAX(C10-10,1)),装备属性!$P$919:$P$955&装备属性!$N$919:$N$955,装备属性!$R$919:$R$955)*(6-D10)*0.5+_xlfn.XLOOKUP(E10,装备属性!$D$520:$D$819,装备属性!$I$520:$I$819)*6} -> #N/A
A11: 5 | B11: =OFFSET(装备属性!$D$65,MATCH(A11,装备属性!$G$66:$G$73,1),0) -> 红 | C11: =OFFSET(装备属性!$D$14,MATCH(A11,装备属性!$H$15:$H$61,1),0) -> 30 | D11: =IFERROR(MIN(MATCH(COUNTIFS($C$7:C11,C11,$B$7:B11,B11)*_xlfn.XLOOKUP(C11,装备属性!$D$15:$D$61,装备属性!$M$15:$M$61),装备产出!$Z$19:$Z$24,1),6),0) -> 0 | E11: =MATCH(A11,装备属性!$AD$520:$AD$819,1) -> #N/A | F11: {=_xlfn.XLOOKUP(B11&C11,装备属性!$G$90:$G$466&装备属性!$E$90:$E$466,装备属性!$I$90:$I$466)*D11+_xlfn.XLOOKUP(B11&MAX(C11-10,1),装备属性!$G$90:$G$466&装备属性!$E$90:$E$466,装备属性!$I$90:$I$466)*(6-D11)+_xlfn.XLOOKUP(B11&C11,装备属性!$P$919:$P$955&装备属性!$N$919:$N$955,装备属性!$R$919:$R$955)*D11*0.5+_xlfn.XLOOKUP(B11&(MAX(C11-10,1)),装备属性!$P$919:$P$955&装备属性!$N$919:$N$955,装备属性!$R$919:$R$955)*(6-D11)*0.5+_xlfn.XLOOKUP(E11,装备属性!$D$520:$D$819,装备属性!$I$520:$I$819)*6} -> #N/A
A12: 6 | B12: =OFFSET(装备属性!$D$65,MATCH(A12,装备属性!$G$66:$G$73,1),0) -> 红 | C12: =OFFSET(装备属性!$D$14,MATCH(A12,装备属性!$H$15:$H$61,1),0) -> 30 | D12: =IFERROR(MIN(MATCH(COUNTIFS($C$7:C12,C12,$B$7:B12,B12)*_xlfn.XLOOKUP(C12,装备属性!$D$15:$D$61,装备属性!$M$15:$M$61),装备产出!$Z$19:$Z$24,1),6),0) -> 0 | E12: =MATCH(A12,装备属性!$AD$520:$AD$819,1) -> #N/A | F12: {=_xlfn.XLOOKUP(B12&C12,装备属性!$G$90:$G$466&装备属性!$E$90:$E$466,装备属性!$I$90:$I$466)*D12+_xlfn.XLOOKUP(B12&MAX(C12-10,1),装备属性!$G$90:$G$466&装备属性!$E$90:$E$466,装备属性!$I$90:$I$466)*(6-D12)+_xlfn.XLOOKUP(B12&C12,装备属性!$P$919:$P$955&装备属性!$N$919:$N$955,装备属性!$R$919:$R$955)*D12*0.5+_xlfn.XLOOKUP(B12&(MAX(C12-10,1)),装备属性!$P$919:$P$955&装备属性!$N$919:$N$955,装备属性!$R$919:$R$955)*(6-D12)*0.5+_xlfn.XLOOKUP(E12,装备属性!$D$520:$D$819,装备属性!$I$520:$I$819)*6} -> #N/A
A13: 7 | B13: =OFFSET(装备属性!$D$65,MATCH(A13,装备属性!$G$66:$G$73,1),0) -> 红 | C13: =OFFSET(装备属性!$D$14,MATCH(A13,装备属性!$H$15:$H$61,1),0) -> 40 | D13: =IFERROR(MIN(MATCH(COUNTIFS($C$7:C13,C13,$B$7:B13,B13)*_xlfn.XLOOKUP(C13,装备属性!$D$15:$D$61,装备属性!$M$15:$M$61),装备产出!$Z$19:$Z$24,1),6),0) -> 0 | E13: =MATCH(A13,装备属性!$AD$520:$AD$819,1) -> #N/A | F13: {=_xlfn.XLOOKUP(B13&C13,装备属性!$G$90:$G$466&装备属性!$E$90:$E$466,装备属性!$I$90:$I$466)*D13+_xlfn.XLOOKUP(B13&MAX(C13-10,1),装备属性!$G$90:$G$466&装备属性!$E$90:$E$466,装备属性!$I$90:$I$466)*(6-D13)+_xlfn.XLOOKUP(B13&C13,装备属性!$P$919:$P$955&装备属性!$N$919:$N$955,装备属性!$R$919:$R$955)*D13*0.5+_xlfn.XLOOKUP(B13&(MAX(C13-10,1)),装备属性!$P$919:$P$955&装备属性!$N$919:$N$955,装备属性!$R$919:$R$955)*(6-D13)*0.5+_xlfn.XLOOKUP(E13,装备属性!$D$520:$D$819,装备属性!$I$520:$I$819)*6} -> #N/A
A14: 8 | B14: =OFFSET(装备属性!$D$65,MATCH(A14,装备属性!$G$66:$G$73,1),0) -> 红 | C14: =OFFSET(装备属性!$D$14,MATCH(A14,装备属性!$H$15:$H$61,1),0) -> 40 | D14: =IFERROR(MIN(MATCH(COUNTIFS($C$7:C14,C14,$B$7:B14,B14)*_xlfn.XLOOKUP(C14,装备属性!$D$15:$D$61,装备属性!$M$15:$M$61),装备产出!$Z$19:$Z$24,1),6),0) -> 0 | E14: =MATCH(A14,装备属性!$AD$520:$AD$819,1) -> #N/A | F14: {=_xlfn.XLOOKUP(B14&C14,装备属性!$G$90:$G$466&装备属性!$E$90:$E$466,装备属性!$I$90:$I$466)*D14+_xlfn.XLOOKUP(B14&MAX(C14-10,1),装备属性!$G$90:$G$466&装备属性!$E$90:$E$466,装备属性!$I$90:$I$466)*(6-D14)+_xlfn.XLOOKUP(B14&C14,装备属性!$P$919:$P$955&装备属性!$N$919:$N$955,装备属性!$R$919:$R$955)*D14*0.5+_xlfn.XLOOKUP(B14&(MAX(C14-10,1)),装备属性!$P$919:$P$955&装备属性!$N$919:$N$955,装备属性!$R$919:$R$955)*(6-D14)*0.5+_xlfn.XLOOKUP(E14,装备属性!$D$520:$D$819,装备属性!$I$520:$I$819)*6} -> #N/A
A15: 9 | B15: =OFFSET(装备属性!$D$65,MATCH(A15,装备属性!$G$66:$G$73,1),0) -> 红 | C15: =OFFSET(装备属性!$D$14,MATCH(A15,装备属性!$H$15:$H$61,1),0) -> 40 | D15: =IFERROR(MIN(MATCH(COUNTIFS($C$7:C15,C15,$B$7:B15,B15)*_xlfn.XLOOKUP(C15,装备属性!$D$15:$D$61,装备属性!$M$15:$M$61),装备产出!$Z$19:$Z$24,1),6),0) -> 1 | E15: =MATCH(A15,装备属性!$AD$520:$AD$819,1) -> #N/A | F15: {=_xlfn.XLOOKUP(B15&C15,装备属性!$G$90:$G$466&装备属性!$E$90:$E$466,装备属性!$I$90:$I$466)*D15+_xlfn.XLOOKUP(B15&MAX(C15-10,1),装备属性!$G$90:$G$466&装备属性!$E$90:$E$466,装备属性!$I$90:$I$466)*(6-D15)+_xlfn.XLOOKUP(B15&C15,装备属性!$P$919:$P$955&装备属性!$N$919:$N$955,装备属性!$R$919:$R$955)*D15*0.5+_xlfn.XLOOKUP(B15&(MAX(C15-10,1)),装备属性!$P$919:$P$955&装备属性!$N$919:$N$955,装备属性!$R$919:$R$955)*(6-D15)*0.5+_xlfn.XLOOKUP(E15,装备属性!$D$520:$D$819,装备属性!$I$520:$I$819)*6} -> #N/A
A16: 10 | B16: =OFFSET(装备属性!$D$65,MATCH(A16,装备属性!$G$66:$G$73,1),0) -> 红 | C16: =OFFSET(装备属性!$D$14,MATCH(A16,装备属性!$H$15:$H$61,1),0) -> 40 | D16: =IFERROR(MIN(MATCH(COUNTIFS($C$7:C16,C16,$B$7:B16,B16)*_xlfn.XLOOKUP(C16,装备属性!$D$15:$D$61,装备属性!$M$15:$M$61),装备产出!$Z$19:$Z$24,1),6),0) -> 1 | E16: =MATCH(A16,装备属性!$AD$520:$AD$819,1) -> #N/A | F16: {=_xlfn.XLOOKUP(B16&C16,装备属性!$G$90:$G$466&装备属性!$E$90:$E$466,装备属性!$I$90:$I$466)*D16+_xlfn.XLOOKUP(B16&MAX(C16-10,1),装备属性!$G$90:$G$466&装备属性!$E$90:$E$466,装备属性!$I$90:$I$466)*(6-D16)+_xlfn.XLOOKUP(B16&C16,装备属性!$P$919:$P$955&装备属性!$N$919:$N$955,装备属性!$R$919:$R$955)*D16*0.5+_xlfn.XLOOKUP(B16&(MAX(C16-10,1)),装备属性!$P$919:$P$955&装备属性!$N$919:$N$955,装备属性!$R$919:$R$955)*(6-D16)*0.5+_xlfn.XLOOKUP(E16,装备属性!$D$520:$D$819,装备属性!$I$520:$I$819)*6} -> #N/A
A17: 11 | B17: =OFFSET(装备属性!$D$65,MATCH(A17,装备属性!$G$66:$G$73,1),0) -> 红 | C17: =OFFSET(装备属性!$D$14,MATCH(A17,装备属性!$H$15:$H$61,1),0) -> 50 | D17: =IFERROR(MIN(MATCH(COUNTIFS($C$7:C17,C17,$B$7:B17,B17)*_xlfn.XLOOKUP(C17,装备属性!$D$15:$D$61,装备属性!$M$15:$M$61),装备产出!$Z$19:$Z$24,1),6),0) -> 0 | E17: =MATCH(A17,装备属性!$AD$520:$AD$819,1) -> #N/A | F17: {=_xlfn.XLOOKUP(B17&C17,装备属性!$G$90:$G$466&装备属性!$E$90:$E$466,装备属性!$I$90:$I$466)*D17+_xlfn.XLOOKUP(B17&MAX(C17-10,1),装备属性!$G$90:$G$466&装备属性!$E$90:$E$466,装备属性!$I$90:$I$466)*(6-D17)+_xlfn.XLOOKUP(B17&C17,装备属性!$P$919:$P$955&装备属性!$N$919:$N$955,装备属性!$R$919:$R$955)*D17*0.5+_xlfn.XLOOKUP(B17&(MAX(C17-10,1)),装备属性!$P$919:$P$955&装备属性!$N$919:$N$955,装备属性!$R$919:$R$955)*(6-D17)*0.5+_xlfn.XLOOKUP(E17,装备属性!$D$520:$D$819,装备属性!$I$520:$I$819)*6} -> #N/A
A18: 12 | B18: =OFFSET(装备属性!$D$65,MATCH(A18,装备属性!$G$66:$G$73,1),0) -> 红 | C18: =OFFSET(装备属性!$D$14,MATCH(A18,装备属性!$H$15:$H$61,1),0) -> 50 | D18: =IFERROR(MIN(MATCH(COUNTIFS($C$7:C18,C18,$B$7:B18,B18)*_xlfn.XLOOKUP(C18,装备属性!$D$15:$D$61,装备属性!$M$15:$M$61),装备产出!$Z$19:$Z$24,1),6),0) -> 0 | E18: =MATCH(A18,装备属性!$AD$520:$AD$819,1) -> #N/A | F18: {=_xlfn.XLOOKUP(B18&C18,装备属性!$G$90:$G$466&装备属性!$E$90:$E$466,装备属性!$I$90:$I$466)*D18+_xlfn.XLOOKUP(B18&MAX(C18-10,1),装备属性!$G$90:$G$466&装备属性!$E$90:$E$466,装备属性!$I$90:$I$466)*(6-D18)+_xlfn.XLOOKUP(B18&C18,装备属性!$P$919:$P$955&装备属性!$N$919:$N$955,装备属性!$R$919:$R$955)*D18*0.5+_xlfn.XLOOKUP(B18&(MAX(C18-10,1)),装备属性!$P$919:$P$955&装备属性!$N$919:$N$955,装备属性!$R$919:$R$955)*(6-D18)*0.5+_xlfn.XLOOKUP(E18,装备属性!$D$520:$D$819,装备属性!$I$520:$I$819)*6} -> #N/A
A19: 13 | B19: =OFFSET(装备属性!$D$65,MATCH(A19,装备属性!$G$66:$G$73,1),0) -> 红 | C19: =OFFSET(装备属性!$D$14,MATCH(A19,装备属性!$H$15:$H$61,1),0) -> 50 | D19: =IFERROR(MIN(MATCH(COUNTIFS($C$7:C19,C19,$B$7:B19,B19)*_xlfn.XLOOKUP(C19,装备属性!$D$15:$D$61,装备属性!$M$15:$M$61),装备产出!$Z$19:$Z$24,1),6),0) -> 1 | E19: =MATCH(A19,装备属性!$AD$520:$AD$819,1) -> #N/A | F19: {=_xlfn.XLOOKUP(B19&C19,装备属性!$G$90:$G$466&装备属性!$E$90:$E$466,装备属性!$I$90:$I$466)*D19+_xlfn.XLOOKUP(B19&MAX(C19-10,1),装备属性!$G$90:$G$466&装备属性!$E$90:$E$466,装备属性!$I$90:$I$466)*(6-D19)+_xlfn.XLOOKUP(B19&C19,装备属性!$P$919:$P$955&装备属性!$N$919:$N$955,装备属性!$R$919:$R$955)*D19*0.5+_xlfn.XLOOKUP(B19&(MAX(C19-10,1)),装备属性!$P$919:$P$955&装备属性!$N$919:$N$955,装备属性!$R$919:$R$955)*(6-D19)*0.5+_xlfn.XLOOKUP(E19,装备属性!$D$520:$D$819,装备属性!$I$520:$I$819)*6} -> #N/A
... A306: 300 | B306: =OFFSET(装备属性!$D$65,MATCH(A306,装备属性!$G$66:$G$73,1),0) -> 彩 | C306: =OFFSET(装备属性!$D$14,MATCH(A306,装备属性!$H$15:$H$61,1),0) -> 195 | D306: =IFERROR(MIN(MATCH(COUNTIFS($C$7:C306,C306,$B$7:B306,B306)*_xlfn.XLOOKUP(C306,装备属性!$D$15:$D$61,装备属性!$M$15:$M$61),装备产出!$Z$19:$Z$24,1),6),0) -> 1 | E306: =MATCH(A306,装备属性!$AD$520:$AD$819,1) -> #N/A | F306: {=_xlfn.XLOOKUP(B306&C306,装备属性!$G$90:$G$466&装备属性!$E$90:$E$466,装备属性!$I$90:$I$466)*D306+_xlfn.XLOOKUP(B306&MAX(C306-10,1),装备属性!$G$90:$G$466&装备属性!$E$90:$E$466,装备属性!$I$90:$I$466)*(6-D306)+_xlfn.XLOOKUP(B306&C306,装备属性!$P$919:$P$955&装备属性!$N$919:$N$955,装备属性!$R$919:$R$955)*D306*0.5+_xlfn.XLOOKUP(B306&(MAX(C306-10,1)),装备属性!$P$919:$P$955&装备属性!$N$919:$N$955,装备属性!$R$919:$R$955)*(6-D306)*0.5+_xlfn.XLOOKUP(E306,装备属性!$D$520:$D$819,装备属性!$I$520:$I$819)*6} -> #N/A

Sheet 装备产出配置
I1: =F4*4*5+F4*16*5/2 -> 3 | M1: 0级 | N1: 0 | O1: 10级 | P1: 1 | Q1: 20级 | R1: 0
AS2: 每日数量
A3: 副本等级 | B3: 白 | C3: 绿 | D3: 蓝 | E3: 紫 | F3: 橙 | G3: 红 | H3: 粉 | I3: 彩 | M3: 精英副本装备1白色+0 | N3: 精英副本装备1绿色+0 | O3: 精英副本装备1蓝色+0 | P3: 精英副本装备1紫色+0 | Q3: 精英副本装备1橙色+0 | R3: 精英副本装备1红色+0 | S3: 精英副本装备1彩色+0 | U3: 精英副本装备1白色+10 | V3: 精英副本装备1绿色+10 | W3: 精英副本装备1蓝色+10 | X3: 精英副本装备1紫色+10 | Y3: 精英副本装备1橙色+10 | Z3: 精英副本装备1红色+10 | AA3: 精英副本装备1彩色+10 | AB3: 精英副本装备1彩色+10 | AC3: 精英副本装备1白色+20 | AD3: 精英副本装备1绿色+20 | AE3: 精英副本装备1蓝色+20 | AF3: 精英副本装备1紫色+20 | AG3: 精英副本装备1橙色+20 | AH3: 精英副本装备1红色+20 | AI3: 精英副本装备1彩色+20 | AM3: 每日队长 | AN3: 每日协作 | AQ3: 队长概率 | AR3: 队员概率 | AU3: 每日总数
A4: 1 | B4: =1-SUM(C4:I4) -> 0.1 | C4: 0.35 | D4: 0.3 | E4: 0.2 | F4: 0.05 | J4: =SUM(D4:F4)/2 -> 0.275 | K4: =F4*J4 -> 0.01375 | L4: 副本1 | M4: =B4*$N$1 -> 0 | N4: =C4*$N$1 -> 0 | O4: =D4*$N$1 -> 0 | P4: =E4*$N$1 -> 0 | Q4: =F4*$N$1 -> 0 | R4: =G4*$N$1 -> 0 | S4: =H4*$N$1 -> 0 | X4: =50%-Y4 -> 0.25 | Y4: =MIN($E4:$I4)*5 -> 0.25 | AL4: 0.005 | AM4: =AL4*4*5 -> 0.1 | AN4: =AL4/2*16*5 -> 0.2 | AO4: =AN4+AM4 -> 0.3 | AQ4: =AL4*5 -> 0.025 | AR4: =AL4*0.4*5 -> 0.01 | AS4: =AQ4*4+AR4*4 -> 0.14 | AT4: =AR4*16 -> 0.16 | AU4: =AT4+AS4 -> 0.3 | AV4: =AS4/AU4 -> 0.46666667
A5: 2 | B5: 0.1 | C5: 0.15 | D5: 0.4 | E5: 0.25 | F5: 0.1 | J5: =SUM(D5:F5)/2 -> 0.375 | K5: =F5*J5 -> 0.0375 | L5: 副本2 | M5: =B5*$N$1 -> 0 | N5: =C5*$N$1 -> 0 | O5: =D5*$N$1 -> 0 | P5: =E5*$N$1 -> 0 | Q5: =F5*$N$1 -> 0 | R5: =G5*$N$1 -> 0 | S5: =H5*$N$1 -> 0 | X5: =50%-Y5 -> 0 | Y5: =MIN($E5:$I5)*5 -> 0.5 | AL5: 0.01 | AM5: =AL5*4*5 -> 0.2 | AN5: =AL5/2*16*5 -> 0.4 | AO5: =AN5+AM5 -> 0.6 | AQ5: =AL5*5 -> 0.05 | AR5: =AL5*0.4*5 -> 0.02 | AS5: =AQ5*4+AR5*4 -> 0.28 | AT5: =AR5*16 -> 0.32 | AU5: =AT5+AS5 -> 0.6 | AV5: =AS5/AU5 -> 0.46666667
A6: 3 | B6: 0.05 | C6: 0.15 | D6: 0.4 | E6: 0.25 | F6: 0.125 | G6: 0.025 | J6: =SUM(E6:G6)/2 -> 0.2 | K6: =SUM(F6+G6)*J6 -> 0.03 | L6: 副本3 | M6: =B6*$N$1 -> 0 | N6: =C6*$N$1 -> 0 | O6: =D6*$N$1 -> 0 | P6: =E6*$N$1 -> 0 | Q6: =F6*$N$1 -> 0 | R6: =G6*$N$1 -> 0 | S6: =H6*$N$1 -> 0 | Y6: =50%-Z6 -> 0.375 | Z6: =MIN($E6:$I6)*5 -> 0.125 | AL6: 0.015 | AM6: =AL6*4*5 -> 0.3 | AN6: =AL6/2*16*5 -> 0.6 | AO6: =AN6+AM6 -> 0.9 | AQ6: =AL6*5 -> 0.075 | AR6: =AL6*0.4*5 -> 0.03 | AS6: =AQ6*4+AR6*4 -> 0.42 | AT6: =AR6*16 -> 0.48 | AU6: =AT6+AS6 -> 0.9 | AV6: =AS6/AU6 -> 0.46666667
A7: 4 | B7: 0.025 | C7: 0.15 | D7: 0.4 | E7: 0.25 | F7: 0.125 | G7: 0.05 | J7: =SUM(E7:G7)/2 -> 0.2125 | K7: =SUM(F7+G7)*J7 -> 0.0371875 | L7: 副本4 | M7: =B7*$N$1 -> 0 | N7: =C7*$N$1 -> 0 | O7: =D7*$N$1 -> 0 | P7: =E7*$N$1 -> 0 | Q7: =F7*$N$1 -> 0 | R7: =G7*$N$1 -> 0 | S7: =H7*$N$1 -> 0 | Y7: =50%-Z7 -> 0.25 | Z7: =MIN($E7:$I7)*5 -> 0.25 | AL7: 0.02 | AM7: =AL7*4*5 -> 0.4 | AN7: =AL7/2*16*5 -> 0.8 | AO7: =AN7+AM7 -> 1.2 | AQ7: =AL7*5 -> 0.1 | AR7: =AL7*0.4*5 -> 0.04 | AS7: =AQ7*4+AR7*4 -> 0.56 | AT7: =AR7*16 -> 0.64 | AU7: =AT7+AS7 -> 1.2 | AV7: =AS7/AU7 -> 0.46666667
A8: 5 | B8: =1-SUM(C8:I8) -> 0 | C8: =1-SUM(D8:I8) -> 0.125 | D8: 0.4 | E8: 0.25 | F8: 0.15 | G8: 0.075 | J8: =SUM(E8:G8)/2 -> 0.2375 | K8: =SUM(G8)*J8 -> 0.0178125 | L8: 副本5 | M8: =B8*$N$1 -> 0 | N8: =C8*$N$1 -> 0 | O8: =D8*$N$1 -> 0 | P8: =E8*$N$1 -> 0 | Q8: =F8*$N$1 -> 0 | R8: =G8*$N$1 -> 0 | S8: =H8*$N$1 -> 0 | Y8: =50%-Z8 -> 0.125 | Z8: =MIN($E8:$I8)*5 -> 0.375 | AL8: 0.025 | AM8: =AL8*4*5 -> 0.5 | AN8: =AL8/2*16*5 -> 1 | AO8: =AN8+AM8 -> 1.5 | AQ8: =AL8*5 -> 0.125 | AR8: =AL8*0.4*5 -> 0.05 | AS8: =AQ8*4+AR8*4 -> 0.7 | AT8: =AR8*16 -> 0.8 | AU8: =AT8+AS8 -> 1.5 | AV8: =AS8/AU8 -> 0.46666667
A9: 6 | B9: =1-SUM(C9:I9) -> 0 | C9: 0.075 | D9: 0.4 | E9: 0.25 | F9: 0.15 | G9: 0.1 | H9: 0.025 | J9: =SUM(F9:H9)/2 -> 0.1375 | K9: =F9*J9 -> 0.020625 | L9: 副本6 | M9: =B9*$N$1 -> 0 | N9: =C9*$N$1 -> 0 | O9: =D9*$N$1 -> 0 | P9: =E9*$N$1 -> 0 | Q9: =F9*$N$1 -> 0 | R9: =G9*$N$1 -> 0 | S9: =H9*$N$1 -> 0 | Z9: =50%-AA9 -> 0.375 | AA9: =MIN($E9:$I9)*5 -> 0.125 | AL9: 0.03 | AM9: =AL9*4*5 -> 0.6 | AN9: =AL9/2*16*5 -> 1.2 | AO9: =AN9+AM9 -> 1.8 | AQ9: =AL9*5 -> 0.15 | AR9: =AL9*0.4*5 -> 0.06 | AS9: =AQ9*4+AR9*4 -> 0.84 | AT9: =AR9*16 -> 0.96 | AU9: =AT9+AS9 -> 1.8 | AV9: =AS9/AU9 -> 0.46666667
A10: 7 | B10: =1-SUM(C10:I10) -> 0 | C10: 0.035 | D10: 0.4 | E10: 0.25 | F10: 0.16 | G10: 0.115 | H10: 0.04 | J10: =SUM(F10:H10)/2 -> 0.1575 | K10: =F10*J10 -> 0.0252 | L10: 副本7 | M10: =B10*$N$1 -> 0 | N10: =C10*$N$1 -> 0 | O10: =D10*$N$1 -> 0 | P10: =E10*$N$1 -> 0 | Q10: =F10*$N$1 -> 0 | R10: =G10*$N$1 -> 0 | S10: =H10*$N$1 -> 0 | Z10: =50%-AA10 -> 0.3 | AA10: =MIN($E10:$I10)*5 -> 0.2 | AL10: 0.035 | AM10: =AL10*4*5 -> 0.7 | AN10: =AL10/2*16*5 -> 1.4 | AO10: =AN10+AM10 -> 2.1 | AQ10: =AL10*5 -> 0.175 | AR10: =AL10*0.4*5 -> 0.07 | AS10: =AQ10*4+AR10*4 -> 0.98 | AT10: =AR10*16 -> 1.12 | AU10: =AT10+AS10 -> 2.1 | AV10: =AS10/AU10 -> 0.46666667
A11: 8 | B11: =1-SUM(C11:I11) -> 0 | C11: =1-SUM(D11:I11) -> 0 | D11: 0.345 | E11: 0.3 | F11: 0.17 | G11: 0.13 | H11: 0.055 | J11: =SUM(F11:H11)/2 -> 0.1775 | K11: =F11*J11 -> 0.030175 | L11: 副本8 | M11: =B11*$N$1 -> 0 | N11: =C11*$N$1 -> 0 | O11: =D11*$N$1 -> 0 | P11: =E11*$N$1 -> 0 | Q11: =F11*$N$1 -> 0 | R11: =G11*$N$1 -> 0 | S11: =H11*$N$1 -> 0 | Z11: =50%-AA11 -> 0.225 | AA11: =MIN($E11:$I11)*5 -> 0.275 | AL11: 0.04 | AM11: =AL11*4*5 -> 0.8 | AN11: =AL11/2*16*5 -> 1.6 | AO11: =AN11+AM11 -> 2.4 | AQ11: =AL11*5 -> 0.2 | AR11: =AL11*0.4*5 -> 0.08 | AS11: =AQ11*4+AR11*4 -> 1.12 | AT11: =AR11*16 -> 1.28 | AU11: =AT11+AS11 -> 2.4 | AV11: =AS11/AU11 -> 0.46666667
A12: 9 | B12: =1-SUM(C12:I12) -> 0 | C12: =1-SUM(D12:I12) -> 0 | D12: 0.25 | E12: 0.35 | F12: 0.18 | G12: 0.145 | H12: 0.075 | J12: =SUM(F12:H12)/2 -> 0.2 | K12: =F12*J12 -> 0.036 | L12: 副本9 | M12: =B12*$N$1 -> 0 | N12: =C12*$N$1 -> 0 | O12: =D12*$N$1 -> 0 | P12: =E12*$N$1 -> 0 | Q12: =F12*$N$1 -> 0 | R12: =G12*$N$1 -> 0 | S12: =H12*$N$1 -> 0 | Z12: =50%-AA12 -> 0.125 | AA12: =MIN($E12:$I12)*5 -> 0.375 | AL12: 0.045 | AM12: =AL12*4*5 -> 0.9 | AN12: =AL12/2*16*5 -> 1.8 | AO12: =AN12+AM12 -> 2.7 | AQ12: =AL12*5 -> 0.225 | AR12: =AL12*0.4*5 -> 0.09 | AS12: =AQ12*4+AR12*4 -> 1.26 | AT12: =AR12*16 -> 1.44 | AU12: =AT12+AS12 -> 2.7 | AV12: =AS12/AU12 -> 0.46666667
A13: 10 | B13: =1-SUM(C13:I13) -> 0 | C13: =1-SUM(D13:I13) -> 0 | D13: 0.135 | E13: 0.4 | F13: 0.2 | G13: 0.16 | H13: 0.09 | I13: 0.015 | J13: =SUM(G13:I13)/2 -> 0.1325 | K13: =F13*J13 -> 0.0265 | L13: 副本10 | M13: =B13*$N$1 -> 0 | N13: =C13*$N$1 -> 0 | O13: =D13*$N$1 -> 0 | P13: =E13*$N$1 -> 0 | Q13: =F13*$N$1 -> 0 | R13: =G13*$N$1 -> 0 | S13: =H13*$N$1 -> 0 | AA13: =50%-AB13 -> 0.425 | AB13: =MIN($E13:$I13)*5 -> 0.075 | AL13: 0.05 | AM13: =AL13*4*5 -> 1 | AN13: =AL13/2*16*5 -> 2 | AO13: =AN13+AM13 -> 3 | AQ13: =AL13*5 -> 0.25 | AR13: =AL13*0.4*5 -> 0.1 | AS13: =AQ13*4+AR13*4 -> 1.4 | AT13: =AR13*16 -> 1.6 | AU13: =AT13+AS13 -> 3 | AV13: =AS13/AU13 -> 0.46666667
A14: 11 | B14: =1-SUM(C14:I14) -> 0 | C14: =1-SUM(D14:I14) -> 0 | D14: =1-SUM(E14:I14) -> 0 | E14: 0.455 | F14: 0.25 | G14: 0.17 | H14: 0.1 | I14: 0.025 | J14: =SUM(G14:I14)/2 -> 0.1475 | K14: =F14*J14 -> 0.036875 | L14: 副本11 | M14: =B14*$N$1 -> 0 | N14: =C14*$N$1 -> 0 | O14: =D14*$N$1 -> 0 | P14: =E14*$N$1 -> 0 | Q14: =F14*$N$1 -> 0 | R14: =G14*$N$1 -> 0 | S14: =H14*$N$1 -> 0 | AA14: =50%-AB14 -> 0.375 | AB14: =MIN($E14:$I14)*5 -> 0.125 | AL14: 0.055 | AM14: =AL14*4*5 -> 1.1 | AN14: =AL14/2*16*5 -> 2.2 | AO14: =AN14+AM14 -> 3.3 | AQ14: =AL14*5 -> 0.275 | AR14: =AL14*0.4*5 -> 0.11 | AS14: =AQ14*4+AR14*4 -> 1.54 | AT14: =AR14*16 -> 1.76 | AU14: =AT14+AS14 -> 3.3 | AV14: =AS14/AU14 -> 0.46666667
A15: 12 | B15: =1-SUM(C15:I15) -> 0 | C15: =1-SUM(D15:I15) -> 0 | D15: =1-SUM(E15:I15) -> 0 | E15: 0.37 | F15: 0.3 | G15: 0.18 | H15: 0.11 | I15: 0.04 | J15: =SUM(G15:I15)/2 -> 0.165 | K15: =F15*J15 -> 0.0495 | L15: 副本12 | M15: =B15*$N$1 -> 0 | N15: =C15*$N$1 -> 0 | O15: =D15*$N$1 -> 0 | P15: =E15*$N$1 -> 0 | Q15: =F15*$N$1 -> 0 | R15: =G15*$N$1 -> 0 | S15: =H15*$N$1 -> 0 | AA15: =50%-AB15 -> 0.3 | AB15: =MIN($E15:$I15)*5 -> 0.2 | AL15: 0.06 | AM15: =AL15*4*5 -> 1.2 | AN15: =AL15/2*16*5 -> 2.4 | AO15: =AN15+AM15 -> 3.6 | AQ15: =AL15*5 -> 0.3 | AR15: =AL15*0.4*5 -> 0.12 | AS15: =AQ15*4+AR15*4 -> 1.68 | AT15: =AR15*16 -> 1.92 | AU15: =AT15+AS15 -> 3.6 | AV15: =AS15/AU15 -> 0.46666667
A16: 13 | B16: =1-SUM(C16:I16) -> 0 | C16: =1-SUM(D16:I16) -> 0 | D16: =1-SUM(E16:I16) -> 0 | E16: 0.295 | F16: 0.35 | G16: 0.19 | H16: 0.12 | I16: 0.045 | J16: =SUM(G16:I16)/2 -> 0.1775 | K16: =F16*J16 -> 0.062125 | L16: 副本13 | M16: =B16*$N$1 -> 0 | N16: =C16*$N$1 -> 0 | O16: =D16*$N$1 -> 0 | P16: =E16*$N$1 -> 0 | Q16: =F16*$N$1 -> 0 | R16: =G16*$N$1 -> 0 | S16: =H16*$N$1 -> 0 | AA16: =50%-AB16 -> 0.275 | AB16: =MIN($E16:$I16)*5 -> 0.225 | AL16: 0.065 | AM16: =AL16*4*5 -> 1.3 | AN16: =AL16/2*16*5 -> 2.6 | AO16: =AN16+AM16 -> 3.9 | AQ16: =AL16*5 -> 0.325 | AR16: =AL16*0.4*5 -> 0.13 | AS16: =AQ16*4+AR16*4 -> 1.82 | AT16: =AR16*16 -> 2.08 | AU16: =AT16+AS16 -> 3.9 | AV16: =AS16/AU16 -> 0.46666667
A17: 14 | B17: =1-SUM(C17:I17) -> 0 | C17: =1-SUM(D17:I17) -> 0 | D17: =1-SUM(E17:I17) -> 0 | E17: 0.245 | F17: 0.375 | G17: 0.2 | H17: 0.13 | I17: 0.05 | J17: =SUM(G17:I17)/2 -> 0.19 | K17: =F17*J17 -> 0.07125 | L17: 副本14 | M17: =B17*$N$1 -> 0 | N17: =C17*$N$1 -> 0 | O17: =D17*$N$1 -> 0 | P17: =E17*$N$1 -> 0 | Q17: =F17*$N$1 -> 0 | R17: =G17*$N$1 -> 0 | S17: =H17*$N$1 -> 0 | AA17: =50%-AB17 -> 0.25 | AB17: =MIN($E17:$I17)*5 -> 0.25 | AL17: 0.07 | AM17: =AL17*4*5 -> 1.4 | AN17: =AL17/2*16*5 -> 2.8 | AO17: =AN17+AM17 -> 4.2 | AQ17: =AL17*5 -> 0.35 | AR17: =AL17*0.4*5 -> 0.14 | AS17: =AQ17*4+AR17*4 -> 1.96 | AT17: =AR17*16 -> 2.24 | AU17: =AT17+AS17 -> 4.2 | AV17: =AS17/AU17 -> 0.46666667
A18: 15 | B18: =1-SUM(C18:I18) -> 0 | C18: =1-SUM(D18:I18) -> 0 | D18: =1-SUM(E18:I18) -> 0 | E18: 0.2 | F18: 0.4 | G18: 0.21 | H18: 0.135 | I18: 0.055 | J18: =SUM(G18:I18)/2 -> 0.2 | K18: =F18*J18 -> 0.08 | L18: 副本15 | M18: =B18*$N$1 -> 0 | N18: =C18*$N$1 -> 0 | O18: =D18*$N$1 -> 0 | P18: =E18*$N$1 -> 0 | Q18: =F18*$N$1 -> 0 | R18: =G18*$N$1 -> 0 | S18: =H18*$N$1 -> 0 | AA18: =50%-AB18 -> 0.225 | AB18: =MIN($E18:$I18)*5 -> 0.275 | AL18: 0.075 | AM18: =AL18*4*5 -> 1.5 | AN18: =AL18/2*16*5 -> 3 | AO18: =AN18+AM18 -> 4.5 | AQ18: =AL18*5 -> 0.375 | AR18: =AL18*0.4*5 -> 0.15 | AS18: =AQ18*4+AR18*4 -> 2.1 | AT18: =AR18*16 -> 2.4 | AU18: =AT18+AS18 -> 4.5 | AV18: =AS18/AU18 -> 0.46666667
AL19: 0.08 | AM19: =AL19*4*5 -> 1.6 | AN19: =AL19/2*16*5 -> 3.2 | AO19: =AN19+AM19 -> 4.8 | AQ19: =AL19*5 -> 0.4 | AR19: =AL19*0.4*5 -> 0.16 | AS19: =AQ19*4+AR19*4 -> 2.24 | AT19: =AR19*16 -> 2.56 | AU19: =AT19+AS19 -> 4.8 | AV19: =AS19/AU19 -> 0.46666667
E20: 队长大礼包 | F20: 队友大礼包 | G20: 队长小 | H20: 队友小 | U20: =U22*5 -> 0.5 | V20: =V22*5 -> 1.91 | W20: =W22*5+W4 -> 1.7 | X20: =X22*5+X4 -> 1.04 | AL20: 0.085 | AM20: =AL20*4*5 -> 1.7 | AN20: =AL20/2*16*5 -> 3.4 | AO20: =AN20+AM20 -> 5.1 | AQ20: =AL20*5 -> 0.425 | AR20: =AL20*0.4*5 -> 0.17 | AS20: =AQ20*4+AR20*4 -> 2.38 | AT20: =AR20*16 -> 2.72 | AU20: =AT20+AS20 -> 5.1 | AV20: =AS20/AU20 -> 0.46666667
C21: 1 | D21: 1 | E21: =IFERROR(INT(OFFSET($AE$60,C21,D21)*10000),0) -> 1041 | F21: =IFERROR(INT(OFFSET($AE$43,C21,D21)*10000),0) -> 0 | M21: 精英副本装备1白色+0 | N21: 精英副本装备1绿色+0 | O21: 精英副本装备1蓝色+0 | P21: 精英副本装备1紫色+0 | Q21: 精英副本装备1橙色+0 | R21: 精英副本装备1红色+0 | S21: 精英副本装备1彩色+0 | U21: 精英副本装备1白色+10 | V21: 精英副本装备1绿色+10 | W21: 精英副本装备1蓝色+10 | X21: 精英副本装备1紫色+10 | Y21: 精英副本装备1橙色+10 | Z21: 精英副本装备1红色+10 | AA21: 精英副本装备1彩色+10 | AC21: 精英副本装备1白色+20 | AD21: 精英副本装备1绿色+20 | AE21: 精英副本装备1蓝色+20 | AF21: 精英副本装备1紫色+20 | AG21: 精英副本装备1橙色+20 | AH21: 精英副本装备1红色+20 | AI21: 精英副本装备1彩色+20 | AL21: 0.09 | AM21: =AL21*4*5 -> 1.8 | AN21: =AL21/2*16*5 -> 3.6 | AO21: =AN21+AM21 -> 5.4 | AQ21: =AL21*5 -> 0.45 | AR21: =AL21*0.4*5 -> 0.18 | AS21: =AQ21*4+AR21*4 -> 2.52 | AT21: =AR21*16 -> 2.88 | AU21: =AT21+AS21 -> 5.4 | AV21: =AS21/AU21 -> 0.46666667
C22: =IF(D21=8,C21+1,C21) -> 1 | D22: 2 | E22: =IFERROR(INT(OFFSET($AE$60,C22,D22)*10000),0) -> 3979 | F22: =IFERROR(INT(OFFSET($AE$43,C22,D22)*10000),0) -> 0 | K22: =SUM(M22:AI22) -> 1 | L22: 副本1 | U22: 0.1 | V22: 0.382 | W22: 0.34 | X22: 0.158 | Y22: 0.02 | Z22: 0 | AA22: 0 | AB22: 0 | AL22: 0.095 | AM22: =AL22*4*5 -> 1.9 | AN22: =AL22/2*16*5 -> 3.8 | AO22: =AN22+AM22 -> 5.7 | AQ22: =AL22*5 -> 0.475 | AR22: =AL22*0.4*5 -> 0.19 | AS22: =AQ22*4+AR22*4 -> 2.66 | AT22: =AR22*16 -> 3.04 | AU22: =AT22+AS22 -> 5.7 | AV22: =AS22/AU22 -> 0.46666667
C23: =IF(D22=8,C22+1,C22) -> 1 | D23: 3 | E23: =IFERROR(INT(OFFSET($AE$60,C23,D23)*10000),0) -> 3333 | F23: =IFERROR(INT(OFFSET($AE$43,C23,D23)*10000),0) -> 0 | K23: =SUM(M23:AI23) -> 1 | L23: 副本2 | U23: 0.1 | V23: 0.19 | W23: 0.46 | X23: 0.206 | Y23: 0.044 | Z23: 0 | AA23: 0 | AB23: 0 | AL23: 0.1 | AM23: =AL23*4*5 -> 2 | AN23: =AL23/2*16*5 -> 4 | AO23: =AN23+AM23 -> 6 | AQ23: =AL23*5 -> 0.5 | AR23: =AL23*0.4*5 -> 0.2 | AS23: =AQ23*4+AR23*4 -> 2.8 | AT23: =AR23*16 -> 3.2 | AU23: =AT23+AS23 -> 6 | AV23: =AS23/AU23 -> 0.46666667
C24: =IF(D23=8,C23+1,C23) -> 1 | D24: 4 | E24: =IFERROR(INT(OFFSET($AE$60,C24,D24)*10000),0) -> 1458 | F24: =IFERROR(INT(OFFSET($AE$43,C24,D24)*10000),0) -> 7000 | K24: =SUM(M24:AI24) -> 1 | L24: 副本3 | U24: 0.05 | V24: 0.15 | W24: 0.42 | X24: 0.28 | Y24: 0.09 | Z24: 0.01 | AA24: 0 | AB24: 0
C25: =IF(D24=8,C24+1,C24) -> 1 | D25: 5 | E25: =IFERROR(INT(OFFSET($AE$60,C25,D25)*10000),0) -> 187 | F25: =IFERROR(INT(OFFSET($AE$43,C25,D25)*10000),0) -> 3000 | K25: =SUM(M25:AI25) -> 1 | L25: 副本4 | U25: 0.025 | V25: 0.15 | W25: 0.42 | X25: 0.29 | Y25: 0.095 | Z25: 0.02 | AA25: 0 | AB25: 0
C26: =IF(D25=8,C25+1,C25) -> 1 | D26: 6 | E26: =IFERROR(INT(OFFSET($AE$60,C26,D26)*10000),0) -> 0 | F26: =IFERROR(INT(OFFSET($AE$43,C26,D26)*10000),0) -> 0 | K26: =SUM(M26:AI26) -> 1 | L26: 副本5 | U26: 0 | V26: 0.125 | W26: 0.424 | X26: 0.3 | Y26: 0.118 | Z26: 0.033 | AA26: 0 | AB26: 0
C27: =IF(D26=8,C26+1,C26) -> 1 | D27: 7 | E27: =IFERROR(INT(OFFSET($AE$60,C27,D27)*10000),0) -> 0 | F27: =IFERROR(INT(OFFSET($AE$43,C27,D27)*10000),0) -> 0 | K27: =SUM(M27:AI27) -> 1 | L27: 副本6 | U27: 0 | V27: 0.075 | W27: 0.4 | X27: 0.266 | Y27: 0.177 | Z27: 0.072 | AA27: 0.01 | AB27: 0
C28: =IF(D27=8,C27+1,C27) -> 1 | D28: 8 | E28: =IFERROR(INT(OFFSET($AE$60,C28,D28)*10000),0) -> 0 | F28: =IFERROR(INT(OFFSET($AE$43,C28,D28)*10000),0) -> 0 | K28: =SUM(M28:AI28) -> 1 | L28: 副本7 | U28: 0 | V28: 0.035 | W28: 0.4 | X28: 0.2684 | Y28: 0.196 | Z28: 0.0846 | AA28: 0.016 | AB28: 0
C29: =IF(D28=8,C28+1,C28) -> 2 | D29: =D21 -> 1 | E29: =IFERROR(INT(OFFSET($AE$60,C29,D29)*10000),0) -> 1041 | F29: =IFERROR(INT(OFFSET($AE$43,C29,D29)*10000),0) -> 0 | K29: =SUM(M29:AI29) -> 1 | L29: 副本8 | U29: 0 | V29: 0 | W29: 0.345 | X29: 0.3208 | Y29: 0.212 | Z29: 0.1002 | AA29: 0.022 | AB29: 0
C30: =IF(D29=8,C29+1,C29) -> 2 | D30: =D22 -> 2 | E30: =IFERROR(INT(OFFSET($AE$60,C30,D30)*10000),0) -> 1979 | F30: =IFERROR(INT(OFFSET($AE$43,C30,D30)*10000),0) -> 0 | K30: =SUM(M30:AI30) -> 1 | L30: 副本9 | U30: 0 | V30: 0 | W30: 0.25 | X30: 0.3732 | Y30: 0.23 | Z30: 0.1138 | AA30: 0.033 | AB30: 0
C31: =IF(D30=8,C30+1,C30) -> 2 | D31: =D23 -> 3 | E31: =IFERROR(INT(OFFSET($AE$60,C31,D31)*10000),0) -> 4583 | F31: =IFERROR(INT(OFFSET($AE$43,C31,D31)*10000),0) -> 0 | K31: =SUM(M31:AI31) -> 1 | L31: 副本10 | U31: 0 | V31: 0 | W31: 0.135 | X31: 0.4 | Y31: 0.2144 | Z31: 0.181 | AA31: 0.0636 | AB31: 0.006
C32: =IF(D31=8,C31+1,C31) -> 2 | D32: =D24 -> 4 | E32: =IFERROR(INT(OFFSET($AE$60,C32,D32)*10000),0) -> 2020 | F32: =IFERROR(INT(OFFSET($AE$43,C32,D32)*10000),0) -> 4000 | K32: =SUM(M32:AI32) -> 1 | L32: 副本11 | U32: 0 | V32: 0 | W32: 0 | X32: 0.455 | Y32: 0.266 | Z32: 0.197 | AA32: 0.072 | AB32: 0.01
C33: =IF(D32=8,C32+1,C32) -> 2 | D33: =D25 -> 5 | E33: =IFERROR(INT(OFFSET($AE$60,C33,D33)*10000),0) -> 375 | F33: =IFERROR(INT(OFFSET($AE$43,C33,D33)*10000),0) -> 6000 | K33: =SUM(M33:AI33) -> 1 | L33: 副本12 | U33: 0 | V33: 0 | W33: 0 | X33: 0.37 | Y33: 0.3176 | Z33: 0.216 | AA33: 0.0804 | AB33: 0.016
C34: =IF(D33=8,C33+1,C33) -> 2 | D34: =D26 -> 6 | E34: =IFERROR(INT(OFFSET($AE$60,C34,D34)*10000),0) -> 0 | F34: =IFERROR(INT(OFFSET($AE$43,C34,D34)*10000),0) -> 0 | K34: =SUM(M34:AI34) -> 1 | L34: 副本13 | U34: 0 | V34: 0 | W34: 0 | X34: 0.295 | Y34: 0.3692 | Z34: 0.228 | AA34: 0.0898 | AB34: 0.018
C35: =IF(D34=8,C34+1,C34) -> 2 | D35: =D27 -> 7 | E35: =IFERROR(INT(OFFSET($AE$60,C35,D35)*10000),0) -> 0 | F35: =IFERROR(INT(OFFSET($AE$43,C35,D35)*10000),0) -> 0 | K35: =SUM(M35:AI35) -> 1 | L35: 副本14 | U35: 0 | V35: 0 | W35: 0 | X35: 0.245 | Y35: 0.3958 | Z35: 0.24 | AA35: 0.0992 | AB35: 0.02
C36: =IF(D35=8,C35+1,C35) -> 2 | D36: =D28 -> 8 | E36: =IFERROR(INT(OFFSET($AE$60,C36,D36)*10000),0) -> 0 | F36: =IFERROR(INT(OFFSET($AE$43,C36,D36)*10000),0) -> 0 | K36: =SUM(M36:AI36) -> 1 | L36: 副本15 | U36: 0 | V36: 0 | W36: 0 | X36: 0.2 | Y36: 0.4216 | Z36: 0.252 | AA36: 0.1044 | AB36: 0.022
C37: =IF(D36=8,C36+1,C36) -> 3 | D37: =D29 -> 1 | E37: =IFERROR(INT(OFFSET($AE$60,C37,D37)*10000),0) -> 510 | F37: =IFERROR(INT(OFFSET($AE$43,C37,D37)*10000),0) -> 0
C38: =IF(D37=8,C37+1,C37) -> 3 | D38: =D30 -> 2 | E38: =IFERROR(INT(OFFSET($AE$60,C38,D38)*10000),0) -> 1530 | F38: =IFERROR(INT(OFFSET($AE$43,C38,D38)*10000),0) -> 0
C39: =IF(D38=8,C38+1,C38) -> 3 | D39: =D31 -> 3 | E39: =IFERROR(INT(OFFSET($AE$60,C39,D39)*10000),0) -> 4285 | F39: =IFERROR(INT(OFFSET($AE$43,C39,D39)*10000),0) -> 0 | AI39: =AI44*4+AI61*5*20 -> 17.383333
C40: =IF(D39=8,C39+1,C39) -> 3 | D40: =D32 -> 4 | E40: =IFERROR(INT(OFFSET($AE$60,C40,D40)*10000),0) -> 2653 | F40: =IFERROR(INT(OFFSET($AE$43,C40,D40)*10000),0) -> 0
C41: =IF(D40=8,C40+1,C40) -> 3 | D41: =D33 -> 5 | E41: =IFERROR(INT(OFFSET($AE$60,C41,D41)*10000),0) -> 928 | F41: =IFERROR(INT(OFFSET($AE$43,C41,D41)*10000),0) -> 3500
C42: =IF(D41=8,C41+1,C41) -> 3 | D42: =D34 -> 6 | E42: =IFERROR(INT(OFFSET($AE$60,C42,D42)*10000),0) -> 91 | F42: =IFERROR(INT(OFFSET($AE$43,C42,D42)*10000),0) -> 1500 | AE42: #前3次获得必是装备
C43: =IF(D42=8,C42+1,C42) -> 3 | D43: =D35 -> 7 | E43: =IFERROR(INT(OFFSET($AE$60,C43,D43)*10000),0) -> 0 | F43: =IFERROR(INT(OFFSET($AE$43,C43,D43)*10000),0) -> 0 | T43: 大宝箱 | U43: 豪华包 | V43: 白 | W43: 绿 | X43: 蓝 | Y43: 紫 | Z43: 橙 | AA43: 红 | AB43: 粉 | AC43: 彩 | AE43: 队长宝箱 | AF43: 白 | AG43: 绿 | AH43: 蓝 | AI43: 紫 | AJ43: 橙 | AK43: 红 | AL43: 粉 | AM43: 彩 | AN43: 幻梦晶核 | AO43: 星之初愿 | AP43: 秘藏遥杆
C44: =IF(D43=8,C43+1,C43) -> 3 | D44: =D36 -> 8 | E44: =IFERROR(INT(OFFSET($AE$60,C44,D44)*10000),0) -> 0 | F44: =IFERROR(INT(OFFSET($AE$43,C44,D44)*10000),0) -> 0 | K44: 副本1 | T44: 5 | U44: 副本1 | Y44: =MIN((E4*5*4+E4*5*16*0.5)*0.4,400%-Z44) -> 2.8 | Z44: =(F4*5*4+F4*5*16*0.5)*0.4 -> 1.2 | AA44: =G4*5*0.4*20 -> 0 | AB44: =H4*5*0.4*20 -> 0 | AC44: =I4*5*0.4*20 -> 0 | AE44: 副本1 | AF44: =V44/SUM($V44:$AC44)/2 -> 0 | AG44: =W44/SUM($V44:$AC44)/2 -> 0 | AH44: =X44/SUM($V44:$AC44)/2 -> 0 | AI44: =Y44/SUM($V44:$AC44) -> 0.7 | AJ44: =Z44/SUM($V44:$AC44) -> 0.3 | AK44: =AA44/SUM($V44:$AC44)/2 -> 0 | AL44: =AB44/SUM($V44:$AC44)/2 -> 0 | AM44: =AC44/SUM($V44:$AC44)/2 -> 0 | AS44: =3.5*4 -> 14
C45: =IF(D44=8,C44+1,C44) -> 4 | D45: =D37 -> 1 | E45: =IFERROR(INT(OFFSET($AE$60,C45,D45)*10000),0) -> 255 | F45: =IFERROR(INT(OFFSET($AE$43,C45,D45)*10000),0) -> 0 | K45: 副本2 | T45: 5 | U45: 副本2 | Y45: =MIN((E5*5*4+E5*5*16*0.5)*0.4,400%-Z45) -> 1.6 | Z45: =(F5*5*4+F5*5*16*0.5)*0.4 -> 2.4 | AA45: =G5*5*0.4*20 -> 0 | AB45: =H5*5*0.4*20 -> 0 | AC45: =I5*5*0.4*20 -> 0 | AE45: 副本2 | AF45: =V45/SUM($V45:$AC45)/2 -> 0 | AG45: =W45/SUM($V45:$AC45)/2 -> 0 | AH45: =X45/SUM($V45:$AC45)/2 -> 0 | AI45: =Y45/SUM($V45:$AC45) -> 0.4 | AJ45: =Z45/SUM($V45:$AC45) -> 0.6 | AK45: =AA45/SUM($V45:$AC45)/2 -> 0 | AL45: =AB45/SUM($V45:$AC45)/2 -> 0 | AM45: =AC45/SUM($V45:$AC45)/2 -> 0 | AS45: 16
C46: =IF(D45=8,C45+1,C45) -> 4 | D46: =D38 -> 2 | E46: =IFERROR(INT(OFFSET($AE$60,C46,D46)*10000),0) -> 1530 | F46: =IFERROR(INT(OFFSET($AE$43,C46,D46)*10000),0) -> 0 | K46: 副本3 | T46: 6 | U46: 副本3 | Z46: =MIN((F6*5*4+F6*5*16*0.5)*0.4,200%-AA46) -> 1.4 | AA46: =MIN((G6*5*4+G6*5*16*0.5)*0.4,120%) -> 0.6 | AB46: =H6*5*0.4*20 -> 0 | AC46: =I6*5*0.4*20 -> 0 | AE46: 副本3 | AF46: =V46/SUM($V46:$AC46)/2 -> 0 | AG46: =W46/SUM($V46:$AC46)/2 -> 0 | AH46: =X46/SUM($V46:$AC46)/2 -> 0 | AI46: =Y46/SUM($V46:$AC46)/2 -> 0 | AJ46: =Z46/SUM($V46:$AC46)/2 -> 0.35 | AK46: =AA46/SUM($V46:$AC46)/2 -> 0.15 | AL46: =AB46/SUM($V46:$AC46)/2 -> 0 | AM46: =AC46/SUM($V46:$AC46)/2 -> 0 | AN46: 0.2 | AO46: 0.24 | AP46: 0.06
C47: =IF(D46=8,C46+1,C46) -> 4 | D47: =D39 -> 3 | E47: =IFERROR(INT(OFFSET($AE$60,C47,D47)*10000),0) -> 4285 | F47: =IFERROR(INT(OFFSET($AE$43,C47,D47)*10000),0) -> 0 | K47: 副本4 | T47: 6 | U47: 副本4 | Z47: =MIN((F7*5*4+F7*5*16*0.5)*0.4,200%-AA47) -> 0.8 | AA47: =MIN((G7*5*4+G7*5*16*0.5)*0.4,120%) -> 1.2 | AB47: =H7*5*0.4*20 -> 0 | AC47: =I7*5*0.4*20 -> 0 | AE47: 副本4 | AF47: =V47/SUM($V47:$AC47)/2 -> 0 | AG47: =W47/SUM($V47:$AC47)/2 -> 0 | AH47: =X47/SUM($V47:$AC47)/2 -> 0 | AI47: =Y47/SUM($V47:$AC47)/2 -> 0 | AJ47: =Z47/SUM($V47:$AC47)/2 -> 0.2 | AK47: =AA47/SUM($V47:$AC47)/2 -> 0.3 | AL47: =AB47/SUM($V47:$AC47)/2 -> 0 | AM47: =AC47/SUM($V47:$AC47)/2 -> 0 | AN47: 0.2 | AO47: 0.24 | AP47: 0.06
C48: =IF(D47=8,C47+1,C47) -> 4 | D48: =D40 -> 4 | E48: =IFERROR(INT(OFFSET($AE$60,C48,D48)*10000),0) -> 2755 | F48: =IFERROR(INT(OFFSET($AE$43,C48,D48)*10000),0) -> 0 | K48: 副本5 | T48: 6 | U48: 副本5 | Z48: =MIN((F8*5*4+F8*5*16*0.5)*0.4,200%-AA48) -> 0.8 | AA48: =MIN((G8*5*4+G8*5*16*0.5)*0.4,120%) -> 1.2 | AB48: =H8*5*0.4*20 -> 0 | AC48: =I8*5*0.4*20 -> 0 | AE48: 副本5 | AF48: =V48/SUM($V48:$AC48)/2 -> 0 | AG48: =W48/SUM($V48:$AC48)/2 -> 0 | AH48: =X48/SUM($V48:$AC48)/2 -> 0 | AI48: =Y48/SUM($V48:$AC48)/2 -> 0 | AJ48: =Z48/SUM($V48:$AC48)/2 -> 0.2 | AK48: =AA48/SUM($V48:$AC48)/2 -> 0.3 | AL48: =AB48/SUM($V48:$AC48)/2 -> 0 | AM48: =AC48/SUM($V48:$AC48)/2 -> 0 | AN48: 0.2 | AO48: 0.24 | AP48: 0.06
C49: =IF(D48=8,C48+1,C48) -> 4 | D49: =D41 -> 5 | E49: =IFERROR(INT(OFFSET($AE$60,C49,D49)*10000),0) -> 989 | F49: =IFERROR(INT(OFFSET($AE$43,C49,D49)*10000),0) -> 2000 | K49: 副本6 | T49: 7 | U49: 副本6 | AA49: =MIN((G9*5*4+G9*5*16*0.5)*0.4,200%-AB49) -> 1.4 | AB49: =MIN((H9*5*4+H9*5*16*0.5)*0.4,120%) -> 0.6 | AC49: =I9*5*0.4*20 -> 0 | AE49: 副本6 | AF49: =V49/SUM($V49:$AC49)/2 -> 0 | AG49: =W49/SUM($V49:$AC49)/2 -> 0 | AH49: =X49/SUM($V49:$AC49)/2 -> 0 | AI49: =Y49/SUM($V49:$AC49)/2 -> 0 | AJ49: =Z49/SUM($V49:$AC49)/2 -> 0 | AK49: =AA49/SUM($V49:$AC49)/2 -> 0.35 | AL49: =AB49/SUM($V49:$AC49)/2 -> 0.15 | AM49: =AC49/SUM($V49:$AC49)/2 -> 0 | AN49: 0.2 | AO49: 0.24 | AP49: 0.06
C50: =IF(D49=8,C49+1,C49) -> 4 | D50: =D42 -> 6 | E50: =IFERROR(INT(OFFSET($AE$60,C50,D50)*10000),0) -> 183 | F50: =IFERROR(INT(OFFSET($AE$43,C50,D50)*10000),0) -> 3000 | K50: 副本7 | T50: 7 | U50: 副本7 | AA50: =MIN((G10*5*4+G10*5*16*0.5)*0.4,200%-AB50) -> 1.04 | AB50: =MIN((H10*5*4+H10*5*16*0.5)*0.4,120%) -> 0.96 | AC50: =I10*5*0.4*20 -> 0 | AE50: 副本7 | AF50: =V50/SUM($V50:$AC50)/2 -> 0 | AG50: =W50/SUM($V50:$AC50)/2 -> 0 | AH50: =X50/SUM($V50:$AC50)/2 -> 0 | AI50: =Y50/SUM($V50:$AC50)/2 -> 0 | AJ50: =Z50/SUM($V50:$AC50)/2 -> 0 | AK50: =AA50/SUM($V50:$AC50)/2 -> 0.26 | AL50: =AB50/SUM($V50:$AC50)/2 -> 0.24 | AM50: =AC50/SUM($V50:$AC50)/2 -> 0 | AN50: 0.2 | AO50: 0.24 | AP50: 0.06
C51: =IF(D50=8,C50+1,C50) -> 4 | D51: =D43 -> 7 | E51: =IFERROR(INT(OFFSET($AE$60,C51,D51)*10000),0) -> 0 | F51: =IFERROR(INT(OFFSET($AE$43,C51,D51)*10000),0) -> 0 | K51: 副本8 | T51: 7 | U51: 副本8 | AA51: =MIN((G11*5*4+G11*5*16*0.5)*0.4,200%-AB51) -> 0.8 | AB51: =MIN((H11*5*4+H11*5*16*0.5)*0.4,120%) -> 1.2 | AC51: =I11*5*0.4*20 -> 0 | AE51: 副本8 | AF51: =V51/SUM($V51:$AC51)/2 -> 0 | AG51: =W51/SUM($V51:$AC51)/2 -> 0 | AH51: =X51/SUM($V51:$AC51)/2 -> 0 | AI51: =Y51/SUM($V51:$AC51)/2 -> 0 | AJ51: =Z51/SUM($V51:$AC51)/2 -> 0 | AK51: =AA51/SUM($V51:$AC51)/2 -> 0.2 | AL51: =AB51/SUM($V51:$AC51)/2 -> 0.3 | AM51: =AC51/SUM($V51:$AC51)/2 -> 0 | AN51: 0.2 | AO51: 0.24 | AP51: 0.06
C52: =IF(D51=8,C51+1,C51) -> 4 | D52: =D44 -> 8 | E52: =IFERROR(INT(OFFSET($AE$60,C52,D52)*10000),0) -> 0 | F52: =IFERROR(INT(OFFSET($AE$43,C52,D52)*10000),0) -> 0 | K52: 副本9 | T52: 7 | U52: 副本9 | AA52: =MIN((G12*5*4+G12*5*16*0.5)*0.4,200%-AB52) -> 0.8 | AB52: =MIN((H12*5*4+H12*5*16*0.5)*0.4,120%) -> 1.2 | AC52: =I12*5*0.4*20 -> 0 | AE52: 副本9 | AF52: =V52/SUM($V52:$AC52)/2 -> 0 | AG52: =W52/SUM($V52:$AC52)/2 -> 0 | AH52: =X52/SUM($V52:$AC52)/2 -> 0 | AI52: =Y52/SUM($V52:$AC52)/2 -> 0 | AJ52: =Z52/SUM($V52:$AC52)/2 -> 0 | AK52: =AA52/SUM($V52:$AC52)/2 -> 0.2 | AL52: =AB52/SUM($V52:$AC52)/2 -> 0.3 | AM52: =AC52/SUM($V52:$AC52)/2 -> 0 | AN52: 0.2 | AO52: 0.24 | AP52: 0.06
C53: =IF(D52=8,C52+1,C52) -> 5 | D53: =D45 -> 1 | E53: =IFERROR(INT(OFFSET($AE$60,C53,D53)*10000),0) -> 0 | F53: =IFERROR(INT(OFFSET($AE$43,C53,D53)*10000),0) -> 0 | K53: 副本10 | T53: 8 | U53: 副本10 | AB53: =MIN((H13*5*4+H13*5*16*0.5)*0.4,200%-AC53) -> 1.64 | AC53: =MIN((I13*5*4+I13*5*16*0.5)*0.4,120%) -> 0.36 | AE53: 副本10 | AF53: =V53/SUM($V53:$AC53)/2 -> 0 | AG53: =W53/SUM($V53:$AC53)/2 -> 0 | AH53: =X53/SUM($V53:$AC53)/2 -> 0 | AI53: =Y53/SUM($V53:$AC53)/2 -> 0 | AJ53: =Z53/SUM($V53:$AC53)/2 -> 0 | AK53: =AA53/SUM($V53:$AC53)/2 -> 0 | AL53: =AB53/SUM($V53:$AC53)/2 -> 0.41 | AM53: =AC53/SUM($V53:$AC53)/2 -> 0.09 | AN53: 0.2 | AO53: 0.24 | AP53: 0.06
C54: =IF(D53=8,C53+1,C53) -> 5 | D54: =D46 -> 2 | E54: =IFERROR(INT(OFFSET($AE$60,C54,D54)*10000),0) -> 1275 | F54: =IFERROR(INT(OFFSET($AE$43,C54,D54)*10000),0) -> 0 | K54: 副本11 | T54: 8 | U54: 副本11 | AB54: =MIN((H14*5*4+H14*5*16*0.5)*0.4,200%-AC54) -> 1.4 | AC54: =MIN((I14*5*4+I14*5*16*0.5)*0.4,120%) -> 0.6 | AE54: 副本11 | AF54: =V54/SUM($V54:$AC54)/2 -> 0 | AG54: =W54/SUM($V54:$AC54)/2 -> 0 | AH54: =X54/SUM($V54:$AC54)/2 -> 0 | AI54: =Y54/SUM($V54:$AC54)/2 -> 0 | AJ54: =Z54/SUM($V54:$AC54)/2 -> 0 | AK54: =AA54/SUM($V54:$AC54)/2 -> 0 | AL54: =AB54/SUM($V54:$AC54)/2 -> 0.35 | AM54: =AC54/SUM($V54:$AC54)/2 -> 0.15 | AN54: 0.2 | AO54: 0.24 | AP54: 0.06
C55: =IF(D54=8,C54+1,C54) -> 5 | D55: =D47 -> 3 | E55: =IFERROR(INT(OFFSET($AE$60,C55,D55)*10000),0) -> 4326 | F55: =IFERROR(INT(OFFSET($AE$43,C55,D55)*10000),0) -> 0 | K55: 副本12 | T55: 8 | U55: 副本12 | AB55: =MIN((H15*5*4+H15*5*16*0.5)*0.4,200%-AC55) -> 1.04 | AC55: =MIN((I15*5*4+I15*5*16*0.5)*0.4,120%) -> 0.96 | AE55: 副本12 | AF55: =V55/SUM($V55:$AC55)/2 -> 0 | AG55: =W55/SUM($V55:$AC55)/2 -> 0 | AH55: =X55/SUM($V55:$AC55)/2 -> 0 | AI55: =Y55/SUM($V55:$AC55)/2 -> 0 | AJ55: =Z55/SUM($V55:$AC55)/2 -> 0 | AK55: =AA55/SUM($V55:$AC55)/2 -> 0 | AL55: =AB55/SUM($V55:$AC55)/2 -> 0.26 | AM55: =AC55/SUM($V55:$AC55)/2 -> 0.24 | AN55: 0.2 | AO55: 0.24 | AP55: 0.06
C56: =IF(D55=8,C55+1,C55) -> 5 | D56: =D48 -> 4 | E56: =IFERROR(INT(OFFSET($AE$60,C56,D56)*10000),0) -> 2857 | F56: =IFERROR(INT(OFFSET($AE$43,C56,D56)*10000),0) -> 0 | K56: 副本13 | T56: 8 | U56: 副本13 | AB56: =MIN((H16*5*4+H16*5*16*0.5)*0.4,200%-AC56) -> 0.92 | AC56: =MIN((I16*5*4+I16*5*16*0.5)*0.4,120%) -> 1.08 | AE56: 副本13 | AF56: =V56/SUM($V56:$AC56)/2 -> 0 | AG56: =W56/SUM($V56:$AC56)/2 -> 0 | AH56: =X56/SUM($V56:$AC56)/2 -> 0 | AI56: =Y56/SUM($V56:$AC56)/2 -> 0 | AJ56: =Z56/SUM($V56:$AC56)/2 -> 0 | AK56: =AA56/SUM($V56:$AC56)/2 -> 0 | AL56: =AB56/SUM($V56:$AC56)/2 -> 0.23 | AM56: =AC56/SUM($V56:$AC56)/2 -> 0.27 | AN56: 0.2 | AO56: 0.24 | AP56: 0.06
C57: =IF(D56=8,C56+1,C56) -> 5 | D57: =D49 -> 5 | E57: =IFERROR(INT(OFFSET($AE$60,C57,D57)*10000),0) -> 1204 | F57: =IFERROR(INT(OFFSET($AE$43,C57,D57)*10000),0) -> 2000 | K57: 副本14 | T57: 8 | U57: 副本14 | AB57: =MIN((H17*5*4+H17*5*16*0.5)*0.4,200%-AC57) -> 0.8 | AC57: =MIN((I17*5*4+I17*5*16*0.5)*0.4,120%) -> 1.2 | AE57: 副本14 | AF57: =V57/SUM($V57:$AC57)/2 -> 0 | AG57: =W57/SUM($V57:$AC57)/2 -> 0 | AH57: =X57/SUM($V57:$AC57)/2 -> 0 | AI57: =Y57/SUM($V57:$AC57)/2 -> 0 | AJ57: =Z57/SUM($V57:$AC57)/2 -> 0 | AK57: =AA57/SUM($V57:$AC57)/2 -> 0 | AL57: =AB57/SUM($V57:$AC57)/2 -> 0.2 | AM57: =AC57/SUM($V57:$AC57)/2 -> 0.3 | AN57: 0.2 | AO57: 0.24 | AP57: 0.06
C58: =IF(D57=8,C57+1,C57) -> 5 | D58: =D50 -> 6 | E58: =IFERROR(INT(OFFSET($AE$60,C58,D58)*10000),0) -> 336 | F58: =IFERROR(INT(OFFSET($AE$43,C58,D58)*10000),0) -> 3000 | K58: 副本15 | T58: 8 | U58: 副本15 | AB58: =MIN((H18*5*4+H18*5*16*0.5)*0.4,200%-AC58) -> 0.8 | AC58: =MIN((I18*5*4+I18*5*16*0.5)*0.4,120%) -> 1.2 | AE58: 副本15 | AF58: =V58/SUM($V58:$AC58)/2 -> 0 | AG58: =W58/SUM($V58:$AC58)/2 -> 0 | AH58: =X58/SUM($V58:$AC58)/2 -> 0 | AI58: =Y58/SUM($V58:$AC58)/2 -> 0 | AJ58: =Z58/SUM($V58:$AC58)/2 -> 0 | AK58: =AA58/SUM($V58:$AC58)/2 -> 0 | AL58: =AB58/SUM($V58:$AC58)/2 -> 0.2 | AM58: =AC58/SUM($V58:$AC58)/2 -> 0.3 | AN58: 0.2 | AO58: 0.24 | AP58: 0.06
C59: =IF(D58=8,C58+1,C58) -> 5 | D59: =D51 -> 7 | E59: =IFERROR(INT(OFFSET($AE$60,C59,D59)*10000),0) -> 0 | F59: =IFERROR(INT(OFFSET($AE$43,C59,D59)*10000),0) -> 0
C60: =IF(D59=8,C59+1,C59) -> 5 | D60: =D52 -> 8 | E60: =IFERROR(INT(OFFSET($AE$60,C60,D60)*10000),0) -> 0 | F60: =IFERROR(INT(OFFSET($AE$43,C60,D60)*10000),0) -> 0 | T60: 队友 | U60: 副本1 | V60: =IFERROR(IF(MATCH(V$43,$V$43:$AC$43,0)=$T44,B4*5*4+B4*5*16/V76,B4*5*4+B4*5*16/V76),"") -> 10 | W60: =IFERROR(IF(MATCH(W$43,$V$43:$AC$43,0)=$T44,C4*5*4+C4*5*16/W76,C4*5*4+C4*5*16/W76),"") -> 38.2 | X60: =IFERROR(IF(MATCH(X$43,$V$43:$AC$43,0)=$T44,D4*5*4+D4*5*16/X76,D4*5*4+D4*5*16/X76),"") -> 32 | Y60: =IFERROR(IF(MATCH(Y$43,$V$43:$AC$43,0)=$T44,E4*5*4+E4*5*16/Y76,E4*5*4+E4*5*16/Y76),"") -> 16.8 | Z60: =IFERROR(IF(MATCH(Z$43,$V$43:$AC$43,0)=$T44,F4*5*4+F4*5*16/Z76,F4*5*4+F4*5*16/Z76),"") -> 3 | AA60: =IFERROR(IF(MATCH(AA$43,$V$43:$AC$43,0)=$T44,G4*5*4+G4*5*16/AA76,G4*5*4+G4*5*16/AA76),"") | AB60: =IFERROR(IF(MATCH(AB$43,$V$43:$AC$43,0)=$T44,H4*5*4+H4*5*16/AB76,H4*5*4+H4*5*16/AB76),"") | AC60: =IFERROR(IF(MATCH(AC$43,$V$43:$AC$43,0)=$T44,I4*5*4+I4*5*16/AC76,I4*5*4+I4*5*16/AC76),"") | AE60: 宝箱概率 | AF60: 白 | AG60: 绿 | AH60: 蓝 | AI60: 紫 | AJ60: 橙 | AK60: 红 | AL60: 粉 | AM60: 彩
C61: =IF(D60=8,C60+1,C60) -> 6 | D61: =D53 -> 1 | E61: =IFERROR(INT(OFFSET($AE$60,C61,D61)*10000),0) -> 0 | F61: =IFERROR(INT(OFFSET($AE$43,C61,D61)*10000),0) -> 0 | U61: 副本2 | V61: =IFERROR(IF(MATCH(V$43,$V$43:$AC$43,0)=$T45,B5*5*4+B5*5*16/V77,B5*5*4+B5*5*16/V77),"") -> 10 | W61: =IFERROR(IF(MATCH(W$43,$V$43:$AC$43,0)=$T45,C5*5*4+C5*5*16/W77,C5*5*4+C5*5*16/W77),"") -> 19 | X61: =IFERROR(IF(MATCH(X$43,$V$43:$AC$43,0)=$T45,D5*5*4+D5*5*16/X77,D5*5*4+D5*5*16/X77),"") -> 44 | Y61: =IFERROR(IF(MATCH(Y$43,$V$43:$AC$43,0)=$T45,E5*5*4+E5*5*16/Y77,E5*5*4+E5*5*16/Y77),"") -> 21 | Z61: =IFERROR(IF(MATCH(Z$43,$V$43:$AC$43,0)=$T45,F5*5*4+F5*5*16/Z77,F5*5*4+F5*5*16/Z77),"") -> 6 | AA61: =IFERROR(IF(MATCH(AA$43,$V$43:$AC$43,0)=$T45,G5*5*4+G5*5*16/AA77,G5*5*4+G5*5*16/AA77),"") | AB61: =IFERROR(IF(MATCH(AB$43,$V$43:$AC$43,0)=$T45,H5*5*4+H5*5*16/AB77,H5*5*4+H5*5*16/AB77),"") | AC61: =IFERROR(IF(MATCH(AC$43,$V$43:$AC$43,0)=$T45,I5*5*4+I5*5*16/AC77,I5*5*4+I5*5*16/AC77),"") | AE61: 副本1 | AF61: =IFERROR((V60-V44)/(SUM($V60:$AC60)-SUM($V44:$AC44)),"") -> 0.10416667 | AG61: =IFERROR((W60-W44)/(SUM($V60:$AC60)-SUM($V44:$AC44)),"") -> 0.39791667 | AH61: =IFERROR((X60-X44)/(SUM($V60:$AC60)-SUM($V44:$AC44)),"") -> 0.33333333 | AI61: =IFERROR((Y60-Y44)/(SUM($V60:$AC60)-SUM($V44:$AC44)),"") -> 0.14583333 | AJ61: =IFERROR((Z60-Z44)/(SUM($V60:$AC60)-SUM($V44:$AC44)),"") -> 0.01875 | AK61: =IFERROR((AA60-AA44)/(SUM($V60:$AC60)-SUM($V44:$AC44)),"") | AL61: =IFERROR((AB60-AB44)/(SUM($V60:$AC60)-SUM($V44:$AC44)),"") | AM61: =IFERROR((AC60-AC44)/(SUM($V60:$AC60)-SUM($V44:$AC44)),"")
C62: =IF(D61=8,C61+1,C61) -> 6 | D62: =D54 -> 2 | E62: =IFERROR(INT(OFFSET($AE$60,C62,D62)*10000),0) -> 765 | F62: =IFERROR(INT(OFFSET($AE$43,C62,D62)*10000),0) -> 0 | U62: 副本3 | V62: =IFERROR(IF(MATCH(V$43,$V$43:$AC$43,0)=$T46,B6*5*4+B6*5*16/V78,B6*5*4+B6*5*16/V78),"") -> 5 | W62: =IFERROR(IF(MATCH(W$43,$V$43:$AC$43,0)=$T46,C6*5*4+C6*5*16/W78,C6*5*4+C6*5*16/W78),"") -> 15 | X62: =IFERROR(IF(MATCH(X$43,$V$43:$AC$43,0)=$T46,D6*5*4+D6*5*16/X78,D6*5*4+D6*5*16/X78),"") -> 42 | Y62: =IFERROR(IF(MATCH(Y$43,$V$43:$AC$43,0)=$T46,E6*5*4+E6*5*16/Y78,E6*5*4+E6*5*16/Y78),"") -> 26 | Z62: =IFERROR(IF(MATCH(Z$43,$V$43:$AC$43,0)=$T46,F6*5*4+F6*5*16/Z78,F6*5*4+F6*5*16/Z78),"") -> 10.5 | AA62: =IFERROR(IF(MATCH(AA$43,$V$43:$AC$43,0)=$T46,G6*5*4+G6*5*16/AA78,G6*5*4+G6*5*16/AA78),"") -> 1.5 | AB62: =IFERROR(IF(MATCH(AB$43,$V$43:$AC$43,0)=$T46,H6*5*4+H6*5*16/AB78,H6*5*4+H6*5*16/AB78),"") | AC62: =IFERROR(IF(MATCH(AC$43,$V$43:$AC$43,0)=$T46,I6*5*4+I6*5*16/AC78,I6*5*4+I6*5*16/AC78),"") | AE62: 副本2 | AF62: =IFERROR((V61-V45)/(SUM($V61:$AC61)-SUM($V45:$AC45)),"") -> 0.10416667 | AG62: =IFERROR((W61-W45)/(SUM($V61:$AC61)-SUM($V45:$AC45)),"") -> 0.19791667 | AH62: =IFERROR((X61-X45)/(SUM($V61:$AC61)-SUM($V45:$AC45)),"") -> 0.45833333 | AI62: =IFERROR((Y61-Y45)/(SUM($V61:$AC61)-SUM($V45:$AC45)),"") -> 0.20208333 | AJ62: =IFERROR((Z61-Z45)/(SUM($V61:$AC61)-SUM($V45:$AC45)),"") -> 0.0375 | AK62: =IFERROR((AA61-AA45)/(SUM($V61:$AC61)-SUM($V45:$AC45)),"") | AL62: =IFERROR((AB61-AB45)/(SUM($V61:$AC61)-SUM($V45:$AC45)),"") | AM62: =IFERROR((AC61-AC45)/(SUM($V61:$AC61)-SUM($V45:$AC45)),"")
C63: =IF(D62=8,C62+1,C62) -> 6 | D63: =D55 -> 3 | E63: =IFERROR(INT(OFFSET($AE$60,C63,D63)*10000),0) -> 4081 | F63: =IFERROR(INT(OFFSET($AE$43,C63,D63)*10000),0) -> 0 | U63: 副本4 | V63: =IFERROR(IF(MATCH(V$43,$V$43:$AC$43,0)=$T47,B7*5*4+B7*5*16/V79,B7*5*4+B7*5*16/V79),"") -> 2.5 | W63: =IFERROR(IF(MATCH(W$43,$V$43:$AC$43,0)=$T47,C7*5*4+C7*5*16/W79,C7*5*4+C7*5*16/W79),"") -> 15 | X63: =IFERROR(IF(MATCH(X$43,$V$43:$AC$43,0)=$T47,D7*5*4+D7*5*16/X79,D7*5*4+D7*5*16/X79),"") -> 42 | Y63: =IFERROR(IF(MATCH(Y$43,$V$43:$AC$43,0)=$T47,E7*5*4+E7*5*16/Y79,E7*5*4+E7*5*16/Y79),"") -> 27 | Z63: =IFERROR(IF(MATCH(Z$43,$V$43:$AC$43,0)=$T47,F7*5*4+F7*5*16/Z79,F7*5*4+F7*5*16/Z79),"") -> 10.5 | AA63: =IFERROR(IF(MATCH(AA$43,$V$43:$AC$43,0)=$T47,G7*5*4+G7*5*16/AA79,G7*5*4+G7*5*16/AA79),"") -> 3 | AB63: =IFERROR(IF(MATCH(AB$43,$V$43:$AC$43,0)=$T47,H7*5*4+H7*5*16/AB79,H7*5*4+H7*5*16/AB79),"") | AC63: =IFERROR(IF(MATCH(AC$43,$V$43:$AC$43,0)=$T47,I7*5*4+I7*5*16/AC79,I7*5*4+I7*5*16/AC79),"") | AE63: 副本3 | AF63: =IFERROR((V62-V46)/(SUM($V62:$AC62)-SUM($V46:$AC46)),"") -> 0.051020408 | AG63: =IFERROR((W62-W46)/(SUM($V62:$AC62)-SUM($V46:$AC46)),"") -> 0.15306122 | AH63: =IFERROR((X62-X46)/(SUM($V62:$AC62)-SUM($V46:$AC46)),"") -> 0.42857143 | AI63: =IFERROR((Y62-Y46)/(SUM($V62:$AC62)-SUM($V46:$AC46)),"") -> 0.26530612 | AJ63: =IFERROR((Z62-Z46)/(SUM($V62:$AC62)-SUM($V46:$AC46)),"") -> 0.092857143 | AK63: =IFERROR((AA62-AA46)/(SUM($V62:$AC62)-SUM($V46:$AC46)),"") -> 0.0091836735 | AL63: =IFERROR((AB62-AB46)/(SUM($V62:$AC62)-SUM($V46:$AC46)),"") | AM63: =IFERROR((AC62-AC46)/(SUM($V62:$AC62)-SUM($V46:$AC46)),"")
C64: =IF(D63=8,C63+1,C63) -> 6 | D64: =D56 -> 4 | E64: =IFERROR(INT(OFFSET($AE$60,C64,D64)*10000),0) -> 2714 | F64: =IFERROR(INT(OFFSET($AE$43,C64,D64)*10000),0) -> 0 | U64: 副本5 | V64: =IFERROR(IF(MATCH(V$43,$V$43:$AC$43,0)=$T48,B8*5*4+B8*5*16/V80,B8*5*4+B8*5*16/V80),"") | W64: =IFERROR(IF(MATCH(W$43,$V$43:$AC$43,0)=$T48,C8*5*4+C8*5*16/W80,C8*5*4+C8*5*16/W80),"") -> 12.5 | X64: =IFERROR(IF(MATCH(X$43,$V$43:$AC$43,0)=$T48,D8*5*4+D8*5*16/X80,D8*5*4+D8*5*16/X80),"") -> 42.4 | Y64: =IFERROR(IF(MATCH(Y$43,$V$43:$AC$43,0)=$T48,E8*5*4+E8*5*16/Y80,E8*5*4+E8*5*16/Y80),"") -> 28 | Z64: =IFERROR(IF(MATCH(Z$43,$V$43:$AC$43,0)=$T48,F8*5*4+F8*5*16/Z80,F8*5*4+F8*5*16/Z80),"") -> 12.6 | AA64: =IFERROR(IF(MATCH(AA$43,$V$43:$AC$43,0)=$T48,G8*5*4+G8*5*16/AA80,G8*5*4+G8*5*16/AA80),"") -> 4.5 | AB64: =IFERROR(IF(MATCH(AB$43,$V$43:$AC$43,0)=$T48,H8*5*4+H8*5*16/AB80,H8*5*4+H8*5*16/AB80),"") | AC64: =IFERROR(IF(MATCH(AC$43,$V$43:$AC$43,0)=$T48,I8*5*4+I8*5*16/AC80,I8*5*4+I8*5*16/AC80),"") | AE64: 副本4 | AF64: =IFERROR((V63-V47)/(SUM($V63:$AC63)-SUM($V47:$AC47)),"") -> 0.025510204 | AG64: =IFERROR((W63-W47)/(SUM($V63:$AC63)-SUM($V47:$AC47)),"") -> 0.15306122 | AH64: =IFERROR((X63-X47)/(SUM($V63:$AC63)-SUM($V47:$AC47)),"") -> 0.42857143 | AI64: =IFERROR((Y63-Y47)/(SUM($V63:$AC63)-SUM($V47:$AC47)),"") -> 0.2755102 | AJ64: =IFERROR((Z63-Z47)/(SUM($V63:$AC63)-SUM($V47:$AC47)),"") -> 0.098979592 | AK64: =IFERROR((AA63-AA47)/(SUM($V63:$AC63)-SUM($V47:$AC47)),"") -> 0.018367347 | AL64: =IFERROR((AB63-AB47)/(SUM($V63:$AC63)-SUM($V47:$AC47)),"") | AM64: =IFERROR((AC63-AC47)/(SUM($V63:$AC63)-SUM($V47:$AC47)),"")
C65: =IF(D64=8,C64+1,C64) -> 6 | D65: =D57 -> 5 | E65: =IFERROR(INT(OFFSET($AE$60,C65,D65)*10000),0) -> 1632 | F65: =IFERROR(INT(OFFSET($AE$43,C65,D65)*10000),0) -> 0 | U65: 副本6 | V65: =IFERROR(IF(MATCH(V$43,$V$43:$AC$43,0)=$T49,B9*5*4+B9*5*16/V81,B9*5*4+B9*5*16/V81),"") | W65: =IFERROR(IF(MATCH(W$43,$V$43:$AC$43,0)=$T49,C9*5*4+C9*5*16/W81,C9*5*4+C9*5*16/W81),"") -> 7.5 | X65: =IFERROR(IF(MATCH(X$43,$V$43:$AC$43,0)=$T49,D9*5*4+D9*5*16/X81,D9*5*4+D9*5*16/X81),"") -> 40 | Y65: =IFERROR(IF(MATCH(Y$43,$V$43:$AC$43,0)=$T49,E9*5*4+E9*5*16/Y81,E9*5*4+E9*5*16/Y81),"") -> 26.6 | Z65: =IFERROR(IF(MATCH(Z$43,$V$43:$AC$43,0)=$T49,F9*5*4+F9*5*16/Z81,F9*5*4+F9*5*16/Z81),"") -> 16 | AA65: =IFERROR(IF(MATCH(AA$43,$V$43:$AC$43,0)=$T49,G9*5*4+G9*5*16/AA81,G9*5*4+G9*5*16/AA81),"") -> 8.4 | AB65: =IFERROR(IF(MATCH(AB$43,$V$43:$AC$43,0)=$T49,H9*5*4+H9*5*16/AB81,H9*5*4+H9*5*16/AB81),"") -> 1.5 | AC65: =IFERROR(IF(MATCH(AC$43,$V$43:$AC$43,0)=$T49,I9*5*4+I9*5*16/AC81,I9*5*4+I9*5*16/AC81),"") | AE65: 副本5 | AF65: =IFERROR((V64-V48)/(SUM($V64:$AC64)-SUM($V48:$AC48)),"") | AG65: =IFERROR((W64-W48)/(SUM($V64:$AC64)-SUM($V48:$AC48)),"") -> 0.12755102 | AH65: =IFERROR((X64-X48)/(SUM($V64:$AC64)-SUM($V48:$AC48)),"") -> 0.43265306 | AI65: =IFERROR((Y64-Y48)/(SUM($V64:$AC64)-SUM($V48:$AC48)),"") -> 0.28571429 | AJ65: =IFERROR((Z64-Z48)/(SUM($V64:$AC64)-SUM($V48:$AC48)),"") -> 0.12040816 | AK65: =IFERROR((AA64-AA48)/(SUM($V64:$AC64)-SUM($V48:$AC48)),"") -> 0.033673469 | AL65: =IFERROR((AB64-AB48)/(SUM($V64:$AC64)-SUM($V48:$AC48)),"") | AM65: =IFERROR((AC64-AC48)/(SUM($V64:$AC64)-SUM($V48:$AC48)),"")
C66: =IF(D65=8,C65+1,C65) -> 6 | D66: =D58 -> 6 | E66: =IFERROR(INT(OFFSET($AE$60,C66,D66)*10000),0) -> 714 | F66: =IFERROR(INT(OFFSET($AE$43,C66,D66)*10000),0) -> 3500 | U66: 副本7 | V66: =IFERROR(IF(MATCH(V$43,$V$43:$AC$43,0)=$T50,B10*5*4+B10*5*16/V82,B10*5*4+B10*5*16/V82),"") | W66: =IFERROR(IF(MATCH(W$43,$V$43:$AC$43,0)=$T50,C10*5*4+C10*5*16/W82,C10*5*4+C10*5*16/W82),"") -> 3.5 | X66: =IFERROR(IF(MATCH(X$43,$V$43:$AC$43,0)=$T50,D10*5*4+D10*5*16/X82,D10*5*4+D10*5*16/X82),"") -> 40 | Y66: =IFERROR(IF(MATCH(Y$43,$V$43:$AC$43,0)=$T50,E10*5*4+E10*5*16/Y82,E10*5*4+E10*5*16/Y82),"") -> 26.84 | Z66: =IFERROR(IF(MATCH(Z$43,$V$43:$AC$43,0)=$T50,F10*5*4+F10*5*16/Z82,F10*5*4+F10*5*16/Z82),"") -> 17.6 | AA66: =IFERROR(IF(MATCH(AA$43,$V$43:$AC$43,0)=$T50,G10*5*4+G10*5*16/AA82,G10*5*4+G10*5*16/AA82),"") -> 9.66 | AB66: =IFERROR(IF(MATCH(AB$43,$V$43:$AC$43,0)=$T50,H10*5*4+H10*5*16/AB82,H10*5*4+H10*5*16/AB82),"") -> 2.4 | AC66: =IFERROR(IF(MATCH(AC$43,$V$43:$AC$43,0)=$T50,I10*5*4+I10*5*16/AC82,I10*5*4+I10*5*16/AC82),"") | AE66: 副本6 | AF66: =IFERROR((V65-V49)/(SUM($V65:$AC65)-SUM($V49:$AC49)),"") | AG66: =IFERROR((W65-W49)/(SUM($V65:$AC65)-SUM($V49:$AC49)),"") -> 0.076530612 | AH66: =IFERROR((X65-X49)/(SUM($V65:$AC65)-SUM($V49:$AC49)),"") -> 0.40816327 | AI66: =IFERROR((Y65-Y49)/(SUM($V65:$AC65)-SUM($V49:$AC49)),"") -> 0.27142857 | AJ66: =IFERROR((Z65-Z49)/(SUM($V65:$AC65)-SUM($V49:$AC49)),"") -> 0.16326531 | AK66: =IFERROR((AA65-AA49)/(SUM($V65:$AC65)-SUM($V49:$AC49)),"") -> 0.071428571 | AL66: =IFERROR((AB65-AB49)/(SUM($V65:$AC65)-SUM($V49:$AC49)),"") -> 0.0091836735 | AM66: =IFERROR((AC65-AC49)/(SUM($V65:$AC65)-SUM($V49:$AC49)),"")
C67: =IF(D66=8,C66+1,C66) -> 6 | D67: =D59 -> 7 | E67: =IFERROR(INT(OFFSET($AE$60,C67,D67)*10000),0) -> 91 | F67: =IFERROR(INT(OFFSET($AE$43,C67,D67)*10000),0) -> 1500 | U67: 副本8 | V67: =IFERROR(IF(MATCH(V$43,$V$43:$AC$43,0)=$T51,B11*5*4+B11*5*16/V83,B11*5*4+B11*5*16/V83),"") | W67: =IFERROR(IF(MATCH(W$43,$V$43:$AC$43,0)=$T51,C11*5*4+C11*5*16/W83,C11*5*4+C11*5*16/W83),"") | X67: =IFERROR(IF(MATCH(X$43,$V$43:$AC$43,0)=$T51,D11*5*4+D11*5*16/X83,D11*5*4+D11*5*16/X83),"") -> 34.5 | Y67: =IFERROR(IF(MATCH(Y$43,$V$43:$AC$43,0)=$T51,E11*5*4+E11*5*16/Y83,E11*5*4+E11*5*16/Y83),"") -> 32.08 | Z67: =IFERROR(IF(MATCH(Z$43,$V$43:$AC$43,0)=$T51,F11*5*4+F11*5*16/Z83,F11*5*4+F11*5*16/Z83),"") -> 19.2 | AA67: =IFERROR(IF(MATCH(AA$43,$V$43:$AC$43,0)=$T51,G11*5*4+G11*5*16/AA83,G11*5*4+G11*5*16/AA83),"") -> 10.92 | AB67: =IFERROR(IF(MATCH(AB$43,$V$43:$AC$43,0)=$T51,H11*5*4+H11*5*16/AB83,H11*5*4+H11*5*16/AB83),"") -> 3.3 | AC67: =IFERROR(IF(MATCH(AC$43,$V$43:$AC$43,0)=$T51,I11*5*4+I11*5*16/AC83,I11*5*4+I11*5*16/AC83),"") | AE67: 副本7 | AF67: =IFERROR((V66-V50)/(SUM($V66:$AC66)-SUM($V50:$AC50)),"") | AG67: =IFERROR((W66-W50)/(SUM($V66:$AC66)-SUM($V50:$AC50)),"") -> 0.035714286 | AH67: =IFERROR((X66-X50)/(SUM($V66:$AC66)-SUM($V50:$AC50)),"") -> 0.40816327 | AI67: =IFERROR((Y66-Y50)/(SUM($V66:$AC66)-SUM($V50:$AC50)),"") -> 0.27387755 | AJ67: =IFERROR((Z66-Z50)/(SUM($V66:$AC66)-SUM($V50:$AC50)),"") -> 0.17959184 | AK67: =IFERROR((AA66-AA50)/(SUM($V66:$AC66)-SUM($V50:$AC50)),"") -> 0.087959184 | AL67: =IFERROR((AB66-AB50)/(SUM($V66:$AC66)-SUM($V50:$AC50)),"") -> 0.014693878 | AM67: =IFERROR((AC66-AC50)/(SUM($V66:$AC66)-SUM($V50:$AC50)),"")
C68: =IF(D67=8,C67+1,C67) -> 6 | D68: =D60 -> 8 | E68: =IFERROR(INT(OFFSET($AE$60,C68,D68)*10000),0) -> 0 | F68: =IFERROR(INT(OFFSET($AE$43,C68,D68)*10000),0) -> 0 | U68: 副本9 | V68: =IFERROR(IF(MATCH(V$43,$V$43:$AC$43,0)=$T52,B12*5*4+B12*5*16/V84,B12*5*4+B12*5*16/V84),"") | W68: =IFERROR(IF(MATCH(W$43,$V$43:$AC$43,0)=$T52,C12*5*4+C12*5*16/W84,C12*5*4+C12*5*16/W84),"") | X68: =IFERROR(IF(MATCH(X$43,$V$43:$AC$43,0)=$T52,D12*5*4+D12*5*16/X84,D12*5*4+D12*5*16/X84),"") -> 25 | Y68: =IFERROR(IF(MATCH(Y$43,$V$43:$AC$43,0)=$T52,E12*5*4+E12*5*16/Y84,E12*5*4+E12*5*16/Y84),"") -> 37.32 | Z68: =IFERROR(IF(MATCH(Z$43,$V$43:$AC$43,0)=$T52,F12*5*4+F12*5*16/Z84,F12*5*4+F12*5*16/Z84),"") -> 21 | AA68: =IFERROR(IF(MATCH(AA$43,$V$43:$AC$43,0)=$T52,G12*5*4+G12*5*16/AA84,G12*5*4+G12*5*16/AA84),"") -> 12.18 | AB68: =IFERROR(IF(MATCH(AB$43,$V$43:$AC$43,0)=$T52,H12*5*4+H12*5*16/AB84,H12*5*4+H12*5*16/AB84),"") -> 4.5 | AC68: =IFERROR(IF(MATCH(AC$43,$V$43:$AC$43,0)=$T52,I12*5*4+I12*5*16/AC84,I12*5*4+I12*5*16/AC84),"") | AE68: 副本8 | AF68: =IFERROR((V67-V51)/(SUM($V67:$AC67)-SUM($V51:$AC51)),"") | AG68: =IFERROR((W67-W51)/(SUM($V67:$AC67)-SUM($V51:$AC51)),"") | AH68: =IFERROR((X67-X51)/(SUM($V67:$AC67)-SUM($V51:$AC51)),"") -> 0.35204082 | AI68: =IFERROR((Y67-Y51)/(SUM($V67:$AC67)-SUM($V51:$AC51)),"") -> 0.32734694 | AJ68: =IFERROR((Z67-Z51)/(SUM($V67:$AC67)-SUM($V51:$AC51)),"") -> 0.19591837 | AK68: =IFERROR((AA67-AA51)/(SUM($V67:$AC67)-SUM($V51:$AC51)),"") -> 0.10326531 | AL68: =IFERROR((AB67-AB51)/(SUM($V67:$AC67)-SUM($V51:$AC51)),"") -> 0.021428571 | AM68: =IFERROR((AC67-AC51)/(SUM($V67:$AC67)-SUM($V51:$AC51)),"")
C69: =IF(D68=8,C68+1,C68) -> 7 | D69: =D61 -> 1 | E69: =IFERROR(INT(OFFSET($AE$60,C69,D69)*10000),0) -> 0 | F69: =IFERROR(INT(OFFSET($AE$43,C69,D69)*10000),0) -> 0 | U69: 副本10 | V69: =IFERROR(IF(MATCH(V$43,$V$43:$AC$43,0)=$T53,B13*5*4+B13*5*16/V85,B13*5*4+B13*5*16/V85),"") | W69: =IFERROR(IF(MATCH(W$43,$V$43:$AC$43,0)=$T53,C13*5*4+C13*5*16/W85,C13*5*4+C13*5*16/W85),"") | X69: =IFERROR(IF(MATCH(X$43,$V$43:$AC$43,0)=$T53,D13*5*4+D13*5*16/X85,D13*5*4+D13*5*16/X85),"") -> 13.5 | Y69: =IFERROR(IF(MATCH(Y$43,$V$43:$AC$43,0)=$T53,E13*5*4+E13*5*16/Y85,E13*5*4+E13*5*16/Y85),"") -> 40 | Z69: =IFERROR(IF(MATCH(Z$43,$V$43:$AC$43,0)=$T53,F13*5*4+F13*5*16/Z85,F13*5*4+F13*5*16/Z85),"") -> 21.44 | AA69: =IFERROR(IF(MATCH(AA$43,$V$43:$AC$43,0)=$T53,G13*5*4+G13*5*16/AA85,G13*5*4+G13*5*16/AA85),"") -> 16.6 | AB69: =IFERROR(IF(MATCH(AB$43,$V$43:$AC$43,0)=$T53,H13*5*4+H13*5*16/AB85,H13*5*4+H13*5*16/AB85),"") -> 7.56 | AC69: =IFERROR(IF(MATCH(AC$43,$V$43:$AC$43,0)=$T53,I13*5*4+I13*5*16/AC85,I13*5*4+I13*5*16/AC85),"") -> 0.9 | AE69: 副本9 | AF69: =IFERROR((V68-V52)/(SUM($V68:$AC68)-SUM($V52:$AC52)),"") | AG69: =IFERROR((W68-W52)/(SUM($V68:$AC68)-SUM($V52:$AC52)),"") | AH69: =IFERROR((X68-X52)/(SUM($V68:$AC68)-SUM($V52:$AC52)),"") -> 0.25510204 | AI69: =IFERROR((Y68-Y52)/(SUM($V68:$AC68)-SUM($V52:$AC52)),"") -> 0.38081633 | AJ69: =IFERROR((Z68-Z52)/(SUM($V68:$AC68)-SUM($V52:$AC52)),"") -> 0.21428571 | AK69: =IFERROR((AA68-AA52)/(SUM($V68:$AC68)-SUM($V52:$AC52)),"") -> 0.11612245 | AL69: =IFERROR((AB68-AB52)/(SUM($V68:$AC68)-SUM($V52:$AC52)),"") -> 0.033673469 | AM69: =IFERROR((AC68-AC52)/(SUM($V68:$AC68)-SUM($V52:$AC52)),"")
C70: =IF(D69=8,C69+1,C69) -> 7 | D70: =D62 -> 2 | E70: =IFERROR(INT(OFFSET($AE$60,C70,D70)*10000),0) -> 357 | F70: =IFERROR(INT(OFFSET($AE$43,C70,D70)*10000),0) -> 0 | U70: 副本11 | V70: =IFERROR(IF(MATCH(V$43,$V$43:$AC$43,0)=$T54,B14*5*4+B14*5*16/V86,B14*5*4+B14*5*16/V86),"") | W70: =IFERROR(IF(MATCH(W$43,$V$43:$AC$43,0)=$T54,C14*5*4+C14*5*16/W86,C14*5*4+C14*5*16/W86),"") | X70: =IFERROR(IF(MATCH(X$43,$V$43:$AC$43,0)=$T54,D14*5*4+D14*5*16/X86,D14*5*4+D14*5*16/X86),"") | Y70: =IFERROR(IF(MATCH(Y$43,$V$43:$AC$43,0)=$T54,E14*5*4+E14*5*16/Y86,E14*5*4+E14*5*16/Y86),"") -> 45.5 | Z70: =IFERROR(IF(MATCH(Z$43,$V$43:$AC$43,0)=$T54,F14*5*4+F14*5*16/Z86,F14*5*4+F14*5*16/Z86),"") -> 26.6 | AA70: =IFERROR(IF(MATCH(AA$43,$V$43:$AC$43,0)=$T54,G14*5*4+G14*5*16/AA86,G14*5*4+G14*5*16/AA86),"") -> 18 | AB70: =IFERROR(IF(MATCH(AB$43,$V$43:$AC$43,0)=$T54,H14*5*4+H14*5*16/AB86,H14*5*4+H14*5*16/AB86),"") -> 8.4 | AC70: =IFERROR(IF(MATCH(AC$43,$V$43:$AC$43,0)=$T54,I14*5*4+I14*5*16/AC86,I14*5*4+I14*5*16/AC86),"") -> 1.5 | AE70: 副本10 | AF70: =IFERROR((V69-V53)/(SUM($V69:$AC69)-SUM($V53:$AC53)),"") | AG70: =IFERROR((W69-W53)/(SUM($V69:$AC69)-SUM($V53:$AC53)),"") | AH70: =IFERROR((X69-X53)/(SUM($V69:$AC69)-SUM($V53:$AC53)),"") -> 0.1377551 | AI70: =IFERROR((Y69-Y53)/(SUM($V69:$AC69)-SUM($V53:$AC53)),"") -> 0.40816327 | AJ70: =IFERROR((Z69-Z53)/(SUM($V69:$AC69)-SUM($V53:$AC53)),"") -> 0.21877551 | AK70: =IFERROR((AA69-AA53)/(SUM($V69:$AC69)-SUM($V53:$AC53)),"") -> 0.16938776 | AL70: =IFERROR((AB69-AB53)/(SUM($V69:$AC69)-SUM($V53:$AC53)),"") -> 0.060408163 | AM70: =IFERROR((AC69-AC53)/(SUM($V69:$AC69)-SUM($V53:$AC53)),"") -> 0.0055102041
C71: =IF(D70=8,C70+1,C70) -> 7 | D71: =D63 -> 3 | E71: =IFERROR(INT(OFFSET($AE$60,C71,D71)*10000),0) -> 4081 | F71: =IFERROR(INT(OFFSET($AE$43,C71,D71)*10000),0) -> 0 | U71: 副本12 | V71: =IFERROR(IF(MATCH(V$43,$V$43:$AC$43,0)=$T55,B15*5*4+B15*5*16/V87,B15*5*4+B15*5*16/V87),"") | W71: =IFERROR(IF(MATCH(W$43,$V$43:$AC$43,0)=$T55,C15*5*4+C15*5*16/W87,C15*5*4+C15*5*16/W87),"") | X71: =IFERROR(IF(MATCH(X$43,$V$43:$AC$43,0)=$T55,D15*5*4+D15*5*16/X87,D15*5*4+D15*5*16/X87),"") | Y71: =IFERROR(IF(MATCH(Y$43,$V$43:$AC$43,0)=$T55,E15*5*4+E15*5*16/Y87,E15*5*4+E15*5*16/Y87),"") -> 37 | Z71: =IFERROR(IF(MATCH(Z$43,$V$43:$AC$43,0)=$T55,F15*5*4+F15*5*16/Z87,F15*5*4+F15*5*16/Z87),"") -> 31.76 | AA71: =IFERROR(IF(MATCH(AA$43,$V$43:$AC$43,0)=$T55,G15*5*4+G15*5*16/AA87,G15*5*4+G15*5*16/AA87),"") -> 19.6 | AB71: =IFERROR(IF(MATCH(AB$43,$V$43:$AC$43,0)=$T55,H15*5*4+H15*5*16/AB87,H15*5*4+H15*5*16/AB87),"") -> 9.24 | AC71: =IFERROR(IF(MATCH(AC$43,$V$43:$AC$43,0)=$T55,I15*5*4+I15*5*16/AC87,I15*5*4+I15*5*16/AC87),"") -> 2.4 | AE71: 副本11 | AF71: =IFERROR((V70-V54)/(SUM($V70:$AC70)-SUM($V54:$AC54)),"") | AG71: =IFERROR((W70-W54)/(SUM($V70:$AC70)-SUM($V54:$AC54)),"") | AH71: =IFERROR((X70-X54)/(SUM($V70:$AC70)-SUM($V54:$AC54)),"") | AI71: =IFERROR((Y70-Y54)/(SUM($V70:$AC70)-SUM($V54:$AC54)),"") -> 0.46428571 | AJ71: =IFERROR((Z70-Z54)/(SUM($V70:$AC70)-SUM($V54:$AC54)),"") -> 0.27142857 | AK71: =IFERROR((AA70-AA54)/(SUM($V70:$AC70)-SUM($V54:$AC54)),"") -> 0.18367347 | AL71: =IFERROR((AB70-AB54)/(SUM($V70:$AC70)-SUM($V54:$AC54)),"") -> 0.071428571 | AM71: =IFERROR((AC70-AC54)/(SUM($V70:$AC70)-SUM($V54:$AC54)),"") -> 0.0091836735
C72: =IF(D71=8,C71+1,C71) -> 7 | D72: =D64 -> 4 | E72: =IFERROR(INT(OFFSET($AE$60,C72,D72)*10000),0) -> 2738 | F72: =IFERROR(INT(OFFSET($AE$43,C72,D72)*10000),0) -> 0 | U72: 副本13 | V72: =IFERROR(IF(MATCH(V$43,$V$43:$AC$43,0)=$T56,B16*5*4+B16*5*16/V88,B16*5*4+B16*5*16/V88),"") | W72: =IFERROR(IF(MATCH(W$43,$V$43:$AC$43,0)=$T56,C16*5*4+C16*5*16/W88,C16*5*4+C16*5*16/W88),"") | X72: =IFERROR(IF(MATCH(X$43,$V$43:$AC$43,0)=$T56,D16*5*4+D16*5*16/X88,D16*5*4+D16*5*16/X88),"") | Y72: =IFERROR(IF(MATCH(Y$43,$V$43:$AC$43,0)=$T56,E16*5*4+E16*5*16/Y88,E16*5*4+E16*5*16/Y88),"") -> 29.5 | Z72: =IFERROR(IF(MATCH(Z$43,$V$43:$AC$43,0)=$T56,F16*5*4+F16*5*16/Z88,F16*5*4+F16*5*16/Z88),"") -> 36.92 | AA72: =IFERROR(IF(MATCH(AA$43,$V$43:$AC$43,0)=$T56,G16*5*4+G16*5*16/AA88,G16*5*4+G16*5*16/AA88),"") -> 20.8 | AB72: =IFERROR(IF(MATCH(AB$43,$V$43:$AC$43,0)=$T56,H16*5*4+H16*5*16/AB88,H16*5*4+H16*5*16/AB88),"") -> 10.08 | AC72: =IFERROR(IF(MATCH(AC$43,$V$43:$AC$43,0)=$T56,I16*5*4+I16*5*16/AC88,I16*5*4+I16*5*16/AC88),"") -> 2.7 | AE72: 副本12 | AF72: =IFERROR((V71-V55)/(SUM($V71:$AC71)-SUM($V55:$AC55)),"") | AG72: =IFERROR((W71-W55)/(SUM($V71:$AC71)-SUM($V55:$AC55)),"") | AH72: =IFERROR((X71-X55)/(SUM($V71:$AC71)-SUM($V55:$AC55)),"") | AI72: =IFERROR((Y71-Y55)/(SUM($V71:$AC71)-SUM($V55:$AC55)),"") -> 0.37755102 | AJ72: =IFERROR((Z71-Z55)/(SUM($V71:$AC71)-SUM($V55:$AC55)),"") -> 0.32408163 | AK72: =IFERROR((AA71-AA55)/(SUM($V71:$AC71)-SUM($V55:$AC55)),"") -> 0.2 | AL72: =IFERROR((AB71-AB55)/(SUM($V71:$AC71)-SUM($V55:$AC55)),"") -> 0.083673469 | AM72: =IFERROR((AC71-AC55)/(SUM($V71:$AC71)-SUM($V55:$AC55)),"") -> 0.014693878
... C74: =IF(D73=8,C73+1,C73) -> 7 | D74: =D66 -> 6 | E74: =IFERROR(INT(OFFSET($AE$60,C74,D74)*10000),0) -> 879 | F74: =IFERROR(INT(OFFSET($AE$43,C74,D74)*10000),0) -> 2600 | U74: 副本15 | V74: =IFERROR(IF(MATCH(V$43,$V$43:$AC$43,0)=$T58,B18*5*4+B18*5*16/V90,B18*5*4+B18*5*16/V90),"") | W74: =IFERROR(IF(MATCH(W$43,$V$43:$AC$43,0)=$T58,C18*5*4+C18*5*16/W90,C18*5*4+C18*5*16/W90),"") | X74: =IFERROR(IF(MATCH(X$43,$V$43:$AC$43,0)=$T58,D18*5*4+D18*5*16/X90,D18*5*4+D18*5*16/X90),"") | Y74: =IFERROR(IF(MATCH(Y$43,$V$43:$AC$43,0)=$T58,E18*5*4+E18*5*16/Y90,E18*5*4+E18*5*16/Y90),"") -> 20 | Z74: =IFERROR(IF(MATCH(Z$43,$V$43:$AC$43,0)=$T58,F18*5*4+F18*5*16/Z90,F18*5*4+F18*5*16/Z90),"") -> 42.16 | AA74: =IFERROR(IF(MATCH(AA$43,$V$43:$AC$43,0)=$T58,G18*5*4+G18*5*16/AA90,G18*5*4+G18*5*16/AA90),"") -> 23.2 | AB74: =IFERROR(IF(MATCH(AB$43,$V$43:$AC$43,0)=$T58,H18*5*4+H18*5*16/AB90,H18*5*4+H18*5*16/AB90),"") -> 11.34 | AC74: =IFERROR(IF(MATCH(AC$43,$V$43:$AC$43,0)=$T58,I18*5*4+I18*5*16/AC90,I18*5*4+I18*5*16/AC90),"") -> 3.3 | AE74: 副本14 | AF74: =IFERROR((V73-V57)/(SUM($V73:$AC73)-SUM($V57:$AC57)),"") | AG74: =IFERROR((W73-W57)/(SUM($V73:$AC73)-SUM($V57:$AC57)),"") | AH74: =IFERROR((X73-X57)/(SUM($V73:$AC73)-SUM($V57:$AC57)),"") | AI74: =IFERROR((Y73-Y57)/(SUM($V73:$AC73)-SUM($V57:$AC57)),"") -> 0.25 | AJ74: =IFERROR((Z73-Z57)/(SUM($V73:$AC73)-SUM($V57:$AC57)),"") -> 0.40387755 | AK74: =IFERROR((AA73-AA57)/(SUM($V73:$AC73)-SUM($V57:$AC57)),"") -> 0.2244898 | AL74: =IFERROR((AB73-AB57)/(SUM($V73:$AC73)-SUM($V57:$AC57)),"") -> 0.10326531 | AM74: =IFERROR((AC73-AC57)/(SUM($V73:$AC73)-SUM($V57:$AC57)),"") -> 0.018367347
C75: =IF(D74=8,C74+1,C74) -> 7 | D75: =D67 -> 7 | E75: =IFERROR(INT(OFFSET($AE$60,C75,D75)*10000),0) -> 146 | F75: =IFERROR(INT(OFFSET($AE$43,C75,D75)*10000),0) -> 2400 | V75: 白 | W75: 绿 | X75: 蓝 | Y75: 紫 | Z75: 橙 | AA75: 红 | AB75: 粉 | AC75: 彩 | AE75: 副本15 | AF75: =IFERROR((V74-V58)/(SUM($V74:$AC74)-SUM($V58:$AC58)),"") | AG75: =IFERROR((W74-W58)/(SUM($V74:$AC74)-SUM($V58:$AC58)),"") | AH75: =IFERROR((X74-X58)/(SUM($V74:$AC74)-SUM($V58:$AC58)),"") | AI75: =IFERROR((Y74-Y58)/(SUM($V74:$AC74)-SUM($V58:$AC58)),"") -> 0.20408163 | AJ75: =IFERROR((Z74-Z58)/(SUM($V74:$AC74)-SUM($V58:$AC58)),"") -> 0.43020408 | AK75: =IFERROR((AA74-AA58)/(SUM($V74:$AC74)-SUM($V58:$AC58)),"") -> 0.23673469 | AL75: =IFERROR((AB74-AB58)/(SUM($V74:$AC74)-SUM($V58:$AC58)),"") -> 0.10755102 | AM75: =IFERROR((AC74-AC58)/(SUM($V74:$AC74)-SUM($V58:$AC58)),"") -> 0.021428571
C76: =IF(D75=8,C75+1,C75) -> 7 | D76: =D68 -> 8 | E76: =IFERROR(INT(OFFSET($AE$60,C76,D76)*10000),0) -> 0 | F76: =IFERROR(INT(OFFSET($AE$43,C76,D76)*10000),0) -> 0 | U76: 副本1 | V76: 1 | W76: 0.8974359 | X76: 0.92307692 | Y76: 1.25 | Z76: 2
C77: =IF(D76=8,C76+1,C76) -> 8 | D77: =D69 -> 1 | E77: =IFERROR(INT(OFFSET($AE$60,C77,D77)*10000),0) -> 0 | F77: =IFERROR(INT(OFFSET($AE$43,C77,D77)*10000),0) -> 0 | U77: 副本2 | V77: 1 | W77: 0.75 | X77: 0.88888889 | Y77: 1.25 | Z77: 2 | AE77: 组队挑战奖励
C78: =IF(D77=8,C77+1,C77) -> 8 | D78: =D70 -> 2 | E78: =IFERROR(INT(OFFSET($AE$60,C78,D78)*10000),0) -> 0 | F78: =IFERROR(INT(OFFSET($AE$43,C78,D78)*10000),0) -> 0 | U78: 副本3 | V78: 1 | W78: 1 | X78: 0.94117647 | Y78: 0.95238095 | Z78: 1.25 | AA78: 2 | AE78: 每次18.4%掉落星之初愿改成0.48%
C79: =IF(D78=8,C78+1,C78) -> 8 | D79: =D71 -> 3 | E79: =IFERROR(INT(OFFSET($AE$60,C79,D79)*10000),0) -> 3520 | F79: =IFERROR(INT(OFFSET($AE$43,C79,D79)*10000),0) -> 0 | U79: 副本4 | V79: 1 | W79: 1 | X79: 0.94117647 | Y79: 0.90909091 | Z79: 1.25 | AA79: 2 | AE79: 每次1.6%掉落秘藏遥杆移除
C80: =IF(D79=8,C79+1,C79) -> 8 | D80: =D72 -> 4 | E80: =IFERROR(INT(OFFSET($AE$60,C80,D80)*10000),0) -> 3273 | F80: =IFERROR(INT(OFFSET($AE$43,C80,D80)*10000),0) -> 0 | U80: 副本5 | W80: 1 | X80: 0.93023256 | Y80: 0.86956522 | Z80: 1.25 | AA80: 2
C81: =IF(D80=8,C80+1,C80) -> 8 | D81: =D73 -> 5 | E81: =IFERROR(INT(OFFSET($AE$60,C81,D81)*10000),0) -> 1959 | F81: =IFERROR(INT(OFFSET($AE$43,C81,D81)*10000),0) -> 0 | U81: 副本6 | W81: 1 | X81: 1 | Y81: 0.92592593 | Z81: 0.92307692 | AA81: 1.25 | AB81: 2
C82: =IF(D81=8,C81+1,C81) -> 8 | D82: =D74 -> 6 | E82: =IFERROR(INT(OFFSET($AE$60,C82,D82)*10000),0) -> 1032 | F82: =IFERROR(INT(OFFSET($AE$43,C82,D82)*10000),0) -> 2000 | U82: 副本7 | W82: 1 | X82: 1 | Y82: 0.91575092 | Z82: 0.88888889 | AA82: 1.25 | AB82: 2
C83: =IF(D82=8,C82+1,C82) -> 8 | D83: =D75 -> 7 | E83: =IFERROR(INT(OFFSET($AE$60,C83,D83)*10000),0) -> 214 | F83: =IFERROR(INT(OFFSET($AE$43,C83,D83)*10000),0) -> 3000 | U83: 副本8 | X83: 1 | Y83: 0.9202454 | Z83: 0.86075949 | AA83: 1.25 | AB83: 2
C84: =IF(D83=8,C83+1,C83) -> 8 | D84: =D76 -> 8 | E84: =IFERROR(INT(OFFSET($AE$60,C84,D84)*10000),0) -> 0 | F84: =IFERROR(INT(OFFSET($AE$43,C84,D84)*10000),0) -> 0 | U84: 副本9 | X84: 1 | Y84: 0.92348285 | Z84: 0.82758621 | AA84: 1.25 | AB84: 2
C85: =IF(D84=8,C84+1,C84) -> 9 | D85: =D77 -> 1 | E85: =IFERROR(INT(OFFSET($AE$60,C85,D85)*10000),0) -> 0 | F85: =IFERROR(INT(OFFSET($AE$43,C85,D85)*10000),0) -> 0 | U85: 副本10 | X85: 1 | Y85: 1 | Z85: 0.91743119 | AA85: 0.95522388 | AB85: 1.25 | AC85: 2
C86: =IF(D85=8,C85+1,C85) -> 9 | D86: =D78 -> 2 | E86: =IFERROR(INT(OFFSET($AE$60,C86,D86)*10000),0) -> 0 | F86: =IFERROR(INT(OFFSET($AE$43,C86,D86)*10000),0) -> 0 | U86: 副本11 | Y86: 1 | Z86: 0.92592593 | AA86: 0.93150685 | AB86: 1.25 | AC86: 2
C87: =IF(D86=8,C86+1,C86) -> 9 | D87: =D79 -> 3 | E87: =IFERROR(INT(OFFSET($AE$60,C87,D87)*10000),0) -> 2551 | F87: =IFERROR(INT(OFFSET($AE$43,C87,D87)*10000),0) -> 0 | U87: 副本12 | Y87: 1 | Z87: 0.93167702 | AA87: 0.9 | AB87: 1.25 | AC87: 2
C88: =IF(D87=8,C87+1,C87) -> 9 | D88: =D80 -> 4 | E88: =IFERROR(INT(OFFSET($AE$60,C88,D88)*10000),0) -> 3808 | F88: =IFERROR(INT(OFFSET($AE$43,C88,D88)*10000),0) -> 0 | U88: 副本13 | Y88: 1 | Z88: 0.93582888 | AA88: 0.89411765 | AB88: 1.25 | AC88: 2
C89: =IF(D88=8,C88+1,C88) -> 9 | D89: =D81 -> 5 | E89: =IFERROR(INT(OFFSET($AE$60,C89,D89)*10000),0) -> 2142 | F89: =IFERROR(INT(OFFSET($AE$43,C89,D89)*10000),0) -> 0 | U89: 副本14 | Y89: 1 | Z89: 0.93516209 | AA89: 0.88888889 | AB89: 1.25 | AC89: 2
C90: =IF(D89=8,C89+1,C89) -> 9 | D90: =D82 -> 6 | E90: =IFERROR(INT(OFFSET($AE$60,C90,D90)*10000),0) -> 1161 | F90: =IFERROR(INT(OFFSET($AE$43,C90,D90)*10000),0) -> 2000 | U90: 副本15 | Y90: 1 | Z90: 0.93676815 | AA90: 0.88421053 | AB90: 1.25 | AC90: 2
C91: =IF(D90=8,C90+1,C90) -> 9 | D91: =D83 -> 7 | E91: =IFERROR(INT(OFFSET($AE$60,C91,D91)*10000),0) -> 336 | F91: =IFERROR(INT(OFFSET($AE$43,C91,D91)*10000),0) -> 3000
C92: =IF(D91=8,C91+1,C91) -> 9 | D92: =D84 -> 8 | E92: =IFERROR(INT(OFFSET($AE$60,C92,D92)*10000),0) -> 0 | F92: =IFERROR(INT(OFFSET($AE$43,C92,D92)*10000),0) -> 0
C93: =IF(D92=8,C92+1,C92) -> 10 | D93: =D85 -> 1 | E93: =IFERROR(INT(OFFSET($AE$60,C93,D93)*10000),0) -> 0 | F93: =IFERROR(INT(OFFSET($AE$43,C93,D93)*10000),0) -> 0 | U93: 队长门票 | V93: 稀有装备 | W93: 普通装备 | X93: 符文 | Y93: 加速券 | Z93: 经验 | AB93: 稀有宝箱 | AC93: 普通宝箱
C94: =IF(D93=8,C93+1,C93) -> 10 | D94: =D86 -> 2 | E94: =IFERROR(INT(OFFSET($AE$60,C94,D94)*10000),0) -> 0 | F94: =IFERROR(INT(OFFSET($AE$43,C94,D94)*10000),0) -> 0 | U94: C级 | W94: 1 | Z94: 120 | AB94: 0.7 | AC94: =1-AB94 -> 0.3
C95: =IF(D94=8,C94+1,C94) -> 10 | D95: =D87 -> 3 | E95: =IFERROR(INT(OFFSET($AE$60,C95,D95)*10000),0) -> 1377 | F95: =IFERROR(INT(OFFSET($AE$43,C95,D95)*10000),0) -> 0 | U95: B级 | W95: 2 | X95: 2 | Z95: 120 | AB95: =AB94 -> 0.7 | AC95: =AC94 -> 0.3
C96: =IF(D95=8,C95+1,C95) -> 10 | D96: =D88 -> 4 | E96: =IFERROR(INT(OFFSET($AE$60,C96,D96)*10000),0) -> 4081 | F96: =IFERROR(INT(OFFSET($AE$43,C96,D96)*10000),0) -> 0 | U96: A级 | V96: 1 | W96: 2 | X96: 3 | Y96: 1 | Z96: 120 | AB96: =AB95 -> 0.7 | AC96: =AC95 -> 0.3
C97: =IF(D96=8,C96+1,C96) -> 10 | D97: =D89 -> 5 | E97: =IFERROR(INT(OFFSET($AE$60,C97,D97)*10000),0) -> 2187 | F97: =IFERROR(INT(OFFSET($AE$43,C97,D97)*10000),0) -> 0 | U97: S级 | V97: 2 | W97: 3 | X97: 4 | Y97: 2 | Z97: 120 | AB97: =AB96 -> 0.7 | AC97: =AC96 -> 0.3
C98: =IF(D97=8,C97+1,C97) -> 10 | D98: =D90 -> 6 | E98: =IFERROR(INT(OFFSET($AE$60,C98,D98)*10000),0) -> 1693 | F98: =IFERROR(INT(OFFSET($AE$43,C98,D98)*10000),0) -> 0 | U98: SS评级 | V98: 2 | W98: 3 | X98: 5 | Y98: 2 | Z98: 120 | AB98: =AB97 -> 0.7 | AC98: =AC97 -> 0.3
C99: =IF(D98=8,C98+1,C98) -> 10 | D99: =D91 -> 7 | E99: =IFERROR(INT(OFFSET($AE$60,C99,D99)*10000),0) -> 604 | F99: =IFERROR(INT(OFFSET($AE$43,C99,D99)*10000),0) -> 4100
C100: =IF(D99=8,C99+1,C99) -> 10 | D100: =D92 -> 8 | E100: =IFERROR(INT(OFFSET($AE$60,C100,D100)*10000),0) -> 55 | F100: =IFERROR(INT(OFFSET($AE$43,C100,D100)*10000),0) -> 900 | T100: 1层 | U100: 队长门票 | V100: 白 | W100: 绿 | X100: 蓝 | Y100: 紫 | Z100: 橙 | AA100: 红 | AB100: 粉 | AC100: 彩
C101: =IF(D100=8,C100+1,C100) -> 11 | D101: =D93 -> 1 | E101: =IFERROR(INT(OFFSET($AE$60,C101,D101)*10000),0) -> 0 | F101: =IFERROR(INT(OFFSET($AE$43,C101,D101)*10000),0) -> 0 | U101: C级 | V101: =#REF!*$V94+#REF!*$W94 -> #REF! | W101: =#REF!*$V94+#REF!*$W94 -> #REF! | X101: =#REF!*$V94+#REF!*$W94 -> #REF! | Y101: =#REF!*$V94+#REF!*$W94 -> #REF! | Z101: =#REF!*$V94+#REF!*$W94 -> #REF! | AA101: =#REF!*$V94+#REF!*$W94 -> #REF! | AB101: =#REF!*$V94+#REF!*$W94 -> #REF! | AC101: =#REF!*$V94+#REF!*$W94 -> #REF! | AD101: =Z101/$Z$105 -> #REF!
...

Sheet GM表配置
J1: hunter_atk | K1: mage_atk | L1: 1 | M1: 1 | N1: 2 | O1: 3 | P1: 4 | Q1: 5 | R1: 6
B2: 天数 | C2: 装备品质 | D2: 装备品质 | E2: 装备等级 | F2: 高品数量 | G2: 强化等级 | H2: 洗练属性 | I2: 洗练属性 | J2: 最终洗练 | K2: 装备词条 | L2: 最终配置 | S2: 装备属性 | T2: 强化属性 | U2: 洗练属性 | W2: 规划属性 | AA2: 规划属性误差 | AD2: 总属性
A3: =AD3 -> -0.21111111 | B3: 1 | C3: 4 | D3: =SUBSTITUTE(养成规划!H6,"","彩") -> 蓝 | E3: =INT(养成规划!F6) -> 10 | F3: 2 | G3: =INT(养成规划!G6) -> 10 | H3: 0 | I3: =INT(SUMIFS(装备属性!$R$919:$R$955,装备属性!$P$919:$P$955,$D3,装备属性!$N$919:$N$955,$E3)*0) -> 0 | J3: =H3+I3 -> 0 | L3: ="["&_xlfn.TEXTJOIN(",",1,M3:R3)&"]" -> [{1,4,10,10,[{hunter_atk,0}],[]},{2,4,10,10,[{hunter_atk,0}],[]},{3,3,10,10,[{hunter_atk,0}],[]},{4,3,10,10,[{mage_atk,0}],[]},{5,3,10,10,[{mage_atk,0}],[]},{6,3,10,10,[{mage_atk,0}],[]}] | M3: ="{"&M$1&","&IF($F3>=M$1,$C3,$C3-1)&","&$E3&","&$G3&","&"[{"&$J$1&","&$J3&"}]"&IF($K3="",",[]",","&"["&$K3+MIN(M$1-1,4)*100000&"]")&"}" -> {1,4,10,10,[{hunter_atk,0}],[]} | N3: ="{"&N$1&","&IF($F3>=N$1,$C3,$C3-1)&","&$E3&","&$G3&","&"[{"&$J$1&","&$J3&"}]"&IF($K3="",",[]",","&"["&$K3+MIN(N$1-1,4)*100000&"]")&"}" -> {2,4,10,10,[{hunter_atk,0}],[]} | O3: ="{"&O$1&","&IF($F3>=O$1,$C3,$C3-1)&","&$E3&","&$G3&","&"[{"&$J$1&","&$J3&"}]"&IF($K3="",",[]",","&"["&$K3+MIN(O$1-1,4)*100000&"]")&"}" -> {3,3,10,10,[{hunter_atk,0}],[]} | P3: ="{"&P$1&","&IF($F3>=P$1,$C3,$C3-1)&","&$E3&","&$G3&","&"[{"&$K$1&","&$J3&"}]"&IF($K3="",",[]",","&"["&$K3+MIN(P$1-1,4)*100000&"]")&"}" -> {4,3,10,10,[{mage_atk,0}],[]} | Q3: ="{"&Q$1&","&IF($F3>=Q$1,$C3,$C3-1)&","&$E3&","&$G3&","&"[{"&$K$1&","&$J3&"}]"&IF($K3="",",[]",","&"["&$K3+MIN(Q$1-1,4)*100000&"]")&"}" -> {5,3,10,10,[{mage_atk,0}],[]} | R3: ="{"&R$1&","&IF($F3>=R$1,$C3,$C3-1)&","&$E3&","&$G3&","&"[{"&$K$1&","&$J3&"}]"&IF($K3="",",[]",","&"["&$K3+MIN(R$1-1,4)*100000&"]")&"}" -> {6,3,10,10,[{mage_atk,0}],[]} | S3: =SUMIFS(装备属性!$I$90:$I$305,装备属性!$E$90:$E$305,E3,装备属性!$G$90:$G$305,D3)*(F3*OFFSET(装备属性!$E$65,MATCH(D3,装备属性!$D$66:$D$73,0),0)+(6-F3)*OFFSET(装备属性!$E$65,MATCH(D3,装备属性!$D$66:$D$73,0)-1,0))/(6*OFFSET(装备属性!$E$65,MATCH(D3,装备属性!$D$66:$D$73,0),0))*6 -> 240 | T3: =_xlfn.XLOOKUP(G3,装备属性!$D$520:$D$819,装备属性!$I$520:$I$819)*6 -> 186 | U3: =J3*6 -> 0 | W3: =INT(养成规划!I6) -> 270 | X3: =INT(养成规划!J6) -> 180 | Y3: =INT(养成规划!K6) -> 90 | AA3: =S3/W3-1 -> -0.11111111 | AB3: =T3/X3-1 -> 0.033333333 | AC3: =U3/Y3-1 -> -1 | AD3: =(SUM(S3:U3)-SUM(W3:Y3))/SUM(W3:Y3) -> -0.21111111 | AF3: =SUM(W3:Y3) -> 540 | AG3: =AF3-S3-T3-U3 -> 114
A4: =AD4 -> -0.19112769 | B4: 2 | C4: 5 | D4: =SUBSTITUTE(养成规划!H7,"","彩") -> 紫 | E4: =INT(养成规划!F7) -> 20 | F4: 1 | G4: =INT(养成规划!G7) -> 16 | H4: =INT(SUMIFS(装备属性!$R$919:$R$955,装备属性!$P$919:$P$955,$D4,装备属性!$N$919:$N$955,$E4)*0.5) -> 0 | I4: =INT(SUMIFS(装备属性!$R$919:$R$955,装备属性!$P$919:$P$955,$D4,装备属性!$N$919:$N$955,$E4)*0) -> 0 | J4: =H4+I4 -> 0 | K4: 100101 | L4: ="["&_xlfn.TEXTJOIN(",",1,M4:R4)&"]" -> [{1,5,20,16,[{hunter_atk,0}],[100101]},{2,4,20,16,[{hunter_atk,0}],[200101]},{3,4,20,16,[{hunter_atk,0}],[300101]},{4,4,20,16,[{mage_atk,0}],[400101]},{5,4,20,16,[{mage_atk,0}],[500101]},{6,4,20,16,[{mage_atk,0}],[500101]}] | M4: ="{"&M$1&","&IF($F4>=M$1,$C4,$C4-1)&","&$E4&","&$G4&","&"[{"&$J$1&","&$J4&"}]"&IF($K4="",",[]",","&"["&$K4+MIN(M$1-1,4)*100000&"]")&"}" -> {1,5,20,16,[{hunter_atk,0}],[100101]} | N4: ="{"&N$1&","&IF($F4>=N$1,$C4,$C4-1)&","&$E4&","&$G4&","&"[{"&$J$1&","&$J4&"}]"&IF($K4="",",[]",","&"["&$K4+MIN(N$1-1,4)*100000&"]")&"}" -> {2,4,20,16,[{hunter_atk,0}],[200101]} | O4: ="{"&O$1&","&IF($F4>=O$1,$C4,$C4-1)&","&$E4&","&$G4&","&"[{"&$J$1&","&$J4&"}]"&IF($K4="",",[]",","&"["&$K4+MIN(O$1-1,4)*100000&"]")&"}" -> {3,4,20,16,[{hunter_atk,0}],[300101]} | P4: ="{"&P$1&","&IF($F4>=P$1,$C4,$C4-1)&","&$E4&","&$G4&","&"[{"&$K$1&","&$J4&"}]"&IF($K4="",",[]",","&"["&$K4+MIN(P$1-1,4)*100000&"]")&"}" -> {4,4,20,16,[{mage_atk,0}],[400101]} | Q4: ="{"&Q$1&","&IF($F4>=Q$1,$C4,$C4-1)&","&$E4&","&$G4&","&"[{"&$K$1&","&$J4&"}]"&IF($K4="",",[]",","&"["&$K4+MIN(Q$1-1,4)*100000&"]")&"}" -> {5,4,20,16,[{mage_atk,0}],[500101]} | R4: ="{"&R$1&","&IF($F4>=R$1,$C4,$C4-1)&","&$E4&","&$G4&","&"[{"&$K$1&","&$J4&"}]"&IF($K4="",",[]",","&"["&$K4+MIN(R$1-1,4)*100000&"]")&"}" -> {6,4,20,16,[{mage_atk,0}],[500101]} | S4: =SUMIFS(装备属性!$I$90:$I$305,装备属性!$E$90:$E$305,E4,装备属性!$G$90:$G$305,D4)*(F4*OFFSET(装备属性!$E$65,MATCH(D4,装备属性!$D$66:$D$73,0),0)+(6-F4)*OFFSET(装备属性!$E$65,MATCH(D4,装备属性!$D$66:$D$73,0)-1,0))/(6*OFFSET(装备属性!$E$65,MATCH(D4,装备属性!$D$66:$D$73,0),0))*6 -> 320.33333 | T4: =_xlfn.XLOOKUP(G4,装备属性!$D$520:$D$819,装备属性!$I$520:$I$819)*6 -> 330 | U4: =J4*6 -> 0 | W4: =INT(养成规划!I7) -> 372 | X4: =INT(养成规划!J7) -> 324 | Y4: =INT(养成规划!K7) -> 108 | AA4: =S4/W4-1 -> -0.13888889 | AB4: =T4/X4-1 -> 0.018518519 | AC4: =U4/Y4-1 -> -1 | AD4: =(SUM(S4:U4)-SUM(W4:Y4))/SUM(W4:Y4) -> -0.19112769 | AF4: =SUM(W4:Y4) -> 804 | AG4: =AF4-S4-T4-U4 -> 153.66667
A5: =AD5 -> -0.17953475 | B5: 3 | C5: 5 | D5: =SUBSTITUTE(养成规划!H8,"","彩") -> 橙 | E5: =INT(养成规划!F8) -> 30 | F5: 2 | G5: =INT(养成规划!G8) -> 20 | H5: =INT(SUMIFS(装备属性!$R$919:$R$955,装备属性!$P$919:$P$955,$D5,装备属性!$N$919:$N$955,$E5)*0.5) -> 0 | I5: =INT(SUMIFS(装备属性!$R$919:$R$955,装备属性!$P$919:$P$955,$D5,装备属性!$N$919:$N$955,$E5)*0) -> 0 | J5: =H5+I5 -> 0 | K5: 100101 | L5: ="["&_xlfn.TEXTJOIN(",",1,M5:R5)&"]" -> [{1,5,30,20,[{hunter_atk,0}],[100101]},{2,5,30,20,[{hunter_atk,0}],[200101]},{3,4,30,20,[{hunter_atk,0}],[300101]},{4,4,30,20,[{mage_atk,0}],[400101]},{5,4,30,20,[{mage_atk,0}],[500101]},{6,4,30,20,[{mage_atk,0}],[500101]}] | M5: ="{"&M$1&","&IF($F5>=M$1,$C5,$C5-1)&","&$E5&","&$G5&","&"[{"&$J$1&","&$J5&"}]"&IF($K5="",",[]",","&"["&$K5+MIN(M$1-1,4)*100000&"]")&"}" -> {1,5,30,20,[{hunter_atk,0}],[100101]} | N5: ="{"&N$1&","&IF($F5>=N$1,$C5,$C5-1)&","&$E5&","&$G5&","&"[{"&$J$1&","&$J5&"}]"&IF($K5="",",[]",","&"["&$K5+MIN(N$1-1,4)*100000&"]")&"}" -> {2,5,30,20,[{hunter_atk,0}],[200101]} | O5: ="{"&O$1&","&IF($F5>=O$1,$C5,$C5-1)&","&$E5&","&$G5&","&"[{"&$J$1&","&$J5&"}]"&IF($K5="",",[]",","&"["&$K5+MIN(O$1-1,4)*100000&"]")&"}" -> {3,4,30,20,[{hunter_atk,0}],[300101]} | P5: ="{"&P$1&","&IF($F5>=P$1,$C5,$C5-1)&","&$E5&","&$G5&","&"[{"&$K$1&","&$J5&"}]"&IF($K5="",",[]",","&"["&$K5+MIN(P$1-1,4)*100000&"]")&"}" -> {4,4,30,20,[{mage_atk,0}],[400101]} | Q5: ="{"&Q$1&","&IF($F5>=Q$1,$C5,$C5-1)&","&$E5&","&$G5&","&"[{"&$K$1&","&$J5&"}]"&IF($K5="",",[]",","&"["&$K5+MIN(Q$1-1,4)*100000&"]")&"}" -> {5,4,30,20,[{mage_atk,0}],[500101]} | R5: ="{"&R$1&","&IF($F5>=R$1,$C5,$C5-1)&","&$E5&","&$G5&","&"[{"&$K$1&","&$J5&"}]"&IF($K5="",",[]",","&"["&$K5+MIN(R$1-1,4)*100000&"]")&"}" -> {6,4,30,20,[{mage_atk,0}],[500101]} | S5: =SUMIFS(装备属性!$I$90:$I$305,装备属性!$E$90:$E$305,E5,装备属性!$G$90:$G$305,D5)*(F5*OFFSET(装备属性!$E$65,MATCH(D5,装备属性!$D$66:$D$73,0),0)+(6-F5)*OFFSET(装备属性!$E$65,MATCH(D5,装备属性!$D$66:$D$73,0)-1,0))/(6*OFFSET(装备属性!$E$65,MATCH(D5,装备属性!$D$66:$D$73,0),0))*6 -> 452.46154 | T5: =_xlfn.XLOOKUP(G5,装备属性!$D$520:$D$819,装备属性!$I$520:$I$819)*6 -> 432 | U5: =J5*6 -> 0 | W5: =INT(养成规划!I8) -> 514 | X5: =INT(养成规划!J8) -> 420 | Y5: =INT(养成规划!K8) -> 144 | AA5: =S5/W5-1 -> -0.11972463 | AB5: =T5/X5-1 -> 0.028571429 | AC5: =U5/Y5-1 -> -1 | AD5: =(SUM(S5:U5)-SUM(W5:Y5))/SUM(W5:Y5) -> -0.17953475 | AF5: =SUM(W5:Y5) -> 1078 | AG5: =AF5-S5-T5-U5 -> 193.53846
A6: =AD6 -> -0.15860687 | B6: 4 | C6: 5 | D6: =SUBSTITUTE(养成规划!H9,"","彩") -> 橙 | E6: =INT(养成规划!F9) -> 30 | F6: 4 | G6: =INT(养成规划!G9) -> 24 | H6: =INT(SUMIFS(装备属性!$R$919:$R$955,装备属性!$P$919:$P$955,$D6,装备属性!$N$919:$N$955,$E6)*0.5) -> 0 | I6: =INT(SUMIFS(装备属性!$R$919:$R$955,装备属性!$P$919:$P$955,$D6,装备属性!$N$919:$N$955,$E6)*0) -> 0 | J6: =H6+I6 -> 0 | K6: 100201 | L6: ="["&_xlfn.TEXTJOIN(",",1,M6:R6)&"]" -> [{1,5,30,24,[{hunter_atk,0}],[100201]},{2,5,30,24,[{hunter_atk,0}],[200201]},{3,5,30,24,[{hunter_atk,0}],[300201]},{4,5,30,24,[{mage_atk,0}],[400201]},{5,4,30,24,[{mage_atk,0}],[500201]},{6,4,30,24,[{mage_atk,0}],[500201]}] | M6: ="{"&M$1&","&IF($F6>=M$1,$C6,$C6-1)&","&$E6&","&$G6&","&"[{"&$J$1&","&$J6&"}]"&IF($K6="",",[]",","&"["&$K6+MIN(M$1-1,4)*100000&"]")&"}" -> {1,5,30,24,[{hunter_atk,0}],[100201]} | N6: ="{"&N$1&","&IF($F6>=N$1,$C6,$C6-1)&","&$E6&","&$G6&","&"[{"&$J$1&","&$J6&"}]"&IF($K6="",",[]",","&"["&$K6+MIN(N$1-1,4)*100000&"]")&"}" -> {2,5,30,24,[{hunter_atk,0}],[200201]} | O6: ="{"&O$1&","&IF($F6>=O$1,$C6,$C6-1)&","&$E6&","&$G6&","&"[{"&$J$1&","&$J6&"}]"&IF($K6="",",[]",","&"["&$K6+MIN(O$1-1,4)*100000&"]")&"}" -> {3,5,30,24,[{hunter_atk,0}],[300201]} | P6: ="{"&P$1&","&IF($F6>=P$1,$C6,$C6-1)&","&$E6&","&$G6&","&"[{"&$K$1&","&$J6&"}]"&IF($K6="",",[]",","&"["&$K6+MIN(P$1-1,4)*100000&"]")&"}" -> {4,5,30,24,[{mage_atk,0}],[400201]} | Q6: ="{"&Q$1&","&IF($F6>=Q$1,$C6,$C6-1)&","&$E6&","&$G6&","&"[{"&$K$1&","&$J6&"}]"&IF($K6="",",[]",","&"["&$K6+MIN(Q$1-1,4)*100000&"]")&"}" -> {5,4,30,24,[{mage_atk,0}],[500201]} | R6: ="{"&R$1&","&IF($F6>=R$1,$C6,$C6-1)&","&$E6&","&$G6&","&"[{"&$K$1&","&$J6&"}]"&IF($K6="",",[]",","&"["&$K6+MIN(R$1-1,4)*100000&"]")&"}" -> {6,4,30,24,[{mage_atk,0}],[500201]} | S6: =SUMIFS(装备属性!$I$90:$I$305,装备属性!$E$90:$E$305,E6,装备属性!$G$90:$G$305,D6)*(F6*OFFSET(装备属性!$E$65,MATCH(D6,装备属性!$D$66:$D$73,0),0)+(6-F6)*OFFSET(装备属性!$E$65,MATCH(D6,装备属性!$D$66:$D$73,0)-1,0))/(6*OFFSET(装备属性!$E$65,MATCH(D6,装备属性!$D$66:$D$73,0),0))*6 -> 481.23077 | T6: =_xlfn.XLOOKUP(G6,装备属性!$D$520:$D$819,装备属性!$I$520:$I$819)*6 -> 552 | U6: =J6*6 -> 0 | W6: =INT(养成规划!I9) -> 514 | X6: =INT(养成规划!J9) -> 540 | Y6: =INT(养成规划!K9) -> 174 | AA6: =S6/W6-1 -> -0.063753367 | AB6: =T6/X6-1 -> 0.022222222 | AC6: =U6/Y6-1 -> -1 | AD6: =(SUM(S6:U6)-SUM(W6:Y6))/SUM(W6:Y6) -> -0.15860687 | AF6: =SUM(W6:Y6) -> 1228 | AG6: =AF6-S6-T6-U6 -> 194.76923
A7: =AD7 -> -0.20576086 | B7: 5 | C7: 6 | D7: =SUBSTITUTE(养成规划!H10,"","彩") -> 橙 | E7: =INT(养成规划!F10) -> 30 | F7: 2 | G7: =INT(养成规划!G10) -> 27 | H7: =INT(SUMIFS(装备属性!$R$919:$R$955,装备属性!$P$919:$P$955,$D7,装备属性!$N$919:$N$955,$E7)*0.5) -> 0 | I7: =INT(SUMIFS(装备属性!$R$919:$R$955,装备属性!$P$919:$P$955,$D7,装备属性!$N$919:$N$955,$E7)*0) -> 0 | J7: =H7+I7 -> 0 | K7: 100201 | L7: ="["&_xlfn.TEXTJOIN(",",1,M7:R7)&"]" -> [{1,6,30,27,[{hunter_atk,0}],[100201]},{2,6,30,27,[{hunter_atk,0}],[200201]},{3,5,30,27,[{hunter_atk,0}],[300201]},{4,5,30,27,[{mage_atk,0}],[400201]},{5,5,30,27,[{mage_atk,0}],[500201]},{6,5,30,27,[{mage_atk,0}],[500201]}] | M7: ="{"&M$1&","&IF($F7>=M$1,$C7,$C7-1)&","&$E7&","&$G7&","&"[{"&$J$1&","&$J7&"}]"&IF($K7="",",[]",","&"["&$K7+MIN(M$1-1,4)*100000&"]")&"}" -> {1,6,30,27,[{hunter_atk,0}],[100201]} | N7: ="{"&N$1&","&IF($F7>=N$1,$C7,$C7-1)&","&$E7&","&$G7&","&"[{"&$J$1&","&$J7&"}]"&IF($K7="",",[]",","&"["&$K7+MIN(N$1-1,4)*100000&"]")&"}" -> {2,6,30,27,[{hunter_atk,0}],[200201]} | O7: ="{"&O$1&","&IF($F7>=O$1,$C7,$C7-1)&","&$E7&","&$G7&","&"[{"&$J$1&","&$J7&"}]"&IF($K7="",",[]",","&"["&$K7+MIN(O$1-1,4)*100000&"]")&"}" -> {3,5,30,27,[{hunter_atk,0}],[300201]} | P7: ="{"&P$1&","&IF($F7>=P$1,$C7,$C7-1)&","&$E7&","&$G7&","&"[{"&$K$1&","&$J7&"}]"&IF($K7="",",[]",","&"["&$K7+MIN(P$1-1,4)*100000&"]")&"}" -> {4,5,30,27,[{mage_atk,0}],[400201]} | Q7: ="{"&Q$1&","&IF($F7>=Q$1,$C7,$C7-1)&","&$E7&","&$G7&","&"[{"&$K$1&","&$J7&"}]"&IF($K7="",",[]",","&"["&$K7+MIN(Q$1-1,4)*100000&"]")&"}" -> {5,5,30,27,[{mage_atk,0}],[500201]} | R7: ="{"&R$1&","&IF($F7>=R$1,$C7,$C7-1)&","&$E7&","&$G7&","&"[{"&$K$1&","&$J7&"}]"&IF($K7="",",[]",","&"["&$K7+MIN(R$1-1,4)*100000&"]")&"}" -> {6,5,30,27,[{mage_atk,0}],[500201]} | S7: =SUMIFS(装备属性!$I$90:$I$305,装备属性!$E$90:$E$305,E7,装备属性!$G$90:$G$305,D7)*(F7*OFFSET(装备属性!$E$65,MATCH(D7,装备属性!$D$66:$D$73,0),0)+(6-F7)*OFFSET(装备属性!$E$65,MATCH(D7,装备属性!$D$66:$D$73,0)-1,0))/(6*OFFSET(装备属性!$E$65,MATCH(D7,装备属性!$D$66:$D$73,0),0))*6 -> 452.46154 | T7: =_xlfn.XLOOKUP(G7,装备属性!$D$520:$D$819,装备属性!$I$520:$I$819)*6 -> 642 | U7: =J7*6 -> 0 | W7: =INT(养成规划!I10) -> 514 | X7: =INT(养成规划!J10) -> 630 | Y7: =INT(养成规划!K10) -> 234 | AA7: =S7/W7-1 -> -0.11972463 | AB7: =T7/X7-1 -> 0.019047619 | AC7: =U7/Y7-1 -> -1 | AD7: =(SUM(S7:U7)-SUM(W7:Y7))/SUM(W7:Y7) -> -0.20576086 | AF7: =SUM(W7:Y7) -> 1378 | AG7: =AF7-S7-T7-U7 -> 283.53846
A8: =AD8 -> -0.21004314 | B8: 6 | C8: 6 | D8: =SUBSTITUTE(养成规划!H11,"","彩") -> 橙 | E8: =INT(养成规划!F11) -> 40 | F8: 2 | G8: =INT(养成规划!G11) -> 30 | H8: =INT(SUMIFS(装备属性!$R$919:$R$955,装备属性!$P$919:$P$955,$D8,装备属性!$N$919:$N$955,$E8)*0.5) -> 0 | I8: =INT(SUMIFS(装备属性!$R$919:$R$955,装备属性!$P$919:$P$955,$D8,装备属性!$N$919:$N$955,$E8)*0) -> 0 | J8: =H8+I8 -> 0 | K8: 100201 | L8: ="["&_xlfn.TEXTJOIN(",",1,M8:R8)&"]" -> [{1,6,40,30,[{hunter_atk,0}],[100201]},{2,6,40,30,[{hunter_atk,0}],[200201]},{3,5,40,30,[{hunter_atk,0}],[300201]},{4,5,40,30,[{mage_atk,0}],[400201]},{5,5,40,30,[{mage_atk,0}],[500201]},{6,5,40,30,[{mage_atk,0}],[500201]}] | M8: ="{"&M$1&","&IF($F8>=M$1,$C8,$C8-1)&","&$E8&","&$G8&","&"[{"&$J$1&","&$J8&"}]"&IF($K8="",",[]",","&"["&$K8+MIN(M$1-1,4)*100000&"]")&"}" -> {1,6,40,30,[{hunter_atk,0}],[100201]} | N8: ="{"&N$1&","&IF($F8>=N$1,$C8,$C8-1)&","&$E8&","&$G8&","&"[{"&$J$1&","&$J8&"}]"&IF($K8="",",[]",","&"["&$K8+MIN(N$1-1,4)*100000&"]")&"}" -> {2,6,40,30,[{hunter_atk,0}],[200201]} | O8: ="{"&O$1&","&IF($F8>=O$1,$C8,$C8-1)&","&$E8&","&$G8&","&"[{"&$J$1&","&$J8&"}]"&IF($K8="",",[]",","&"["&$K8+MIN(O$1-1,4)*100000&"]")&"}" -> {3,5,40,30,[{hunter_atk,0}],[300201]} | P8: ="{"&P$1&","&IF($F8>=P$1,$C8,$C8-1)&","&$E8&","&$G8&","&"[{"&$K$1&","&$J8&"}]"&IF($K8="",",[]",","&"["&$K8+MIN(P$1-1,4)*100000&"]")&"}" -> {4,5,40,30,[{mage_atk,0}],[400201]} | Q8: ="{"&Q$1&","&IF($F8>=Q$1,$C8,$C8-1)&","&$E8&","&$G8&","&"[{"&$K$1&","&$J8&"}]"&IF($K8="",",[]",","&"["&$K8+MIN(Q$1-1,4)*100000&"]")&"}" -> {5,5,40,30,[{mage_atk,0}],[500201]} | R8: ="{"&R$1&","&IF($F8>=R$1,$C8,$C8-1)&","&$E8&","&$G8&","&"[{"&$K$1&","&$J8&"}]"&IF($K8="",",[]",","&"["&$K8+MIN(R$1-1,4)*100000&"]")&"}" -> {6,5,40,30,[{mage_atk,0}],[500201]} | S8: =SUMIFS(装备属性!$I$90:$I$305,装备属性!$E$90:$E$305,E8,装备属性!$G$90:$G$305,D8)*(F8*OFFSET(装备属性!$E$65,MATCH(D8,装备属性!$D$66:$D$73,0),0)+(6-F8)*OFFSET(装备属性!$E$65,MATCH(D8,装备属性!$D$66:$D$73,0)-1,0))/(6*OFFSET(装备属性!$E$65,MATCH(D8,装备属性!$D$66:$D$73,0),0))*6 -> 521.66154 | T8: =_xlfn.XLOOKUP(G8,装备属性!$D$520:$D$819,装备属性!$I$520:$I$819)*6 -> 732 | U8: =J8*6 -> 0 | W8: =INT(养成规划!I11) -> 591 | X8: =INT(养成规划!J11) -> 756 | Y8: =INT(养成规划!K11) -> 240 | AA8: =S8/W8-1 -> -0.11732396 | AB8: =T8/X8-1 -> -0.031746032 | AC8: =U8/Y8-1 -> -1 | AD8: =(SUM(S8:U8)-SUM(W8:Y8))/SUM(W8:Y8) -> -0.21004314 | AF8: =SUM(W8:Y8) -> 1587 | AG8: =AF8-S8-T8-U8 -> 333.33846
