Workbook

Sheet 总览
A2: 总结
B4: 1、档次6几率过高，90天看不出问题，再往后可能有
A26: 预期付费
C27: 价值 | G27: 30 | H27: 5 | I27: 60 | N27: =694*90 -> 62460 | O27: =N27*0.4 -> 24984
B28: 用户层级 | C28: 级别 | D28: 体力 | E28: 首日付费 | F28: 每日付费 | G28: 梦灵养成 | H28: 强化养成 | I28: 符文养成 | J28: 秘宝养成 | K28: 皮肤养成 | L28: 钻石
B29: 非R | C29: 1 | D29: 210 | E29: 0 | F29: 0 | G29: 60 | H29: 1000 | I29: =4 -> 4 | L29: 450
B30: 小R | C30: 2 | D30: 280 | E30: =30+6 -> 36 | F30: =(18+30+28+68+12*4)/30 -> 6.4 | G30: 70 | H30: 1100 | I30: =F30/328*24+4 -> 4.4682927 | L30: 720
B31: 中R | C31: 3 | D31: 420 | E31: =198+128+30+6 -> 362 | F31: =(18+30+28+68+25*30+12*4)/30 -> 31.4 | G31: 90 | H31: 1300 | I31: =F31/328*24+4 -> 6.297561 | L31: 840
B32: 大R | C32: 4 | D32: 560 | E32: =648+328+198+128+30+6+4000 -> 5338 | F32: =(18+30+28*2+68*2+25*30+12*4+328+648*30)/30 -> 693.53333 | G32: 110 | H32: 1500 | I32: =F32/328*24+4 -> 54.746341 | L32: 1000
B33: 超R | C33: 5 | D33: 720 | E33: 20000 | F33: 2000 | G33: 120 | H33: 2000 | I33: =F33/328*24+4.5 -> 150.84146 | L33: 2000
B35: #不计入符文本体
B36: 养成模块 | C36: 每日产出 | D36: 首周产出 | E36: 付费比重 | F36: 价值
B37: 梦灵养成 | C37: =OFFSET($F$28,$C$44,MATCH($B37,$G$28:$M$28,0)) -> 60 | D37: =C37 -> 60 | E37: 0.5 | F37: 18
B38: 强化养成 | C38: =OFFSET($F$28,$C$44,MATCH($B38,$G$28:$M$28,0)) -> 1000 | E38: 0 | F38: 5
B39: 符文养成 | C39: =OFFSET($F$28,$C$44,MATCH($B39,$G$28:$M$28,0)) -> 4 | D39: =11 -> 11 | E39: 0.3 | F39: 60
B40: 秘宝养成 | C40: =OFFSET($F$28,$C$44,MATCH($B40,$G$28:$M$28,0)) -> 0 | E40: 0 | F40: 0.33
B41: 皮肤养成 | C41: =OFFSET($F$28,$C$44,MATCH($B41,$G$28:$M$28,0)) -> 0 | E41: 0 | F41: 2000
B42: 钻石 | C42: =OFFSET($F$28,$C$44,MATCH($B42,$G$28:$M$28,0)) -> 450 | D42: 1200 | E42: 0 | F42: 1
H43: =E46*0.07 -> 70
B44: =OFFSET($B$28,C44,0) -> 非R | C44: 1 | D44: 产出总览 | J44: 性价比
B45: 天数 | C45: 充值金额 | D45: 梦灵养成 | E45: 强化养成 | F45: 符文养成 | G45: 秘宝养成 | H45: 皮肤养成 | I45: 钻石 | J45: 梦灵养成 | K45: 强化养成 | L45: 符文养成 | M45: 秘宝养成 | N45: 皮肤养成 | O45: 钻石
B46: 1 | C46: =_xlfn.XLOOKUP(C44,$C$28:$C$33,$E$28:$E$33) -> 0 | D46: =OFFSET($B$36,MATCH(D$45,$B$37:$B$42,0),1)*$B46+OFFSET($B$36,MATCH(D$45,$B$37:$B$42,0),2)*MIN($B46,7)+OFFSET($E$36,MATCH(D$45,$B$37:$B$42,0),0)*$C46*1.1/OFFSET($F$36,MATCH(D$45,$B$37:$B$42,0),0) -> 120 | E46: =OFFSET($B$36,MATCH(E$45,$B$37:$B$42,0),1)*$B46+OFFSET($B$36,MATCH(E$45,$B$37:$B$42,0),2)*MIN($B46,7)+OFFSET($E$36,MATCH(E$45,$B$37:$B$42,0),0)*$C46*1.1/OFFSET($F$36,MATCH(E$45,$B$37:$B$42,0),0) -> 1000 | F46: =OFFSET($B$36,MATCH(F$45,$B$37:$B$42,0),1)*$B46+OFFSET($B$36,MATCH(F$45,$B$37:$B$42,0),2)*MIN($B46,7)+OFFSET($E$36,MATCH(F$45,$B$37:$B$42,0),0)*$C46*1.1/OFFSET($F$36,MATCH(F$45,$B$37:$B$42,0),0) -> 15 | G46: =OFFSET($B$36,MATCH(G$45,$B$37:$B$42,0),1)*$B46+OFFSET($B$36,MATCH(G$45,$B$37:$B$42,0),2)*MIN($B46,7)+OFFSET($E$36,MATCH(G$45,$B$37:$B$42,0),0)*$C46*1.1/OFFSET($F$36,MATCH(G$45,$B$37:$B$42,0),0) -> 0 | H46: =OFFSET($B$36,MATCH(H$45,$B$37:$B$42,0),1)*$B46+OFFSET($B$36,MATCH(H$45,$B$37:$B$42,0),2)*MIN($B46,7)+OFFSET($E$36,MATCH(H$45,$B$37:$B$42,0),0)*$C46*1.1/OFFSET($F$36,MATCH(H$45,$B$37:$B$42,0),0) -> 0 | I46: =OFFSET($B$36,MATCH(I$45,$B$37:$B$42,0),1)*$B46+OFFSET($B$36,MATCH(I$45,$B$37:$B$42,0),2)*MIN($B46,7)+OFFSET($E$36,MATCH(I$45,$B$37:$B$42,0),0)*$C46*1.1/OFFSET($F$36,MATCH(I$45,$B$37:$B$42,0),0) -> 1650 | J46: =OFFSET(梦灵养成!$Y$29,MATCH(D46,梦灵养成!$C$30:$C$629,1),0) -> 5400 | K46: =E46*0.07 -> 70 | L46: =OFFSET(洗练性价比!$N$52,MATCH(F46*60,洗练性价比!$C$53:$C$2052,1),0) -> 2880
B47: 2 | C47: =C46+_xlfn.XLOOKUP($C$44,$C$28:$C$33,$F$28:$F$33) -> 0 | D47: =OFFSET($B$36,MATCH(D$45,$B$37:$B$42,0),1)*$B47+OFFSET($B$36,MATCH(D$45,$B$37:$B$42,0),2)*MIN($B47,7)+OFFSET($E$36,MATCH(D$45,$B$37:$B$42,0),0)*$C47*1.1/OFFSET($F$36,MATCH(D$45,$B$37:$B$42,0),0) -> 240 | E47: =OFFSET($B$36,MATCH(E$45,$B$37:$B$42,0),1)*$B47+OFFSET($B$36,MATCH(E$45,$B$37:$B$42,0),2)*MIN($B47,7)+OFFSET($E$36,MATCH(E$45,$B$37:$B$42,0),0)*$C47*1.1/OFFSET($F$36,MATCH(E$45,$B$37:$B$42,0),0) -> 2000 | F47: =OFFSET($B$36,MATCH(F$45,$B$37:$B$42,0),1)*$B47+OFFSET($B$36,MATCH(F$45,$B$37:$B$42,0),2)*MIN($B47,7)+OFFSET($E$36,MATCH(F$45,$B$37:$B$42,0),0)*$C47*1.1/OFFSET($F$36,MATCH(F$45,$B$37:$B$42,0),0) -> 30 | G47: =OFFSET($B$36,MATCH(G$45,$B$37:$B$42,0),1)*$B47+OFFSET($B$36,MATCH(G$45,$B$37:$B$42,0),2)*MIN($B47,7)+OFFSET($E$36,MATCH(G$45,$B$37:$B$42,0),0)*$C47*1.1/OFFSET($F$36,MATCH(G$45,$B$37:$B$42,0),0) -> 0 | H47: =OFFSET($B$36,MATCH(H$45,$B$37:$B$42,0),1)*$B47+OFFSET($B$36,MATCH(H$45,$B$37:$B$42,0),2)*MIN($B47,7)+OFFSET($E$36,MATCH(H$45,$B$37:$B$42,0),0)*$C47*1.1/OFFSET($F$36,MATCH(H$45,$B$37:$B$42,0),0) -> 0 | I47: =OFFSET($B$36,MATCH(I$45,$B$37:$B$42,0),1)*$B47+OFFSET($B$36,MATCH(I$45,$B$37:$B$42,0),2)*MIN($B47,7)+OFFSET($E$36,MATCH(I$45,$B$37:$B$42,0),0)*$C47*1.1/OFFSET($F$36,MATCH(I$45,$B$37:$B$42,0),0) -> 3300 | J47: =OFFSET(梦灵养成!$Y$29,MATCH(D47,梦灵养成!$C$30:$C$629,1),0) -> 3600 | K47: =E47*0.07 -> 140 | L47: =OFFSET(洗练性价比!$N$52,MATCH(F47*60,洗练性价比!$C$53:$C$2052,1),0) -> 2880
B48: 3 | C48: =C47+_xlfn.XLOOKUP($C$44,$C$28:$C$33,$F$28:$F$33) -> 0 | D48: =OFFSET($B$36,MATCH(D$45,$B$37:$B$42,0),1)*$B48+OFFSET($B$36,MATCH(D$45,$B$37:$B$42,0),2)*MIN($B48,7)+OFFSET($E$36,MATCH(D$45,$B$37:$B$42,0),0)*$C48*1.1/OFFSET($F$36,MATCH(D$45,$B$37:$B$42,0),0) -> 360 | E48: =OFFSET($B$36,MATCH(E$45,$B$37:$B$42,0),1)*$B48+OFFSET($B$36,MATCH(E$45,$B$37:$B$42,0),2)*MIN($B48,7)+OFFSET($E$36,MATCH(E$45,$B$37:$B$42,0),0)*$C48*1.1/OFFSET($F$36,MATCH(E$45,$B$37:$B$42,0),0) -> 3000 | F48: =OFFSET($B$36,MATCH(F$45,$B$37:$B$42,0),1)*$B48+OFFSET($B$36,MATCH(F$45,$B$37:$B$42,0),2)*MIN($B48,7)+OFFSET($E$36,MATCH(F$45,$B$37:$B$42,0),0)*$C48*1.1/OFFSET($F$36,MATCH(F$45,$B$37:$B$42,0),0) -> 45 | G48: =OFFSET($B$36,MATCH(G$45,$B$37:$B$42,0),1)*$B48+OFFSET($B$36,MATCH(G$45,$B$37:$B$42,0),2)*MIN($B48,7)+OFFSET($E$36,MATCH(G$45,$B$37:$B$42,0),0)*$C48*1.1/OFFSET($F$36,MATCH(G$45,$B$37:$B$42,0),0) -> 0 | H48: =OFFSET($B$36,MATCH(H$45,$B$37:$B$42,0),1)*$B48+OFFSET($B$36,MATCH(H$45,$B$37:$B$42,0),2)*MIN($B48,7)+OFFSET($E$36,MATCH(H$45,$B$37:$B$42,0),0)*$C48*1.1/OFFSET($F$36,MATCH(H$45,$B$37:$B$42,0),0) -> 0 | I48: =OFFSET($B$36,MATCH(I$45,$B$37:$B$42,0),1)*$B48+OFFSET($B$36,MATCH(I$45,$B$37:$B$42,0),2)*MIN($B48,7)+OFFSET($E$36,MATCH(I$45,$B$37:$B$42,0),0)*$C48*1.1/OFFSET($F$36,MATCH(I$45,$B$37:$B$42,0),0) -> 4950 | J48: =OFFSET(梦灵养成!$Y$29,MATCH(D48,梦灵养成!$C$30:$C$629,1),0) -> 1800 | K48: =E48*0.07 -> 210 | L48: =OFFSET(洗练性价比!$N$52,MATCH(F48*60,洗练性价比!$C$53:$C$2052,1),0) -> 2880
B49: 4 | C49: =C48+_xlfn.XLOOKUP($C$44,$C$28:$C$33,$F$28:$F$33) -> 0 | D49: =OFFSET($B$36,MATCH(D$45,$B$37:$B$42,0),1)*$B49+OFFSET($B$36,MATCH(D$45,$B$37:$B$42,0),2)*MIN($B49,7)+OFFSET($E$36,MATCH(D$45,$B$37:$B$42,0),0)*$C49*1.1/OFFSET($F$36,MATCH(D$45,$B$37:$B$42,0),0) -> 480 | E49: =OFFSET($B$36,MATCH(E$45,$B$37:$B$42,0),1)*$B49+OFFSET($B$36,MATCH(E$45,$B$37:$B$42,0),2)*MIN($B49,7)+OFFSET($E$36,MATCH(E$45,$B$37:$B$42,0),0)*$C49*1.1/OFFSET($F$36,MATCH(E$45,$B$37:$B$42,0),0) -> 4000 | F49: =OFFSET($B$36,MATCH(F$45,$B$37:$B$42,0),1)*$B49+OFFSET($B$36,MATCH(F$45,$B$37:$B$42,0),2)*MIN($B49,7)+OFFSET($E$36,MATCH(F$45,$B$37:$B$42,0),0)*$C49*1.1/OFFSET($F$36,MATCH(F$45,$B$37:$B$42,0),0) -> 60 | G49: =OFFSET($B$36,MATCH(G$45,$B$37:$B$42,0),1)*$B49+OFFSET($B$36,MATCH(G$45,$B$37:$B$42,0),2)*MIN($B49,7)+OFFSET($E$36,MATCH(G$45,$B$37:$B$42,0),0)*$C49*1.1/OFFSET($F$36,MATCH(G$45,$B$37:$B$42,0),0) -> 0 | H49: =OFFSET($B$36,MATCH(H$45,$B$37:$B$42,0),1)*$B49+OFFSET($B$36,MATCH(H$45,$B$37:$B$42,0),2)*MIN($B49,7)+OFFSET($E$36,MATCH(H$45,$B$37:$B$42,0),0)*$C49*1.1/OFFSET($F$36,MATCH(H$45,$B$37:$B$42,0),0) -> 0 | I49: =OFFSET($B$36,MATCH(I$45,$B$37:$B$42,0),1)*$B49+OFFSET($B$36,MATCH(I$45,$B$37:$B$42,0),2)*MIN($B49,7)+OFFSET($E$36,MATCH(I$45,$B$37:$B$42,0),0)*$C49*1.1/OFFSET($F$36,MATCH(I$45,$B$37:$B$42,0),0) -> 6600 | J49: =OFFSET(梦灵养成!$Y$29,MATCH(D49,梦灵养成!$C$30:$C$629,1),0) -> 9000 | K49: =E49*0.07 -> 280 | L49: =OFFSET(洗练性价比!$N$52,MATCH(F49*60,洗练性价比!$C$53:$C$2052,1),0) -> 2880
B50: 5 | C50: =C49+_xlfn.XLOOKUP($C$44,$C$28:$C$33,$F$28:$F$33) -> 0 | D50: =OFFSET($B$36,MATCH(D$45,$B$37:$B$42,0),1)*$B50+OFFSET($B$36,MATCH(D$45,$B$37:$B$42,0),2)*MIN($B50,7)+OFFSET($E$36,MATCH(D$45,$B$37:$B$42,0),0)*$C50*1.1/OFFSET($F$36,MATCH(D$45,$B$37:$B$42,0),0) -> 600 | E50: =OFFSET($B$36,MATCH(E$45,$B$37:$B$42,0),1)*$B50+OFFSET($B$36,MATCH(E$45,$B$37:$B$42,0),2)*MIN($B50,7)+OFFSET($E$36,MATCH(E$45,$B$37:$B$42,0),0)*$C50*1.1/OFFSET($F$36,MATCH(E$45,$B$37:$B$42,0),0) -> 5000 | F50: =OFFSET($B$36,MATCH(F$45,$B$37:$B$42,0),1)*$B50+OFFSET($B$36,MATCH(F$45,$B$37:$B$42,0),2)*MIN($B50,7)+OFFSET($E$36,MATCH(F$45,$B$37:$B$42,0),0)*$C50*1.1/OFFSET($F$36,MATCH(F$45,$B$37:$B$42,0),0) -> 75 | G50: =OFFSET($B$36,MATCH(G$45,$B$37:$B$42,0),1)*$B50+OFFSET($B$36,MATCH(G$45,$B$37:$B$42,0),2)*MIN($B50,7)+OFFSET($E$36,MATCH(G$45,$B$37:$B$42,0),0)*$C50*1.1/OFFSET($F$36,MATCH(G$45,$B$37:$B$42,0),0) -> 0 | H50: =OFFSET($B$36,MATCH(H$45,$B$37:$B$42,0),1)*$B50+OFFSET($B$36,MATCH(H$45,$B$37:$B$42,0),2)*MIN($B50,7)+OFFSET($E$36,MATCH(H$45,$B$37:$B$42,0),0)*$C50*1.1/OFFSET($F$36,MATCH(H$45,$B$37:$B$42,0),0) -> 0 | I50: =OFFSET($B$36,MATCH(I$45,$B$37:$B$42,0),1)*$B50+OFFSET($B$36,MATCH(I$45,$B$37:$B$42,0),2)*MIN($B50,7)+OFFSET($E$36,MATCH(I$45,$B$37:$B$42,0),0)*$C50*1.1/OFFSET($F$36,MATCH(I$45,$B$37:$B$42,0),0) -> 8250 | J50: =OFFSET(梦灵养成!$Y$29,MATCH(D50,梦灵养成!$C$30:$C$629,1),0) -> 14400 | K50: =E50*0.07 -> 350 | L50: =OFFSET(洗练性价比!$N$52,MATCH(F50*60,洗练性价比!$C$53:$C$2052,1),0) -> 2880
B51: 6 | C51: =C50+_xlfn.XLOOKUP($C$44,$C$28:$C$33,$F$28:$F$33) -> 0 | D51: =OFFSET($B$36,MATCH(D$45,$B$37:$B$42,0),1)*$B51+OFFSET($B$36,MATCH(D$45,$B$37:$B$42,0),2)*MIN($B51,7)+OFFSET($E$36,MATCH(D$45,$B$37:$B$42,0),0)*$C51*1.1/OFFSET($F$36,MATCH(D$45,$B$37:$B$42,0),0) -> 720 | E51: =OFFSET($B$36,MATCH(E$45,$B$37:$B$42,0),1)*$B51+OFFSET($B$36,MATCH(E$45,$B$37:$B$42,0),2)*MIN($B51,7)+OFFSET($E$36,MATCH(E$45,$B$37:$B$42,0),0)*$C51*1.1/OFFSET($F$36,MATCH(E$45,$B$37:$B$42,0),0) -> 6000 | F51: =OFFSET($B$36,MATCH(F$45,$B$37:$B$42,0),1)*$B51+OFFSET($B$36,MATCH(F$45,$B$37:$B$42,0),2)*MIN($B51,7)+OFFSET($E$36,MATCH(F$45,$B$37:$B$42,0),0)*$C51*1.1/OFFSET($F$36,MATCH(F$45,$B$37:$B$42,0),0) -> 90 | G51: =OFFSET($B$36,MATCH(G$45,$B$37:$B$42,0),1)*$B51+OFFSET($B$36,MATCH(G$45,$B$37:$B$42,0),2)*MIN($B51,7)+OFFSET($E$36,MATCH(G$45,$B$37:$B$42,0),0)*$C51*1.1/OFFSET($F$36,MATCH(G$45,$B$37:$B$42,0),0) -> 0 | H51: =OFFSET($B$36,MATCH(H$45,$B$37:$B$42,0),1)*$B51+OFFSET($B$36,MATCH(H$45,$B$37:$B$42,0),2)*MIN($B51,7)+OFFSET($E$36,MATCH(H$45,$B$37:$B$42,0),0)*$C51*1.1/OFFSET($F$36,MATCH(H$45,$B$37:$B$42,0),0) -> 0 | I51: =OFFSET($B$36,MATCH(I$45,$B$37:$B$42,0),1)*$B51+OFFSET($B$36,MATCH(I$45,$B$37:$B$42,0),2)*MIN($B51,7)+OFFSET($E$36,MATCH(I$45,$B$37:$B$42,0),0)*$C51*1.1/OFFSET($F$36,MATCH(I$45,$B$37:$B$42,0),0) -> 9900 | J51: =OFFSET(梦灵养成!$Y$29,MATCH(D51,梦灵养成!$C$30:$C$629,1),0) -> 12600 | K51: =E51*0.07 -> 420 | L51: =OFFSET(洗练性价比!$N$52,MATCH(F51*60,洗练性价比!$C$53:$C$2052,1),0) -> 2880
B52: 7 | C52: =C51+_xlfn.XLOOKUP($C$44,$C$28:$C$33,$F$28:$F$33) -> 0 | D52: =OFFSET($B$36,MATCH(D$45,$B$37:$B$42,0),1)*$B52+OFFSET($B$36,MATCH(D$45,$B$37:$B$42,0),2)*MIN($B52,7)+OFFSET($E$36,MATCH(D$45,$B$37:$B$42,0),0)*$C52*1.1/OFFSET($F$36,MATCH(D$45,$B$37:$B$42,0),0) -> 840 | E52: =OFFSET($B$36,MATCH(E$45,$B$37:$B$42,0),1)*$B52+OFFSET($B$36,MATCH(E$45,$B$37:$B$42,0),2)*MIN($B52,7)+OFFSET($E$36,MATCH(E$45,$B$37:$B$42,0),0)*$C52*1.1/OFFSET($F$36,MATCH(E$45,$B$37:$B$42,0),0) -> 7000 | F52: =OFFSET($B$36,MATCH(F$45,$B$37:$B$42,0),1)*$B52+OFFSET($B$36,MATCH(F$45,$B$37:$B$42,0),2)*MIN($B52,7)+OFFSET($E$36,MATCH(F$45,$B$37:$B$42,0),0)*$C52*1.1/OFFSET($F$36,MATCH(F$45,$B$37:$B$42,0),0) -> 105 | G52: =OFFSET($B$36,MATCH(G$45,$B$37:$B$42,0),1)*$B52+OFFSET($B$36,MATCH(G$45,$B$37:$B$42,0),2)*MIN($B52,7)+OFFSET($E$36,MATCH(G$45,$B$37:$B$42,0),0)*$C52*1.1/OFFSET($F$36,MATCH(G$45,$B$37:$B$42,0),0) -> 0 | H52: =OFFSET($B$36,MATCH(H$45,$B$37:$B$42,0),1)*$B52+OFFSET($B$36,MATCH(H$45,$B$37:$B$42,0),2)*MIN($B52,7)+OFFSET($E$36,MATCH(H$45,$B$37:$B$42,0),0)*$C52*1.1/OFFSET($F$36,MATCH(H$45,$B$37:$B$42,0),0) -> 0 | I52: =OFFSET($B$36,MATCH(I$45,$B$37:$B$42,0),1)*$B52+OFFSET($B$36,MATCH(I$45,$B$37:$B$42,0),2)*MIN($B52,7)+OFFSET($E$36,MATCH(I$45,$B$37:$B$42,0),0)*$C52*1.1/OFFSET($F$36,MATCH(I$45,$B$37:$B$42,0),0) -> 11550 | J52: =OFFSET(梦灵养成!$Y$29,MATCH(D52,梦灵养成!$C$30:$C$629,1),0) -> 10800 | K52: =E52*0.07 -> 490 | L52: =OFFSET(洗练性价比!$N$52,MATCH(F52*60,洗练性价比!$C$53:$C$2052,1),0) -> 2880
B53: 8 | C53: =C52+_xlfn.XLOOKUP($C$44,$C$28:$C$33,$F$28:$F$33) -> 0 | D53: =OFFSET($B$36,MATCH(D$45,$B$37:$B$42,0),1)*$B53+OFFSET($B$36,MATCH(D$45,$B$37:$B$42,0),2)*MIN($B53,7)+OFFSET($E$36,MATCH(D$45,$B$37:$B$42,0),0)*$C53*1.1/OFFSET($F$36,MATCH(D$45,$B$37:$B$42,0),0) -> 900 | E53: =OFFSET($B$36,MATCH(E$45,$B$37:$B$42,0),1)*$B53+OFFSET($B$36,MATCH(E$45,$B$37:$B$42,0),2)*MIN($B53,7)+OFFSET($E$36,MATCH(E$45,$B$37:$B$42,0),0)*$C53*1.1/OFFSET($F$36,MATCH(E$45,$B$37:$B$42,0),0) -> 8000 | F53: =OFFSET($B$36,MATCH(F$45,$B$37:$B$42,0),1)*$B53+OFFSET($B$36,MATCH(F$45,$B$37:$B$42,0),2)*MIN($B53,7)+OFFSET($E$36,MATCH(F$45,$B$37:$B$42,0),0)*$C53*1.1/OFFSET($F$36,MATCH(F$45,$B$37:$B$42,0),0) -> 109 | G53: =OFFSET($B$36,MATCH(G$45,$B$37:$B$42,0),1)*$B53+OFFSET($B$36,MATCH(G$45,$B$37:$B$42,0),2)*MIN($B53,7)+OFFSET($E$36,MATCH(G$45,$B$37:$B$42,0),0)*$C53*1.1/OFFSET($F$36,MATCH(G$45,$B$37:$B$42,0),0) -> 0 | H53: =OFFSET($B$36,MATCH(H$45,$B$37:$B$42,0),1)*$B53+OFFSET($B$36,MATCH(H$45,$B$37:$B$42,0),2)*MIN($B53,7)+OFFSET($E$36,MATCH(H$45,$B$37:$B$42,0),0)*$C53*1.1/OFFSET($F$36,MATCH(H$45,$B$37:$B$42,0),0) -> 0 | I53: =OFFSET($B$36,MATCH(I$45,$B$37:$B$42,0),1)*$B53+OFFSET($B$36,MATCH(I$45,$B$37:$B$42,0),2)*MIN($B53,7)+OFFSET($E$36,MATCH(I$45,$B$37:$B$42,0),0)*$C53*1.1/OFFSET($F$36,MATCH(I$45,$B$37:$B$42,0),0) -> 12000 | J53: =OFFSET(梦灵养成!$Y$29,MATCH(D53,梦灵养成!$C$30:$C$629,1),0) -> 10800 | K53: =E53*0.07 -> 560 | L53: =OFFSET(洗练性价比!$N$52,MATCH(F53*60,洗练性价比!$C$53:$C$2052,1),0) -> 2880
B54: 9 | C54: =C53+_xlfn.XLOOKUP($C$44,$C$28:$C$33,$F$28:$F$33) -> 0 | D54: =OFFSET($B$36,MATCH(D$45,$B$37:$B$42,0),1)*$B54+OFFSET($B$36,MATCH(D$45,$B$37:$B$42,0),2)*MIN($B54,7)+OFFSET($E$36,MATCH(D$45,$B$37:$B$42,0),0)*$C54*1.1/OFFSET($F$36,MATCH(D$45,$B$37:$B$42,0),0) -> 960 | E54: =OFFSET($B$36,MATCH(E$45,$B$37:$B$42,0),1)*$B54+OFFSET($B$36,MATCH(E$45,$B$37:$B$42,0),2)*MIN($B54,7)+OFFSET($E$36,MATCH(E$45,$B$37:$B$42,0),0)*$C54*1.1/OFFSET($F$36,MATCH(E$45,$B$37:$B$42,0),0) -> 9000 | F54: =OFFSET($B$36,MATCH(F$45,$B$37:$B$42,0),1)*$B54+OFFSET($B$36,MATCH(F$45,$B$37:$B$42,0),2)*MIN($B54,7)+OFFSET($E$36,MATCH(F$45,$B$37:$B$42,0),0)*$C54*1.1/OFFSET($F$36,MATCH(F$45,$B$37:$B$42,0),0) -> 113 | G54: =OFFSET($B$36,MATCH(G$45,$B$37:$B$42,0),1)*$B54+OFFSET($B$36,MATCH(G$45,$B$37:$B$42,0),2)*MIN($B54,7)+OFFSET($E$36,MATCH(G$45,$B$37:$B$42,0),0)*$C54*1.1/OFFSET($F$36,MATCH(G$45,$B$37:$B$42,0),0) -> 0 | H54: =OFFSET($B$36,MATCH(H$45,$B$37:$B$42,0),1)*$B54+OFFSET($B$36,MATCH(H$45,$B$37:$B$42,0),2)*MIN($B54,7)+OFFSET($E$36,MATCH(H$45,$B$37:$B$42,0),0)*$C54*1.1/OFFSET($F$36,MATCH(H$45,$B$37:$B$42,0),0) -> 0 | I54: =OFFSET($B$36,MATCH(I$45,$B$37:$B$42,0),1)*$B54+OFFSET($B$36,MATCH(I$45,$B$37:$B$42,0),2)*MIN($B54,7)+OFFSET($E$36,MATCH(I$45,$B$37:$B$42,0),0)*$C54*1.1/OFFSET($F$36,MATCH(I$45,$B$37:$B$42,0),0) -> 12450 | J54: =OFFSET(梦灵养成!$Y$29,MATCH(D54,梦灵养成!$C$30:$C$629,1),0) -> 10800 | K54: =E54*0.07 -> 630 | L54: =OFFSET(洗练性价比!$N$52,MATCH(F54*60,洗练性价比!$C$53:$C$2052,1),0) -> 2880
B55: 10 | C55: =C54+_xlfn.XLOOKUP($C$44,$C$28:$C$33,$F$28:$F$33) -> 0 | D55: =OFFSET($B$36,MATCH(D$45,$B$37:$B$42,0),1)*$B55+OFFSET($B$36,MATCH(D$45,$B$37:$B$42,0),2)*MIN($B55,7)+OFFSET($E$36,MATCH(D$45,$B$37:$B$42,0),0)*$C55*1.1/OFFSET($F$36,MATCH(D$45,$B$37:$B$42,0),0) -> 1020 | E55: =OFFSET($B$36,MATCH(E$45,$B$37:$B$42,0),1)*$B55+OFFSET($B$36,MATCH(E$45,$B$37:$B$42,0),2)*MIN($B55,7)+OFFSET($E$36,MATCH(E$45,$B$37:$B$42,0),0)*$C55*1.1/OFFSET($F$36,MATCH(E$45,$B$37:$B$42,0),0) -> 10000 | F55: =OFFSET($B$36,MATCH(F$45,$B$37:$B$42,0),1)*$B55+OFFSET($B$36,MATCH(F$45,$B$37:$B$42,0),2)*MIN($B55,7)+OFFSET($E$36,MATCH(F$45,$B$37:$B$42,0),0)*$C55*1.1/OFFSET($F$36,MATCH(F$45,$B$37:$B$42,0),0) -> 117 | G55: =OFFSET($B$36,MATCH(G$45,$B$37:$B$42,0),1)*$B55+OFFSET($B$36,MATCH(G$45,$B$37:$B$42,0),2)*MIN($B55,7)+OFFSET($E$36,MATCH(G$45,$B$37:$B$42,0),0)*$C55*1.1/OFFSET($F$36,MATCH(G$45,$B$37:$B$42,0),0) -> 0 | H55: =OFFSET($B$36,MATCH(H$45,$B$37:$B$42,0),1)*$B55+OFFSET($B$36,MATCH(H$45,$B$37:$B$42,0),2)*MIN($B55,7)+OFFSET($E$36,MATCH(H$45,$B$37:$B$42,0),0)*$C55*1.1/OFFSET($F$36,MATCH(H$45,$B$37:$B$42,0),0) -> 0 | I55: =OFFSET($B$36,MATCH(I$45,$B$37:$B$42,0),1)*$B55+OFFSET($B$36,MATCH(I$45,$B$37:$B$42,0),2)*MIN($B55,7)+OFFSET($E$36,MATCH(I$45,$B$37:$B$42,0),0)*$C55*1.1/OFFSET($F$36,MATCH(I$45,$B$37:$B$42,0),0) -> 12900 | J55: =OFFSET(梦灵养成!$Y$29,MATCH(D55,梦灵养成!$C$30:$C$629,1),0) -> 9000 | K55: =E55*0.07 -> 700 | L55: =OFFSET(洗练性价比!$N$52,MATCH(F55*60,洗练性价比!$C$53:$C$2052,1),0) -> 2880
B56: 11 | C56: =C55+_xlfn.XLOOKUP($C$44,$C$28:$C$33,$F$28:$F$33) -> 0 | D56: =OFFSET($B$36,MATCH(D$45,$B$37:$B$42,0),1)*$B56+OFFSET($B$36,MATCH(D$45,$B$37:$B$42,0),2)*MIN($B56,7)+OFFSET($E$36,MATCH(D$45,$B$37:$B$42,0),0)*$C56*1.1/OFFSET($F$36,MATCH(D$45,$B$37:$B$42,0),0) -> 1080 | E56: =OFFSET($B$36,MATCH(E$45,$B$37:$B$42,0),1)*$B56+OFFSET($B$36,MATCH(E$45,$B$37:$B$42,0),2)*MIN($B56,7)+OFFSET($E$36,MATCH(E$45,$B$37:$B$42,0),0)*$C56*1.1/OFFSET($F$36,MATCH(E$45,$B$37:$B$42,0),0) -> 11000 | F56: =OFFSET($B$36,MATCH(F$45,$B$37:$B$42,0),1)*$B56+OFFSET($B$36,MATCH(F$45,$B$37:$B$42,0),2)*MIN($B56,7)+OFFSET($E$36,MATCH(F$45,$B$37:$B$42,0),0)*$C56*1.1/OFFSET($F$36,MATCH(F$45,$B$37:$B$42,0),0) -> 121 | G56: =OFFSET($B$36,MATCH(G$45,$B$37:$B$42,0),1)*$B56+OFFSET($B$36,MATCH(G$45,$B$37:$B$42,0),2)*MIN($B56,7)+OFFSET($E$36,MATCH(G$45,$B$37:$B$42,0),0)*$C56*1.1/OFFSET($F$36,MATCH(G$45,$B$37:$B$42,0),0) -> 0 | H56: =OFFSET($B$36,MATCH(H$45,$B$37:$B$42,0),1)*$B56+OFFSET($B$36,MATCH(H$45,$B$37:$B$42,0),2)*MIN($B56,7)+OFFSET($E$36,MATCH(H$45,$B$37:$B$42,0),0)*$C56*1.1/OFFSET($F$36,MATCH(H$45,$B$37:$B$42,0),0) -> 0 | I56: =OFFSET($B$36,MATCH(I$45,$B$37:$B$42,0),1)*$B56+OFFSET($B$36,MATCH(I$45,$B$37:$B$42,0),2)*MIN($B56,7)+OFFSET($E$36,MATCH(I$45,$B$37:$B$42,0),0)*$C56*1.1/OFFSET($F$36,MATCH(I$45,$B$37:$B$42,0),0) -> 13350 | J56: =OFFSET(梦灵养成!$Y$29,MATCH(D56,梦灵养成!$C$30:$C$629,1),0) -> 9000 | K56: =E56*0.07 -> 770 | L56: =OFFSET(洗练性价比!$N$52,MATCH(F56*60,洗练性价比!$C$53:$C$2052,1),0) -> 3240
B57: 12 | C57: =C56+_xlfn.XLOOKUP($C$44,$C$28:$C$33,$F$28:$F$33) -> 0 | D57: =OFFSET($B$36,MATCH(D$45,$B$37:$B$42,0),1)*$B57+OFFSET($B$36,MATCH(D$45,$B$37:$B$42,0),2)*MIN($B57,7)+OFFSET($E$36,MATCH(D$45,$B$37:$B$42,0),0)*$C57*1.1/OFFSET($F$36,MATCH(D$45,$B$37:$B$42,0),0) -> 1140 | E57: =OFFSET($B$36,MATCH(E$45,$B$37:$B$42,0),1)*$B57+OFFSET($B$36,MATCH(E$45,$B$37:$B$42,0),2)*MIN($B57,7)+OFFSET($E$36,MATCH(E$45,$B$37:$B$42,0),0)*$C57*1.1/OFFSET($F$36,MATCH(E$45,$B$37:$B$42,0),0) -> 12000 | F57: =OFFSET($B$36,MATCH(F$45,$B$37:$B$42,0),1)*$B57+OFFSET($B$36,MATCH(F$45,$B$37:$B$42,0),2)*MIN($B57,7)+OFFSET($E$36,MATCH(F$45,$B$37:$B$42,0),0)*$C57*1.1/OFFSET($F$36,MATCH(F$45,$B$37:$B$42,0),0) -> 125 | G57: =OFFSET($B$36,MATCH(G$45,$B$37:$B$42,0),1)*$B57+OFFSET($B$36,MATCH(G$45,$B$37:$B$42,0),2)*MIN($B57,7)+OFFSET($E$36,MATCH(G$45,$B$37:$B$42,0),0)*$C57*1.1/OFFSET($F$36,MATCH(G$45,$B$37:$B$42,0),0) -> 0 | H57: =OFFSET($B$36,MATCH(H$45,$B$37:$B$42,0),1)*$B57+OFFSET($B$36,MATCH(H$45,$B$37:$B$42,0),2)*MIN($B57,7)+OFFSET($E$36,MATCH(H$45,$B$37:$B$42,0),0)*$C57*1.1/OFFSET($F$36,MATCH(H$45,$B$37:$B$42,0),0) -> 0 | I57: =OFFSET($B$36,MATCH(I$45,$B$37:$B$42,0),1)*$B57+OFFSET($B$36,MATCH(I$45,$B$37:$B$42,0),2)*MIN($B57,7)+OFFSET($E$36,MATCH(I$45,$B$37:$B$42,0),0)*$C57*1.1/OFFSET($F$36,MATCH(I$45,$B$37:$B$42,0),0) -> 13800 | J57: =OFFSET(梦灵养成!$Y$29,MATCH(D57,梦灵养成!$C$30:$C$629,1),0) -> 7200 | K57: =E57*0.07 -> 840 | L57: =OFFSET(洗练性价比!$N$52,MATCH(F57*60,洗练性价比!$C$53:$C$2052,1),0) -> 3240
B58: 13 | C58: =C57+_xlfn.XLOOKUP($C$44,$C$28:$C$33,$F$28:$F$33) -> 0 | D58: =OFFSET($B$36,MATCH(D$45,$B$37:$B$42,0),1)*$B58+OFFSET($B$36,MATCH(D$45,$B$37:$B$42,0),2)*MIN($B58,7)+OFFSET($E$36,MATCH(D$45,$B$37:$B$42,0),0)*$C58*1.1/OFFSET($F$36,MATCH(D$45,$B$37:$B$42,0),0) -> 1200 | E58: =OFFSET($B$36,MATCH(E$45,$B$37:$B$42,0),1)*$B58+OFFSET($B$36,MATCH(E$45,$B$37:$B$42,0),2)*MIN($B58,7)+OFFSET($E$36,MATCH(E$45,$B$37:$B$42,0),0)*$C58*1.1/OFFSET($F$36,MATCH(E$45,$B$37:$B$42,0),0) -> 13000 | F58: =OFFSET($B$36,MATCH(F$45,$B$37:$B$42,0),1)*$B58+OFFSET($B$36,MATCH(F$45,$B$37:$B$42,0),2)*MIN($B58,7)+OFFSET($E$36,MATCH(F$45,$B$37:$B$42,0),0)*$C58*1.1/OFFSET($F$36,MATCH(F$45,$B$37:$B$42,0),0) -> 129 | G58: =OFFSET($B$36,MATCH(G$45,$B$37:$B$42,0),1)*$B58+OFFSET($B$36,MATCH(G$45,$B$37:$B$42,0),2)*MIN($B58,7)+OFFSET($E$36,MATCH(G$45,$B$37:$B$42,0),0)*$C58*1.1/OFFSET($F$36,MATCH(G$45,$B$37:$B$42,0),0) -> 0 | H58: =OFFSET($B$36,MATCH(H$45,$B$37:$B$42,0),1)*$B58+OFFSET($B$36,MATCH(H$45,$B$37:$B$42,0),2)*MIN($B58,7)+OFFSET($E$36,MATCH(H$45,$B$37:$B$42,0),0)*$C58*1.1/OFFSET($F$36,MATCH(H$45,$B$37:$B$42,0),0) -> 0 | I58: =OFFSET($B$36,MATCH(I$45,$B$37:$B$42,0),1)*$B58+OFFSET($B$36,MATCH(I$45,$B$37:$B$42,0),2)*MIN($B58,7)+OFFSET($E$36,MATCH(I$45,$B$37:$B$42,0),0)*$C58*1.1/OFFSET($F$36,MATCH(I$45,$B$37:$B$42,0),0) -> 14250 | J58: =OFFSET(梦灵养成!$Y$29,MATCH(D58,梦灵养成!$C$30:$C$629,1),0) -> 5400 | K58: =E58*0.07 -> 910 | L58: =OFFSET(洗练性价比!$N$52,MATCH(F58*60,洗练性价比!$C$53:$C$2052,1),0) -> 3600
... B345: 300 | C345: =C344+_xlfn.XLOOKUP($C$44,$C$28:$C$33,$F$28:$F$33) -> 0 | D345: =OFFSET($B$36,MATCH(D$45,$B$37:$B$42,0),1)*$B345+OFFSET($B$36,MATCH(D$45,$B$37:$B$42,0),2)*MIN($B345,7)+OFFSET($E$36,MATCH(D$45,$B$37:$B$42,0),0)*$C345*1.1/OFFSET($F$36,MATCH(D$45,$B$37:$B$42,0),0) -> 18420 | E345: =OFFSET($B$36,MATCH(E$45,$B$37:$B$42,0),1)*$B345+OFFSET($B$36,MATCH(E$45,$B$37:$B$42,0),2)*MIN($B345,7)+OFFSET($E$36,MATCH(E$45,$B$37:$B$42,0),0)*$C345*1.1/OFFSET($F$36,MATCH(E$45,$B$37:$B$42,0),0) -> 300000 | F345: =OFFSET($B$36,MATCH(F$45,$B$37:$B$42,0),1)*$B345+OFFSET($B$36,MATCH(F$45,$B$37:$B$42,0),2)*MIN($B345,7)+OFFSET($E$36,MATCH(F$45,$B$37:$B$42,0),0)*$C345*1.1/OFFSET($F$36,MATCH(F$45,$B$37:$B$42,0),0) -> 1277 | G345: =OFFSET($B$36,MATCH(G$45,$B$37:$B$42,0),1)*$B345+OFFSET($B$36,MATCH(G$45,$B$37:$B$42,0),2)*MIN($B345,7)+OFFSET($E$36,MATCH(G$45,$B$37:$B$42,0),0)*$C345*1.1/OFFSET($F$36,MATCH(G$45,$B$37:$B$42,0),0) -> 0 | H345: =OFFSET($B$36,MATCH(H$45,$B$37:$B$42,0),1)*$B345+OFFSET($B$36,MATCH(H$45,$B$37:$B$42,0),2)*MIN($B345,7)+OFFSET($E$36,MATCH(H$45,$B$37:$B$42,0),0)*$C345*1.1/OFFSET($F$36,MATCH(H$45,$B$37:$B$42,0),0) -> 0 | I345: =OFFSET($B$36,MATCH(I$45,$B$37:$B$42,0),1)*$B345+OFFSET($B$36,MATCH(I$45,$B$37:$B$42,0),2)*MIN($B345,7)+OFFSET($E$36,MATCH(I$45,$B$37:$B$42,0),0)*$C345*1.1/OFFSET($F$36,MATCH(I$45,$B$37:$B$42,0),0) -> 143400 | J345: =OFFSET(梦灵养成!$Y$29,MATCH(D345,梦灵养成!$C$30:$C$629,1),0) -> 104400 | K345: =E345*0.07 -> 21000 | L345: =OFFSET(洗练性价比!$N$52,MATCH(F345*60,洗练性价比!$C$53:$C$2052,1),0) -> 4680

Sheet 梦灵养成
B2: 参数
B3: 每周兑换个数 | C3: 5
L7: #当没有满图鉴基本概率低，满图鉴后产的多
B8: 来源 | C8: 阶段节点 | D8: 核心奖励 | E8: 梦灵品质 | F8: 梦灵倍率 | G8: 梦灵系数 | H8: 升阶系数 | I8: 主C | K8: 招募等级 | L8: 蓝卡 | M8: 紫卡 | N8: 橙卡 | O8: 红卡 | P8: 升级经验 | Q8: 升级经验2 | R8: 列1
B9: 星铸 | C9: 0 | D9: 寒冰射手 | E9: 1 | F9: 1 | G9: 0.04 | H9: 1 | I9: =D9 -> 寒冰射手 | K9: 1 | L9: 0.4 | M9: 0.1 | P9: 450 | Q9: =SUM($P$9:P9) -> 450
B10: 星铸 | C10: 0 | D10: 炽焰巫师 | E10: 1 | F10: 1 | G10: 0.04 | H10: 1 | I10: =I9 -> 寒冰射手 | K10: 2 | L10: 0.355 | M10: 0.12 | N10: 0.025 | P10: 909 | Q10: =SUM($P$9:P10) -> 1359
B11: 星铸 | C11: 0 | D11: 吟游诗人 | E11: 1 | F11: 1 | G11: 0.04 | H11: 1 | I11: =I10 -> 寒冰射手 | K11: 3 | L11: 0.31 | M11: 0.14 | N11: 0.05 | P11: 1818 | Q11: =SUM($P$9:P11) -> 3177
B12: 星铸 | C12: 10 | D12: 摇滚巨石 | E12: 2 | F12: 1.15 | G12: 0.05 | H12: 2 | I12: =D12 -> 摇滚巨石 | K12: 4 | L12: 0.26422632 | M12: 0.16 | N12: 0.06 | O12: 0.015773675 | P12: 2727 | Q12: =SUM($P$9:P12) -> 5904
B13: 星铸 | C13: 40 | D13: 泥巴少女 | E13: 2 | F13: 1.15 | G13: 0.05 | H13: 2 | I13: =D13 -> 泥巴少女 | K13: 5 | L13: 0.21694207 | M13: 0.18 | N13: 0.08 | O13: 0.023057933 | P13: 3636 | Q13: =SUM($P$9:P13) -> 9540
B14: 星铸 | C14: 80 | D14: 雷震子 | E14: 2 | F14: 1.15 | G14: 0.05 | H14: 2 | I14: =D14 -> 雷震子 | K14: 6 | L14: 0.1685022 | M14: 0.2 | N14: 0.1 | O14: 0.031497799 | P14: 4545 | Q14: =SUM($P$9:P14) -> 14085
B15: 星铸 | C15: 150 | D15: 忍者鲨手 | E15: 2 | F15: 1.15 | G15: 0.05 | H15: 2 | I15: =I14 -> 雷震子 | L15: 0.1685022 | M15: 0.2 | N15: 0.1 | O15: 0.031497799 | P15: 999999 | Q15: 9999999
B16: 星铸 | C16: 200 | D16: 甜心护士 | E16: 2 | F16: 1.15 | G16: 0.05 | H16: 2 | I16: =I15 -> 雷震子
B17: 星铸 | C17: 280 | D17: 路飞 | E17: 2 | F17: 1.15 | G17: 0.05 | H17: 3 | I17: =I16 -> 雷震子
B18: 星铸 | C18: =(351+431)/2 -> 391 | D18: 镭射眼 | E18: 3 | F18: 1.35 | G18: 0.06 | H18: 4 | I18: =D18 -> 镭射眼
B19: 轮巡 | C19: 699 | D19: 东方不败 | E19: 3 | F19: 1.35 | G19: 0.06 | H19: 4 | I19: =I18 -> 镭射眼 | L19: 1 | M19: 5 | N19: 10 | O19: 15 | P19: 20 | Q19: 25 | R19: 30
B20: 星铸 | C20: 600 | D20: 亚瑟 | E20: 3 | F20: 1.35 | G20: 0.06 | H20: 4 | I20: =I19 -> 镭射眼 | K20: 1 | L20: 1 | M20: 1 | N20: 1.1 | O20: 1.98 | P20: 2.2 | Q20: 2.64 | R20: 2.88
B21: 轮巡 | C21: 995 | D21: 唐小僧 | E21: 3 | F21: 1.35 | G21: 0.06 | H21: 4 | I21: =I20 -> 镭射眼 | K21: 2 | L21: 1.15 | M21: 1.15 | N21: 1.39 | O21: 1.95 | P21: 2.36 | Q21: 3.3 | R21: 3.63
B22: 星铸 | C22: 1450 | D22: 蜘蛛女王 | E22: 3 | F22: 1.35 | G22: 0.06 | H22: 5 | I22: =D22 -> 蜘蛛女王 | K22: 3 | L22: 1.15 | M22: 1.15 | N22: 1.61 | O22: 1.95 | P22: 2.73 | Q22: 3.3 | R22: 3.63
B23: 星铸 | C23: 1989.1501 | D23: 神灯王子 | E23: 3 | F23: 1.35 | G23: 0.06 | H23: 5 | I23: =D22 -> 蜘蛛女王 | K23: 4 | L23: 1.35 | M23: 1.35 | N23: 1.76 | O23: 3.16 | P23: 3.79 | Q23: 5.05 | R23: 7.28
B24: 星铸 | C24: 2201 | D24: 关羽 | E24: 3 | F24: 1.35 | G24: 0.06 | H24: 6 | I24: =I23 -> 蜘蛛女王 | K24: 5 | L24: 2.025 | M24: 2.025 | N24: 2.43 | O24: 4.38 | P24: 5.685 | Q24: 7.575 | R24: 10.92
B25: 轮巡 | C25: 3150 | D25: 神算诸葛 | E25: 4 | F25: 1.6 | G25: 0.1 | H25: 7 | I25: =D25 -> 神算诸葛 | K25: 6 | L25: 2.025 | M25: 2.025 | N25: 3.645 | O25: 4.38 | P25: 5.685 | Q25: 8.535 | R25: 10.92
B26: 星铸 | C26: 3842.6763 | D26: 我爱沙 | E26: 4 | F26: 1.6 | G26: 0.1 | H26: 7 | I26: =D25 -> 神算诸葛 | K26: 7 | L26: 2.025 | M26: 2.025 | N26: 3.645 | O26: 4.38 | P26: 5.685 | Q26: 8.535 | R26: 10.92
B27: 星铸 | C27: 4550 | D27: 后羿 | E27: 4 | F27: 1.6 | G27: 0.1 | H27: 7 | I27: =I26 -> 神算诸葛
B29: 天数 | C29: 抽数 | D29: 寒冰射手 | E29: 炽焰巫师 | F29: 吟游诗人 | G29: 摇滚巨石 | H29: 泥巴少女 | I29: 雷震子 | J29: 忍者鲨手 | K29: 甜心护士 | L29: 路飞 | M29: 镭射眼 | N29: 东方不败 | O29: 亚瑟 | P29: 蜘蛛女王 | Q29: 唐小僧 | R29: 神灯王子 | S29: 关羽 | T29: 后羿 | U29: 海拉 | V29: 神算诸葛 | W29: 强度系数 | X29: 主C角色 | Y29: 性价比 | Z29: 升阶系数
B30: 1 | C30: 100 | D30: =IFERROR(MATCH(D635*10,OFFSET($AP$635:$AP$734,0,D$631),1),0) -> 9 | E30: =IFERROR(MATCH(E635*10,OFFSET($AP$635:$AP$734,0,E$631),1),0) -> 9 | F30: =IFERROR(MATCH(F635*10,OFFSET($AP$635:$AP$734,0,F$631),1),0) -> 9 | G30: =IFERROR(MATCH(G635*10,OFFSET($AP$635:$AP$734,0,G$631),1),0) -> 6 | H30: =IFERROR(MATCH(H635*10,OFFSET($AP$635:$AP$734,0,H$631),1),0) -> 6 | I30: =IFERROR(MATCH(I635*10,OFFSET($AP$635:$AP$734,0,I$631),1),0) -> 6 | J30: =IFERROR(MATCH(J635*10,OFFSET($AP$635:$AP$734,0,J$631),1),0) -> 0 | K30: =IFERROR(MATCH(K635*10,OFFSET($AP$635:$AP$734,0,K$631),1),0) -> 0 | ... V30: =IFERROR(MATCH(V635*10,OFFSET($AP$635:$AP$734,0,V$631),1),0) -> 0 | W30: =OFFSET($K$19,_xlfn.XLOOKUP(X30,$D$9:$D$28,$H$9:$H$28),MATCH(OFFSET($C$29,B30,MATCH(X30,$D$29:$V$29,0)),$L$19:$R$19,1))*(1+(OFFSET($C$29,B30,MATCH(X30,$D$29:$V$29,0))-1)*_xlfn.XLOOKUP(X30,梦灵养成!$D$9:$D$28,梦灵养成!$G$9:$G$28)) -> 1.4375 | X30: =OFFSET($I$8,MATCH(C30,$C$9:$C$27,1),0) -> 雷震子 | Y30: =MAX((OFFSET($C$29,MATCH(W30*1.07,$W$30:$W$629,1)+1,0)-C30)*18,0) -> 5400 | Z30: =_xlfn.XLOOKUP(X30,$D$9:$D$27,$G$9:$G$27)*(OFFSET($B30,0,MATCH($X30,$D$29:$V$29,0)+1)-1)+1 -> 1.25
B31: 2 | C31: =C30+100 -> 200 | D31: =IFERROR(MATCH(D636*10,OFFSET($AP$635:$AP$734,0,D$631),1),0) -> 11 | E31: =IFERROR(MATCH(E636*10,OFFSET($AP$635:$AP$734,0,E$631),1),0) -> 11 | F31: =IFERROR(MATCH(F636*10,OFFSET($AP$635:$AP$734,0,F$631),1),0) -> 11 | G31: =IFERROR(MATCH(G636*10,OFFSET($AP$635:$AP$734,0,G$631),1),0) -> 6 | H31: =IFERROR(MATCH(H636*10,OFFSET($AP$635:$AP$734,0,H$631),1),0) -> 6 | I31: =IFERROR(MATCH(I636*10,OFFSET($AP$635:$AP$734,0,I$631),1),0) -> 6 | J31: =IFERROR(MATCH(J636*10,OFFSET($AP$635:$AP$734,0,J$631),1),0) -> 5 | K31: =IFERROR(MATCH(K636*10,OFFSET($AP$635:$AP$734,0,K$631),1),0) -> 0 | ... V31: =IFERROR(MATCH(V636*10,OFFSET($AP$635:$AP$734,0,V$631),1),0) -> 0 | W31: =OFFSET($K$19,_xlfn.XLOOKUP(X31,$D$9:$D$28,$H$9:$H$28),MATCH(OFFSET($C$29,B31,MATCH(X31,$D$29:$V$29,0)),$L$19:$R$19,1))*(1+(OFFSET($C$29,B31,MATCH(X31,$D$29:$V$29,0))-1)*_xlfn.XLOOKUP(X31,梦灵养成!$D$9:$D$28,梦灵养成!$G$9:$G$28)) -> 1.4375 | X31: =OFFSET($I$8,MATCH(C31,$C$9:$C$27,1),0) -> 雷震子 | Y31: =MAX((OFFSET($C$29,MATCH(W31*1.07,$W$30:$W$629,1)+1,0)-C31)*18,0) -> 3600 | Z31: =_xlfn.XLOOKUP(X31,$D$9:$D$27,$G$9:$G$27)*(OFFSET($B31,0,MATCH($X31,$D$29:$V$29,0)+1)-1)+1 -> 1.25
B32: 3 | C32: =C31+100 -> 300 | D32: =IFERROR(MATCH(D637*10,OFFSET($AP$635:$AP$734,0,D$631),1),0) -> 14 | E32: =IFERROR(MATCH(E637*10,OFFSET($AP$635:$AP$734,0,E$631),1),0) -> 14 | F32: =IFERROR(MATCH(F637*10,OFFSET($AP$635:$AP$734,0,F$631),1),0) -> 14 | G32: =IFERROR(MATCH(G637*10,OFFSET($AP$635:$AP$734,0,G$631),1),0) -> 7 | H32: =IFERROR(MATCH(H637*10,OFFSET($AP$635:$AP$734,0,H$631),1),0) -> 7 | I32: =IFERROR(MATCH(I637*10,OFFSET($AP$635:$AP$734,0,I$631),1),0) -> 7 | J32: =IFERROR(MATCH(J637*10,OFFSET($AP$635:$AP$734,0,J$631),1),0) -> 6 | K32: =IFERROR(MATCH(K637*10,OFFSET($AP$635:$AP$734,0,K$631),1),0) -> 5 | ... V32: =IFERROR(MATCH(V637*10,OFFSET($AP$635:$AP$734,0,V$631),1),0) -> 0 | W32: =OFFSET($K$19,_xlfn.XLOOKUP(X32,$D$9:$D$28,$H$9:$H$28),MATCH(OFFSET($C$29,B32,MATCH(X32,$D$29:$V$29,0)),$L$19:$R$19,1))*(1+(OFFSET($C$29,B32,MATCH(X32,$D$29:$V$29,0))-1)*_xlfn.XLOOKUP(X32,梦灵养成!$D$9:$D$28,梦灵养成!$G$9:$G$28)) -> 1.495 | X32: =OFFSET($I$8,MATCH(C32,$C$9:$C$27,1),0) -> 雷震子 | Y32: =MAX((OFFSET($C$29,MATCH(W32*1.07,$W$30:$W$629,1)+1,0)-C32)*18,0) -> 1800 | Z32: =_xlfn.XLOOKUP(X32,$D$9:$D$27,$G$9:$G$27)*(OFFSET($B32,0,MATCH($X32,$D$29:$V$29,0)+1)-1)+1 -> 1.3
B33: 4 | C33: =C32+100 -> 400 | D33: =IFERROR(MATCH(D638*10,OFFSET($AP$635:$AP$734,0,D$631),1),0) -> 15 | E33: =IFERROR(MATCH(E638*10,OFFSET($AP$635:$AP$734,0,E$631),1),0) -> 15 | F33: =IFERROR(MATCH(F638*10,OFFSET($AP$635:$AP$734,0,F$631),1),0) -> 15 | G33: =IFERROR(MATCH(G638*10,OFFSET($AP$635:$AP$734,0,G$631),1),0) -> 8 | H33: =IFERROR(MATCH(H638*10,OFFSET($AP$635:$AP$734,0,H$631),1),0) -> 8 | I33: =IFERROR(MATCH(I638*10,OFFSET($AP$635:$AP$734,0,I$631),1),0) -> 8 | J33: =IFERROR(MATCH(J638*10,OFFSET($AP$635:$AP$734,0,J$631),1),0) -> 6 | K33: =IFERROR(MATCH(K638*10,OFFSET($AP$635:$AP$734,0,K$631),1),0) -> 6 | ... V33: =IFERROR(MATCH(V638*10,OFFSET($AP$635:$AP$734,0,V$631),1),0) -> 0 | W33: =OFFSET($K$19,_xlfn.XLOOKUP(X33,$D$9:$D$28,$H$9:$H$28),MATCH(OFFSET($C$29,B33,MATCH(X33,$D$29:$V$29,0)),$L$19:$R$19,1))*(1+(OFFSET($C$29,B33,MATCH(X33,$D$29:$V$29,0))-1)*_xlfn.XLOOKUP(X33,梦灵养成!$D$9:$D$28,梦灵养成!$G$9:$G$28)) -> 1.674 | X33: =OFFSET($I$8,MATCH(C33,$C$9:$C$27,1),0) -> 镭射眼 | Y33: =MAX((OFFSET($C$29,MATCH(W33*1.07,$W$30:$W$629,1)+1,0)-C33)*18,0) -> 9000 | Z33: =_xlfn.XLOOKUP(X33,$D$9:$D$27,$G$9:$G$27)*(OFFSET($B33,0,MATCH($X33,$D$29:$V$29,0)+1)-1)+1 -> 1.24
B34: 5 | C34: =C33+100 -> 500 | D34: =IFERROR(MATCH(D639*10,OFFSET($AP$635:$AP$734,0,D$631),1),0) -> 17 | E34: =IFERROR(MATCH(E639*10,OFFSET($AP$635:$AP$734,0,E$631),1),0) -> 17 | F34: =IFERROR(MATCH(F639*10,OFFSET($AP$635:$AP$734,0,F$631),1),0) -> 17 | G34: =IFERROR(MATCH(G639*10,OFFSET($AP$635:$AP$734,0,G$631),1),0) -> 8 | H34: =IFERROR(MATCH(H639*10,OFFSET($AP$635:$AP$734,0,H$631),1),0) -> 8 | I34: =IFERROR(MATCH(I639*10,OFFSET($AP$635:$AP$734,0,I$631),1),0) -> 8 | J34: =IFERROR(MATCH(J639*10,OFFSET($AP$635:$AP$734,0,J$631),1),0) -> 7 | K34: =IFERROR(MATCH(K639*10,OFFSET($AP$635:$AP$734,0,K$631),1),0) -> 6 | ... V34: =IFERROR(MATCH(V639*10,OFFSET($AP$635:$AP$734,0,V$631),1),0) -> 0 | W34: =OFFSET($K$19,_xlfn.XLOOKUP(X34,$D$9:$D$28,$H$9:$H$28),MATCH(OFFSET($C$29,B34,MATCH(X34,$D$29:$V$29,0)),$L$19:$R$19,1))*(1+(OFFSET($C$29,B34,MATCH(X34,$D$29:$V$29,0))-1)*_xlfn.XLOOKUP(X34,梦灵养成!$D$9:$D$28,梦灵养成!$G$9:$G$28)) -> 1.674 | X34: =OFFSET($I$8,MATCH(C34,$C$9:$C$27,1),0) -> 镭射眼 | Y34: =MAX((OFFSET($C$29,MATCH(W34*1.07,$W$30:$W$629,1)+1,0)-C34)*18,0) -> 7200 | Z34: =_xlfn.XLOOKUP(X34,$D$9:$D$27,$G$9:$G$27)*(OFFSET($B34,0,MATCH($X34,$D$29:$V$29,0)+1)-1)+1 -> 1.24
B35: 6 | C35: =C34+100 -> 600 | D35: =IFERROR(MATCH(D640*10,OFFSET($AP$635:$AP$734,0,D$631),1),0) -> 18 | E35: =IFERROR(MATCH(E640*10,OFFSET($AP$635:$AP$734,0,E$631),1),0) -> 18 | F35: =IFERROR(MATCH(F640*10,OFFSET($AP$635:$AP$734,0,F$631),1),0) -> 18 | G35: =IFERROR(MATCH(G640*10,OFFSET($AP$635:$AP$734,0,G$631),1),0) -> 9 | H35: =IFERROR(MATCH(H640*10,OFFSET($AP$635:$AP$734,0,H$631),1),0) -> 9 | I35: =IFERROR(MATCH(I640*10,OFFSET($AP$635:$AP$734,0,I$631),1),0) -> 9 | J35: =IFERROR(MATCH(J640*10,OFFSET($AP$635:$AP$734,0,J$631),1),0) -> 8 | K35: =IFERROR(MATCH(K640*10,OFFSET($AP$635:$AP$734,0,K$631),1),0) -> 7 | ... V35: =IFERROR(MATCH(V640*10,OFFSET($AP$635:$AP$734,0,V$631),1),0) -> 0 | W35: =OFFSET($K$19,_xlfn.XLOOKUP(X35,$D$9:$D$28,$H$9:$H$28),MATCH(OFFSET($C$29,B35,MATCH(X35,$D$29:$V$29,0)),$L$19:$R$19,1))*(1+(OFFSET($C$29,B35,MATCH(X35,$D$29:$V$29,0))-1)*_xlfn.XLOOKUP(X35,梦灵养成!$D$9:$D$28,梦灵养成!$G$9:$G$28)) -> 1.755 | X35: =OFFSET($I$8,MATCH(C35,$C$9:$C$27,1),0) -> 镭射眼 | Y35: =MAX((OFFSET($C$29,MATCH(W35*1.07,$W$30:$W$629,1)+1,0)-C35)*18,0) -> 14400 | Z35: =_xlfn.XLOOKUP(X35,$D$9:$D$27,$G$9:$G$27)*(OFFSET($B35,0,MATCH($X35,$D$29:$V$29,0)+1)-1)+1 -> 1.3
B36: 7 | C36: =C35+100 -> 700 | D36: =IFERROR(MATCH(D641*10,OFFSET($AP$635:$AP$734,0,D$631),1),0) -> 19 | E36: =IFERROR(MATCH(E641*10,OFFSET($AP$635:$AP$734,0,E$631),1),0) -> 19 | F36: =IFERROR(MATCH(F641*10,OFFSET($AP$635:$AP$734,0,F$631),1),0) -> 19 | G36: =IFERROR(MATCH(G641*10,OFFSET($AP$635:$AP$734,0,G$631),1),0) -> 10 | H36: =IFERROR(MATCH(H641*10,OFFSET($AP$635:$AP$734,0,H$631),1),0) -> 10 | I36: =IFERROR(MATCH(I641*10,OFFSET($AP$635:$AP$734,0,I$631),1),0) -> 10 | J36: =IFERROR(MATCH(J641*10,OFFSET($AP$635:$AP$734,0,J$631),1),0) -> 8 | K36: =IFERROR(MATCH(K641*10,OFFSET($AP$635:$AP$734,0,K$631),1),0) -> 8 | ... V36: =IFERROR(MATCH(V641*10,OFFSET($AP$635:$AP$734,0,V$631),1),0) -> 0 | W36: =OFFSET($K$19,_xlfn.XLOOKUP(X36,$D$9:$D$28,$H$9:$H$28),MATCH(OFFSET($C$29,B36,MATCH(X36,$D$29:$V$29,0)),$L$19:$R$19,1))*(1+(OFFSET($C$29,B36,MATCH(X36,$D$29:$V$29,0))-1)*_xlfn.XLOOKUP(X36,梦灵养成!$D$9:$D$28,梦灵养成!$G$9:$G$28)) -> 1.755 | X36: =OFFSET($I$8,MATCH(C36,$C$9:$C$27,1),0) -> 镭射眼 | Y36: =MAX((OFFSET($C$29,MATCH(W36*1.07,$W$30:$W$629,1)+1,0)-C36)*18,0) -> 12600 | Z36: =_xlfn.XLOOKUP(X36,$D$9:$D$27,$G$9:$G$27)*(OFFSET($B36,0,MATCH($X36,$D$29:$V$29,0)+1)-1)+1 -> 1.3
B37: 8 | C37: =C36+100 -> 800 | D37: =IFERROR(MATCH(D642*10,OFFSET($AP$635:$AP$734,0,D$631),1),0) -> 20 | E37: =IFERROR(MATCH(E642*10,OFFSET($AP$635:$AP$734,0,E$631),1),0) -> 20 | F37: =IFERROR(MATCH(F642*10,OFFSET($AP$635:$AP$734,0,F$631),1),0) -> 20 | G37: =IFERROR(MATCH(G642*10,OFFSET($AP$635:$AP$734,0,G$631),1),0) -> 10 | H37: =IFERROR(MATCH(H642*10,OFFSET($AP$635:$AP$734,0,H$631),1),0) -> 10 | I37: =IFERROR(MATCH(I642*10,OFFSET($AP$635:$AP$734,0,I$631),1),0) -> 10 | J37: =IFERROR(MATCH(J642*10,OFFSET($AP$635:$AP$734,0,J$631),1),0) -> 9 | K37: =IFERROR(MATCH(K642*10,OFFSET($AP$635:$AP$734,0,K$631),1),0) -> 8 | ... V37: =IFERROR(MATCH(V642*10,OFFSET($AP$635:$AP$734,0,V$631),1),0) -> 0 | W37: =OFFSET($K$19,_xlfn.XLOOKUP(X37,$D$9:$D$28,$H$9:$H$28),MATCH(OFFSET($C$29,B37,MATCH(X37,$D$29:$V$29,0)),$L$19:$R$19,1))*(1+(OFFSET($C$29,B37,MATCH(X37,$D$29:$V$29,0))-1)*_xlfn.XLOOKUP(X37,梦灵养成!$D$9:$D$28,梦灵养成!$G$9:$G$28)) -> 1.755 | X37: =OFFSET($I$8,MATCH(C37,$C$9:$C$27,1),0) -> 镭射眼 | Y37: =MAX((OFFSET($C$29,MATCH(W37*1.07,$W$30:$W$629,1)+1,0)-C37)*18,0) -> 10800 | Z37: =_xlfn.XLOOKUP(X37,$D$9:$D$27,$G$9:$G$27)*(OFFSET($B37,0,MATCH($X37,$D$29:$V$29,0)+1)-1)+1 -> 1.3
B38: 9 | C38: =C37+100 -> 900 | D38: =IFERROR(MATCH(D643*10,OFFSET($AP$635:$AP$734,0,D$631),1),0) -> 21 | E38: =IFERROR(MATCH(E643*10,OFFSET($AP$635:$AP$734,0,E$631),1),0) -> 21 | F38: =IFERROR(MATCH(F643*10,OFFSET($AP$635:$AP$734,0,F$631),1),0) -> 21 | G38: =IFERROR(MATCH(G643*10,OFFSET($AP$635:$AP$734,0,G$631),1),0) -> 10 | H38: =IFERROR(MATCH(H643*10,OFFSET($AP$635:$AP$734,0,H$631),1),0) -> 10 | I38: =IFERROR(MATCH(I643*10,OFFSET($AP$635:$AP$734,0,I$631),1),0) -> 10 | J38: =IFERROR(MATCH(J643*10,OFFSET($AP$635:$AP$734,0,J$631),1),0) -> 10 | K38: =IFERROR(MATCH(K643*10,OFFSET($AP$635:$AP$734,0,K$631),1),0) -> 9 | ... V38: =IFERROR(MATCH(V643*10,OFFSET($AP$635:$AP$734,0,V$631),1),0) -> 0 | W38: =OFFSET($K$19,_xlfn.XLOOKUP(X38,$D$9:$D$28,$H$9:$H$28),MATCH(OFFSET($C$29,B38,MATCH(X38,$D$29:$V$29,0)),$L$19:$R$19,1))*(1+(OFFSET($C$29,B38,MATCH(X38,$D$29:$V$29,0))-1)*_xlfn.XLOOKUP(X38,梦灵养成!$D$9:$D$28,梦灵养成!$G$9:$G$28)) -> 1.836 | X38: =OFFSET($I$8,MATCH(C38,$C$9:$C$27,1),0) -> 镭射眼 | Y38: =MAX((OFFSET($C$29,MATCH(W38*1.07,$W$30:$W$629,1)+1,0)-C38)*18,0) -> 10800 | Z38: =_xlfn.XLOOKUP(X38,$D$9:$D$27,$G$9:$G$27)*(OFFSET($B38,0,MATCH($X38,$D$29:$V$29,0)+1)-1)+1 -> 1.36
B39: 10 | C39: =C38+100 -> 1000 | D39: =IFERROR(MATCH(D644*10,OFFSET($AP$635:$AP$734,0,D$631),1),0) -> 22 | E39: =IFERROR(MATCH(E644*10,OFFSET($AP$635:$AP$734,0,E$631),1),0) -> 22 | F39: =IFERROR(MATCH(F644*10,OFFSET($AP$635:$AP$734,0,F$631),1),0) -> 22 | G39: =IFERROR(MATCH(G644*10,OFFSET($AP$635:$AP$734,0,G$631),1),0) -> 11 | H39: =IFERROR(MATCH(H644*10,OFFSET($AP$635:$AP$734,0,H$631),1),0) -> 11 | I39: =IFERROR(MATCH(I644*10,OFFSET($AP$635:$AP$734,0,I$631),1),0) -> 11 | J39: =IFERROR(MATCH(J644*10,OFFSET($AP$635:$AP$734,0,J$631),1),0) -> 10 | K39: =IFERROR(MATCH(K644*10,OFFSET($AP$635:$AP$734,0,K$631),1),0) -> 10 | ... V39: =IFERROR(MATCH(V644*10,OFFSET($AP$635:$AP$734,0,V$631),1),0) -> 0 | W39: =OFFSET($K$19,_xlfn.XLOOKUP(X39,$D$9:$D$28,$H$9:$H$28),MATCH(OFFSET($C$29,B39,MATCH(X39,$D$29:$V$29,0)),$L$19:$R$19,1))*(1+(OFFSET($C$29,B39,MATCH(X39,$D$29:$V$29,0))-1)*_xlfn.XLOOKUP(X39,梦灵养成!$D$9:$D$28,梦灵养成!$G$9:$G$28)) -> 1.836 | X39: =OFFSET($I$8,MATCH(C39,$C$9:$C$27,1),0) -> 镭射眼 | Y39: =MAX((OFFSET($C$29,MATCH(W39*1.07,$W$30:$W$629,1)+1,0)-C39)*18,0) -> 9000 | Z39: =_xlfn.XLOOKUP(X39,$D$9:$D$27,$G$9:$G$27)*(OFFSET($B39,0,MATCH($X39,$D$29:$V$29,0)+1)-1)+1 -> 1.36
B40: 11 | C40: =C39+100 -> 1100 | D40: =IFERROR(MATCH(D645*10,OFFSET($AP$635:$AP$734,0,D$631),1),0) -> 23 | E40: =IFERROR(MATCH(E645*10,OFFSET($AP$635:$AP$734,0,E$631),1),0) -> 23 | F40: =IFERROR(MATCH(F645*10,OFFSET($AP$635:$AP$734,0,F$631),1),0) -> 23 | G40: =IFERROR(MATCH(G645*10,OFFSET($AP$635:$AP$734,0,G$631),1),0) -> 11 | H40: =IFERROR(MATCH(H645*10,OFFSET($AP$635:$AP$734,0,H$631),1),0) -> 11 | I40: =IFERROR(MATCH(I645*10,OFFSET($AP$635:$AP$734,0,I$631),1),0) -> 11 | J40: =IFERROR(MATCH(J645*10,OFFSET($AP$635:$AP$734,0,J$631),1),0) -> 10 | K40: =IFERROR(MATCH(K645*10,OFFSET($AP$635:$AP$734,0,K$631),1),0) -> 10 | ... V40: =IFERROR(MATCH(V645*10,OFFSET($AP$635:$AP$734,0,V$631),1),0) -> 0 | W40: =OFFSET($K$19,_xlfn.XLOOKUP(X40,$D$9:$D$28,$H$9:$H$28),MATCH(OFFSET($C$29,B40,MATCH(X40,$D$29:$V$29,0)),$L$19:$R$19,1))*(1+(OFFSET($C$29,B40,MATCH(X40,$D$29:$V$29,0))-1)*_xlfn.XLOOKUP(X40,梦灵养成!$D$9:$D$28,梦灵养成!$G$9:$G$28)) -> 1.836 | X40: =OFFSET($I$8,MATCH(C40,$C$9:$C$27,1),0) -> 镭射眼 | Y40: =MAX((OFFSET($C$29,MATCH(W40*1.07,$W$30:$W$629,1)+1,0)-C40)*18,0) -> 7200 | Z40: =_xlfn.XLOOKUP(X40,$D$9:$D$27,$G$9:$G$27)*(OFFSET($B40,0,MATCH($X40,$D$29:$V$29,0)+1)-1)+1 -> 1.36
B41: 12 | C41: =C40+100 -> 1200 | D41: =IFERROR(MATCH(D646*10,OFFSET($AP$635:$AP$734,0,D$631),1),0) -> 24 | E41: =IFERROR(MATCH(E646*10,OFFSET($AP$635:$AP$734,0,E$631),1),0) -> 24 | F41: =IFERROR(MATCH(F646*10,OFFSET($AP$635:$AP$734,0,F$631),1),0) -> 24 | G41: =IFERROR(MATCH(G646*10,OFFSET($AP$635:$AP$734,0,G$631),1),0) -> 11 | H41: =IFERROR(MATCH(H646*10,OFFSET($AP$635:$AP$734,0,H$631),1),0) -> 11 | I41: =IFERROR(MATCH(I646*10,OFFSET($AP$635:$AP$734,0,I$631),1),0) -> 11 | J41: =IFERROR(MATCH(J646*10,OFFSET($AP$635:$AP$734,0,J$631),1),0) -> 11 | K41: =IFERROR(MATCH(K646*10,OFFSET($AP$635:$AP$734,0,K$631),1),0) -> 10 | ... V41: =IFERROR(MATCH(V646*10,OFFSET($AP$635:$AP$734,0,V$631),1),0) -> 0 | W41: =OFFSET($K$19,_xlfn.XLOOKUP(X41,$D$9:$D$28,$H$9:$H$28),MATCH(OFFSET($C$29,B41,MATCH(X41,$D$29:$V$29,0)),$L$19:$R$19,1))*(1+(OFFSET($C$29,B41,MATCH(X41,$D$29:$V$29,0))-1)*_xlfn.XLOOKUP(X41,梦灵养成!$D$9:$D$28,梦灵养成!$G$9:$G$28)) -> 1.836 | X41: =OFFSET($I$8,MATCH(C41,$C$9:$C$27,1),0) -> 镭射眼 | Y41: =MAX((OFFSET($C$29,MATCH(W41*1.07,$W$30:$W$629,1)+1,0)-C41)*18,0) -> 5400 | Z41: =_xlfn.XLOOKUP(X41,$D$9:$D$27,$G$9:$G$27)*(OFFSET($B41,0,MATCH($X41,$D$29:$V$29,0)+1)-1)+1 -> 1.36
B42: 13 | C42: =C41+100 -> 1300 | D42: =IFERROR(MATCH(D647*10,OFFSET($AP$635:$AP$734,0,D$631),1),0) -> 25 | E42: =IFERROR(MATCH(E647*10,OFFSET($AP$635:$AP$734,0,E$631),1),0) -> 25 | F42: =IFERROR(MATCH(F647*10,OFFSET($AP$635:$AP$734,0,F$631),1),0) -> 25 | G42: =IFERROR(MATCH(G647*10,OFFSET($AP$635:$AP$734,0,G$631),1),0) -> 12 | H42: =IFERROR(MATCH(H647*10,OFFSET($AP$635:$AP$734,0,H$631),1),0) -> 12 | I42: =IFERROR(MATCH(I647*10,OFFSET($AP$635:$AP$734,0,I$631),1),0) -> 12 | J42: =IFERROR(MATCH(J647*10,OFFSET($AP$635:$AP$734,0,J$631),1),0) -> 11 | K42: =IFERROR(MATCH(K647*10,OFFSET($AP$635:$AP$734,0,K$631),1),0) -> 11 | ... V42: =IFERROR(MATCH(V647*10,OFFSET($AP$635:$AP$734,0,V$631),1),0) -> 0 | W42: =OFFSET($K$19,_xlfn.XLOOKUP(X42,$D$9:$D$28,$H$9:$H$28),MATCH(OFFSET($C$29,B42,MATCH(X42,$D$29:$V$29,0)),$L$19:$R$19,1))*(1+(OFFSET($C$29,B42,MATCH(X42,$D$29:$V$29,0))-1)*_xlfn.XLOOKUP(X42,梦灵养成!$D$9:$D$28,梦灵养成!$G$9:$G$28)) -> 1.836 | X42: =OFFSET($I$8,MATCH(C42,$C$9:$C$27,1),0) -> 镭射眼 | Y42: =MAX((OFFSET($C$29,MATCH(W42*1.07,$W$30:$W$629,1)+1,0)-C42)*18,0) -> 3600 | Z42: =_xlfn.XLOOKUP(X42,$D$9:$D$27,$G$9:$G$27)*(OFFSET($B42,0,MATCH($X42,$D$29:$V$29,0)+1)-1)+1 -> 1.36
... B469: 440 | C469: =C468+100 -> 44000 | D469: =IFERROR(MATCH(D1074*10,OFFSET($AP$635:$AP$734,0,D$631),1),0) -> 53 | E469: =IFERROR(MATCH(E1074*10,OFFSET($AP$635:$AP$734,0,E$631),1),0) -> 53 | F469: =IFERROR(MATCH(F1074*10,OFFSET($AP$635:$AP$734,0,F$631),1),0) -> 53 | G469: =IFERROR(MATCH(G1074*10,OFFSET($AP$635:$AP$734,0,G$631),1),0) -> 44 | H469: =IFERROR(MATCH(H1074*10,OFFSET($AP$635:$AP$734,0,H$631),1),0) -> 44 | I469: =IFERROR(MATCH(I1074*10,OFFSET($AP$635:$AP$734,0,I$631),1),0) -> 44 | J469: =IFERROR(MATCH(J1074*10,OFFSET($AP$635:$AP$734,0,J$631),1),0) -> 44 | K469: =IFERROR(MATCH(K1074*10,OFFSET($AP$635:$AP$734,0,K$631),1),0) -> 44 | ... V469: =IFERROR(MATCH(V1074*10,OFFSET($AP$635:$AP$734,0,V$631),1),0) -> 46 | W469: =OFFSET($K$19,_xlfn.XLOOKUP(X469,$D$9:$D$28,$H$9:$H$28),MATCH(OFFSET($C$29,B469,MATCH(X469,$D$29:$V$29,0)),$L$19:$R$19,1))*(1+(OFFSET($C$29,B469,MATCH(X469,$D$29:$V$29,0))-1)*_xlfn.XLOOKUP(X469,梦灵养成!$D$9:$D$28,梦灵养成!$G$9:$G$28)) -> 60.06 | X469: =OFFSET($I$8,MATCH(C469,$C$9:$C$27,1),0) -> 神算诸葛 | Y469: =MAX((OFFSET($C$29,MATCH(W469*1.07,$W$30:$W$629,1)+1,0)-C469)*18,0) -> 219600 | Z469: =_xlfn.XLOOKUP(X469,$D$9:$D$27,$G$9:$G$27)*(OFFSET($B469,0,MATCH($X469,$D$29:$V$29,0)+1)-1)+1 -> 5.5
B470: 441 | C470: =C469+100 -> 44100 | D470: =IFERROR(MATCH(D1075*10,OFFSET($AP$635:$AP$734,0,D$631),1),0) -> 53 | E470: =IFERROR(MATCH(E1075*10,OFFSET($AP$635:$AP$734,0,E$631),1),0) -> 53 | F470: =IFERROR(MATCH(F1075*10,OFFSET($AP$635:$AP$734,0,F$631),1),0) -> 53 | G470: =IFERROR(MATCH(G1075*10,OFFSET($AP$635:$AP$734,0,G$631),1),0) -> 44 | H470: =IFERROR(MATCH(H1075*10,OFFSET($AP$635:$AP$734,0,H$631),1),0) -> 44 | I470: =IFERROR(MATCH(I1075*10,OFFSET($AP$635:$AP$734,0,I$631),1),0) -> 44 | J470: =IFERROR(MATCH(J1075*10,OFFSET($AP$635:$AP$734,0,J$631),1),0) -> 44 | K470: =IFERROR(MATCH(K1075*10,OFFSET($AP$635:$AP$734,0,K$631),1),0) -> 44 | ... V470: =IFERROR(MATCH(V1075*10,OFFSET($AP$635:$AP$734,0,V$631),1),0) -> 46 | W470: =OFFSET($K$19,_xlfn.XLOOKUP(X470,$D$9:$D$28,$H$9:$H$28),MATCH(OFFSET($C$29,B470,MATCH(X470,$D$29:$V$29,0)),$L$19:$R$19,1))*(1+(OFFSET($C$29,B470,MATCH(X470,$D$29:$V$29,0))-1)*_xlfn.XLOOKUP(X470,梦灵养成!$D$9:$D$28,梦灵养成!$G$9:$G$28)) -> 60.06 | X470: =OFFSET($I$8,MATCH(C470,$C$9:$C$27,1),0) -> 神算诸葛 | Y470: =MAX(Y441:Y469) -> 246600 | Z470: =_xlfn.XLOOKUP(X470,$D$9:$D$27,$G$9:$G$27)*(OFFSET($B470,0,MATCH($X470,$D$29:$V$29,0)+1)-1)+1 -> 5.5
B471: 442 | C471: =C470+100 -> 44200 | D471: =IFERROR(MATCH(D1076*10,OFFSET($AP$635:$AP$734,0,D$631),1),0) -> 53 | E471: =IFERROR(MATCH(E1076*10,OFFSET($AP$635:$AP$734,0,E$631),1),0) -> 53 | F471: =IFERROR(MATCH(F1076*10,OFFSET($AP$635:$AP$734,0,F$631),1),0) -> 53 | G471: =IFERROR(MATCH(G1076*10,OFFSET($AP$635:$AP$734,0,G$631),1),0) -> 44 | H471: =IFERROR(MATCH(H1076*10,OFFSET($AP$635:$AP$734,0,H$631),1),0) -> 44 | I471: =IFERROR(MATCH(I1076*10,OFFSET($AP$635:$AP$734,0,I$631),1),0) -> 44 | J471: =IFERROR(MATCH(J1076*10,OFFSET($AP$635:$AP$734,0,J$631),1),0) -> 44 | K471: =IFERROR(MATCH(K1076*10,OFFSET($AP$635:$AP$734,0,K$631),1),0) -> 44 | ... V471: =IFERROR(MATCH(V1076*10,OFFSET($AP$635:$AP$734,0,V$631),1),0) -> 46 | W471: =OFFSET($K$19,_xlfn.XLOOKUP(X471,$D$9:$D$28,$H$9:$H$28),MATCH(OFFSET($C$29,B471,MATCH(X471,$D$29:$V$29,0)),$L$19:$R$19,1))*(1+(OFFSET($C$29,B471,MATCH(X471,$D$29:$V$29,0))-1)*_xlfn.XLOOKUP(X471,梦灵养成!$D$9:$D$28,梦灵养成!$G$9:$G$28)) -> 60.06 | X471: =OFFSET($I$8,MATCH(C471,$C$9:$C$27,1),0) -> 神算诸葛 | Y471: =MAX(Y442:Y470) -> 246600 | Z471: =_xlfn.XLOOKUP(X471,$D$9:$D$27,$G$9:$G$27)*(OFFSET($B471,0,MATCH($X471,$D$29:$V$29,0)+1)-1)+1 -> 5.5
B472: 443 | C472: =C471+100 -> 44300 | D472: =IFERROR(MATCH(D1077*10,OFFSET($AP$635:$AP$734,0,D$631),1),0) -> 53 | E472: =IFERROR(MATCH(E1077*10,OFFSET($AP$635:$AP$734,0,E$631),1),0) -> 53 | F472: =IFERROR(MATCH(F1077*10,OFFSET($AP$635:$AP$734,0,F$631),1),0) -> 53 | G472: =IFERROR(MATCH(G1077*10,OFFSET($AP$635:$AP$734,0,G$631),1),0) -> 45 | H472: =IFERROR(MATCH(H1077*10,OFFSET($AP$635:$AP$734,0,H$631),1),0) -> 45 | I472: =IFERROR(MATCH(I1077*10,OFFSET($AP$635:$AP$734,0,I$631),1),0) -> 45 | J472: =IFERROR(MATCH(J1077*10,OFFSET($AP$635:$AP$734,0,J$631),1),0) -> 44 | K472: =IFERROR(MATCH(K1077*10,OFFSET($AP$635:$AP$734,0,K$631),1),0) -> 44 | ... V472: =IFERROR(MATCH(V1077*10,OFFSET($AP$635:$AP$734,0,V$631),1),0) -> 46 | W472: =OFFSET($K$19,_xlfn.XLOOKUP(X472,$D$9:$D$28,$H$9:$H$28),MATCH(OFFSET($C$29,B472,MATCH(X472,$D$29:$V$29,0)),$L$19:$R$19,1))*(1+(OFFSET($C$29,B472,MATCH(X472,$D$29:$V$29,0))-1)*_xlfn.XLOOKUP(X472,梦灵养成!$D$9:$D$28,梦灵养成!$G$9:$G$28)) -> 60.06 | X472: =OFFSET($I$8,MATCH(C472,$C$9:$C$27,1),0) -> 神算诸葛 | Y472: =MAX(Y443:Y471) -> 246600 | Z472: =_xlfn.XLOOKUP(X472,$D$9:$D$27,$G$9:$G$27)*(OFFSET($B472,0,MATCH($X472,$D$29:$V$29,0)+1)-1)+1 -> 5.5
B473: 444 | C473: =C472+100 -> 44400 | D473: =IFERROR(MATCH(D1078*10,OFFSET($AP$635:$AP$734,0,D$631),1),0) -> 53 | E473: =IFERROR(MATCH(E1078*10,OFFSET($AP$635:$AP$734,0,E$631),1),0) -> 53 | F473: =IFERROR(MATCH(F1078*10,OFFSET($AP$635:$AP$734,0,F$631),1),0) -> 53 | G473: =IFERROR(MATCH(G1078*10,OFFSET($AP$635:$AP$734,0,G$631),1),0) -> 45 | H473: =IFERROR(MATCH(H1078*10,OFFSET($AP$635:$AP$734,0,H$631),1),0) -> 45 | I473: =IFERROR(MATCH(I1078*10,OFFSET($AP$635:$AP$734,0,I$631),1),0) -> 45 | J473: =IFERROR(MATCH(J1078*10,OFFSET($AP$635:$AP$734,0,J$631),1),0) -> 45 | K473: =IFERROR(MATCH(K1078*10,OFFSET($AP$635:$AP$734,0,K$631),1),0) -> 44 | ... V473: =IFERROR(MATCH(V1078*10,OFFSET($AP$635:$AP$734,0,V$631),1),0) -> 46 | W473: =OFFSET($K$19,_xlfn.XLOOKUP(X473,$D$9:$D$28,$H$9:$H$28),MATCH(OFFSET($C$29,B473,MATCH(X473,$D$29:$V$29,0)),$L$19:$R$19,1))*(1+(OFFSET($C$29,B473,MATCH(X473,$D$29:$V$29,0))-1)*_xlfn.XLOOKUP(X473,梦灵养成!$D$9:$D$28,梦灵养成!$G$9:$G$28)) -> 60.06 | X473: =OFFSET($I$8,MATCH(C473,$C$9:$C$27,1),0) -> 神算诸葛 | Y473: =MAX(Y444:Y472) -> 246600 | Z473: =_xlfn.XLOOKUP(X473,$D$9:$D$27,$G$9:$G$27)*(OFFSET($B473,0,MATCH($X473,$D$29:$V$29,0)+1)-1)+1 -> 5.5
B474: 445 | C474: =C473+100 -> 44500 | D474: =IFERROR(MATCH(D1079*10,OFFSET($AP$635:$AP$734,0,D$631),1),0) -> 53 | E474: =IFERROR(MATCH(E1079*10,OFFSET($AP$635:$AP$734,0,E$631),1),0) -> 53 | F474: =IFERROR(MATCH(F1079*10,OFFSET($AP$635:$AP$734,0,F$631),1),0) -> 53 | G474: =IFERROR(MATCH(G1079*10,OFFSET($AP$635:$AP$734,0,G$631),1),0) -> 45 | H474: =IFERROR(MATCH(H1079*10,OFFSET($AP$635:$AP$734,0,H$631),1),0) -> 45 | I474: =IFERROR(MATCH(I1079*10,OFFSET($AP$635:$AP$734,0,I$631),1),0) -> 45 | J474: =IFERROR(MATCH(J1079*10,OFFSET($AP$635:$AP$734,0,J$631),1),0) -> 45 | K474: =IFERROR(MATCH(K1079*10,OFFSET($AP$635:$AP$734,0,K$631),1),0) -> 45 | ... V474: =IFERROR(MATCH(V1079*10,OFFSET($AP$635:$AP$734,0,V$631),1),0) -> 46 | W474: =OFFSET($K$19,_xlfn.XLOOKUP(X474,$D$9:$D$28,$H$9:$H$28),MATCH(OFFSET($C$29,B474,MATCH(X474,$D$29:$V$29,0)),$L$19:$R$19,1))*(1+(OFFSET($C$29,B474,MATCH(X474,$D$29:$V$29,0))-1)*_xlfn.XLOOKUP(X474,梦灵养成!$D$9:$D$28,梦灵养成!$G$9:$G$28)) -> 60.06 | X474: =OFFSET($I$8,MATCH(C474,$C$9:$C$27,1),0) -> 神算诸葛 | Y474: =MAX(Y445:Y473) -> 246600 | Z474: =_xlfn.XLOOKUP(X474,$D$9:$D$27,$G$9:$G$27)*(OFFSET($B474,0,MATCH($X474,$D$29:$V$29,0)+1)-1)+1 -> 5.5
B475: 446 | C475: =C474+100 -> 44600 | D475: =IFERROR(MATCH(D1080*10,OFFSET($AP$635:$AP$734,0,D$631),1),0) -> 53 | E475: =IFERROR(MATCH(E1080*10,OFFSET($AP$635:$AP$734,0,E$631),1),0) -> 53 | F475: =IFERROR(MATCH(F1080*10,OFFSET($AP$635:$AP$734,0,F$631),1),0) -> 53 | G475: =IFERROR(MATCH(G1080*10,OFFSET($AP$635:$AP$734,0,G$631),1),0) -> 45 | H475: =IFERROR(MATCH(H1080*10,OFFSET($AP$635:$AP$734,0,H$631),1),0) -> 45 | I475: =IFERROR(MATCH(I1080*10,OFFSET($AP$635:$AP$734,0,I$631),1),0) -> 45 | J475: =IFERROR(MATCH(J1080*10,OFFSET($AP$635:$AP$734,0,J$631),1),0) -> 45 | K475: =IFERROR(MATCH(K1080*10,OFFSET($AP$635:$AP$734,0,K$631),1),0) -> 45 | ... V475: =IFERROR(MATCH(V1080*10,OFFSET($AP$635:$AP$734,0,V$631),1),0) -> 46 | W475: =OFFSET($K$19,_xlfn.XLOOKUP(X475,$D$9:$D$28,$H$9:$H$28),MATCH(OFFSET($C$29,B475,MATCH(X475,$D$29:$V$29,0)),$L$19:$R$19,1))*(1+(OFFSET($C$29,B475,MATCH(X475,$D$29:$V$29,0))-1)*_xlfn.XLOOKUP(X475,梦灵养成!$D$9:$D$28,梦灵养成!$G$9:$G$28)) -> 60.06 | X475: =OFFSET($I$8,MATCH(C475,$C$9:$C$27,1),0) -> 神算诸葛 | Y475: =MAX(Y446:Y474) -> 246600 | Z475: =_xlfn.XLOOKUP(X475,$D$9:$D$27,$G$9:$G$27)*(OFFSET($B475,0,MATCH($X475,$D$29:$V$29,0)+1)-1)+1 -> 5.5
B476: 447 | C476: =C475+100 -> 44700 | D476: =IFERROR(MATCH(D1081*10,OFFSET($AP$635:$AP$734,0,D$631),1),0) -> 53 | E476: =IFERROR(MATCH(E1081*10,OFFSET($AP$635:$AP$734,0,E$631),1),0) -> 53 | F476: =IFERROR(MATCH(F1081*10,OFFSET($AP$635:$AP$734,0,F$631),1),0) -> 53 | G476: =IFERROR(MATCH(G1081*10,OFFSET($AP$635:$AP$734,0,G$631),1),0) -> 45 | H476: =IFERROR(MATCH(H1081*10,OFFSET($AP$635:$AP$734,0,H$631),1),0) -> 45 | I476: =IFERROR(MATCH(I1081*10,OFFSET($AP$635:$AP$734,0,I$631),1),0) -> 45 | J476: =IFERROR(MATCH(J1081*10,OFFSET($AP$635:$AP$734,0,J$631),1),0) -> 45 | K476: =IFERROR(MATCH(K1081*10,OFFSET($AP$635:$AP$734,0,K$631),1),0) -> 45 | ... V476: =IFERROR(MATCH(V1081*10,OFFSET($AP$635:$AP$734,0,V$631),1),0) -> 46 | W476: =OFFSET($K$19,_xlfn.XLOOKUP(X476,$D$9:$D$28,$H$9:$H$28),MATCH(OFFSET($C$29,B476,MATCH(X476,$D$29:$V$29,0)),$L$19:$R$19,1))*(1+(OFFSET($C$29,B476,MATCH(X476,$D$29:$V$29,0))-1)*_xlfn.XLOOKUP(X476,梦灵养成!$D$9:$D$28,梦灵养成!$G$9:$G$28)) -> 60.06 | X476: =OFFSET($I$8,MATCH(C476,$C$9:$C$27,1),0) -> 神算诸葛 | Y476: =MAX(Y447:Y475) -> 246600 | Z476: =_xlfn.XLOOKUP(X476,$D$9:$D$27,$G$9:$G$27)*(OFFSET($B476,0,MATCH($X476,$D$29:$V$29,0)+1)-1)+1 -> 5.5
B477: 448 | C477: =C476+100 -> 44800 | D477: =IFERROR(MATCH(D1082*10,OFFSET($AP$635:$AP$734,0,D$631),1),0) -> 53 | E477: =IFERROR(MATCH(E1082*10,OFFSET($AP$635:$AP$734,0,E$631),1),0) -> 53 | F477: =IFERROR(MATCH(F1082*10,OFFSET($AP$635:$AP$734,0,F$631),1),0) -> 53 | G477: =IFERROR(MATCH(G1082*10,OFFSET($AP$635:$AP$734,0,G$631),1),0) -> 45 | H477: =IFERROR(MATCH(H1082*10,OFFSET($AP$635:$AP$734,0,H$631),1),0) -> 45 | I477: =IFERROR(MATCH(I1082*10,OFFSET($AP$635:$AP$734,0,I$631),1),0) -> 45 | J477: =IFERROR(MATCH(J1082*10,OFFSET($AP$635:$AP$734,0,J$631),1),0) -> 45 | K477: =IFERROR(MATCH(K1082*10,OFFSET($AP$635:$AP$734,0,K$631),1),0) -> 45 | ... V477: =IFERROR(MATCH(V1082*10,OFFSET($AP$635:$AP$734,0,V$631),1),0) -> 46 | W477: =OFFSET($K$19,_xlfn.XLOOKUP(X477,$D$9:$D$28,$H$9:$H$28),MATCH(OFFSET($C$29,B477,MATCH(X477,$D$29:$V$29,0)),$L$19:$R$19,1))*(1+(OFFSET($C$29,B477,MATCH(X477,$D$29:$V$29,0))-1)*_xlfn.XLOOKUP(X477,梦灵养成!$D$9:$D$28,梦灵养成!$G$9:$G$28)) -> 60.06 | X477: =OFFSET($I$8,MATCH(C477,$C$9:$C$27,1),0) -> 神算诸葛 | Y477: =MAX(Y448:Y476) -> 246600 | Z477: =_xlfn.XLOOKUP(X477,$D$9:$D$27,$G$9:$G$27)*(OFFSET($B477,0,MATCH($X477,$D$29:$V$29,0)+1)-1)+1 -> 5.5
B478: 449 | C478: =C477+100 -> 44900 | D478: =IFERROR(MATCH(D1083*10,OFFSET($AP$635:$AP$734,0,D$631),1),0) -> 53 | E478: =IFERROR(MATCH(E1083*10,OFFSET($AP$635:$AP$734,0,E$631),1),0) -> 53 | F478: =IFERROR(MATCH(F1083*10,OFFSET($AP$635:$AP$734,0,F$631),1),0) -> 53 | G478: =IFERROR(MATCH(G1083*10,OFFSET($AP$635:$AP$734,0,G$631),1),0) -> 45 | H478: =IFERROR(MATCH(H1083*10,OFFSET($AP$635:$AP$734,0,H$631),1),0) -> 45 | I478: =IFERROR(MATCH(I1083*10,OFFSET($AP$635:$AP$734,0,I$631),1),0) -> 45 | J478: =IFERROR(MATCH(J1083*10,OFFSET($AP$635:$AP$734,0,J$631),1),0) -> 45 | K478: =IFERROR(MATCH(K1083*10,OFFSET($AP$635:$AP$734,0,K$631),1),0) -> 45 | ... V478: =IFERROR(MATCH(V1083*10,OFFSET($AP$635:$AP$734,0,V$631),1),0) -> 46 | W478: =OFFSET($K$19,_xlfn.XLOOKUP(X478,$D$9:$D$28,$H$9:$H$28),MATCH(OFFSET($C$29,B478,MATCH(X478,$D$29:$V$29,0)),$L$19:$R$19,1))*(1+(OFFSET($C$29,B478,MATCH(X478,$D$29:$V$29,0))-1)*_xlfn.XLOOKUP(X478,梦灵养成!$D$9:$D$28,梦灵养成!$G$9:$G$28)) -> 60.06 | X478: =OFFSET($I$8,MATCH(C478,$C$9:$C$27,1),0) -> 神算诸葛 | Y478: =MAX(Y449:Y477) -> 246600 | Z478: =_xlfn.XLOOKUP(X478,$D$9:$D$27,$G$9:$G$27)*(OFFSET($B478,0,MATCH($X478,$D$29:$V$29,0)+1)-1)+1 -> 5.5
B479: 450 | C479: =C478+100 -> 45000 | D479: =IFERROR(MATCH(D1084*10,OFFSET($AP$635:$AP$734,0,D$631),1),0) -> 54 | E479: =IFERROR(MATCH(E1084*10,OFFSET($AP$635:$AP$734,0,E$631),1),0) -> 54 | F479: =IFERROR(MATCH(F1084*10,OFFSET($AP$635:$AP$734,0,F$631),1),0) -> 54 | G479: =IFERROR(MATCH(G1084*10,OFFSET($AP$635:$AP$734,0,G$631),1),0) -> 45 | H479: =IFERROR(MATCH(H1084*10,OFFSET($AP$635:$AP$734,0,H$631),1),0) -> 45 | I479: =IFERROR(MATCH(I1084*10,OFFSET($AP$635:$AP$734,0,I$631),1),0) -> 45 | J479: =IFERROR(MATCH(J1084*10,OFFSET($AP$635:$AP$734,0,J$631),1),0) -> 45 | K479: =IFERROR(MATCH(K1084*10,OFFSET($AP$635:$AP$734,0,K$631),1),0) -> 45 | ... V479: =IFERROR(MATCH(V1084*10,OFFSET($AP$635:$AP$734,0,V$631),1),0) -> 46 | W479: =OFFSET($K$19,_xlfn.XLOOKUP(X479,$D$9:$D$28,$H$9:$H$28),MATCH(OFFSET($C$29,B479,MATCH(X479,$D$29:$V$29,0)),$L$19:$R$19,1))*(1+(OFFSET($C$29,B479,MATCH(X479,$D$29:$V$29,0))-1)*_xlfn.XLOOKUP(X479,梦灵养成!$D$9:$D$28,梦灵养成!$G$9:$G$28)) -> 60.06 | X479: =OFFSET($I$8,MATCH(C479,$C$9:$C$27,1),0) -> 神算诸葛 | Y479: =MAX(Y450:Y478) -> 246600 | Z479: =_xlfn.XLOOKUP(X479,$D$9:$D$27,$G$9:$G$27)*(OFFSET($B479,0,MATCH($X479,$D$29:$V$29,0)+1)-1)+1 -> 5.5
B480: 451 | C480: =C479+100 -> 45100 | D480: =IFERROR(MATCH(D1085*10,OFFSET($AP$635:$AP$734,0,D$631),1),0) -> 54 | E480: =IFERROR(MATCH(E1085*10,OFFSET($AP$635:$AP$734,0,E$631),1),0) -> 54 | F480: =IFERROR(MATCH(F1085*10,OFFSET($AP$635:$AP$734,0,F$631),1),0) -> 54 | G480: =IFERROR(MATCH(G1085*10,OFFSET($AP$635:$AP$734,0,G$631),1),0) -> 45 | H480: =IFERROR(MATCH(H1085*10,OFFSET($AP$635:$AP$734,0,H$631),1),0) -> 45 | I480: =IFERROR(MATCH(I1085*10,OFFSET($AP$635:$AP$734,0,I$631),1),0) -> 45 | J480: =IFERROR(MATCH(J1085*10,OFFSET($AP$635:$AP$734,0,J$631),1),0) -> 45 | K480: =IFERROR(MATCH(K1085*10,OFFSET($AP$635:$AP$734,0,K$631),1),0) -> 45 | ... V480: =IFERROR(MATCH(V1085*10,OFFSET($AP$635:$AP$734,0,V$631),1),0) -> 46 | W480: =OFFSET($K$19,_xlfn.XLOOKUP(X480,$D$9:$D$28,$H$9:$H$28),MATCH(OFFSET($C$29,B480,MATCH(X480,$D$29:$V$29,0)),$L$19:$R$19,1))*(1+(OFFSET($C$29,B480,MATCH(X480,$D$29:$V$29,0))-1)*_xlfn.XLOOKUP(X480,梦灵养成!$D$9:$D$28,梦灵养成!$G$9:$G$28)) -> 60.06 | X480: =OFFSET($I$8,MATCH(C480,$C$9:$C$27,1),0) -> 神算诸葛 | Y480: =MAX(Y451:Y479) -> 246600 | Z480: =_xlfn.XLOOKUP(X480,$D$9:$D$27,$G$9:$G$27)*(OFFSET($B480,0,MATCH($X480,$D$29:$V$29,0)+1)-1)+1 -> 5.5
B481: 452 | C481: =C480+100 -> 45200 | D481: =IFERROR(MATCH(D1086*10,OFFSET($AP$635:$AP$734,0,D$631),1),0) -> 54 | E481: =IFERROR(MATCH(E1086*10,OFFSET($AP$635:$AP$734,0,E$631),1),0) -> 54 | F481: =IFERROR(MATCH(F1086*10,OFFSET($AP$635:$AP$734,0,F$631),1),0) -> 54 | G481: =IFERROR(MATCH(G1086*10,OFFSET($AP$635:$AP$734,0,G$631),1),0) -> 45 | H481: =IFERROR(MATCH(H1086*10,OFFSET($AP$635:$AP$734,0,H$631),1),0) -> 45 | I481: =IFERROR(MATCH(I1086*10,OFFSET($AP$635:$AP$734,0,I$631),1),0) -> 45 | J481: =IFERROR(MATCH(J1086*10,OFFSET($AP$635:$AP$734,0,J$631),1),0) -> 45 | K481: =IFERROR(MATCH(K1086*10,OFFSET($AP$635:$AP$734,0,K$631),1),0) -> 45 | ... V481: =IFERROR(MATCH(V1086*10,OFFSET($AP$635:$AP$734,0,V$631),1),0) -> 46 | W481: =OFFSET($K$19,_xlfn.XLOOKUP(X481,$D$9:$D$28,$H$9:$H$28),MATCH(OFFSET($C$29,B481,MATCH(X481,$D$29:$V$29,0)),$L$19:$R$19,1))*(1+(OFFSET($C$29,B481,MATCH(X481,$D$29:$V$29,0))-1)*_xlfn.XLOOKUP(X481,梦灵养成!$D$9:$D$28,梦灵养成!$G$9:$G$28)) -> 60.06 | X481: =OFFSET($I$8,MATCH(C481,$C$9:$C$27,1),0) -> 神算诸葛 | Y481: =MAX(Y452:Y480) -> 246600 | Z481: =_xlfn.XLOOKUP(X481,$D$9:$D$27,$G$9:$G$27)*(OFFSET($B481,0,MATCH($X481,$D$29:$V$29,0)+1)-1)+1 -> 5.5
... B629: 600 | C629: =C628+100 -> 60000 | D629: =IFERROR(MATCH(D1234*10,OFFSET($AP$635:$AP$734,0,D$631),1),0) -> 58 | E629: =IFERROR(MATCH(E1234*10,OFFSET($AP$635:$AP$734,0,E$631),1),0) -> 58 | F629: =IFERROR(MATCH(F1234*10,OFFSET($AP$635:$AP$734,0,F$631),1),0) -> 58 | G629: =IFERROR(MATCH(G1234*10,OFFSET($AP$635:$AP$734,0,G$631),1),0) -> 48 | H629: =IFERROR(MATCH(H1234*10,OFFSET($AP$635:$AP$734,0,H$631),1),0) -> 48 | I629: =IFERROR(MATCH(I1234*10,OFFSET($AP$635:$AP$734,0,I$631),1),0) -> 48 | J629: =IFERROR(MATCH(J1234*10,OFFSET($AP$635:$AP$734,0,J$631),1),0) -> 48 | K629: =IFERROR(MATCH(K1234*10,OFFSET($AP$635:$AP$734,0,K$631),1),0) -> 48 | ... V629: =IFERROR(MATCH(V1234*10,OFFSET($AP$635:$AP$734,0,V$631),1),0) -> 50 | W629: =OFFSET($K$19,_xlfn.XLOOKUP(X629,$D$9:$D$28,$H$9:$H$28),MATCH(OFFSET($C$29,B629,MATCH(X629,$D$29:$V$29,0)),$L$19:$R$19,1))*(1+(OFFSET($C$29,B629,MATCH(X629,$D$29:$V$29,0))-1)*_xlfn.XLOOKUP(X629,梦灵养成!$D$9:$D$28,梦灵养成!$G$9:$G$28)) -> 64.428 | X629: =OFFSET($I$8,MATCH(C629,$C$9:$C$27,1),0) -> 神算诸葛 | Y629: =MAX(Y600:Y628) -> 246600 | Z629: =_xlfn.XLOOKUP(X629,$D$9:$D$27,$G$9:$G$27)*(OFFSET($B629,0,MATCH($X629,$D$29:$V$29,0)+1)-1)+1 -> 5.9
C631: = | D631: 1 | E631: 1 | F631: 1 | G631: 2 | H631: 2 | I631: 2 | J631: 2 | K631: 2 | L631: 2 | M631: 3 | N631: 3 | O631: 3 | P631: 3 | Q631: 3 | R631: 3 | S631: 3 | T631: 4 | U631: 4 | V631: 4 | W631: 1 | X631: 2 | Y631: 3 | Z631: 4
D632: 3 | E632: 3 | F632: 3 | G632: 6 | H632: =G632 -> 6 | I632: =H632 -> 6 | J632: =I632 -> 6 | K632: =J632 -> 6 | L632: =K632 -> 6 | M632: =7 -> 7 | N632: =7 -> 7 | O632: =7 -> 7 | P632: =7 -> 7 | Q632: =7 -> 7 | R632: =7 -> 7 | S632: =7 -> 7 | T632: =3 -> 3 | U632: =3 -> 3 | V632: =3 -> 3
B633: 招募/星铸 | D633: =OFFSET($C$8,MATCH(D$634,$D$9:$D$27,0),0) -> 0 | E633: =OFFSET($C$8,MATCH(E$634,$D$9:$D$27,0),0) -> 0 | F633: =OFFSET($C$8,MATCH(F$634,$D$9:$D$27,0),0) -> 0 | G633: =OFFSET($C$8,MATCH(G$634,$D$9:$D$27,0),0) -> 10 | H633: =OFFSET($C$8,MATCH(H$634,$D$9:$D$27,0),0) -> 40 | I633: =OFFSET($C$8,MATCH(I$634,$D$9:$D$27,0),0) -> 80 | J633: =OFFSET($C$8,MATCH(J$634,$D$9:$D$27,0),0) -> 150 | K633: =OFFSET($C$8,MATCH(K$634,$D$9:$D$27,0),0) -> 200 | ... V633: =OFFSET($C$8,MATCH(V$634,$D$9:$D$27,0),0) -> 3150 | AQ633: 3 | AR633: 4 | AS633: 5 | AT633: 6
B634: 天数 | C634: 抽数 | D634: 寒冰射手 | E634: 炽焰巫师 | F634: 吟游诗人 | G634: 摇滚巨石 | H634: 泥巴少女 | I634: 雷震子 | J634: 忍者鲨手 | K634: 甜心护士 | L634: 路飞 | M634: 镭射眼 | N634: 东方不败 | O634: 亚瑟 | P634: 蜘蛛女王 | Q634: 唐小僧 | R634: 神灯王子 | S634: 关羽 | T634: 后羿 | U634: 我爱沙 | V634: 神算诸葛 | AA634: 卡池1 | AB634: 卡池2 | AC634: 卡池3 | AD634: 卡池4 | AE634: 卡池5 | AF634: 卡池6 | AG634: 卡池7 | AH634: 卡池1 | AI634: 卡池2 | AJ634: 卡池3 | AK634: 卡池4 | AL634: 卡池5 | AM634: 卡池6 | AN634: 卡池7 | AP634: 梦灵等级 | AQ634: 蓝 | AR634: 紫 | AS634: 橙 | AT634: 红
B635: 1 | C635: =C30 -> 100 | D635: {=IF(D1237=1,OFFSET($W$634,$B635,D$631-1)/SUMPRODUCT(--($D$631:$V$631=D$631),--($D1237:$V1237=1)),0)+SUM(D634)+IF(COUNTIF(D$1237:D1237,1)=1,5,0)+IF(COUNTIF(E635:$W635,">"&0)<5,IF(AND(COUNTIF(D$1237:D1237,1)>7,MOD(1+IFERROR(MATCH($C635,总览!$D$46:$D$345,1)+1,1),7)=0),$C$3,0),0)} -> 18.333333 | E635: {=IF(E1237=1,OFFSET($W$634,$B635,E$631-1)/SUMPRODUCT(--($D$631:$V$631=E$631),--($D1237:$V1237=1)),0)+SUM(E634)+IF(COUNTIF(E$1237:E1237,1)=1,5,0)+IF(COUNTIF(F635:$W635,">"&0)<5,IF(AND(COUNTIF(E$1237:E1237,1)>7,MOD(1+IFERROR(MATCH($C635,总览!$D$46:$D$345,1)+1,1),7)=0),$C$3,0),0)} -> 18.333333 | F635: {=IF(F1237=1,OFFSET($W$634,$B635,F$631-1)/SUMPRODUCT(--($D$631:$V$631=F$631),--($D1237:$V1237=1)),0)+SUM(F634)+IF(COUNTIF(F$1237:F1237,1)=1,5,0)+IF(COUNTIF(G635:$W635,">"&0)<5,IF(AND(COUNTIF(F$1237:F1237,1)>7,MOD(1+IFERROR(MATCH($C635,总览!$D$46:$D$345,1)+1,1),7)=0),$C$3,0),0)} -> 18.333333 | G635: {=IF(G1237=1,OFFSET($W$634,$B635,G$631-1)/SUMPRODUCT(--($D$631:$V$631=G$631),--($D1237:$V1237=1)),0)+SUM(G634)+IF(COUNTIF(G$1237:G1237,1)=1,5,0)+IF(COUNTIF(H635:$W635,">"&0)<5,IF(AND(COUNTIF(G$1237:G1237,1)>7,MOD(1+IFERROR(MATCH($C635,总览!$D$46:$D$345,1)+1,1),7)=0),$C$3,0),0)} -> 8.3333333 | H635: {=IF(H1237=1,OFFSET($W$634,$B635,H$631-1)/SUMPRODUCT(--($D$631:$V$631=H$631),--($D1237:$V1237=1)),0)+SUM(H634)+IF(COUNTIF(H$1237:H1237,1)=1,5,0)+IF(COUNTIF(I635:$W635,">"&0)<5,IF(AND(COUNTIF(H$1237:H1237,1)>7,MOD(1+IFERROR(MATCH($C635,总览!$D$46:$D$345,1)+1,1),7)=0),$C$3,0),0)} -> 8.3333333 | I635: {=IF(I1237=1,OFFSET($W$634,$B635,I$631-1)/SUMPRODUCT(--($D$631:$V$631=I$631),--($D1237:$V1237=1)),0)+SUM(I634)+IF(COUNTIF(I$1237:I1237,1)=1,5,0)+IF(COUNTIF(J635:$W635,">"&0)<5,IF(AND(COUNTIF(I$1237:I1237,1)>7,MOD(1+IFERROR(MATCH($C635,总览!$D$46:$D$345,1)+1,1),7)=0),$C$3,0),0)} -> 8.3333333 | J635: {=IF(J1237=1,OFFSET($W$634,$B635,J$631-1)/SUMPRODUCT(--($D$631:$V$631=J$631),--($D1237:$V1237=1)),0)+SUM(J634)+IF(COUNTIF(J$1237:J1237,1)=1,5,0)+IF(COUNTIF(K635:$W635,">"&0)<5,IF(AND(COUNTIF(J$1237:J1237,1)>7,MOD(1+IFERROR(MATCH($C635,总览!$D$46:$D$345,1)+1,1),7)=0),$C$3,0),0)} -> 0 | K635: {=IF(K1237=1,OFFSET($W$634,$B635,K$631-1)/SUMPRODUCT(--($D$631:$V$631=K$631),--($D1237:$V1237=1)),0)+SUM(K634)+IF(COUNTIF(K$1237:K1237,1)=1,5,0)+IF(COUNTIF(L635:$W635,">"&0)<5,IF(AND(COUNTIF(K$1237:K1237,1)>7,MOD(1+IFERROR(MATCH($C635,总览!$D$46:$D$345,1)+1,1),7)=0),$C$3,0),0)} -> 0 | ... V635: {=IF(V1237=1,OFFSET($W$634,$B635,V$631-1)/SUMPRODUCT(--($D$631:$V$631=V$631),--($D1237:$V1237=1)),0)+SUM(V634)+IF(COUNTIF(V$1237:V1237,1)=1,5,0)+IF(COUNTIF(W635:$W635,">"&0)<5,IF(AND(COUNTIF(V$1237:V1237,1)>7,MOD(1+IFERROR(MATCH($C635,总览!$D$46:$D$345,1)+1,1),7)=0),$C$3,0),0)} -> 0 | W635: {=SUMPRODUCT(TRANSPOSE($AA635:$AG635),OFFSET($L$9:$L$15,0,W$631-1))} -> 40 | X635: {=SUMPRODUCT(TRANSPOSE($AA635:$AG635),OFFSET($L$9:$L$15,0,X$631-1))} -> 10 | Y635: {=SUMPRODUCT(TRANSPOSE($AA635:$AG635),OFFSET($L$9:$L$15,0,Y$631-1))} -> 0 | Z635: {=SUMPRODUCT(TRANSPOSE($AA635:$AG635),OFFSET($L$9:$L$15,0,Z$631-1))} -> 0 | AA635: =AH635 -> 100 | AB635: =AI635 -> 0 | AC635: =AJ635 -> 0 | AD635: =AK635 -> 0 | AE635: =AL635 -> 0 | AF635: =AM635 -> 0 | AG635: =AN635 -> 0 | AH635: =IF($C635>OFFSET($Q$8,MATCH(AH$634,$AH$634:$AN$634,0),0),OFFSET($P$8,MATCH(AH$634,$AH$634:$AN$634,0),0),$C635) -> 100 | AI635: =IF($C635>OFFSET($Q$8,MATCH(AI$634,$AH$634:$AN$634,0),0),OFFSET($P$8,MATCH(AI$634,$AH$634:$AN$634,0),0),MAX(0,$C635-OFFSET($Q$8,RIGHT(AI$634,1)-1,0))) -> 0 | AJ635: =IF($C635>OFFSET($Q$8,MATCH(AJ$634,$AH$634:$AN$634,0),0),OFFSET($P$8,MATCH(AJ$634,$AH$634:$AN$634,0),0),MAX(0,$C635-OFFSET($Q$8,RIGHT(AJ$634,1)-1,0))) -> 0 | AK635: =IF($C635>OFFSET($Q$8,MATCH(AK$634,$AH$634:$AN$634,0),0),OFFSET($P$8,MATCH(AK$634,$AH$634:$AN$634,0),0),MAX(0,$C635-OFFSET($Q$8,RIGHT(AK$634,1)-1,0))) -> 0 | AL635: =IF($C635>OFFSET($Q$8,MATCH(AL$634,$AH$634:$AN$634,0),0),OFFSET($P$8,MATCH(AL$634,$AH$634:$AN$634,0),0),MAX(0,$C635-OFFSET($Q$8,RIGHT(AL$634,1)-1,0))) -> 0 | AM635: =IF($C635>OFFSET($Q$8,MATCH(AM$634,$AH$634:$AN$634,0),0),OFFSET($P$8,MATCH(AM$634,$AH$634:$AN$634,0),0),MAX(0,$C635-OFFSET($Q$8,RIGHT(AM$634,1)-1,0))) -> 0 | AN635: =IF($C635>OFFSET($Q$8,MATCH(AN$634,$AH$634:$AN$634,0),0),OFFSET($P$8,MATCH(AN$634,$AH$634:$AN$634,0),0),MAX(0,$C635-OFFSET($Q$8,RIGHT(AN$634,1)-1,0))) -> 0 | AP635: 1 | AQ635: 10 | AR635: 10 | AS635: 10 | AT635: 10
B636: 2 | C636: =C31 -> 200 | D636: {=IF(D1238=1,OFFSET($W$634,$B636,D$631-1)/SUMPRODUCT(--($D$631:$V$631=D$631),--($D1238:$V1238=1)),0)+SUM(D635)+IF(COUNTIF(D$1237:D1238,1)=1,5,0)+IF(COUNTIF(E636:$W636,">"&0)<5,IF(AND(COUNTIF(D$1237:D1238,1)>7,MOD(1+IFERROR(MATCH($C636,总览!$D$46:$D$345,1)+1,1),7)=0),$C$3,0),0)} -> 31.666667 | E636: {=IF(E1238=1,OFFSET($W$634,$B636,E$631-1)/SUMPRODUCT(--($D$631:$V$631=E$631),--($D1238:$V1238=1)),0)+SUM(E635)+IF(COUNTIF(E$1237:E1238,1)=1,5,0)+IF(COUNTIF(F636:$W636,">"&0)<5,IF(AND(COUNTIF(E$1237:E1238,1)>7,MOD(1+IFERROR(MATCH($C636,总览!$D$46:$D$345,1)+1,1),7)=0),$C$3,0),0)} -> 31.666667 | F636: {=IF(F1238=1,OFFSET($W$634,$B636,F$631-1)/SUMPRODUCT(--($D$631:$V$631=F$631),--($D1238:$V1238=1)),0)+SUM(F635)+IF(COUNTIF(F$1237:F1238,1)=1,5,0)+IF(COUNTIF(G636:$W636,">"&0)<5,IF(AND(COUNTIF(F$1237:F1238,1)>7,MOD(1+IFERROR(MATCH($C636,总览!$D$46:$D$345,1)+1,1),7)=0),$C$3,0),0)} -> 31.666667 | G636: {=IF(G1238=1,OFFSET($W$634,$B636,G$631-1)/SUMPRODUCT(--($D$631:$V$631=G$631),--($D1238:$V1238=1)),0)+SUM(G635)+IF(COUNTIF(G$1237:G1238,1)=1,5,0)+IF(COUNTIF(H636:$W636,">"&0)<5,IF(AND(COUNTIF(G$1237:G1238,1)>7,MOD(1+IFERROR(MATCH($C636,总览!$D$46:$D$345,1)+1,1),7)=0),$C$3,0),0)} -> 10.833333 | H636: {=IF(H1238=1,OFFSET($W$634,$B636,H$631-1)/SUMPRODUCT(--($D$631:$V$631=H$631),--($D1238:$V1238=1)),0)+SUM(H635)+IF(COUNTIF(H$1237:H1238,1)=1,5,0)+IF(COUNTIF(I636:$W636,">"&0)<5,IF(AND(COUNTIF(H$1237:H1238,1)>7,MOD(1+IFERROR(MATCH($C636,总览!$D$46:$D$345,1)+1,1),7)=0),$C$3,0),0)} -> 10.833333 | I636: {=IF(I1238=1,OFFSET($W$634,$B636,I$631-1)/SUMPRODUCT(--($D$631:$V$631=I$631),--($D1238:$V1238=1)),0)+SUM(I635)+IF(COUNTIF(I$1237:I1238,1)=1,5,0)+IF(COUNTIF(J636:$W636,">"&0)<5,IF(AND(COUNTIF(I$1237:I1238,1)>7,MOD(1+IFERROR(MATCH($C636,总览!$D$46:$D$345,1)+1,1),7)=0),$C$3,0),0)} -> 10.833333 | J636: {=IF(J1238=1,OFFSET($W$634,$B636,J$631-1)/SUMPRODUCT(--($D$631:$V$631=J$631),--($D1238:$V1238=1)),0)+SUM(J635)+IF(COUNTIF(J$1237:J1238,1)=1,5,0)+IF(COUNTIF(K636:$W636,">"&0)<5,IF(AND(COUNTIF(J$1237:J1238,1)>7,MOD(1+IFERROR(MATCH($C636,总览!$D$46:$D$345,1)+1,1),7)=0),$C$3,0),0)} -> 7.5 | K636: {=IF(K1238=1,OFFSET($W$634,$B636,K$631-1)/SUMPRODUCT(--($D$631:$V$631=K$631),--($D1238:$V1238=1)),0)+SUM(K635)+IF(COUNTIF(K$1237:K1238,1)=1,5,0)+IF(COUNTIF(L636:$W636,">"&0)<5,IF(AND(COUNTIF(K$1237:K1238,1)>7,MOD(1+IFERROR(MATCH($C636,总览!$D$46:$D$345,1)+1,1),7)=0),$C$3,0),0)} -> 0 | ... V636: {=IF(V1238=1,OFFSET($W$634,$B636,V$631-1)/SUMPRODUCT(--($D$631:$V$631=V$631),--($D1238:$V1238=1)),0)+SUM(V635)+IF(COUNTIF(V$1237:V1238,1)=1,5,0)+IF(COUNTIF(W636:$W636,">"&0)<5,IF(AND(COUNTIF(V$1237:V1238,1)>7,MOD(1+IFERROR(MATCH($C636,总览!$D$46:$D$345,1)+1,1),7)=0),$C$3,0),0)} -> 0 | W636: {=SUMPRODUCT(TRANSPOSE($AA636:$AG636),OFFSET($L$9:$L$15,0,W$631-1))} -> 40 | X636: {=SUMPRODUCT(TRANSPOSE($AA636:$AG636),OFFSET($L$9:$L$15,0,X$631-1))} -> 10 | Y636: {=SUMPRODUCT(TRANSPOSE($AA636:$AG636),OFFSET($L$9:$L$15,0,Y$631-1))} -> 0 | Z636: {=SUMPRODUCT(TRANSPOSE($AA636:$AG636),OFFSET($L$9:$L$15,0,Z$631-1))} -> 0 | AA636: =AH636-AH635 -> 100 | AB636: =AI636-AI635 -> 0 | AC636: =AJ636-AJ635 -> 0 | AD636: =AK636-AK635 -> 0 | AE636: =AL636-AL635 -> 0 | AF636: =AM636-AM635 -> 0 | AG636: =AN636-AN635 -> 0 | AH636: =IF($C636>OFFSET($Q$8,MATCH(AH$634,$AH$634:$AN$634,0),0),OFFSET($P$8,MATCH(AH$634,$AH$634:$AN$634,0),0),$C636) -> 200 | AI636: =IF($C636>OFFSET($Q$8,MATCH(AI$634,$AH$634:$AN$634,0),0),OFFSET($P$8,MATCH(AI$634,$AH$634:$AN$634,0),0),MAX(0,$C636-OFFSET($Q$8,RIGHT(AI$634,1)-1,0))) -> 0 | AJ636: =IF($C636>OFFSET($Q$8,MATCH(AJ$634,$AH$634:$AN$634,0),0),OFFSET($P$8,MATCH(AJ$634,$AH$634:$AN$634,0),0),MAX(0,$C636-OFFSET($Q$8,RIGHT(AJ$634,1)-1,0))) -> 0 | AK636: =IF($C636>OFFSET($Q$8,MATCH(AK$634,$AH$634:$AN$634,0),0),OFFSET($P$8,MATCH(AK$634,$AH$634:$AN$634,0),0),MAX(0,$C636-OFFSET($Q$8,RIGHT(AK$634,1)-1,0))) -> 0 | AL636: =IF($C636>OFFSET($Q$8,MATCH(AL$634,$AH$634:$AN$634,0),0),OFFSET($P$8,MATCH(AL$634,$AH$634:$AN$634,0),0),MAX(0,$C636-OFFSET($Q$8,RIGHT(AL$634,1)-1,0))) -> 0 | AM636: =IF($C636>OFFSET($Q$8,MATCH(AM$634,$AH$634:$AN$634,0),0),OFFSET($P$8,MATCH(AM$634,$AH$634:$AN$634,0),0),MAX(0,$C636-OFFSET($Q$8,RIGHT(AM$634,1)-1,0))) -> 0 | AN636: =IF($C636>OFFSET($Q$8,MATCH(AN$634,$AH$634:$AN$634,0),0),OFFSET($P$8,MATCH(AN$634,$AH$634:$AN$634,0),0),MAX(0,$C636-OFFSET($Q$8,RIGHT(AN$634,1)-1,0))) -> 0 | AP636: 2 | AQ636: 20 | AR636: 20 | AS636: 20 | AT636: 20
B637: 3 | C637: =C32 -> 300 | D637: {=IF(D1239=1,OFFSET($W$634,$B637,D$631-1)/SUMPRODUCT(--($D$631:$V$631=D$631),--($D1239:$V1239=1)),0)+SUM(D636)+IF(COUNTIF(D$1237:D1239,1)=1,5,0)+IF(COUNTIF(E637:$W637,">"&0)<5,IF(AND(COUNTIF(D$1237:D1239,1)>7,MOD(1+IFERROR(MATCH($C637,总览!$D$46:$D$345,1)+1,1),7)=0),$C$3,0),0)} -> 45 | E637: {=IF(E1239=1,OFFSET($W$634,$B637,E$631-1)/SUMPRODUCT(--($D$631:$V$631=E$631),--($D1239:$V1239=1)),0)+SUM(E636)+IF(COUNTIF(E$1237:E1239,1)=1,5,0)+IF(COUNTIF(F637:$W637,">"&0)<5,IF(AND(COUNTIF(E$1237:E1239,1)>7,MOD(1+IFERROR(MATCH($C637,总览!$D$46:$D$345,1)+1,1),7)=0),$C$3,0),0)} -> 45 | F637: {=IF(F1239=1,OFFSET($W$634,$B637,F$631-1)/SUMPRODUCT(--($D$631:$V$631=F$631),--($D1239:$V1239=1)),0)+SUM(F636)+IF(COUNTIF(F$1237:F1239,1)=1,5,0)+IF(COUNTIF(G637:$W637,">"&0)<5,IF(AND(COUNTIF(F$1237:F1239,1)>7,MOD(1+IFERROR(MATCH($C637,总览!$D$46:$D$345,1)+1,1),7)=0),$C$3,0),0)} -> 45 | G637: {=IF(G1239=1,OFFSET($W$634,$B637,G$631-1)/SUMPRODUCT(--($D$631:$V$631=G$631),--($D1239:$V1239=1)),0)+SUM(G636)+IF(COUNTIF(G$1237:G1239,1)=1,5,0)+IF(COUNTIF(H637:$W637,">"&0)<5,IF(AND(COUNTIF(G$1237:G1239,1)>7,MOD(1+IFERROR(MATCH($C637,总览!$D$46:$D$345,1)+1,1),7)=0),$C$3,0),0)} -> 12.5 | H637: {=IF(H1239=1,OFFSET($W$634,$B637,H$631-1)/SUMPRODUCT(--($D$631:$V$631=H$631),--($D1239:$V1239=1)),0)+SUM(H636)+IF(COUNTIF(H$1237:H1239,1)=1,5,0)+IF(COUNTIF(I637:$W637,">"&0)<5,IF(AND(COUNTIF(H$1237:H1239,1)>7,MOD(1+IFERROR(MATCH($C637,总览!$D$46:$D$345,1)+1,1),7)=0),$C$3,0),0)} -> 12.5 | I637: {=IF(I1239=1,OFFSET($W$634,$B637,I$631-1)/SUMPRODUCT(--($D$631:$V$631=I$631),--($D1239:$V1239=1)),0)+SUM(I636)+IF(COUNTIF(I$1237:I1239,1)=1,5,0)+IF(COUNTIF(J637:$W637,">"&0)<5,IF(AND(COUNTIF(I$1237:I1239,1)>7,MOD(1+IFERROR(MATCH($C637,总览!$D$46:$D$345,1)+1,1),7)=0),$C$3,0),0)} -> 12.5 | J637: {=IF(J1239=1,OFFSET($W$634,$B637,J$631-1)/SUMPRODUCT(--($D$631:$V$631=J$631),--($D1239:$V1239=1)),0)+SUM(J636)+IF(COUNTIF(J$1237:J1239,1)=1,5,0)+IF(COUNTIF(K637:$W637,">"&0)<5,IF(AND(COUNTIF(J$1237:J1239,1)>7,MOD(1+IFERROR(MATCH($C637,总览!$D$46:$D$345,1)+1,1),7)=0),$C$3,0),0)} -> 9.1666667 | K637: {=IF(K1239=1,OFFSET($W$634,$B637,K$631-1)/SUMPRODUCT(--($D$631:$V$631=K$631),--($D1239:$V1239=1)),0)+SUM(K636)+IF(COUNTIF(K$1237:K1239,1)=1,5,0)+IF(COUNTIF(L637:$W637,">"&0)<5,IF(AND(COUNTIF(K$1237:K1239,1)>7,MOD(1+IFERROR(MATCH($C637,总览!$D$46:$D$345,1)+1,1),7)=0),$C$3,0),0)} -> 6.6666667 | ... V637: {=IF(V1239=1,OFFSET($W$634,$B637,V$631-1)/SUMPRODUCT(--($D$631:$V$631=V$631),--($D1239:$V1239=1)),0)+SUM(V636)+IF(COUNTIF(V$1237:V1239,1)=1,5,0)+IF(COUNTIF(W637:$W637,">"&0)<5,IF(AND(COUNTIF(V$1237:V1239,1)>7,MOD(1+IFERROR(MATCH($C637,总览!$D$46:$D$345,1)+1,1),7)=0),$C$3,0),0)} -> 0 | W637: {=SUMPRODUCT(TRANSPOSE($AA637:$AG637),OFFSET($L$9:$L$15,0,W$631-1))} -> 40 | X637: {=SUMPRODUCT(TRANSPOSE($AA637:$AG637),OFFSET($L$9:$L$15,0,X$631-1))} -> 10 | Y637: {=SUMPRODUCT(TRANSPOSE($AA637:$AG637),OFFSET($L$9:$L$15,0,Y$631-1))} -> 0 | Z637: {=SUMPRODUCT(TRANSPOSE($AA637:$AG637),OFFSET($L$9:$L$15,0,Z$631-1))} -> 0 | AA637: =AH637-AH636 -> 100 | AB637: =AI637-AI636 -> 0 | AC637: =AJ637-AJ636 -> 0 | AD637: =AK637-AK636 -> 0 | AE637: =AL637-AL636 -> 0 | AF637: =AM637-AM636 -> 0 | AG637: =AN637-AN636 -> 0 | AH637: =IF($C637>OFFSET($Q$8,MATCH(AH$634,$AH$634:$AN$634,0),0),OFFSET($P$8,MATCH(AH$634,$AH$634:$AN$634,0),0),$C637) -> 300 | AI637: =IF($C637>OFFSET($Q$8,MATCH(AI$634,$AH$634:$AN$634,0),0),OFFSET($P$8,MATCH(AI$634,$AH$634:$AN$634,0),0),MAX(0,$C637-OFFSET($Q$8,RIGHT(AI$634,1)-1,0))) -> 0 | AJ637: =IF($C637>OFFSET($Q$8,MATCH(AJ$634,$AH$634:$AN$634,0),0),OFFSET($P$8,MATCH(AJ$634,$AH$634:$AN$634,0),0),MAX(0,$C637-OFFSET($Q$8,RIGHT(AJ$634,1)-1,0))) -> 0 | AK637: =IF($C637>OFFSET($Q$8,MATCH(AK$634,$AH$634:$AN$634,0),0),OFFSET($P$8,MATCH(AK$634,$AH$634:$AN$634,0),0),MAX(0,$C637-OFFSET($Q$8,RIGHT(AK$634,1)-1,0))) -> 0 | AL637: =IF($C637>OFFSET($Q$8,MATCH(AL$634,$AH$634:$AN$634,0),0),OFFSET($P$8,MATCH(AL$634,$AH$634:$AN$634,0),0),MAX(0,$C637-OFFSET($Q$8,RIGHT(AL$634,1)-1,0))) -> 0 | AM637: =IF($C637>OFFSET($Q$8,MATCH(AM$634,$AH$634:$AN$634,0),0),OFFSET($P$8,MATCH(AM$634,$AH$634:$AN$634,0),0),MAX(0,$C637-OFFSET($Q$8,RIGHT(AM$634,1)-1,0))) -> 0 | AN637: =IF($C637>OFFSET($Q$8,MATCH(AN$634,$AH$634:$AN$634,0),0),OFFSET($P$8,MATCH(AN$634,$AH$634:$AN$634,0),0),MAX(0,$C637-OFFSET($Q$8,RIGHT(AN$634,1)-1,0))) -> 0 | AP637: 3 | AQ637: 30 | AR637: 30 | AS637: 30 | AT637: 30
B638: 4 | C638: =C33 -> 400 | D638: {=IF(D1240=1,OFFSET($W$634,$B638,D$631-1)/SUMPRODUCT(--($D$631:$V$631=D$631),--($D1240:$V1240=1)),0)+SUM(D637)+IF(COUNTIF(D$1237:D1240,1)=1,5,0)+IF(COUNTIF(E638:$W638,">"&0)<5,IF(AND(COUNTIF(D$1237:D1240,1)>7,MOD(1+IFERROR(MATCH($C638,总览!$D$46:$D$345,1)+1,1),7)=0),$C$3,0),0)} -> 58.333333 | E638: {=IF(E1240=1,OFFSET($W$634,$B638,E$631-1)/SUMPRODUCT(--($D$631:$V$631=E$631),--($D1240:$V1240=1)),0)+SUM(E637)+IF(COUNTIF(E$1237:E1240,1)=1,5,0)+IF(COUNTIF(F638:$W638,">"&0)<5,IF(AND(COUNTIF(E$1237:E1240,1)>7,MOD(1+IFERROR(MATCH($C638,总览!$D$46:$D$345,1)+1,1),7)=0),$C$3,0),0)} -> 58.333333 | F638: {=IF(F1240=1,OFFSET($W$634,$B638,F$631-1)/SUMPRODUCT(--($D$631:$V$631=F$631),--($D1240:$V1240=1)),0)+SUM(F637)+IF(COUNTIF(F$1237:F1240,1)=1,5,0)+IF(COUNTIF(G638:$W638,">"&0)<5,IF(AND(COUNTIF(F$1237:F1240,1)>7,MOD(1+IFERROR(MATCH($C638,总览!$D$46:$D$345,1)+1,1),7)=0),$C$3,0),0)} -> 58.333333 | G638: {=IF(G1240=1,OFFSET($W$634,$B638,G$631-1)/SUMPRODUCT(--($D$631:$V$631=G$631),--($D1240:$V1240=1)),0)+SUM(G637)+IF(COUNTIF(G$1237:G1240,1)=1,5,0)+IF(COUNTIF(H638:$W638,">"&0)<5,IF(AND(COUNTIF(G$1237:G1240,1)>7,MOD(1+IFERROR(MATCH($C638,总览!$D$46:$D$345,1)+1,1),7)=0),$C$3,0),0)} -> 14.166667 | H638: {=IF(H1240=1,OFFSET($W$634,$B638,H$631-1)/SUMPRODUCT(--($D$631:$V$631=H$631),--($D1240:$V1240=1)),0)+SUM(H637)+IF(COUNTIF(H$1237:H1240,1)=1,5,0)+IF(COUNTIF(I638:$W638,">"&0)<5,IF(AND(COUNTIF(H$1237:H1240,1)>7,MOD(1+IFERROR(MATCH($C638,总览!$D$46:$D$345,1)+1,1),7)=0),$C$3,0),0)} -> 14.166667 | I638: {=IF(I1240=1,OFFSET($W$634,$B638,I$631-1)/SUMPRODUCT(--($D$631:$V$631=I$631),--($D1240:$V1240=1)),0)+SUM(I637)+IF(COUNTIF(I$1237:I1240,1)=1,5,0)+IF(COUNTIF(J638:$W638,">"&0)<5,IF(AND(COUNTIF(I$1237:I1240,1)>7,MOD(1+IFERROR(MATCH($C638,总览!$D$46:$D$345,1)+1,1),7)=0),$C$3,0),0)} -> 14.166667 | J638: {=IF(J1240=1,OFFSET($W$634,$B638,J$631-1)/SUMPRODUCT(--($D$631:$V$631=J$631),--($D1240:$V1240=1)),0)+SUM(J637)+IF(COUNTIF(J$1237:J1240,1)=1,5,0)+IF(COUNTIF(K638:$W638,">"&0)<5,IF(AND(COUNTIF(J$1237:J1240,1)>7,MOD(1+IFERROR(MATCH($C638,总览!$D$46:$D$345,1)+1,1),7)=0),$C$3,0),0)} -> 10.833333 | K638: {=IF(K1240=1,OFFSET($W$634,$B638,K$631-1)/SUMPRODUCT(--($D$631:$V$631=K$631),--($D1240:$V1240=1)),0)+SUM(K637)+IF(COUNTIF(K$1237:K1240,1)=1,5,0)+IF(COUNTIF(L638:$W638,">"&0)<5,IF(AND(COUNTIF(K$1237:K1240,1)>7,MOD(1+IFERROR(MATCH($C638,总览!$D$46:$D$345,1)+1,1),7)=0),$C$3,0),0)} -> 8.3333333 | ... V638: {=IF(V1240=1,OFFSET($W$634,$B638,V$631-1)/SUMPRODUCT(--($D$631:$V$631=V$631),--($D1240:$V1240=1)),0)+SUM(V637)+IF(COUNTIF(V$1237:V1240,1)=1,5,0)+IF(COUNTIF(W638:$W638,">"&0)<5,IF(AND(COUNTIF(V$1237:V1240,1)>7,MOD(1+IFERROR(MATCH($C638,总览!$D$46:$D$345,1)+1,1),7)=0),$C$3,0),0)} -> 0 | W638: {=SUMPRODUCT(TRANSPOSE($AA638:$AG638),OFFSET($L$9:$L$15,0,W$631-1))} -> 40 | X638: {=SUMPRODUCT(TRANSPOSE($AA638:$AG638),OFFSET($L$9:$L$15,0,X$631-1))} -> 10 | Y638: {=SUMPRODUCT(TRANSPOSE($AA638:$AG638),OFFSET($L$9:$L$15,0,Y$631-1))} -> 0 | Z638: {=SUMPRODUCT(TRANSPOSE($AA638:$AG638),OFFSET($L$9:$L$15,0,Z$631-1))} -> 0 | AA638: =AH638-AH637 -> 100 | AB638: =AI638-AI637 -> 0 | AC638: =AJ638-AJ637 -> 0 | AD638: =AK638-AK637 -> 0 | AE638: =AL638-AL637 -> 0 | AF638: =AM638-AM637 -> 0 | AG638: =AN638-AN637 -> 0 | AH638: =IF($C638>OFFSET($Q$8,MATCH(AH$634,$AH$634:$AN$634,0),0),OFFSET($P$8,MATCH(AH$634,$AH$634:$AN$634,0),0),$C638) -> 400 | AI638: =IF($C638>OFFSET($Q$8,MATCH(AI$634,$AH$634:$AN$634,0),0),OFFSET($P$8,MATCH(AI$634,$AH$634:$AN$634,0),0),MAX(0,$C638-OFFSET($Q$8,RIGHT(AI$634,1)-1,0))) -> 0 | AJ638: =IF($C638>OFFSET($Q$8,MATCH(AJ$634,$AH$634:$AN$634,0),0),OFFSET($P$8,MATCH(AJ$634,$AH$634:$AN$634,0),0),MAX(0,$C638-OFFSET($Q$8,RIGHT(AJ$634,1)-1,0))) -> 0 | AK638: =IF($C638>OFFSET($Q$8,MATCH(AK$634,$AH$634:$AN$634,0),0),OFFSET($P$8,MATCH(AK$634,$AH$634:$AN$634,0),0),MAX(0,$C638-OFFSET($Q$8,RIGHT(AK$634,1)-1,0))) -> 0 | AL638: =IF($C638>OFFSET($Q$8,MATCH(AL$634,$AH$634:$AN$634,0),0),OFFSET($P$8,MATCH(AL$634,$AH$634:$AN$634,0),0),MAX(0,$C638-OFFSET($Q$8,RIGHT(AL$634,1)-1,0))) -> 0 | AM638: =IF($C638>OFFSET($Q$8,MATCH(AM$634,$AH$634:$AN$634,0),0),OFFSET($P$8,MATCH(AM$634,$AH$634:$AN$634,0),0),MAX(0,$C638-OFFSET($Q$8,RIGHT(AM$634,1)-1,0))) -> 0 | AN638: =IF($C638>OFFSET($Q$8,MATCH(AN$634,$AH$634:$AN$634,0),0),OFFSET($P$8,MATCH(AN$634,$AH$634:$AN$634,0),0),MAX(0,$C638-OFFSET($Q$8,RIGHT(AN$634,1)-1,0))) -> 0 | AP638: 4 | AQ638: 40 | AR638: 40 | AS638: 40 | AT638: 40
B639: 5 | C639: =C34 -> 500 | D639: {=IF(D1241=1,OFFSET($W$634,$B639,D$631-1)/SUMPRODUCT(--($D$631:$V$631=D$631),--($D1241:$V1241=1)),0)+SUM(D638)+IF(COUNTIF(D$1237:D1241,1)=1,5,0)+IF(COUNTIF(E639:$W639,">"&0)<5,IF(AND(COUNTIF(D$1237:D1241,1)>7,MOD(1+IFERROR(MATCH($C639,总览!$D$46:$D$345,1)+1,1),7)=0),$C$3,0),0)} -> 70.916667 | E639: {=IF(E1241=1,OFFSET($W$634,$B639,E$631-1)/SUMPRODUCT(--($D$631:$V$631=E$631),--($D1241:$V1241=1)),0)+SUM(E638)+IF(COUNTIF(E$1237:E1241,1)=1,5,0)+IF(COUNTIF(F639:$W639,">"&0)<5,IF(AND(COUNTIF(E$1237:E1241,1)>7,MOD(1+IFERROR(MATCH($C639,总览!$D$46:$D$345,1)+1,1),7)=0),$C$3,0),0)} -> 70.916667 | F639: {=IF(F1241=1,OFFSET($W$634,$B639,F$631-1)/SUMPRODUCT(--($D$631:$V$631=F$631),--($D1241:$V1241=1)),0)+SUM(F638)+IF(COUNTIF(F$1237:F1241,1)=1,5,0)+IF(COUNTIF(G639:$W639,">"&0)<5,IF(AND(COUNTIF(F$1237:F1241,1)>7,MOD(1+IFERROR(MATCH($C639,总览!$D$46:$D$345,1)+1,1),7)=0),$C$3,0),0)} -> 70.916667 | G639: {=IF(G1241=1,OFFSET($W$634,$B639,G$631-1)/SUMPRODUCT(--($D$631:$V$631=G$631),--($D1241:$V1241=1)),0)+SUM(G638)+IF(COUNTIF(G$1237:G1241,1)=1,5,0)+IF(COUNTIF(H639:$W639,">"&0)<5,IF(AND(COUNTIF(G$1237:G1241,1)>7,MOD(1+IFERROR(MATCH($C639,总览!$D$46:$D$345,1)+1,1),7)=0),$C$3,0),0)} -> 16 | H639: {=IF(H1241=1,OFFSET($W$634,$B639,H$631-1)/SUMPRODUCT(--($D$631:$V$631=H$631),--($D1241:$V1241=1)),0)+SUM(H638)+IF(COUNTIF(H$1237:H1241,1)=1,5,0)+IF(COUNTIF(I639:$W639,">"&0)<5,IF(AND(COUNTIF(H$1237:H1241,1)>7,MOD(1+IFERROR(MATCH($C639,总览!$D$46:$D$345,1)+1,1),7)=0),$C$3,0),0)} -> 16 | I639: {=IF(I1241=1,OFFSET($W$634,$B639,I$631-1)/SUMPRODUCT(--($D$631:$V$631=I$631),--($D1241:$V1241=1)),0)+SUM(I638)+IF(COUNTIF(I$1237:I1241,1)=1,5,0)+IF(COUNTIF(J639:$W639,">"&0)<5,IF(AND(COUNTIF(I$1237:I1241,1)>7,MOD(1+IFERROR(MATCH($C639,总览!$D$46:$D$345,1)+1,1),7)=0),$C$3,0),0)} -> 16 | J639: {=IF(J1241=1,OFFSET($W$634,$B639,J$631-1)/SUMPRODUCT(--($D$631:$V$631=J$631),--($D1241:$V1241=1)),0)+SUM(J638)+IF(COUNTIF(J$1237:J1241,1)=1,5,0)+IF(COUNTIF(K639:$W639,">"&0)<5,IF(AND(COUNTIF(J$1237:J1241,1)>7,MOD(1+IFERROR(MATCH($C639,总览!$D$46:$D$345,1)+1,1),7)=0),$C$3,0),0)} -> 12.666667 | K639: {=IF(K1241=1,OFFSET($W$634,$B639,K$631-1)/SUMPRODUCT(--($D$631:$V$631=K$631),--($D1241:$V1241=1)),0)+SUM(K638)+IF(COUNTIF(K$1237:K1241,1)=1,5,0)+IF(COUNTIF(L639:$W639,">"&0)<5,IF(AND(COUNTIF(K$1237:K1241,1)>7,MOD(1+IFERROR(MATCH($C639,总览!$D$46:$D$345,1)+1,1),7)=0),$C$3,0),0)} -> 10.166667 | ... V639: {=IF(V1241=1,OFFSET($W$634,$B639,V$631-1)/SUMPRODUCT(--($D$631:$V$631=V$631),--($D1241:$V1241=1)),0)+SUM(V638)+IF(COUNTIF(V$1237:V1241,1)=1,5,0)+IF(COUNTIF(W639:$W639,">"&0)<5,IF(AND(COUNTIF(V$1237:V1241,1)>7,MOD(1+IFERROR(MATCH($C639,总览!$D$46:$D$345,1)+1,1),7)=0),$C$3,0),0)} -> 0 | W639: {=SUMPRODUCT(TRANSPOSE($AA639:$AG639),OFFSET($L$9:$L$15,0,W$631-1))} -> 37.75 | X639: {=SUMPRODUCT(TRANSPOSE($AA639:$AG639),OFFSET($L$9:$L$15,0,X$631-1))} -> 11 | Y639: {=SUMPRODUCT(TRANSPOSE($AA639:$AG639),OFFSET($L$9:$L$15,0,Y$631-1))} -> 1.25 | Z639: {=SUMPRODUCT(TRANSPOSE($AA639:$AG639),OFFSET($L$9:$L$15,0,Z$631-1))} -> 0 | AA639: =AH639-AH638 -> 50 | AB639: =AI639-AI638 -> 50 | AC639: =AJ639-AJ638 -> 0 | AD639: =AK639-AK638 -> 0 | AE639: =AL639-AL638 -> 0 | AF639: =AM639-AM638 -> 0 | AG639: =AN639-AN638 -> 0 | AH639: =IF($C639>OFFSET($Q$8,MATCH(AH$634,$AH$634:$AN$634,0),0),OFFSET($P$8,MATCH(AH$634,$AH$634:$AN$634,0),0),$C639) -> 450 | AI639: =IF($C639>OFFSET($Q$8,MATCH(AI$634,$AH$634:$AN$634,0),0),OFFSET($P$8,MATCH(AI$634,$AH$634:$AN$634,0),0),MAX(0,$C639-OFFSET($Q$8,RIGHT(AI$634,1)-1,0))) -> 50 | AJ639: =IF($C639>OFFSET($Q$8,MATCH(AJ$634,$AH$634:$AN$634,0),0),OFFSET($P$8,MATCH(AJ$634,$AH$634:$AN$634,0),0),MAX(0,$C639-OFFSET($Q$8,RIGHT(AJ$634,1)-1,0))) -> 0 | AK639: =IF($C639>OFFSET($Q$8,MATCH(AK$634,$AH$634:$AN$634,0),0),OFFSET($P$8,MATCH(AK$634,$AH$634:$AN$634,0),0),MAX(0,$C639-OFFSET($Q$8,RIGHT(AK$634,1)-1,0))) -> 0 | AL639: =IF($C639>OFFSET($Q$8,MATCH(AL$634,$AH$634:$AN$634,0),0),OFFSET($P$8,MATCH(AL$634,$AH$634:$AN$634,0),0),MAX(0,$C639-OFFSET($Q$8,RIGHT(AL$634,1)-1,0))) -> 0 | AM639: =IF($C639>OFFSET($Q$8,MATCH(AM$634,$AH$634:$AN$634,0),0),OFFSET($P$8,MATCH(AM$634,$AH$634:$AN$634,0),0),MAX(0,$C639-OFFSET($Q$8,RIGHT(AM$634,1)-1,0))) -> 0 | AN639: =IF($C639>OFFSET($Q$8,MATCH(AN$634,$AH$634:$AN$634,0),0),OFFSET($P$8,MATCH(AN$634,$AH$634:$AN$634,0),0),MAX(0,$C639-OFFSET($Q$8,RIGHT(AN$634,1)-1,0))) -> 0 | AP639: 5 | AQ639: 50 | AR639: 50 | AS639: 50 | AT639: 50
B640: 6 | C640: =C35 -> 600 | D640: {=IF(D1242=1,OFFSET($W$634,$B640,D$631-1)/SUMPRODUCT(--($D$631:$V$631=D$631),--($D1242:$V1242=1)),0)+SUM(D639)+IF(COUNTIF(D$1237:D1242,1)=1,5,0)+IF(COUNTIF(E640:$W640,">"&0)<5,IF(AND(COUNTIF(D$1237:D1242,1)>7,MOD(1+IFERROR(MATCH($C640,总览!$D$46:$D$345,1)+1,1),7)=0),$C$3,0),0)} -> 82.75 | E640: {=IF(E1242=1,OFFSET($W$634,$B640,E$631-1)/SUMPRODUCT(--($D$631:$V$631=E$631),--($D1242:$V1242=1)),0)+SUM(E639)+IF(COUNTIF(E$1237:E1242,1)=1,5,0)+IF(COUNTIF(F640:$W640,">"&0)<5,IF(AND(COUNTIF(E$1237:E1242,1)>7,MOD(1+IFERROR(MATCH($C640,总览!$D$46:$D$345,1)+1,1),7)=0),$C$3,0),0)} -> 82.75 | F640: {=IF(F1242=1,OFFSET($W$634,$B640,F$631-1)/SUMPRODUCT(--($D$631:$V$631=F$631),--($D1242:$V1242=1)),0)+SUM(F639)+IF(COUNTIF(F$1237:F1242,1)=1,5,0)+IF(COUNTIF(G640:$W640,">"&0)<5,IF(AND(COUNTIF(F$1237:F1242,1)>7,MOD(1+IFERROR(MATCH($C640,总览!$D$46:$D$345,1)+1,1),7)=0),$C$3,0),0)} -> 82.75 | G640: {=IF(G1242=1,OFFSET($W$634,$B640,G$631-1)/SUMPRODUCT(--($D$631:$V$631=G$631),--($D1242:$V1242=1)),0)+SUM(G639)+IF(COUNTIF(G$1237:G1242,1)=1,5,0)+IF(COUNTIF(H640:$W640,">"&0)<5,IF(AND(COUNTIF(G$1237:G1242,1)>7,MOD(1+IFERROR(MATCH($C640,总览!$D$46:$D$345,1)+1,1),7)=0),$C$3,0),0)} -> 18 | H640: {=IF(H1242=1,OFFSET($W$634,$B640,H$631-1)/SUMPRODUCT(--($D$631:$V$631=H$631),--($D1242:$V1242=1)),0)+SUM(H639)+IF(COUNTIF(H$1237:H1242,1)=1,5,0)+IF(COUNTIF(I640:$W640,">"&0)<5,IF(AND(COUNTIF(H$1237:H1242,1)>7,MOD(1+IFERROR(MATCH($C640,总览!$D$46:$D$345,1)+1,1),7)=0),$C$3,0),0)} -> 18 | I640: {=IF(I1242=1,OFFSET($W$634,$B640,I$631-1)/SUMPRODUCT(--($D$631:$V$631=I$631),--($D1242:$V1242=1)),0)+SUM(I639)+IF(COUNTIF(I$1237:I1242,1)=1,5,0)+IF(COUNTIF(J640:$W640,">"&0)<5,IF(AND(COUNTIF(I$1237:I1242,1)>7,MOD(1+IFERROR(MATCH($C640,总览!$D$46:$D$345,1)+1,1),7)=0),$C$3,0),0)} -> 18 | J640: {=IF(J1242=1,OFFSET($W$634,$B640,J$631-1)/SUMPRODUCT(--($D$631:$V$631=J$631),--($D1242:$V1242=1)),0)+SUM(J639)+IF(COUNTIF(J$1237:J1242,1)=1,5,0)+IF(COUNTIF(K640:$W640,">"&0)<5,IF(AND(COUNTIF(J$1237:J1242,1)>7,MOD(1+IFERROR(MATCH($C640,总览!$D$46:$D$345,1)+1,1),7)=0),$C$3,0),0)} -> 14.666667 | K640: {=IF(K1242=1,OFFSET($W$634,$B640,K$631-1)/SUMPRODUCT(--($D$631:$V$631=K$631),--($D1242:$V1242=1)),0)+SUM(K639)+IF(COUNTIF(K$1237:K1242,1)=1,5,0)+IF(COUNTIF(L640:$W640,">"&0)<5,IF(AND(COUNTIF(K$1237:K1242,1)>7,MOD(1+IFERROR(MATCH($C640,总览!$D$46:$D$345,1)+1,1),7)=0),$C$3,0),0)} -> 12.166667 | ... V640: {=IF(V1242=1,OFFSET($W$634,$B640,V$631-1)/SUMPRODUCT(--($D$631:$V$631=V$631),--($D1242:$V1242=1)),0)+SUM(V639)+IF(COUNTIF(V$1237:V1242,1)=1,5,0)+IF(COUNTIF(W640:$W640,">"&0)<5,IF(AND(COUNTIF(V$1237:V1242,1)>7,MOD(1+IFERROR(MATCH($C640,总览!$D$46:$D$345,1)+1,1),7)=0),$C$3,0),0)} -> 0 | W640: {=SUMPRODUCT(TRANSPOSE($AA640:$AG640),OFFSET($L$9:$L$15,0,W$631-1))} -> 35.5 | X640: {=SUMPRODUCT(TRANSPOSE($AA640:$AG640),OFFSET($L$9:$L$15,0,X$631-1))} -> 12 | Y640: {=SUMPRODUCT(TRANSPOSE($AA640:$AG640),OFFSET($L$9:$L$15,0,Y$631-1))} -> 2.5 | Z640: {=SUMPRODUCT(TRANSPOSE($AA640:$AG640),OFFSET($L$9:$L$15,0,Z$631-1))} -> 0 | AA640: =AH640-AH639 -> 0 | AB640: =AI640-AI639 -> 100 | AC640: =AJ640-AJ639 -> 0 | AD640: =AK640-AK639 -> 0 | AE640: =AL640-AL639 -> 0 | AF640: =AM640-AM639 -> 0 | AG640: =AN640-AN639 -> 0 | AH640: =IF($C640>OFFSET($Q$8,MATCH(AH$634,$AH$634:$AN$634,0),0),OFFSET($P$8,MATCH(AH$634,$AH$634:$AN$634,0),0),$C640) -> 450 | AI640: =IF($C640>OFFSET($Q$8,MATCH(AI$634,$AH$634:$AN$634,0),0),OFFSET($P$8,MATCH(AI$634,$AH$634:$AN$634,0),0),MAX(0,$C640-OFFSET($Q$8,RIGHT(AI$634,1)-1,0))) -> 150 | AJ640: =IF($C640>OFFSET($Q$8,MATCH(AJ$634,$AH$634:$AN$634,0),0),OFFSET($P$8,MATCH(AJ$634,$AH$634:$AN$634,0),0),MAX(0,$C640-OFFSET($Q$8,RIGHT(AJ$634,1)-1,0))) -> 0 | AK640: =IF($C640>OFFSET($Q$8,MATCH(AK$634,$AH$634:$AN$634,0),0),OFFSET($P$8,MATCH(AK$634,$AH$634:$AN$634,0),0),MAX(0,$C640-OFFSET($Q$8,RIGHT(AK$634,1)-1,0))) -> 0 | AL640: =IF($C640>OFFSET($Q$8,MATCH(AL$634,$AH$634:$AN$634,0),0),OFFSET($P$8,MATCH(AL$634,$AH$634:$AN$634,0),0),MAX(0,$C640-OFFSET($Q$8,RIGHT(AL$634,1)-1,0))) -> 0 | AM640: =IF($C640>OFFSET($Q$8,MATCH(AM$634,$AH$634:$AN$634,0),0),OFFSET($P$8,MATCH(AM$634,$AH$634:$AN$634,0),0),MAX(0,$C640-OFFSET($Q$8,RIGHT(AM$634,1)-1,0))) -> 0 | AN640: =IF($C640>OFFSET($Q$8,MATCH(AN$634,$AH$634:$AN$634,0),0),OFFSET($P$8,MATCH(AN$634,$AH$634:$AN$634,0),0),MAX(0,$C640-OFFSET($Q$8,RIGHT(AN$634,1)-1,0))) -> 0 | AP640: 6 | AQ640: 80 | AR640: 80 | AS640: 80 | AT640: 80
B641: 7 | C641: =C36 -> 700 | D641: {=IF(D1243=1,OFFSET($W$634,$B641,D$631-1)/SUMPRODUCT(--($D$631:$V$631=D$631),--($D1243:$V1243=1)),0)+SUM(D640)+IF(COUNTIF(D$1237:D1243,1)=1,5,0)+IF(COUNTIF(E641:$W641,">"&0)<5,IF(AND(COUNTIF(D$1237:D1243,1)>7,MOD(1+IFERROR(MATCH($C641,总览!$D$46:$D$345,1)+1,1),7)=0),$C$3,0),0)} -> 94.583333 | E641: {=IF(E1243=1,OFFSET($W$634,$B641,E$631-1)/SUMPRODUCT(--($D$631:$V$631=E$631),--($D1243:$V1243=1)),0)+SUM(E640)+IF(COUNTIF(E$1237:E1243,1)=1,5,0)+IF(COUNTIF(F641:$W641,">"&0)<5,IF(AND(COUNTIF(E$1237:E1243,1)>7,MOD(1+IFERROR(MATCH($C641,总览!$D$46:$D$345,1)+1,1),7)=0),$C$3,0),0)} -> 94.583333 | F641: {=IF(F1243=1,OFFSET($W$634,$B641,F$631-1)/SUMPRODUCT(--($D$631:$V$631=F$631),--($D1243:$V1243=1)),0)+SUM(F640)+IF(COUNTIF(F$1237:F1243,1)=1,5,0)+IF(COUNTIF(G641:$W641,">"&0)<5,IF(AND(COUNTIF(F$1237:F1243,1)>7,MOD(1+IFERROR(MATCH($C641,总览!$D$46:$D$345,1)+1,1),7)=0),$C$3,0),0)} -> 94.583333 | G641: {=IF(G1243=1,OFFSET($W$634,$B641,G$631-1)/SUMPRODUCT(--($D$631:$V$631=G$631),--($D1243:$V1243=1)),0)+SUM(G640)+IF(COUNTIF(G$1237:G1243,1)=1,5,0)+IF(COUNTIF(H641:$W641,">"&0)<5,IF(AND(COUNTIF(G$1237:G1243,1)>7,MOD(1+IFERROR(MATCH($C641,总览!$D$46:$D$345,1)+1,1),7)=0),$C$3,0),0)} -> 20 | H641: {=IF(H1243=1,OFFSET($W$634,$B641,H$631-1)/SUMPRODUCT(--($D$631:$V$631=H$631),--($D1243:$V1243=1)),0)+SUM(H640)+IF(COUNTIF(H$1237:H1243,1)=1,5,0)+IF(COUNTIF(I641:$W641,">"&0)<5,IF(AND(COUNTIF(H$1237:H1243,1)>7,MOD(1+IFERROR(MATCH($C641,总览!$D$46:$D$345,1)+1,1),7)=0),$C$3,0),0)} -> 20 | I641: {=IF(I1243=1,OFFSET($W$634,$B641,I$631-1)/SUMPRODUCT(--($D$631:$V$631=I$631),--($D1243:$V1243=1)),0)+SUM(I640)+IF(COUNTIF(I$1237:I1243,1)=1,5,0)+IF(COUNTIF(J641:$W641,">"&0)<5,IF(AND(COUNTIF(I$1237:I1243,1)>7,MOD(1+IFERROR(MATCH($C641,总览!$D$46:$D$345,1)+1,1),7)=0),$C$3,0),0)} -> 20 | J641: {=IF(J1243=1,OFFSET($W$634,$B641,J$631-1)/SUMPRODUCT(--($D$631:$V$631=J$631),--($D1243:$V1243=1)),0)+SUM(J640)+IF(COUNTIF(J$1237:J1243,1)=1,5,0)+IF(COUNTIF(K641:$W641,">"&0)<5,IF(AND(COUNTIF(J$1237:J1243,1)>7,MOD(1+IFERROR(MATCH($C641,总览!$D$46:$D$345,1)+1,1),7)=0),$C$3,0),0)} -> 16.666667 | K641: {=IF(K1243=1,OFFSET($W$634,$B641,K$631-1)/SUMPRODUCT(--($D$631:$V$631=K$631),--($D1243:$V1243=1)),0)+SUM(K640)+IF(COUNTIF(K$1237:K1243,1)=1,5,0)+IF(COUNTIF(L641:$W641,">"&0)<5,IF(AND(COUNTIF(K$1237:K1243,1)>7,MOD(1+IFERROR(MATCH($C641,总览!$D$46:$D$345,1)+1,1),7)=0),$C$3,0),0)} -> 14.166667 | ... V641: {=IF(V1243=1,OFFSET($W$634,$B641,V$631-1)/SUMPRODUCT(--($D$631:$V$631=V$631),--($D1243:$V1243=1)),0)+SUM(V640)+IF(COUNTIF(V$1237:V1243,1)=1,5,0)+IF(COUNTIF(W641:$W641,">"&0)<5,IF(AND(COUNTIF(V$1237:V1243,1)>7,MOD(1+IFERROR(MATCH($C641,总览!$D$46:$D$345,1)+1,1),7)=0),$C$3,0),0)} -> 0 | W641: {=SUMPRODUCT(TRANSPOSE($AA641:$AG641),OFFSET($L$9:$L$15,0,W$631-1))} -> 35.5 | X641: {=SUMPRODUCT(TRANSPOSE($AA641:$AG641),OFFSET($L$9:$L$15,0,X$631-1))} -> 12 | Y641: {=SUMPRODUCT(TRANSPOSE($AA641:$AG641),OFFSET($L$9:$L$15,0,Y$631-1))} -> 2.5 | Z641: {=SUMPRODUCT(TRANSPOSE($AA641:$AG641),OFFSET($L$9:$L$15,0,Z$631-1))} -> 0 | AA641: =AH641-AH640 -> 0 | AB641: =AI641-AI640 -> 100 | AC641: =AJ641-AJ640 -> 0 | AD641: =AK641-AK640 -> 0 | AE641: =AL641-AL640 -> 0 | AF641: =AM641-AM640 -> 0 | AG641: =AN641-AN640 -> 0 | AH641: =IF($C641>OFFSET($Q$8,MATCH(AH$634,$AH$634:$AN$634,0),0),OFFSET($P$8,MATCH(AH$634,$AH$634:$AN$634,0),0),$C641) -> 450 | AI641: =IF($C641>OFFSET($Q$8,MATCH(AI$634,$AH$634:$AN$634,0),0),OFFSET($P$8,MATCH(AI$634,$AH$634:$AN$634,0),0),MAX(0,$C641-OFFSET($Q$8,RIGHT(AI$634,1)-1,0))) -> 250 | AJ641: =IF($C641>OFFSET($Q$8,MATCH(AJ$634,$AH$634:$AN$634,0),0),OFFSET($P$8,MATCH(AJ$634,$AH$634:$AN$634,0),0),MAX(0,$C641-OFFSET($Q$8,RIGHT(AJ$634,1)-1,0))) -> 0 | AK641: =IF($C641>OFFSET($Q$8,MATCH(AK$634,$AH$634:$AN$634,0),0),OFFSET($P$8,MATCH(AK$634,$AH$634:$AN$634,0),0),MAX(0,$C641-OFFSET($Q$8,RIGHT(AK$634,1)-1,0))) -> 0 | AL641: =IF($C641>OFFSET($Q$8,MATCH(AL$634,$AH$634:$AN$634,0),0),OFFSET($P$8,MATCH(AL$634,$AH$634:$AN$634,0),0),MAX(0,$C641-OFFSET($Q$8,RIGHT(AL$634,1)-1,0))) -> 0 | AM641: =IF($C641>OFFSET($Q$8,MATCH(AM$634,$AH$634:$AN$634,0),0),OFFSET($P$8,MATCH(AM$634,$AH$634:$AN$634,0),0),MAX(0,$C641-OFFSET($Q$8,RIGHT(AM$634,1)-1,0))) -> 0 | AN641: =IF($C641>OFFSET($Q$8,MATCH(AN$634,$AH$634:$AN$634,0),0),OFFSET($P$8,MATCH(AN$634,$AH$634:$AN$634,0),0),MAX(0,$C641-OFFSET($Q$8,RIGHT(AN$634,1)-1,0))) -> 0 | AP641: 7 | AQ641: 110 | AR641: 110 | AS641: 110 | AT641: 110
B642: 8 | C642: =C37 -> 800 | D642: {=IF(D1244=1,OFFSET($W$634,$B642,D$631-1)/SUMPRODUCT(--($D$631:$V$631=D$631),--($D1244:$V1244=1)),0)+SUM(D641)+IF(COUNTIF(D$1237:D1244,1)=1,5,0)+IF(COUNTIF(E642:$W642,">"&0)<5,IF(AND(COUNTIF(D$1237:D1244,1)>7,MOD(1+IFERROR(MATCH($C642,总览!$D$46:$D$345,1)+1,1),7)=0),$C$3,0),0)} -> 106.41667 | E642: {=IF(E1244=1,OFFSET($W$634,$B642,E$631-1)/SUMPRODUCT(--($D$631:$V$631=E$631),--($D1244:$V1244=1)),0)+SUM(E641)+IF(COUNTIF(E$1237:E1244,1)=1,5,0)+IF(COUNTIF(F642:$W642,">"&0)<5,IF(AND(COUNTIF(E$1237:E1244,1)>7,MOD(1+IFERROR(MATCH($C642,总览!$D$46:$D$345,1)+1,1),7)=0),$C$3,0),0)} -> 106.41667 | F642: {=IF(F1244=1,OFFSET($W$634,$B642,F$631-1)/SUMPRODUCT(--($D$631:$V$631=F$631),--($D1244:$V1244=1)),0)+SUM(F641)+IF(COUNTIF(F$1237:F1244,1)=1,5,0)+IF(COUNTIF(G642:$W642,">"&0)<5,IF(AND(COUNTIF(F$1237:F1244,1)>7,MOD(1+IFERROR(MATCH($C642,总览!$D$46:$D$345,1)+1,1),7)=0),$C$3,0),0)} -> 106.41667 | G642: {=IF(G1244=1,OFFSET($W$634,$B642,G$631-1)/SUMPRODUCT(--($D$631:$V$631=G$631),--($D1244:$V1244=1)),0)+SUM(G641)+IF(COUNTIF(G$1237:G1244,1)=1,5,0)+IF(COUNTIF(H642:$W642,">"&0)<5,IF(AND(COUNTIF(G$1237:G1244,1)>7,MOD(1+IFERROR(MATCH($C642,总览!$D$46:$D$345,1)+1,1),7)=0),$C$3,0),0)} -> 22 | H642: {=IF(H1244=1,OFFSET($W$634,$B642,H$631-1)/SUMPRODUCT(--($D$631:$V$631=H$631),--($D1244:$V1244=1)),0)+SUM(H641)+IF(COUNTIF(H$1237:H1244,1)=1,5,0)+IF(COUNTIF(I642:$W642,">"&0)<5,IF(AND(COUNTIF(H$1237:H1244,1)>7,MOD(1+IFERROR(MATCH($C642,总览!$D$46:$D$345,1)+1,1),7)=0),$C$3,0),0)} -> 22 | I642: {=IF(I1244=1,OFFSET($W$634,$B642,I$631-1)/SUMPRODUCT(--($D$631:$V$631=I$631),--($D1244:$V1244=1)),0)+SUM(I641)+IF(COUNTIF(I$1237:I1244,1)=1,5,0)+IF(COUNTIF(J642:$W642,">"&0)<5,IF(AND(COUNTIF(I$1237:I1244,1)>7,MOD(1+IFERROR(MATCH($C642,总览!$D$46:$D$345,1)+1,1),7)=0),$C$3,0),0)} -> 22 | J642: {=IF(J1244=1,OFFSET($W$634,$B642,J$631-1)/SUMPRODUCT(--($D$631:$V$631=J$631),--($D1244:$V1244=1)),0)+SUM(J641)+IF(COUNTIF(J$1237:J1244,1)=1,5,0)+IF(COUNTIF(K642:$W642,">"&0)<5,IF(AND(COUNTIF(J$1237:J1244,1)>7,MOD(1+IFERROR(MATCH($C642,总览!$D$46:$D$345,1)+1,1),7)=0),$C$3,0),0)} -> 18.666667 | K642: {=IF(K1244=1,OFFSET($W$634,$B642,K$631-1)/SUMPRODUCT(--($D$631:$V$631=K$631),--($D1244:$V1244=1)),0)+SUM(K641)+IF(COUNTIF(K$1237:K1244,1)=1,5,0)+IF(COUNTIF(L642:$W642,">"&0)<5,IF(AND(COUNTIF(K$1237:K1244,1)>7,MOD(1+IFERROR(MATCH($C642,总览!$D$46:$D$345,1)+1,1),7)=0),$C$3,0),0)} -> 16.166667 | ... V642: {=IF(V1244=1,OFFSET($W$634,$B642,V$631-1)/SUMPRODUCT(--($D$631:$V$631=V$631),--($D1244:$V1244=1)),0)+SUM(V641)+IF(COUNTIF(V$1237:V1244,1)=1,5,0)+IF(COUNTIF(W642:$W642,">"&0)<5,IF(AND(COUNTIF(V$1237:V1244,1)>7,MOD(1+IFERROR(MATCH($C642,总览!$D$46:$D$345,1)+1,1),7)=0),$C$3,0),0)} -> 0 | W642: {=SUMPRODUCT(TRANSPOSE($AA642:$AG642),OFFSET($L$9:$L$15,0,W$631-1))} -> 35.5 | X642: {=SUMPRODUCT(TRANSPOSE($AA642:$AG642),OFFSET($L$9:$L$15,0,X$631-1))} -> 12 | Y642: {=SUMPRODUCT(TRANSPOSE($AA642:$AG642),OFFSET($L$9:$L$15,0,Y$631-1))} -> 2.5 | Z642: {=SUMPRODUCT(TRANSPOSE($AA642:$AG642),OFFSET($L$9:$L$15,0,Z$631-1))} -> 0 | AA642: =AH642-AH641 -> 0 | AB642: =AI642-AI641 -> 100 | AC642: =AJ642-AJ641 -> 0 | AD642: =AK642-AK641 -> 0 | AE642: =AL642-AL641 -> 0 | AF642: =AM642-AM641 -> 0 | AG642: =AN642-AN641 -> 0 | AH642: =IF($C642>OFFSET($Q$8,MATCH(AH$634,$AH$634:$AN$634,0),0),OFFSET($P$8,MATCH(AH$634,$AH$634:$AN$634,0),0),$C642) -> 450 | AI642: =IF($C642>OFFSET($Q$8,MATCH(AI$634,$AH$634:$AN$634,0),0),OFFSET($P$8,MATCH(AI$634,$AH$634:$AN$634,0),0),MAX(0,$C642-OFFSET($Q$8,RIGHT(AI$634,1)-1,0))) -> 350 | AJ642: =IF($C642>OFFSET($Q$8,MATCH(AJ$634,$AH$634:$AN$634,0),0),OFFSET($P$8,MATCH(AJ$634,$AH$634:$AN$634,0),0),MAX(0,$C642-OFFSET($Q$8,RIGHT(AJ$634,1)-1,0))) -> 0 | AK642: =IF($C642>OFFSET($Q$8,MATCH(AK$634,$AH$634:$AN$634,0),0),OFFSET($P$8,MATCH(AK$634,$AH$634:$AN$634,0),0),MAX(0,$C642-OFFSET($Q$8,RIGHT(AK$634,1)-1,0))) -> 0 | AL642: =IF($C642>OFFSET($Q$8,MATCH(AL$634,$AH$634:$AN$634,0),0),OFFSET($P$8,MATCH(AL$634,$AH$634:$AN$634,0),0),MAX(0,$C642-OFFSET($Q$8,RIGHT(AL$634,1)-1,0))) -> 0 | AM642: =IF($C642>OFFSET($Q$8,MATCH(AM$634,$AH$634:$AN$634,0),0),OFFSET($P$8,MATCH(AM$634,$AH$634:$AN$634,0),0),MAX(0,$C642-OFFSET($Q$8,RIGHT(AM$634,1)-1,0))) -> 0 | AN642: =IF($C642>OFFSET($Q$8,MATCH(AN$634,$AH$634:$AN$634,0),0),OFFSET($P$8,MATCH(AN$634,$AH$634:$AN$634,0),0),MAX(0,$C642-OFFSET($Q$8,RIGHT(AN$634,1)-1,0))) -> 0 | AP642: 8 | AQ642: 140 | AR642: 140 | AS642: 140 | AT642: 140
B643: 9 | C643: =C38 -> 900 | D643: {=IF(D1245=1,OFFSET($W$634,$B643,D$631-1)/SUMPRODUCT(--($D$631:$V$631=D$631),--($D1245:$V1245=1)),0)+SUM(D642)+IF(COUNTIF(D$1237:D1245,1)=1,5,0)+IF(COUNTIF(E643:$W643,">"&0)<5,IF(AND(COUNTIF(D$1237:D1245,1)>7,MOD(1+IFERROR(MATCH($C643,总览!$D$46:$D$345,1)+1,1),7)=0),$C$3,0),0)} -> 118.25 | E643: {=IF(E1245=1,OFFSET($W$634,$B643,E$631-1)/SUMPRODUCT(--($D$631:$V$631=E$631),--($D1245:$V1245=1)),0)+SUM(E642)+IF(COUNTIF(E$1237:E1245,1)=1,5,0)+IF(COUNTIF(F643:$W643,">"&0)<5,IF(AND(COUNTIF(E$1237:E1245,1)>7,MOD(1+IFERROR(MATCH($C643,总览!$D$46:$D$345,1)+1,1),7)=0),$C$3,0),0)} -> 118.25 | F643: {=IF(F1245=1,OFFSET($W$634,$B643,F$631-1)/SUMPRODUCT(--($D$631:$V$631=F$631),--($D1245:$V1245=1)),0)+SUM(F642)+IF(COUNTIF(F$1237:F1245,1)=1,5,0)+IF(COUNTIF(G643:$W643,">"&0)<5,IF(AND(COUNTIF(F$1237:F1245,1)>7,MOD(1+IFERROR(MATCH($C643,总览!$D$46:$D$345,1)+1,1),7)=0),$C$3,0),0)} -> 118.25 | G643: {=IF(G1245=1,OFFSET($W$634,$B643,G$631-1)/SUMPRODUCT(--($D$631:$V$631=G$631),--($D1245:$V1245=1)),0)+SUM(G642)+IF(COUNTIF(G$1237:G1245,1)=1,5,0)+IF(COUNTIF(H643:$W643,">"&0)<5,IF(AND(COUNTIF(G$1237:G1245,1)>7,MOD(1+IFERROR(MATCH($C643,总览!$D$46:$D$345,1)+1,1),7)=0),$C$3,0),0)} -> 24 | H643: {=IF(H1245=1,OFFSET($W$634,$B643,H$631-1)/SUMPRODUCT(--($D$631:$V$631=H$631),--($D1245:$V1245=1)),0)+SUM(H642)+IF(COUNTIF(H$1237:H1245,1)=1,5,0)+IF(COUNTIF(I643:$W643,">"&0)<5,IF(AND(COUNTIF(H$1237:H1245,1)>7,MOD(1+IFERROR(MATCH($C643,总览!$D$46:$D$345,1)+1,1),7)=0),$C$3,0),0)} -> 24 | I643: {=IF(I1245=1,OFFSET($W$634,$B643,I$631-1)/SUMPRODUCT(--($D$631:$V$631=I$631),--($D1245:$V1245=1)),0)+SUM(I642)+IF(COUNTIF(I$1237:I1245,1)=1,5,0)+IF(COUNTIF(J643:$W643,">"&0)<5,IF(AND(COUNTIF(I$1237:I1245,1)>7,MOD(1+IFERROR(MATCH($C643,总览!$D$46:$D$345,1)+1,1),7)=0),$C$3,0),0)} -> 24 | J643: {=IF(J1245=1,OFFSET($W$634,$B643,J$631-1)/SUMPRODUCT(--($D$631:$V$631=J$631),--($D1245:$V1245=1)),0)+SUM(J642)+IF(COUNTIF(J$1237:J1245,1)=1,5,0)+IF(COUNTIF(K643:$W643,">"&0)<5,IF(AND(COUNTIF(J$1237:J1245,1)>7,MOD(1+IFERROR(MATCH($C643,总览!$D$46:$D$345,1)+1,1),7)=0),$C$3,0),0)} -> 20.666667 | K643: {=IF(K1245=1,OFFSET($W$634,$B643,K$631-1)/SUMPRODUCT(--($D$631:$V$631=K$631),--($D1245:$V1245=1)),0)+SUM(K642)+IF(COUNTIF(K$1237:K1245,1)=1,5,0)+IF(COUNTIF(L643:$W643,">"&0)<5,IF(AND(COUNTIF(K$1237:K1245,1)>7,MOD(1+IFERROR(MATCH($C643,总览!$D$46:$D$345,1)+1,1),7)=0),$C$3,0),0)} -> 18.166667 | ... V643: {=IF(V1245=1,OFFSET($W$634,$B643,V$631-1)/SUMPRODUCT(--($D$631:$V$631=V$631),--($D1245:$V1245=1)),0)+SUM(V642)+IF(COUNTIF(V$1237:V1245,1)=1,5,0)+IF(COUNTIF(W643:$W643,">"&0)<5,IF(AND(COUNTIF(V$1237:V1245,1)>7,MOD(1+IFERROR(MATCH($C643,总览!$D$46:$D$345,1)+1,1),7)=0),$C$3,0),0)} -> 0 | W643: {=SUMPRODUCT(TRANSPOSE($AA643:$AG643),OFFSET($L$9:$L$15,0,W$631-1))} -> 35.5 | X643: {=SUMPRODUCT(TRANSPOSE($AA643:$AG643),OFFSET($L$9:$L$15,0,X$631-1))} -> 12 | Y643: {=SUMPRODUCT(TRANSPOSE($AA643:$AG643),OFFSET($L$9:$L$15,0,Y$631-1))} -> 2.5 | Z643: {=SUMPRODUCT(TRANSPOSE($AA643:$AG643),OFFSET($L$9:$L$15,0,Z$631-1))} -> 0 | AA643: =AH643-AH642 -> 0 | AB643: =AI643-AI642 -> 100 | AC643: =AJ643-AJ642 -> 0 | AD643: =AK643-AK642 -> 0 | AE643: =AL643-AL642 -> 0 | AF643: =AM643-AM642 -> 0 | AG643: =AN643-AN642 -> 0 | AH643: =IF($C643>OFFSET($Q$8,MATCH(AH$634,$AH$634:$AN$634,0),0),OFFSET($P$8,MATCH(AH$634,$AH$634:$AN$634,0),0),$C643) -> 450 | AI643: =IF($C643>OFFSET($Q$8,MATCH(AI$634,$AH$634:$AN$634,0),0),OFFSET($P$8,MATCH(AI$634,$AH$634:$AN$634,0),0),MAX(0,$C643-OFFSET($Q$8,RIGHT(AI$634,1)-1,0))) -> 450 | AJ643: =IF($C643>OFFSET($Q$8,MATCH(AJ$634,$AH$634:$AN$634,0),0),OFFSET($P$8,MATCH(AJ$634,$AH$634:$AN$634,0),0),MAX(0,$C643-OFFSET($Q$8,RIGHT(AJ$634,1)-1,0))) -> 0 | AK643: =IF($C643>OFFSET($Q$8,MATCH(AK$634,$AH$634:$AN$634,0),0),OFFSET($P$8,MATCH(AK$634,$AH$634:$AN$634,0),0),MAX(0,$C643-OFFSET($Q$8,RIGHT(AK$634,1)-1,0))) -> 0 | AL643: =IF($C643>OFFSET($Q$8,MATCH(AL$634,$AH$634:$AN$634,0),0),OFFSET($P$8,MATCH(AL$634,$AH$634:$AN$634,0),0),MAX(0,$C643-OFFSET($Q$8,RIGHT(AL$634,1)-1,0))) -> 0 | AM643: =IF($C643>OFFSET($Q$8,MATCH(AM$634,$AH$634:$AN$634,0),0),OFFSET($P$8,MATCH(AM$634,$AH$634:$AN$634,0),0),MAX(0,$C643-OFFSET($Q$8,RIGHT(AM$634,1)-1,0))) -> 0 | AN643: =IF($C643>OFFSET($Q$8,MATCH(AN$634,$AH$634:$AN$634,0),0),OFFSET($P$8,MATCH(AN$634,$AH$634:$AN$634,0),0),MAX(0,$C643-OFFSET($Q$8,RIGHT(AN$634,1)-1,0))) -> 0 | AP643: 9 | AQ643: 170 | AR643: 170 | AS643: 170 | AT643: 170
B644: 10 | C644: =C39 -> 1000 | D644: {=IF(D1246=1,OFFSET($W$634,$B644,D$631-1)/SUMPRODUCT(--($D$631:$V$631=D$631),--($D1246:$V1246=1)),0)+SUM(D643)+IF(COUNTIF(D$1237:D1246,1)=1,5,0)+IF(COUNTIF(E644:$W644,">"&0)<5,IF(AND(COUNTIF(D$1237:D1246,1)>7,MOD(1+IFERROR(MATCH($C644,总览!$D$46:$D$345,1)+1,1),7)=0),$C$3,0),0)} -> 130.08333 | E644: {=IF(E1246=1,OFFSET($W$634,$B644,E$631-1)/SUMPRODUCT(--($D$631:$V$631=E$631),--($D1246:$V1246=1)),0)+SUM(E643)+IF(COUNTIF(E$1237:E1246,1)=1,5,0)+IF(COUNTIF(F644:$W644,">"&0)<5,IF(AND(COUNTIF(E$1237:E1246,1)>7,MOD(1+IFERROR(MATCH($C644,总览!$D$46:$D$345,1)+1,1),7)=0),$C$3,0),0)} -> 130.08333 | F644: {=IF(F1246=1,OFFSET($W$634,$B644,F$631-1)/SUMPRODUCT(--($D$631:$V$631=F$631),--($D1246:$V1246=1)),0)+SUM(F643)+IF(COUNTIF(F$1237:F1246,1)=1,5,0)+IF(COUNTIF(G644:$W644,">"&0)<5,IF(AND(COUNTIF(F$1237:F1246,1)>7,MOD(1+IFERROR(MATCH($C644,总览!$D$46:$D$345,1)+1,1),7)=0),$C$3,0),0)} -> 130.08333 | G644: {=IF(G1246=1,OFFSET($W$634,$B644,G$631-1)/SUMPRODUCT(--($D$631:$V$631=G$631),--($D1246:$V1246=1)),0)+SUM(G643)+IF(COUNTIF(G$1237:G1246,1)=1,5,0)+IF(COUNTIF(H644:$W644,">"&0)<5,IF(AND(COUNTIF(G$1237:G1246,1)>7,MOD(1+IFERROR(MATCH($C644,总览!$D$46:$D$345,1)+1,1),7)=0),$C$3,0),0)} -> 26 | H644: {=IF(H1246=1,OFFSET($W$634,$B644,H$631-1)/SUMPRODUCT(--($D$631:$V$631=H$631),--($D1246:$V1246=1)),0)+SUM(H643)+IF(COUNTIF(H$1237:H1246,1)=1,5,0)+IF(COUNTIF(I644:$W644,">"&0)<5,IF(AND(COUNTIF(H$1237:H1246,1)>7,MOD(1+IFERROR(MATCH($C644,总览!$D$46:$D$345,1)+1,1),7)=0),$C$3,0),0)} -> 26 | I644: {=IF(I1246=1,OFFSET($W$634,$B644,I$631-1)/SUMPRODUCT(--($D$631:$V$631=I$631),--($D1246:$V1246=1)),0)+SUM(I643)+IF(COUNTIF(I$1237:I1246,1)=1,5,0)+IF(COUNTIF(J644:$W644,">"&0)<5,IF(AND(COUNTIF(I$1237:I1246,1)>7,MOD(1+IFERROR(MATCH($C644,总览!$D$46:$D$345,1)+1,1),7)=0),$C$3,0),0)} -> 26 | J644: {=IF(J1246=1,OFFSET($W$634,$B644,J$631-1)/SUMPRODUCT(--($D$631:$V$631=J$631),--($D1246:$V1246=1)),0)+SUM(J643)+IF(COUNTIF(J$1237:J1246,1)=1,5,0)+IF(COUNTIF(K644:$W644,">"&0)<5,IF(AND(COUNTIF(J$1237:J1246,1)>7,MOD(1+IFERROR(MATCH($C644,总览!$D$46:$D$345,1)+1,1),7)=0),$C$3,0),0)} -> 22.666667 | K644: {=IF(K1246=1,OFFSET($W$634,$B644,K$631-1)/SUMPRODUCT(--($D$631:$V$631=K$631),--($D1246:$V1246=1)),0)+SUM(K643)+IF(COUNTIF(K$1237:K1246,1)=1,5,0)+IF(COUNTIF(L644:$W644,">"&0)<5,IF(AND(COUNTIF(K$1237:K1246,1)>7,MOD(1+IFERROR(MATCH($C644,总览!$D$46:$D$345,1)+1,1),7)=0),$C$3,0),0)} -> 20.166667 | ... V644: {=IF(V1246=1,OFFSET($W$634,$B644,V$631-1)/SUMPRODUCT(--($D$631:$V$631=V$631),--($D1246:$V1246=1)),0)+SUM(V643)+IF(COUNTIF(V$1237:V1246,1)=1,5,0)+IF(COUNTIF(W644:$W644,">"&0)<5,IF(AND(COUNTIF(V$1237:V1246,1)>7,MOD(1+IFERROR(MATCH($C644,总览!$D$46:$D$345,1)+1,1),7)=0),$C$3,0),0)} -> 0 | W644: {=SUMPRODUCT(TRANSPOSE($AA644:$AG644),OFFSET($L$9:$L$15,0,W$631-1))} -> 35.5 | X644: {=SUMPRODUCT(TRANSPOSE($AA644:$AG644),OFFSET($L$9:$L$15,0,X$631-1))} -> 12 | Y644: {=SUMPRODUCT(TRANSPOSE($AA644:$AG644),OFFSET($L$9:$L$15,0,Y$631-1))} -> 2.5 | Z644: {=SUMPRODUCT(TRANSPOSE($AA644:$AG644),OFFSET($L$9:$L$15,0,Z$631-1))} -> 0 | AA644: =AH644-AH643 -> 0 | AB644: =AI644-AI643 -> 100 | AC644: =AJ644-AJ643 -> 0 | AD644: =AK644-AK643 -> 0 | AE644: =AL644-AL643 -> 0 | AF644: =AM644-AM643 -> 0 | AG644: =AN644-AN643 -> 0 | AH644: =IF($C644>OFFSET($Q$8,MATCH(AH$634,$AH$634:$AN$634,0),0),OFFSET($P$8,MATCH(AH$634,$AH$634:$AN$634,0),0),$C644) -> 450 | AI644: =IF($C644>OFFSET($Q$8,MATCH(AI$634,$AH$634:$AN$634,0),0),OFFSET($P$8,MATCH(AI$634,$AH$634:$AN$634,0),0),MAX(0,$C644-OFFSET($Q$8,RIGHT(AI$634,1)-1,0))) -> 550 | AJ644: =IF($C644>OFFSET($Q$8,MATCH(AJ$634,$AH$634:$AN$634,0),0),OFFSET($P$8,MATCH(AJ$634,$AH$634:$AN$634,0),0),MAX(0,$C644-OFFSET($Q$8,RIGHT(AJ$634,1)-1,0))) -> 0 | AK644: =IF($C644>OFFSET($Q$8,MATCH(AK$634,$AH$634:$AN$634,0),0),OFFSET($P$8,MATCH(AK$634,$AH$634:$AN$634,0),0),MAX(0,$C644-OFFSET($Q$8,RIGHT(AK$634,1)-1,0))) -> 0 | AL644: =IF($C644>OFFSET($Q$8,MATCH(AL$634,$AH$634:$AN$634,0),0),OFFSET($P$8,MATCH(AL$634,$AH$634:$AN$634,0),0),MAX(0,$C644-OFFSET($Q$8,RIGHT(AL$634,1)-1,0))) -> 0 | AM644: =IF($C644>OFFSET($Q$8,MATCH(AM$634,$AH$634:$AN$634,0),0),OFFSET($P$8,MATCH(AM$634,$AH$634:$AN$634,0),0),MAX(0,$C644-OFFSET($Q$8,RIGHT(AM$634,1)-1,0))) -> 0 | AN644: =IF($C644>OFFSET($Q$8,MATCH(AN$634,$AH$634:$AN$634,0),0),OFFSET($P$8,MATCH(AN$634,$AH$634:$AN$634,0),0),MAX(0,$C644-OFFSET($Q$8,RIGHT(AN$634,1)-1,0))) -> 0 | AP644: 10 | AQ644: 200 | AR644: 200 | AS644: 200 | AT644: 200
B645: 11 | C645: =C40 -> 1100 | D645: {=IF(D1247=1,OFFSET($W$634,$B645,D$631-1)/SUMPRODUCT(--($D$631:$V$631=D$631),--($D1247:$V1247=1)),0)+SUM(D644)+IF(COUNTIF(D$1237:D1247,1)=1,5,0)+IF(COUNTIF(E645:$W645,">"&0)<5,IF(AND(COUNTIF(D$1237:D1247,1)>7,MOD(1+IFERROR(MATCH($C645,总览!$D$46:$D$345,1)+1,1),7)=0),$C$3,0),0)} -> 141.91667 | E645: {=IF(E1247=1,OFFSET($W$634,$B645,E$631-1)/SUMPRODUCT(--($D$631:$V$631=E$631),--($D1247:$V1247=1)),0)+SUM(E644)+IF(COUNTIF(E$1237:E1247,1)=1,5,0)+IF(COUNTIF(F645:$W645,">"&0)<5,IF(AND(COUNTIF(E$1237:E1247,1)>7,MOD(1+IFERROR(MATCH($C645,总览!$D$46:$D$345,1)+1,1),7)=0),$C$3,0),0)} -> 141.91667 | F645: {=IF(F1247=1,OFFSET($W$634,$B645,F$631-1)/SUMPRODUCT(--($D$631:$V$631=F$631),--($D1247:$V1247=1)),0)+SUM(F644)+IF(COUNTIF(F$1237:F1247,1)=1,5,0)+IF(COUNTIF(G645:$W645,">"&0)<5,IF(AND(COUNTIF(F$1237:F1247,1)>7,MOD(1+IFERROR(MATCH($C645,总览!$D$46:$D$345,1)+1,1),7)=0),$C$3,0),0)} -> 141.91667 | G645: {=IF(G1247=1,OFFSET($W$634,$B645,G$631-1)/SUMPRODUCT(--($D$631:$V$631=G$631),--($D1247:$V1247=1)),0)+SUM(G644)+IF(COUNTIF(G$1237:G1247,1)=1,5,0)+IF(COUNTIF(H645:$W645,">"&0)<5,IF(AND(COUNTIF(G$1237:G1247,1)>7,MOD(1+IFERROR(MATCH($C645,总览!$D$46:$D$345,1)+1,1),7)=0),$C$3,0),0)} -> 28 | H645: {=IF(H1247=1,OFFSET($W$634,$B645,H$631-1)/SUMPRODUCT(--($D$631:$V$631=H$631),--($D1247:$V1247=1)),0)+SUM(H644)+IF(COUNTIF(H$1237:H1247,1)=1,5,0)+IF(COUNTIF(I645:$W645,">"&0)<5,IF(AND(COUNTIF(H$1237:H1247,1)>7,MOD(1+IFERROR(MATCH($C645,总览!$D$46:$D$345,1)+1,1),7)=0),$C$3,0),0)} -> 28 | I645: {=IF(I1247=1,OFFSET($W$634,$B645,I$631-1)/SUMPRODUCT(--($D$631:$V$631=I$631),--($D1247:$V1247=1)),0)+SUM(I644)+IF(COUNTIF(I$1237:I1247,1)=1,5,0)+IF(COUNTIF(J645:$W645,">"&0)<5,IF(AND(COUNTIF(I$1237:I1247,1)>7,MOD(1+IFERROR(MATCH($C645,总览!$D$46:$D$345,1)+1,1),7)=0),$C$3,0),0)} -> 28 | J645: {=IF(J1247=1,OFFSET($W$634,$B645,J$631-1)/SUMPRODUCT(--($D$631:$V$631=J$631),--($D1247:$V1247=1)),0)+SUM(J644)+IF(COUNTIF(J$1237:J1247,1)=1,5,0)+IF(COUNTIF(K645:$W645,">"&0)<5,IF(AND(COUNTIF(J$1237:J1247,1)>7,MOD(1+IFERROR(MATCH($C645,总览!$D$46:$D$345,1)+1,1),7)=0),$C$3,0),0)} -> 24.666667 | K645: {=IF(K1247=1,OFFSET($W$634,$B645,K$631-1)/SUMPRODUCT(--($D$631:$V$631=K$631),--($D1247:$V1247=1)),0)+SUM(K644)+IF(COUNTIF(K$1237:K1247,1)=1,5,0)+IF(COUNTIF(L645:$W645,">"&0)<5,IF(AND(COUNTIF(K$1237:K1247,1)>7,MOD(1+IFERROR(MATCH($C645,总览!$D$46:$D$345,1)+1,1),7)=0),$C$3,0),0)} -> 22.166667 | ... V645: {=IF(V1247=1,OFFSET($W$634,$B645,V$631-1)/SUMPRODUCT(--($D$631:$V$631=V$631),--($D1247:$V1247=1)),0)+SUM(V644)+IF(COUNTIF(V$1237:V1247,1)=1,5,0)+IF(COUNTIF(W645:$W645,">"&0)<5,IF(AND(COUNTIF(V$1237:V1247,1)>7,MOD(1+IFERROR(MATCH($C645,总览!$D$46:$D$345,1)+1,1),7)=0),$C$3,0),0)} -> 0 | W645: {=SUMPRODUCT(TRANSPOSE($AA645:$AG645),OFFSET($L$9:$L$15,0,W$631-1))} -> 35.5 | X645: {=SUMPRODUCT(TRANSPOSE($AA645:$AG645),OFFSET($L$9:$L$15,0,X$631-1))} -> 12 | Y645: {=SUMPRODUCT(TRANSPOSE($AA645:$AG645),OFFSET($L$9:$L$15,0,Y$631-1))} -> 2.5 | Z645: {=SUMPRODUCT(TRANSPOSE($AA645:$AG645),OFFSET($L$9:$L$15,0,Z$631-1))} -> 0 | AA645: =AH645-AH644 -> 0 | AB645: =AI645-AI644 -> 100 | AC645: =AJ645-AJ644 -> 0 | AD645: =AK645-AK644 -> 0 | AE645: =AL645-AL644 -> 0 | AF645: =AM645-AM644 -> 0 | AG645: =AN645-AN644 -> 0 | AH645: =IF($C645>OFFSET($Q$8,MATCH(AH$634,$AH$634:$AN$634,0),0),OFFSET($P$8,MATCH(AH$634,$AH$634:$AN$634,0),0),$C645) -> 450 | AI645: =IF($C645>OFFSET($Q$8,MATCH(AI$634,$AH$634:$AN$634,0),0),OFFSET($P$8,MATCH(AI$634,$AH$634:$AN$634,0),0),MAX(0,$C645-OFFSET($Q$8,RIGHT(AI$634,1)-1,0))) -> 650 | AJ645: =IF($C645>OFFSET($Q$8,MATCH(AJ$634,$AH$634:$AN$634,0),0),OFFSET($P$8,MATCH(AJ$634,$AH$634:$AN$634,0),0),MAX(0,$C645-OFFSET($Q$8,RIGHT(AJ$634,1)-1,0))) -> 0 | AK645: =IF($C645>OFFSET($Q$8,MATCH(AK$634,$AH$634:$AN$634,0),0),OFFSET($P$8,MATCH(AK$634,$AH$634:$AN$634,0),0),MAX(0,$C645-OFFSET($Q$8,RIGHT(AK$634,1)-1,0))) -> 0 | AL645: =IF($C645>OFFSET($Q$8,MATCH(AL$634,$AH$634:$AN$634,0),0),OFFSET($P$8,MATCH(AL$634,$AH$634:$AN$634,0),0),MAX(0,$C645-OFFSET($Q$8,RIGHT(AL$634,1)-1,0))) -> 0 | AM645: =IF($C645>OFFSET($Q$8,MATCH(AM$634,$AH$634:$AN$634,0),0),OFFSET($P$8,MATCH(AM$634,$AH$634:$AN$634,0),0),MAX(0,$C645-OFFSET($Q$8,RIGHT(AM$634,1)-1,0))) -> 0 | AN645: =IF($C645>OFFSET($Q$8,MATCH(AN$634,$AH$634:$AN$634,0),0),OFFSET($P$8,MATCH(AN$634,$AH$634:$AN$634,0),0),MAX(0,$C645-OFFSET($Q$8,RIGHT(AN$634,1)-1,0))) -> 0 | AP645: 11 | AQ645: 260 | AR645: 260 | AS645: 260 | AT645: 250
B646: 12 | C646: =C41 -> 1200 | D646: {=IF(D1248=1,OFFSET($W$634,$B646,D$631-1)/SUMPRODUCT(--($D$631:$V$631=D$631),--($D1248:$V1248=1)),0)+SUM(D645)+IF(COUNTIF(D$1237:D1248,1)=1,5,0)+IF(COUNTIF(E646:$W646,">"&0)<5,IF(AND(COUNTIF(D$1237:D1248,1)>7,MOD(1+IFERROR(MATCH($C646,总览!$D$46:$D$345,1)+1,1),7)=0),$C$3,0),0)} -> 153.75 | E646: {=IF(E1248=1,OFFSET($W$634,$B646,E$631-1)/SUMPRODUCT(--($D$631:$V$631=E$631),--($D1248:$V1248=1)),0)+SUM(E645)+IF(COUNTIF(E$1237:E1248,1)=1,5,0)+IF(COUNTIF(F646:$W646,">"&0)<5,IF(AND(COUNTIF(E$1237:E1248,1)>7,MOD(1+IFERROR(MATCH($C646,总览!$D$46:$D$345,1)+1,1),7)=0),$C$3,0),0)} -> 153.75 | F646: {=IF(F1248=1,OFFSET($W$634,$B646,F$631-1)/SUMPRODUCT(--($D$631:$V$631=F$631),--($D1248:$V1248=1)),0)+SUM(F645)+IF(COUNTIF(F$1237:F1248,1)=1,5,0)+IF(COUNTIF(G646:$W646,">"&0)<5,IF(AND(COUNTIF(F$1237:F1248,1)>7,MOD(1+IFERROR(MATCH($C646,总览!$D$46:$D$345,1)+1,1),7)=0),$C$3,0),0)} -> 153.75 | G646: {=IF(G1248=1,OFFSET($W$634,$B646,G$631-1)/SUMPRODUCT(--($D$631:$V$631=G$631),--($D1248:$V1248=1)),0)+SUM(G645)+IF(COUNTIF(G$1237:G1248,1)=1,5,0)+IF(COUNTIF(H646:$W646,">"&0)<5,IF(AND(COUNTIF(G$1237:G1248,1)>7,MOD(1+IFERROR(MATCH($C646,总览!$D$46:$D$345,1)+1,1),7)=0),$C$3,0),0)} -> 30 | H646: {=IF(H1248=1,OFFSET($W$634,$B646,H$631-1)/SUMPRODUCT(--($D$631:$V$631=H$631),--($D1248:$V1248=1)),0)+SUM(H645)+IF(COUNTIF(H$1237:H1248,1)=1,5,0)+IF(COUNTIF(I646:$W646,">"&0)<5,IF(AND(COUNTIF(H$1237:H1248,1)>7,MOD(1+IFERROR(MATCH($C646,总览!$D$46:$D$345,1)+1,1),7)=0),$C$3,0),0)} -> 30 | I646: {=IF(I1248=1,OFFSET($W$634,$B646,I$631-1)/SUMPRODUCT(--($D$631:$V$631=I$631),--($D1248:$V1248=1)),0)+SUM(I645)+IF(COUNTIF(I$1237:I1248,1)=1,5,0)+IF(COUNTIF(J646:$W646,">"&0)<5,IF(AND(COUNTIF(I$1237:I1248,1)>7,MOD(1+IFERROR(MATCH($C646,总览!$D$46:$D$345,1)+1,1),7)=0),$C$3,0),0)} -> 30 | J646: {=IF(J1248=1,OFFSET($W$634,$B646,J$631-1)/SUMPRODUCT(--($D$631:$V$631=J$631),--($D1248:$V1248=1)),0)+SUM(J645)+IF(COUNTIF(J$1237:J1248,1)=1,5,0)+IF(COUNTIF(K646:$W646,">"&0)<5,IF(AND(COUNTIF(J$1237:J1248,1)>7,MOD(1+IFERROR(MATCH($C646,总览!$D$46:$D$345,1)+1,1),7)=0),$C$3,0),0)} -> 26.666667 | K646: {=IF(K1248=1,OFFSET($W$634,$B646,K$631-1)/SUMPRODUCT(--($D$631:$V$631=K$631),--($D1248:$V1248=1)),0)+SUM(K645)+IF(COUNTIF(K$1237:K1248,1)=1,5,0)+IF(COUNTIF(L646:$W646,">"&0)<5,IF(AND(COUNTIF(K$1237:K1248,1)>7,MOD(1+IFERROR(MATCH($C646,总览!$D$46:$D$345,1)+1,1),7)=0),$C$3,0),0)} -> 24.166667 | ... V646: {=IF(V1248=1,OFFSET($W$634,$B646,V$631-1)/SUMPRODUCT(--($D$631:$V$631=V$631),--($D1248:$V1248=1)),0)+SUM(V645)+IF(COUNTIF(V$1237:V1248,1)=1,5,0)+IF(COUNTIF(W646:$W646,">"&0)<5,IF(AND(COUNTIF(V$1237:V1248,1)>7,MOD(1+IFERROR(MATCH($C646,总览!$D$46:$D$345,1)+1,1),7)=0),$C$3,0),0)} -> 0 | W646: {=SUMPRODUCT(TRANSPOSE($AA646:$AG646),OFFSET($L$9:$L$15,0,W$631-1))} -> 35.5 | X646: {=SUMPRODUCT(TRANSPOSE($AA646:$AG646),OFFSET($L$9:$L$15,0,X$631-1))} -> 12 | Y646: {=SUMPRODUCT(TRANSPOSE($AA646:$AG646),OFFSET($L$9:$L$15,0,Y$631-1))} -> 2.5 | Z646: {=SUMPRODUCT(TRANSPOSE($AA646:$AG646),OFFSET($L$9:$L$15,0,Z$631-1))} -> 0 | AA646: =AH646-AH645 -> 0 | AB646: =AI646-AI645 -> 100 | AC646: =AJ646-AJ645 -> 0 | AD646: =AK646-AK645 -> 0 | AE646: =AL646-AL645 -> 0 | AF646: =AM646-AM645 -> 0 | AG646: =AN646-AN645 -> 0 | AH646: =IF($C646>OFFSET($Q$8,MATCH(AH$634,$AH$634:$AN$634,0),0),OFFSET($P$8,MATCH(AH$634,$AH$634:$AN$634,0),0),$C646) -> 450 | AI646: =IF($C646>OFFSET($Q$8,MATCH(AI$634,$AH$634:$AN$634,0),0),OFFSET($P$8,MATCH(AI$634,$AH$634:$AN$634,0),0),MAX(0,$C646-OFFSET($Q$8,RIGHT(AI$634,1)-1,0))) -> 750 | AJ646: =IF($C646>OFFSET($Q$8,MATCH(AJ$634,$AH$634:$AN$634,0),0),OFFSET($P$8,MATCH(AJ$634,$AH$634:$AN$634,0),0),MAX(0,$C646-OFFSET($Q$8,RIGHT(AJ$634,1)-1,0))) -> 0 | AK646: =IF($C646>OFFSET($Q$8,MATCH(AK$634,$AH$634:$AN$634,0),0),OFFSET($P$8,MATCH(AK$634,$AH$634:$AN$634,0),0),MAX(0,$C646-OFFSET($Q$8,RIGHT(AK$634,1)-1,0))) -> 0 | AL646: =IF($C646>OFFSET($Q$8,MATCH(AL$634,$AH$634:$AN$634,0),0),OFFSET($P$8,MATCH(AL$634,$AH$634:$AN$634,0),0),MAX(0,$C646-OFFSET($Q$8,RIGHT(AL$634,1)-1,0))) -> 0 | AM646: =IF($C646>OFFSET($Q$8,MATCH(AM$634,$AH$634:$AN$634,0),0),OFFSET($P$8,MATCH(AM$634,$AH$634:$AN$634,0),0),MAX(0,$C646-OFFSET($Q$8,RIGHT(AM$634,1)-1,0))) -> 0 | AN646: =IF($C646>OFFSET($Q$8,MATCH(AN$634,$AH$634:$AN$634,0),0),OFFSET($P$8,MATCH(AN$634,$AH$634:$AN$634,0),0),MAX(0,$C646-OFFSET($Q$8,RIGHT(AN$634,1)-1,0))) -> 0 | AP646: 12 | AQ646: 320 | AR646: 320 | AS646: 320 | AT646: 300
B647: 13 | C647: =C42 -> 1300 | D647: {=IF(D1249=1,OFFSET($W$634,$B647,D$631-1)/SUMPRODUCT(--($D$631:$V$631=D$631),--($D1249:$V1249=1)),0)+SUM(D646)+IF(COUNTIF(D$1237:D1249,1)=1,5,0)+IF(COUNTIF(E647:$W647,">"&0)<5,IF(AND(COUNTIF(D$1237:D1249,1)>7,MOD(1+IFERROR(MATCH($C647,总览!$D$46:$D$345,1)+1,1),7)=0),$C$3,0),0)} -> 165.58333 | E647: {=IF(E1249=1,OFFSET($W$634,$B647,E$631-1)/SUMPRODUCT(--($D$631:$V$631=E$631),--($D1249:$V1249=1)),0)+SUM(E646)+IF(COUNTIF(E$1237:E1249,1)=1,5,0)+IF(COUNTIF(F647:$W647,">"&0)<5,IF(AND(COUNTIF(E$1237:E1249,1)>7,MOD(1+IFERROR(MATCH($C647,总览!$D$46:$D$345,1)+1,1),7)=0),$C$3,0),0)} -> 165.58333 | F647: {=IF(F1249=1,OFFSET($W$634,$B647,F$631-1)/SUMPRODUCT(--($D$631:$V$631=F$631),--($D1249:$V1249=1)),0)+SUM(F646)+IF(COUNTIF(F$1237:F1249,1)=1,5,0)+IF(COUNTIF(G647:$W647,">"&0)<5,IF(AND(COUNTIF(F$1237:F1249,1)>7,MOD(1+IFERROR(MATCH($C647,总览!$D$46:$D$345,1)+1,1),7)=0),$C$3,0),0)} -> 165.58333 | G647: {=IF(G1249=1,OFFSET($W$634,$B647,G$631-1)/SUMPRODUCT(--($D$631:$V$631=G$631),--($D1249:$V1249=1)),0)+SUM(G646)+IF(COUNTIF(G$1237:G1249,1)=1,5,0)+IF(COUNTIF(H647:$W647,">"&0)<5,IF(AND(COUNTIF(G$1237:G1249,1)>7,MOD(1+IFERROR(MATCH($C647,总览!$D$46:$D$345,1)+1,1),7)=0),$C$3,0),0)} -> 32 | H647: {=IF(H1249=1,OFFSET($W$634,$B647,H$631-1)/SUMPRODUCT(--($D$631:$V$631=H$631),--($D1249:$V1249=1)),0)+SUM(H646)+IF(COUNTIF(H$1237:H1249,1)=1,5,0)+IF(COUNTIF(I647:$W647,">"&0)<5,IF(AND(COUNTIF(H$1237:H1249,1)>7,MOD(1+IFERROR(MATCH($C647,总览!$D$46:$D$345,1)+1,1),7)=0),$C$3,0),0)} -> 32 | I647: {=IF(I1249=1,OFFSET($W$634,$B647,I$631-1)/SUMPRODUCT(--($D$631:$V$631=I$631),--($D1249:$V1249=1)),0)+SUM(I646)+IF(COUNTIF(I$1237:I1249,1)=1,5,0)+IF(COUNTIF(J647:$W647,">"&0)<5,IF(AND(COUNTIF(I$1237:I1249,1)>7,MOD(1+IFERROR(MATCH($C647,总览!$D$46:$D$345,1)+1,1),7)=0),$C$3,0),0)} -> 32 | J647: {=IF(J1249=1,OFFSET($W$634,$B647,J$631-1)/SUMPRODUCT(--($D$631:$V$631=J$631),--($D1249:$V1249=1)),0)+SUM(J646)+IF(COUNTIF(J$1237:J1249,1)=1,5,0)+IF(COUNTIF(K647:$W647,">"&0)<5,IF(AND(COUNTIF(J$1237:J1249,1)>7,MOD(1+IFERROR(MATCH($C647,总览!$D$46:$D$345,1)+1,1),7)=0),$C$3,0),0)} -> 28.666667 | K647: {=IF(K1249=1,OFFSET($W$634,$B647,K$631-1)/SUMPRODUCT(--($D$631:$V$631=K$631),--($D1249:$V1249=1)),0)+SUM(K646)+IF(COUNTIF(K$1237:K1249,1)=1,5,0)+IF(COUNTIF(L647:$W647,">"&0)<5,IF(AND(COUNTIF(K$1237:K1249,1)>7,MOD(1+IFERROR(MATCH($C647,总览!$D$46:$D$345,1)+1,1),7)=0),$C$3,0),0)} -> 26.166667 | ... V647: {=IF(V1249=1,OFFSET($W$634,$B647,V$631-1)/SUMPRODUCT(--($D$631:$V$631=V$631),--($D1249:$V1249=1)),0)+SUM(V646)+IF(COUNTIF(V$1237:V1249,1)=1,5,0)+IF(COUNTIF(W647:$W647,">"&0)<5,IF(AND(COUNTIF(V$1237:V1249,1)>7,MOD(1+IFERROR(MATCH($C647,总览!$D$46:$D$345,1)+1,1),7)=0),$C$3,0),0)} -> 0 | W647: {=SUMPRODUCT(TRANSPOSE($AA647:$AG647),OFFSET($L$9:$L$15,0,W$631-1))} -> 35.5 | X647: {=SUMPRODUCT(TRANSPOSE($AA647:$AG647),OFFSET($L$9:$L$15,0,X$631-1))} -> 12 | Y647: {=SUMPRODUCT(TRANSPOSE($AA647:$AG647),OFFSET($L$9:$L$15,0,Y$631-1))} -> 2.5 | Z647: {=SUMPRODUCT(TRANSPOSE($AA647:$AG647),OFFSET($L$9:$L$15,0,Z$631-1))} -> 0 | AA647: =AH647-AH646 -> 0 | AB647: =AI647-AI646 -> 100 | AC647: =AJ647-AJ646 -> 0 | AD647: =AK647-AK646 -> 0 | AE647: =AL647-AL646 -> 0 | AF647: =AM647-AM646 -> 0 | AG647: =AN647-AN646 -> 0 | AH647: =IF($C647>OFFSET($Q$8,MATCH(AH$634,$AH$634:$AN$634,0),0),OFFSET($P$8,MATCH(AH$634,$AH$634:$AN$634,0),0),$C647) -> 450 | AI647: =IF($C647>OFFSET($Q$8,MATCH(AI$634,$AH$634:$AN$634,0),0),OFFSET($P$8,MATCH(AI$634,$AH$634:$AN$634,0),0),MAX(0,$C647-OFFSET($Q$8,RIGHT(AI$634,1)-1,0))) -> 850 | AJ647: =IF($C647>OFFSET($Q$8,MATCH(AJ$634,$AH$634:$AN$634,0),0),OFFSET($P$8,MATCH(AJ$634,$AH$634:$AN$634,0),0),MAX(0,$C647-OFFSET($Q$8,RIGHT(AJ$634,1)-1,0))) -> 0 | AK647: =IF($C647>OFFSET($Q$8,MATCH(AK$634,$AH$634:$AN$634,0),0),OFFSET($P$8,MATCH(AK$634,$AH$634:$AN$634,0),0),MAX(0,$C647-OFFSET($Q$8,RIGHT(AK$634,1)-1,0))) -> 0 | AL647: =IF($C647>OFFSET($Q$8,MATCH(AL$634,$AH$634:$AN$634,0),0),OFFSET($P$8,MATCH(AL$634,$AH$634:$AN$634,0),0),MAX(0,$C647-OFFSET($Q$8,RIGHT(AL$634,1)-1,0))) -> 0 | AM647: =IF($C647>OFFSET($Q$8,MATCH(AM$634,$AH$634:$AN$634,0),0),OFFSET($P$8,MATCH(AM$634,$AH$634:$AN$634,0),0),MAX(0,$C647-OFFSET($Q$8,RIGHT(AM$634,1)-1,0))) -> 0 | AN647: =IF($C647>OFFSET($Q$8,MATCH(AN$634,$AH$634:$AN$634,0),0),OFFSET($P$8,MATCH(AN$634,$AH$634:$AN$634,0),0),MAX(0,$C647-OFFSET($Q$8,RIGHT(AN$634,1)-1,0))) -> 0 | AP647: 13 | AQ647: 380 | AR647: 380 | AS647: 380 | AT647: 350
... B734: 100 | C734: =C129 -> 10000 | D734: {=IF(D1336=1,OFFSET($W$634,$B734,D$631-1)/SUMPRODUCT(--($D$631:$V$631=D$631),--($D1336:$V1336=1)),0)+SUM(D733)+IF(COUNTIF(D$1237:D1336,1)=1,5,0)+IF(COUNTIF(E734:$W734,">"&0)<5,IF(AND(COUNTIF(D$1237:D1336,1)>7,MOD(1+IFERROR(MATCH($C734,总览!$D$46:$D$345,1)+1,1),7)=0),$C$3,0),0)} -> 889.37752 | E734: {=IF(E1336=1,OFFSET($W$634,$B734,E$631-1)/SUMPRODUCT(--($D$631:$V$631=E$631),--($D1336:$V1336=1)),0)+SUM(E733)+IF(COUNTIF(E$1237:E1336,1)=1,5,0)+IF(COUNTIF(F734:$W734,">"&0)<5,IF(AND(COUNTIF(E$1237:E1336,1)>7,MOD(1+IFERROR(MATCH($C734,总览!$D$46:$D$345,1)+1,1),7)=0),$C$3,0),0)} -> 889.37752 | F734: {=IF(F1336=1,OFFSET($W$634,$B734,F$631-1)/SUMPRODUCT(--($D$631:$V$631=F$631),--($D1336:$V1336=1)),0)+SUM(F733)+IF(COUNTIF(F$1237:F1336,1)=1,5,0)+IF(COUNTIF(G734:$W734,">"&0)<5,IF(AND(COUNTIF(F$1237:F1336,1)>7,MOD(1+IFERROR(MATCH($C734,总览!$D$46:$D$345,1)+1,1),7)=0),$C$3,0),0)} -> 889.37752 | G734: {=IF(G1336=1,OFFSET($W$634,$B734,G$631-1)/SUMPRODUCT(--($D$631:$V$631=G$631),--($D1336:$V1336=1)),0)+SUM(G733)+IF(COUNTIF(G$1237:G1336,1)=1,5,0)+IF(COUNTIF(H734:$W734,">"&0)<5,IF(AND(COUNTIF(G$1237:G1336,1)>7,MOD(1+IFERROR(MATCH($C734,总览!$D$46:$D$345,1)+1,1),7)=0),$C$3,0),0)} -> 272.73333 | H734: {=IF(H1336=1,OFFSET($W$634,$B734,H$631-1)/SUMPRODUCT(--($D$631:$V$631=H$631),--($D1336:$V1336=1)),0)+SUM(H733)+IF(COUNTIF(H$1237:H1336,1)=1,5,0)+IF(COUNTIF(I734:$W734,">"&0)<5,IF(AND(COUNTIF(H$1237:H1336,1)>7,MOD(1+IFERROR(MATCH($C734,总览!$D$46:$D$345,1)+1,1),7)=0),$C$3,0),0)} -> 272.73333 | I734: {=IF(I1336=1,OFFSET($W$634,$B734,I$631-1)/SUMPRODUCT(--($D$631:$V$631=I$631),--($D1336:$V1336=1)),0)+SUM(I733)+IF(COUNTIF(I$1237:I1336,1)=1,5,0)+IF(COUNTIF(J734:$W734,">"&0)<5,IF(AND(COUNTIF(I$1237:I1336,1)>7,MOD(1+IFERROR(MATCH($C734,总览!$D$46:$D$345,1)+1,1),7)=0),$C$3,0),0)} -> 272.73333 | J734: {=IF(J1336=1,OFFSET($W$634,$B734,J$631-1)/SUMPRODUCT(--($D$631:$V$631=J$631),--($D1336:$V1336=1)),0)+SUM(J733)+IF(COUNTIF(J$1237:J1336,1)=1,5,0)+IF(COUNTIF(K734:$W734,">"&0)<5,IF(AND(COUNTIF(J$1237:J1336,1)>7,MOD(1+IFERROR(MATCH($C734,总览!$D$46:$D$345,1)+1,1),7)=0),$C$3,0),0)} -> 269.4 | K734: {=IF(K1336=1,OFFSET($W$634,$B734,K$631-1)/SUMPRODUCT(--($D$631:$V$631=K$631),--($D1336:$V1336=1)),0)+SUM(K733)+IF(COUNTIF(K$1237:K1336,1)=1,5,0)+IF(COUNTIF(L734:$W734,">"&0)<5,IF(AND(COUNTIF(K$1237:K1336,1)>7,MOD(1+IFERROR(MATCH($C734,总览!$D$46:$D$345,1)+1,1),7)=0),$C$3,0),0)} -> 266.9 | ... V734: {=IF(V1336=1,OFFSET($W$634,$B734,V$631-1)/SUMPRODUCT(--($D$631:$V$631=V$631),--($D1336:$V1336=1)),0)+SUM(V733)+IF(COUNTIF(V$1237:V1336,1)=1,5,0)+IF(COUNTIF(W734:$W734,">"&0)<5,IF(AND(COUNTIF(V$1237:V1336,1)>7,MOD(1+IFERROR(MATCH($C734,总览!$D$46:$D$345,1)+1,1),7)=0),$C$3,0),0)} -> 105.50574 | W734: {=SUMPRODUCT(TRANSPOSE($AA734:$AG734),OFFSET($L$9:$L$15,0,W$631-1))} -> 16.85022 | X734: {=SUMPRODUCT(TRANSPOSE($AA734:$AG734),OFFSET($L$9:$L$15,0,X$631-1))} -> 20 | Y734: {=SUMPRODUCT(TRANSPOSE($AA734:$AG734),OFFSET($L$9:$L$15,0,Y$631-1))} -> 10 | Z734: {=SUMPRODUCT(TRANSPOSE($AA734:$AG734),OFFSET($L$9:$L$15,0,Z$631-1))} -> 3.1497799 | AA734: =AH734-AH733 -> 0 | AB734: =AI734-AI733 -> 0 | AC734: =AJ734-AJ733 -> 0 | AD734: =AK734-AK733 -> 0 | AE734: =AL734-AL733 -> 0 | AF734: =AM734-AM733 -> 100 | AG734: =AN734-AN733 -> 0 | AH734: =IF($C734>OFFSET($Q$8,MATCH(AH$634,$AH$634:$AN$634,0),0),OFFSET($P$8,MATCH(AH$634,$AH$634:$AN$634,0),0),$C734) -> 450 | AI734: =IF($C734>OFFSET($Q$8,MATCH(AI$634,$AH$634:$AN$634,0),0),OFFSET($P$8,MATCH(AI$634,$AH$634:$AN$634,0),0),MAX(0,$C734-OFFSET($Q$8,RIGHT(AI$634,1)-1,0))) -> 909 | AJ734: =IF($C734>OFFSET($Q$8,MATCH(AJ$634,$AH$634:$AN$634,0),0),OFFSET($P$8,MATCH(AJ$634,$AH$634:$AN$634,0),0),MAX(0,$C734-OFFSET($Q$8,RIGHT(AJ$634,1)-1,0))) -> 1818 | AK734: =IF($C734>OFFSET($Q$8,MATCH(AK$634,$AH$634:$AN$634,0),0),OFFSET($P$8,MATCH(AK$634,$AH$634:$AN$634,0),0),MAX(0,$C734-OFFSET($Q$8,RIGHT(AK$634,1)-1,0))) -> 2727 | AL734: =IF($C734>OFFSET($Q$8,MATCH(AL$634,$AH$634:$AN$634,0),0),OFFSET($P$8,MATCH(AL$634,$AH$634:$AN$634,0),0),MAX(0,$C734-OFFSET($Q$8,RIGHT(AL$634,1)-1,0))) -> 3636 | AM734: =IF($C734>OFFSET($Q$8,MATCH(AM$634,$AH$634:$AN$634,0),0),OFFSET($P$8,MATCH(AM$634,$AH$634:$AN$634,0),0),MAX(0,$C734-OFFSET($Q$8,RIGHT(AM$634,1)-1,0))) -> 460 | AN734: =IF($C734>OFFSET($Q$8,MATCH(AN$634,$AH$634:$AN$634,0),0),OFFSET($P$8,MATCH(AN$634,$AH$634:$AN$634,0),0),MAX(0,$C734-OFFSET($Q$8,RIGHT(AN$634,1)-1,0))) -> 0 | AP734: 100 | AQ734: 192350 | AR734: 192350 | AS734: 113450 | AT734: 57500
B735: 101 | C735: =C130 -> 10100 | D735: {=IF(D1337=1,OFFSET($W$634,$B735,D$631-1)/SUMPRODUCT(--($D$631:$V$631=D$631),--($D1337:$V1337=1)),0)+SUM(D734)+IF(COUNTIF(D$1237:D1337,1)=1,5,0)+IF(COUNTIF(E735:$W735,">"&0)<5,IF(AND(COUNTIF(D$1237:D1337,1)>7,MOD(1+IFERROR(MATCH($C735,总览!$D$46:$D$345,1)+1,1),7)=0),$C$3,0),0)} -> 894.99426 | E735: {=IF(E1337=1,OFFSET($W$634,$B735,E$631-1)/SUMPRODUCT(--($D$631:$V$631=E$631),--($D1337:$V1337=1)),0)+SUM(E734)+IF(COUNTIF(E$1237:E1337,1)=1,5,0)+IF(COUNTIF(F735:$W735,">"&0)<5,IF(AND(COUNTIF(E$1237:E1337,1)>7,MOD(1+IFERROR(MATCH($C735,总览!$D$46:$D$345,1)+1,1),7)=0),$C$3,0),0)} -> 894.99426 | F735: {=IF(F1337=1,OFFSET($W$634,$B735,F$631-1)/SUMPRODUCT(--($D$631:$V$631=F$631),--($D1337:$V1337=1)),0)+SUM(F734)+IF(COUNTIF(F$1237:F1337,1)=1,5,0)+IF(COUNTIF(G735:$W735,">"&0)<5,IF(AND(COUNTIF(F$1237:F1337,1)>7,MOD(1+IFERROR(MATCH($C735,总览!$D$46:$D$345,1)+1,1),7)=0),$C$3,0),0)} -> 894.99426 | G735: {=IF(G1337=1,OFFSET($W$634,$B735,G$631-1)/SUMPRODUCT(--($D$631:$V$631=G$631),--($D1337:$V1337=1)),0)+SUM(G734)+IF(COUNTIF(G$1237:G1337,1)=1,5,0)+IF(COUNTIF(H735:$W735,">"&0)<5,IF(AND(COUNTIF(G$1237:G1337,1)>7,MOD(1+IFERROR(MATCH($C735,总览!$D$46:$D$345,1)+1,1),7)=0),$C$3,0),0)} -> 276.06667 | H735: {=IF(H1337=1,OFFSET($W$634,$B735,H$631-1)/SUMPRODUCT(--($D$631:$V$631=H$631),--($D1337:$V1337=1)),0)+SUM(H734)+IF(COUNTIF(H$1237:H1337,1)=1,5,0)+IF(COUNTIF(I735:$W735,">"&0)<5,IF(AND(COUNTIF(H$1237:H1337,1)>7,MOD(1+IFERROR(MATCH($C735,总览!$D$46:$D$345,1)+1,1),7)=0),$C$3,0),0)} -> 276.06667 | I735: {=IF(I1337=1,OFFSET($W$634,$B735,I$631-1)/SUMPRODUCT(--($D$631:$V$631=I$631),--($D1337:$V1337=1)),0)+SUM(I734)+IF(COUNTIF(I$1237:I1337,1)=1,5,0)+IF(COUNTIF(J735:$W735,">"&0)<5,IF(AND(COUNTIF(I$1237:I1337,1)>7,MOD(1+IFERROR(MATCH($C735,总览!$D$46:$D$345,1)+1,1),7)=0),$C$3,0),0)} -> 276.06667 | J735: {=IF(J1337=1,OFFSET($W$634,$B735,J$631-1)/SUMPRODUCT(--($D$631:$V$631=J$631),--($D1337:$V1337=1)),0)+SUM(J734)+IF(COUNTIF(J$1237:J1337,1)=1,5,0)+IF(COUNTIF(K735:$W735,">"&0)<5,IF(AND(COUNTIF(J$1237:J1337,1)>7,MOD(1+IFERROR(MATCH($C735,总览!$D$46:$D$345,1)+1,1),7)=0),$C$3,0),0)} -> 272.73333 | K735: {=IF(K1337=1,OFFSET($W$634,$B735,K$631-1)/SUMPRODUCT(--($D$631:$V$631=K$631),--($D1337:$V1337=1)),0)+SUM(K734)+IF(COUNTIF(K$1237:K1337,1)=1,5,0)+IF(COUNTIF(L735:$W735,">"&0)<5,IF(AND(COUNTIF(K$1237:K1337,1)>7,MOD(1+IFERROR(MATCH($C735,总览!$D$46:$D$345,1)+1,1),7)=0),$C$3,0),0)} -> 270.23333 | ... V735: {=IF(V1337=1,OFFSET($W$634,$B735,V$631-1)/SUMPRODUCT(--($D$631:$V$631=V$631),--($D1337:$V1337=1)),0)+SUM(V734)+IF(COUNTIF(V$1237:V1337,1)=1,5,0)+IF(COUNTIF(W735:$W735,">"&0)<5,IF(AND(COUNTIF(V$1237:V1337,1)>7,MOD(1+IFERROR(MATCH($C735,总览!$D$46:$D$345,1)+1,1),7)=0),$C$3,0),0)} -> 106.55567 | W735: {=SUMPRODUCT(TRANSPOSE($AA735:$AG735),OFFSET($L$9:$L$15,0,W$631-1))} -> 16.85022 | X735: {=SUMPRODUCT(TRANSPOSE($AA735:$AG735),OFFSET($L$9:$L$15,0,X$631-1))} -> 20 | Y735: {=SUMPRODUCT(TRANSPOSE($AA735:$AG735),OFFSET($L$9:$L$15,0,Y$631-1))} -> 10 | Z735: {=SUMPRODUCT(TRANSPOSE($AA735:$AG735),OFFSET($L$9:$L$15,0,Z$631-1))} -> 3.1497799 | AA735: =AH735-AH734 -> 0 | AB735: =AI735-AI734 -> 0 | AC735: =AJ735-AJ734 -> 0 | AD735: =AK735-AK734 -> 0 | AE735: =AL735-AL734 -> 0 | AF735: =AM735-AM734 -> 100 | AG735: =AN735-AN734 -> 0 | AH735: =IF($C735>OFFSET($Q$8,MATCH(AH$634,$AH$634:$AN$634,0),0),OFFSET($P$8,MATCH(AH$634,$AH$634:$AN$634,0),0),$C735) -> 450 | AI735: =IF($C735>OFFSET($Q$8,MATCH(AI$634,$AH$634:$AN$634,0),0),OFFSET($P$8,MATCH(AI$634,$AH$634:$AN$634,0),0),MAX(0,$C735-OFFSET($Q$8,RIGHT(AI$634,1)-1,0))) -> 909 | AJ735: =IF($C735>OFFSET($Q$8,MATCH(AJ$634,$AH$634:$AN$634,0),0),OFFSET($P$8,MATCH(AJ$634,$AH$634:$AN$634,0),0),MAX(0,$C735-OFFSET($Q$8,RIGHT(AJ$634,1)-1,0))) -> 1818 | AK735: =IF($C735>OFFSET($Q$8,MATCH(AK$634,$AH$634:$AN$634,0),0),OFFSET($P$8,MATCH(AK$634,$AH$634:$AN$634,0),0),MAX(0,$C735-OFFSET($Q$8,RIGHT(AK$634,1)-1,0))) -> 2727 | AL735: =IF($C735>OFFSET($Q$8,MATCH(AL$634,$AH$634:$AN$634,0),0),OFFSET($P$8,MATCH(AL$634,$AH$634:$AN$634,0),0),MAX(0,$C735-OFFSET($Q$8,RIGHT(AL$634,1)-1,0))) -> 3636 | AM735: =IF($C735>OFFSET($Q$8,MATCH(AM$634,$AH$634:$AN$634,0),0),OFFSET($P$8,MATCH(AM$634,$AH$634:$AN$634,0),0),MAX(0,$C735-OFFSET($Q$8,RIGHT(AM$634,1)-1,0))) -> 560 | AN735: =IF($C735>OFFSET($Q$8,MATCH(AN$634,$AH$634:$AN$634,0),0),OFFSET($P$8,MATCH(AN$634,$AH$634:$AN$634,0),0),MAX(0,$C735-OFFSET($Q$8,RIGHT(AN$634,1)-1,0))) -> 0
B736: 102 | C736: =C131 -> 10200 | D736: {=IF(D1338=1,OFFSET($W$634,$B736,D$631-1)/SUMPRODUCT(--($D$631:$V$631=D$631),--($D1338:$V1338=1)),0)+SUM(D735)+IF(COUNTIF(D$1237:D1338,1)=1,5,0)+IF(COUNTIF(E736:$W736,">"&0)<5,IF(AND(COUNTIF(D$1237:D1338,1)>7,MOD(1+IFERROR(MATCH($C736,总览!$D$46:$D$345,1)+1,1),7)=0),$C$3,0),0)} -> 900.611 | E736: {=IF(E1338=1,OFFSET($W$634,$B736,E$631-1)/SUMPRODUCT(--($D$631:$V$631=E$631),--($D1338:$V1338=1)),0)+SUM(E735)+IF(COUNTIF(E$1237:E1338,1)=1,5,0)+IF(COUNTIF(F736:$W736,">"&0)<5,IF(AND(COUNTIF(E$1237:E1338,1)>7,MOD(1+IFERROR(MATCH($C736,总览!$D$46:$D$345,1)+1,1),7)=0),$C$3,0),0)} -> 900.611 | F736: {=IF(F1338=1,OFFSET($W$634,$B736,F$631-1)/SUMPRODUCT(--($D$631:$V$631=F$631),--($D1338:$V1338=1)),0)+SUM(F735)+IF(COUNTIF(F$1237:F1338,1)=1,5,0)+IF(COUNTIF(G736:$W736,">"&0)<5,IF(AND(COUNTIF(F$1237:F1338,1)>7,MOD(1+IFERROR(MATCH($C736,总览!$D$46:$D$345,1)+1,1),7)=0),$C$3,0),0)} -> 900.611 | G736: {=IF(G1338=1,OFFSET($W$634,$B736,G$631-1)/SUMPRODUCT(--($D$631:$V$631=G$631),--($D1338:$V1338=1)),0)+SUM(G735)+IF(COUNTIF(G$1237:G1338,1)=1,5,0)+IF(COUNTIF(H736:$W736,">"&0)<5,IF(AND(COUNTIF(G$1237:G1338,1)>7,MOD(1+IFERROR(MATCH($C736,总览!$D$46:$D$345,1)+1,1),7)=0),$C$3,0),0)} -> 279.4 | H736: {=IF(H1338=1,OFFSET($W$634,$B736,H$631-1)/SUMPRODUCT(--($D$631:$V$631=H$631),--($D1338:$V1338=1)),0)+SUM(H735)+IF(COUNTIF(H$1237:H1338,1)=1,5,0)+IF(COUNTIF(I736:$W736,">"&0)<5,IF(AND(COUNTIF(H$1237:H1338,1)>7,MOD(1+IFERROR(MATCH($C736,总览!$D$46:$D$345,1)+1,1),7)=0),$C$3,0),0)} -> 279.4 | I736: {=IF(I1338=1,OFFSET($W$634,$B736,I$631-1)/SUMPRODUCT(--($D$631:$V$631=I$631),--($D1338:$V1338=1)),0)+SUM(I735)+IF(COUNTIF(I$1237:I1338,1)=1,5,0)+IF(COUNTIF(J736:$W736,">"&0)<5,IF(AND(COUNTIF(I$1237:I1338,1)>7,MOD(1+IFERROR(MATCH($C736,总览!$D$46:$D$345,1)+1,1),7)=0),$C$3,0),0)} -> 279.4 | J736: {=IF(J1338=1,OFFSET($W$634,$B736,J$631-1)/SUMPRODUCT(--($D$631:$V$631=J$631),--($D1338:$V1338=1)),0)+SUM(J735)+IF(COUNTIF(J$1237:J1338,1)=1,5,0)+IF(COUNTIF(K736:$W736,">"&0)<5,IF(AND(COUNTIF(J$1237:J1338,1)>7,MOD(1+IFERROR(MATCH($C736,总览!$D$46:$D$345,1)+1,1),7)=0),$C$3,0),0)} -> 276.06667 | K736: {=IF(K1338=1,OFFSET($W$634,$B736,K$631-1)/SUMPRODUCT(--($D$631:$V$631=K$631),--($D1338:$V1338=1)),0)+SUM(K735)+IF(COUNTIF(K$1237:K1338,1)=1,5,0)+IF(COUNTIF(L736:$W736,">"&0)<5,IF(AND(COUNTIF(K$1237:K1338,1)>7,MOD(1+IFERROR(MATCH($C736,总览!$D$46:$D$345,1)+1,1),7)=0),$C$3,0),0)} -> 273.56667 | ... V736: {=IF(V1338=1,OFFSET($W$634,$B736,V$631-1)/SUMPRODUCT(--($D$631:$V$631=V$631),--($D1338:$V1338=1)),0)+SUM(V735)+IF(COUNTIF(V$1237:V1338,1)=1,5,0)+IF(COUNTIF(W736:$W736,">"&0)<5,IF(AND(COUNTIF(V$1237:V1338,1)>7,MOD(1+IFERROR(MATCH($C736,总览!$D$46:$D$345,1)+1,1),7)=0),$C$3,0),0)} -> 107.6056 | W736: {=SUMPRODUCT(TRANSPOSE($AA736:$AG736),OFFSET($L$9:$L$15,0,W$631-1))} -> 16.85022 | X736: {=SUMPRODUCT(TRANSPOSE($AA736:$AG736),OFFSET($L$9:$L$15,0,X$631-1))} -> 20 | Y736: {=SUMPRODUCT(TRANSPOSE($AA736:$AG736),OFFSET($L$9:$L$15,0,Y$631-1))} -> 10 | Z736: {=SUMPRODUCT(TRANSPOSE($AA736:$AG736),OFFSET($L$9:$L$15,0,Z$631-1))} -> 3.1497799 | AA736: =AH736-AH735 -> 0 | AB736: =AI736-AI735 -> 0 | AC736: =AJ736-AJ735 -> 0 | AD736: =AK736-AK735 -> 0 | AE736: =AL736-AL735 -> 0 | AF736: =AM736-AM735 -> 100 | AG736: =AN736-AN735 -> 0 | AH736: =IF($C736>OFFSET($Q$8,MATCH(AH$634,$AH$634:$AN$634,0),0),OFFSET($P$8,MATCH(AH$634,$AH$634:$AN$634,0),0),$C736) -> 450 | AI736: =IF($C736>OFFSET($Q$8,MATCH(AI$634,$AH$634:$AN$634,0),0),OFFSET($P$8,MATCH(AI$634,$AH$634:$AN$634,0),0),MAX(0,$C736-OFFSET($Q$8,RIGHT(AI$634,1)-1,0))) -> 909 | AJ736: =IF($C736>OFFSET($Q$8,MATCH(AJ$634,$AH$634:$AN$634,0),0),OFFSET($P$8,MATCH(AJ$634,$AH$634:$AN$634,0),0),MAX(0,$C736-OFFSET($Q$8,RIGHT(AJ$634,1)-1,0))) -> 1818 | AK736: =IF($C736>OFFSET($Q$8,MATCH(AK$634,$AH$634:$AN$634,0),0),OFFSET($P$8,MATCH(AK$634,$AH$634:$AN$634,0),0),MAX(0,$C736-OFFSET($Q$8,RIGHT(AK$634,1)-1,0))) -> 2727 | AL736: =IF($C736>OFFSET($Q$8,MATCH(AL$634,$AH$634:$AN$634,0),0),OFFSET($P$8,MATCH(AL$634,$AH$634:$AN$634,0),0),MAX(0,$C736-OFFSET($Q$8,RIGHT(AL$634,1)-1,0))) -> 3636 | AM736: =IF($C736>OFFSET($Q$8,MATCH(AM$634,$AH$634:$AN$634,0),0),OFFSET($P$8,MATCH(AM$634,$AH$634:$AN$634,0),0),MAX(0,$C736-OFFSET($Q$8,RIGHT(AM$634,1)-1,0))) -> 660 | AN736: =IF($C736>OFFSET($Q$8,MATCH(AN$634,$AH$634:$AN$634,0),0),OFFSET($P$8,MATCH(AN$634,$AH$634:$AN$634,0),0),MAX(0,$C736-OFFSET($Q$8,RIGHT(AN$634,1)-1,0))) -> 0
B737: 103 | C737: =C132 -> 10300 | D737: {=IF(D1339=1,OFFSET($W$634,$B737,D$631-1)/SUMPRODUCT(--($D$631:$V$631=D$631),--($D1339:$V1339=1)),0)+SUM(D736)+IF(COUNTIF(D$1237:D1339,1)=1,5,0)+IF(COUNTIF(E737:$W737,">"&0)<5,IF(AND(COUNTIF(D$1237:D1339,1)>7,MOD(1+IFERROR(MATCH($C737,总览!$D$46:$D$345,1)+1,1),7)=0),$C$3,0),0)} -> 906.22774 | E737: {=IF(E1339=1,OFFSET($W$634,$B737,E$631-1)/SUMPRODUCT(--($D$631:$V$631=E$631),--($D1339:$V1339=1)),0)+SUM(E736)+IF(COUNTIF(E$1237:E1339,1)=1,5,0)+IF(COUNTIF(F737:$W737,">"&0)<5,IF(AND(COUNTIF(E$1237:E1339,1)>7,MOD(1+IFERROR(MATCH($C737,总览!$D$46:$D$345,1)+1,1),7)=0),$C$3,0),0)} -> 906.22774 | F737: {=IF(F1339=1,OFFSET($W$634,$B737,F$631-1)/SUMPRODUCT(--($D$631:$V$631=F$631),--($D1339:$V1339=1)),0)+SUM(F736)+IF(COUNTIF(F$1237:F1339,1)=1,5,0)+IF(COUNTIF(G737:$W737,">"&0)<5,IF(AND(COUNTIF(F$1237:F1339,1)>7,MOD(1+IFERROR(MATCH($C737,总览!$D$46:$D$345,1)+1,1),7)=0),$C$3,0),0)} -> 906.22774 | G737: {=IF(G1339=1,OFFSET($W$634,$B737,G$631-1)/SUMPRODUCT(--($D$631:$V$631=G$631),--($D1339:$V1339=1)),0)+SUM(G736)+IF(COUNTIF(G$1237:G1339,1)=1,5,0)+IF(COUNTIF(H737:$W737,">"&0)<5,IF(AND(COUNTIF(G$1237:G1339,1)>7,MOD(1+IFERROR(MATCH($C737,总览!$D$46:$D$345,1)+1,1),7)=0),$C$3,0),0)} -> 282.73333 | H737: {=IF(H1339=1,OFFSET($W$634,$B737,H$631-1)/SUMPRODUCT(--($D$631:$V$631=H$631),--($D1339:$V1339=1)),0)+SUM(H736)+IF(COUNTIF(H$1237:H1339,1)=1,5,0)+IF(COUNTIF(I737:$W737,">"&0)<5,IF(AND(COUNTIF(H$1237:H1339,1)>7,MOD(1+IFERROR(MATCH($C737,总览!$D$46:$D$345,1)+1,1),7)=0),$C$3,0),0)} -> 282.73333 | I737: {=IF(I1339=1,OFFSET($W$634,$B737,I$631-1)/SUMPRODUCT(--($D$631:$V$631=I$631),--($D1339:$V1339=1)),0)+SUM(I736)+IF(COUNTIF(I$1237:I1339,1)=1,5,0)+IF(COUNTIF(J737:$W737,">"&0)<5,IF(AND(COUNTIF(I$1237:I1339,1)>7,MOD(1+IFERROR(MATCH($C737,总览!$D$46:$D$345,1)+1,1),7)=0),$C$3,0),0)} -> 282.73333 | J737: {=IF(J1339=1,OFFSET($W$634,$B737,J$631-1)/SUMPRODUCT(--($D$631:$V$631=J$631),--($D1339:$V1339=1)),0)+SUM(J736)+IF(COUNTIF(J$1237:J1339,1)=1,5,0)+IF(COUNTIF(K737:$W737,">"&0)<5,IF(AND(COUNTIF(J$1237:J1339,1)>7,MOD(1+IFERROR(MATCH($C737,总览!$D$46:$D$345,1)+1,1),7)=0),$C$3,0),0)} -> 279.4 | K737: {=IF(K1339=1,OFFSET($W$634,$B737,K$631-1)/SUMPRODUCT(--($D$631:$V$631=K$631),--($D1339:$V1339=1)),0)+SUM(K736)+IF(COUNTIF(K$1237:K1339,1)=1,5,0)+IF(COUNTIF(L737:$W737,">"&0)<5,IF(AND(COUNTIF(K$1237:K1339,1)>7,MOD(1+IFERROR(MATCH($C737,总览!$D$46:$D$345,1)+1,1),7)=0),$C$3,0),0)} -> 276.9 | ... V737: {=IF(V1339=1,OFFSET($W$634,$B737,V$631-1)/SUMPRODUCT(--($D$631:$V$631=V$631),--($D1339:$V1339=1)),0)+SUM(V736)+IF(COUNTIF(V$1237:V1339,1)=1,5,0)+IF(COUNTIF(W737:$W737,">"&0)<5,IF(AND(COUNTIF(V$1237:V1339,1)>7,MOD(1+IFERROR(MATCH($C737,总览!$D$46:$D$345,1)+1,1),7)=0),$C$3,0),0)} -> 108.65552 | W737: {=SUMPRODUCT(TRANSPOSE($AA737:$AG737),OFFSET($L$9:$L$15,0,W$631-1))} -> 16.85022 | X737: {=SUMPRODUCT(TRANSPOSE($AA737:$AG737),OFFSET($L$9:$L$15,0,X$631-1))} -> 20 | Y737: {=SUMPRODUCT(TRANSPOSE($AA737:$AG737),OFFSET($L$9:$L$15,0,Y$631-1))} -> 10 | Z737: {=SUMPRODUCT(TRANSPOSE($AA737:$AG737),OFFSET($L$9:$L$15,0,Z$631-1))} -> 3.1497799 | AA737: =AH737-AH736 -> 0 | AB737: =AI737-AI736 -> 0 | AC737: =AJ737-AJ736 -> 0 | AD737: =AK737-AK736 -> 0 | AE737: =AL737-AL736 -> 0 | AF737: =AM737-AM736 -> 100 | AG737: =AN737-AN736 -> 0 | AH737: =IF($C737>OFFSET($Q$8,MATCH(AH$634,$AH$634:$AN$634,0),0),OFFSET($P$8,MATCH(AH$634,$AH$634:$AN$634,0),0),$C737) -> 450 | AI737: =IF($C737>OFFSET($Q$8,MATCH(AI$634,$AH$634:$AN$634,0),0),OFFSET($P$8,MATCH(AI$634,$AH$634:$AN$634,0),0),MAX(0,$C737-OFFSET($Q$8,RIGHT(AI$634,1)-1,0))) -> 909 | AJ737: =IF($C737>OFFSET($Q$8,MATCH(AJ$634,$AH$634:$AN$634,0),0),OFFSET($P$8,MATCH(AJ$634,$AH$634:$AN$634,0),0),MAX(0,$C737-OFFSET($Q$8,RIGHT(AJ$634,1)-1,0))) -> 1818 | AK737: =IF($C737>OFFSET($Q$8,MATCH(AK$634,$AH$634:$AN$634,0),0),OFFSET($P$8,MATCH(AK$634,$AH$634:$AN$634,0),0),MAX(0,$C737-OFFSET($Q$8,RIGHT(AK$634,1)-1,0))) -> 2727 | AL737: =IF($C737>OFFSET($Q$8,MATCH(AL$634,$AH$634:$AN$634,0),0),OFFSET($P$8,MATCH(AL$634,$AH$634:$AN$634,0),0),MAX(0,$C737-OFFSET($Q$8,RIGHT(AL$634,1)-1,0))) -> 3636 | AM737: =IF($C737>OFFSET($Q$8,MATCH(AM$634,$AH$634:$AN$634,0),0),OFFSET($P$8,MATCH(AM$634,$AH$634:$AN$634,0),0),MAX(0,$C737-OFFSET($Q$8,RIGHT(AM$634,1)-1,0))) -> 760 | AN737: =IF($C737>OFFSET($Q$8,MATCH(AN$634,$AH$634:$AN$634,0),0),OFFSET($P$8,MATCH(AN$634,$AH$634:$AN$634,0),0),MAX(0,$C737-OFFSET($Q$8,RIGHT(AN$634,1)-1,0))) -> 0
B738: 104 | C738: =C133 -> 10400 | D738: {=IF(D1340=1,OFFSET($W$634,$B738,D$631-1)/SUMPRODUCT(--($D$631:$V$631=D$631),--($D1340:$V1340=1)),0)+SUM(D737)+IF(COUNTIF(D$1237:D1340,1)=1,5,0)+IF(COUNTIF(E738:$W738,">"&0)<5,IF(AND(COUNTIF(D$1237:D1340,1)>7,MOD(1+IFERROR(MATCH($C738,总览!$D$46:$D$345,1)+1,1),7)=0),$C$3,0),0)} -> 911.84448 | E738: {=IF(E1340=1,OFFSET($W$634,$B738,E$631-1)/SUMPRODUCT(--($D$631:$V$631=E$631),--($D1340:$V1340=1)),0)+SUM(E737)+IF(COUNTIF(E$1237:E1340,1)=1,5,0)+IF(COUNTIF(F738:$W738,">"&0)<5,IF(AND(COUNTIF(E$1237:E1340,1)>7,MOD(1+IFERROR(MATCH($C738,总览!$D$46:$D$345,1)+1,1),7)=0),$C$3,0),0)} -> 911.84448 | F738: {=IF(F1340=1,OFFSET($W$634,$B738,F$631-1)/SUMPRODUCT(--($D$631:$V$631=F$631),--($D1340:$V1340=1)),0)+SUM(F737)+IF(COUNTIF(F$1237:F1340,1)=1,5,0)+IF(COUNTIF(G738:$W738,">"&0)<5,IF(AND(COUNTIF(F$1237:F1340,1)>7,MOD(1+IFERROR(MATCH($C738,总览!$D$46:$D$345,1)+1,1),7)=0),$C$3,0),0)} -> 911.84448 | G738: {=IF(G1340=1,OFFSET($W$634,$B738,G$631-1)/SUMPRODUCT(--($D$631:$V$631=G$631),--($D1340:$V1340=1)),0)+SUM(G737)+IF(COUNTIF(G$1237:G1340,1)=1,5,0)+IF(COUNTIF(H738:$W738,">"&0)<5,IF(AND(COUNTIF(G$1237:G1340,1)>7,MOD(1+IFERROR(MATCH($C738,总览!$D$46:$D$345,1)+1,1),7)=0),$C$3,0),0)} -> 286.06667 | H738: {=IF(H1340=1,OFFSET($W$634,$B738,H$631-1)/SUMPRODUCT(--($D$631:$V$631=H$631),--($D1340:$V1340=1)),0)+SUM(H737)+IF(COUNTIF(H$1237:H1340,1)=1,5,0)+IF(COUNTIF(I738:$W738,">"&0)<5,IF(AND(COUNTIF(H$1237:H1340,1)>7,MOD(1+IFERROR(MATCH($C738,总览!$D$46:$D$345,1)+1,1),7)=0),$C$3,0),0)} -> 286.06667 | I738: {=IF(I1340=1,OFFSET($W$634,$B738,I$631-1)/SUMPRODUCT(--($D$631:$V$631=I$631),--($D1340:$V1340=1)),0)+SUM(I737)+IF(COUNTIF(I$1237:I1340,1)=1,5,0)+IF(COUNTIF(J738:$W738,">"&0)<5,IF(AND(COUNTIF(I$1237:I1340,1)>7,MOD(1+IFERROR(MATCH($C738,总览!$D$46:$D$345,1)+1,1),7)=0),$C$3,0),0)} -> 286.06667 | J738: {=IF(J1340=1,OFFSET($W$634,$B738,J$631-1)/SUMPRODUCT(--($D$631:$V$631=J$631),--($D1340:$V1340=1)),0)+SUM(J737)+IF(COUNTIF(J$1237:J1340,1)=1,5,0)+IF(COUNTIF(K738:$W738,">"&0)<5,IF(AND(COUNTIF(J$1237:J1340,1)>7,MOD(1+IFERROR(MATCH($C738,总览!$D$46:$D$345,1)+1,1),7)=0),$C$3,0),0)} -> 282.73333 | K738: {=IF(K1340=1,OFFSET($W$634,$B738,K$631-1)/SUMPRODUCT(--($D$631:$V$631=K$631),--($D1340:$V1340=1)),0)+SUM(K737)+IF(COUNTIF(K$1237:K1340,1)=1,5,0)+IF(COUNTIF(L738:$W738,">"&0)<5,IF(AND(COUNTIF(K$1237:K1340,1)>7,MOD(1+IFERROR(MATCH($C738,总览!$D$46:$D$345,1)+1,1),7)=0),$C$3,0),0)} -> 280.23333 | ... V738: {=IF(V1340=1,OFFSET($W$634,$B738,V$631-1)/SUMPRODUCT(--($D$631:$V$631=V$631),--($D1340:$V1340=1)),0)+SUM(V737)+IF(COUNTIF(V$1237:V1340,1)=1,5,0)+IF(COUNTIF(W738:$W738,">"&0)<5,IF(AND(COUNTIF(V$1237:V1340,1)>7,MOD(1+IFERROR(MATCH($C738,总览!$D$46:$D$345,1)+1,1),7)=0),$C$3,0),0)} -> 114.70545 | W738: {=SUMPRODUCT(TRANSPOSE($AA738:$AG738),OFFSET($L$9:$L$15,0,W$631-1))} -> 16.85022 | X738: {=SUMPRODUCT(TRANSPOSE($AA738:$AG738),OFFSET($L$9:$L$15,0,X$631-1))} -> 20 | Y738: {=SUMPRODUCT(TRANSPOSE($AA738:$AG738),OFFSET($L$9:$L$15,0,Y$631-1))} -> 10 | Z738: {=SUMPRODUCT(TRANSPOSE($AA738:$AG738),OFFSET($L$9:$L$15,0,Z$631-1))} -> 3.1497799 | AA738: =AH738-AH737 -> 0 | AB738: =AI738-AI737 -> 0 | AC738: =AJ738-AJ737 -> 0 | AD738: =AK738-AK737 -> 0 | AE738: =AL738-AL737 -> 0 | AF738: =AM738-AM737 -> 100 | AG738: =AN738-AN737 -> 0 | AH738: =IF($C738>OFFSET($Q$8,MATCH(AH$634,$AH$634:$AN$634,0),0),OFFSET($P$8,MATCH(AH$634,$AH$634:$AN$634,0),0),$C738) -> 450 | AI738: =IF($C738>OFFSET($Q$8,MATCH(AI$634,$AH$634:$AN$634,0),0),OFFSET($P$8,MATCH(AI$634,$AH$634:$AN$634,0),0),MAX(0,$C738-OFFSET($Q$8,RIGHT(AI$634,1)-1,0))) -> 909 | AJ738: =IF($C738>OFFSET($Q$8,MATCH(AJ$634,$AH$634:$AN$634,0),0),OFFSET($P$8,MATCH(AJ$634,$AH$634:$AN$634,0),0),MAX(0,$C738-OFFSET($Q$8,RIGHT(AJ$634,1)-1,0))) -> 1818 | AK738: =IF($C738>OFFSET($Q$8,MATCH(AK$634,$AH$634:$AN$634,0),0),OFFSET($P$8,MATCH(AK$634,$AH$634:$AN$634,0),0),MAX(0,$C738-OFFSET($Q$8,RIGHT(AK$634,1)-1,0))) -> 2727 | AL738: =IF($C738>OFFSET($Q$8,MATCH(AL$634,$AH$634:$AN$634,0),0),OFFSET($P$8,MATCH(AL$634,$AH$634:$AN$634,0),0),MAX(0,$C738-OFFSET($Q$8,RIGHT(AL$634,1)-1,0))) -> 3636 | AM738: =IF($C738>OFFSET($Q$8,MATCH(AM$634,$AH$634:$AN$634,0),0),OFFSET($P$8,MATCH(AM$634,$AH$634:$AN$634,0),0),MAX(0,$C738-OFFSET($Q$8,RIGHT(AM$634,1)-1,0))) -> 860 | AN738: =IF($C738>OFFSET($Q$8,MATCH(AN$634,$AH$634:$AN$634,0),0),OFFSET($P$8,MATCH(AN$634,$AH$634:$AN$634,0),0),MAX(0,$C738-OFFSET($Q$8,RIGHT(AN$634,1)-1,0))) -> 0
B739: 105 | C739: =C134 -> 10500 | D739: {=IF(D1341=1,OFFSET($W$634,$B739,D$631-1)/SUMPRODUCT(--($D$631:$V$631=D$631),--($D1341:$V1341=1)),0)+SUM(D738)+IF(COUNTIF(D$1237:D1341,1)=1,5,0)+IF(COUNTIF(E739:$W739,">"&0)<5,IF(AND(COUNTIF(D$1237:D1341,1)>7,MOD(1+IFERROR(MATCH($C739,总览!$D$46:$D$345,1)+1,1),7)=0),$C$3,0),0)} -> 917.46122 | E739: {=IF(E1341=1,OFFSET($W$634,$B739,E$631-1)/SUMPRODUCT(--($D$631:$V$631=E$631),--($D1341:$V1341=1)),0)+SUM(E738)+IF(COUNTIF(E$1237:E1341,1)=1,5,0)+IF(COUNTIF(F739:$W739,">"&0)<5,IF(AND(COUNTIF(E$1237:E1341,1)>7,MOD(1+IFERROR(MATCH($C739,总览!$D$46:$D$345,1)+1,1),7)=0),$C$3,0),0)} -> 917.46122 | F739: {=IF(F1341=1,OFFSET($W$634,$B739,F$631-1)/SUMPRODUCT(--($D$631:$V$631=F$631),--($D1341:$V1341=1)),0)+SUM(F738)+IF(COUNTIF(F$1237:F1341,1)=1,5,0)+IF(COUNTIF(G739:$W739,">"&0)<5,IF(AND(COUNTIF(F$1237:F1341,1)>7,MOD(1+IFERROR(MATCH($C739,总览!$D$46:$D$345,1)+1,1),7)=0),$C$3,0),0)} -> 917.46122 | G739: {=IF(G1341=1,OFFSET($W$634,$B739,G$631-1)/SUMPRODUCT(--($D$631:$V$631=G$631),--($D1341:$V1341=1)),0)+SUM(G738)+IF(COUNTIF(G$1237:G1341,1)=1,5,0)+IF(COUNTIF(H739:$W739,">"&0)<5,IF(AND(COUNTIF(G$1237:G1341,1)>7,MOD(1+IFERROR(MATCH($C739,总览!$D$46:$D$345,1)+1,1),7)=0),$C$3,0),0)} -> 289.4 | H739: {=IF(H1341=1,OFFSET($W$634,$B739,H$631-1)/SUMPRODUCT(--($D$631:$V$631=H$631),--($D1341:$V1341=1)),0)+SUM(H738)+IF(COUNTIF(H$1237:H1341,1)=1,5,0)+IF(COUNTIF(I739:$W739,">"&0)<5,IF(AND(COUNTIF(H$1237:H1341,1)>7,MOD(1+IFERROR(MATCH($C739,总览!$D$46:$D$345,1)+1,1),7)=0),$C$3,0),0)} -> 289.4 | I739: {=IF(I1341=1,OFFSET($W$634,$B739,I$631-1)/SUMPRODUCT(--($D$631:$V$631=I$631),--($D1341:$V1341=1)),0)+SUM(I738)+IF(COUNTIF(I$1237:I1341,1)=1,5,0)+IF(COUNTIF(J739:$W739,">"&0)<5,IF(AND(COUNTIF(I$1237:I1341,1)>7,MOD(1+IFERROR(MATCH($C739,总览!$D$46:$D$345,1)+1,1),7)=0),$C$3,0),0)} -> 289.4 | J739: {=IF(J1341=1,OFFSET($W$634,$B739,J$631-1)/SUMPRODUCT(--($D$631:$V$631=J$631),--($D1341:$V1341=1)),0)+SUM(J738)+IF(COUNTIF(J$1237:J1341,1)=1,5,0)+IF(COUNTIF(K739:$W739,">"&0)<5,IF(AND(COUNTIF(J$1237:J1341,1)>7,MOD(1+IFERROR(MATCH($C739,总览!$D$46:$D$345,1)+1,1),7)=0),$C$3,0),0)} -> 286.06667 | K739: {=IF(K1341=1,OFFSET($W$634,$B739,K$631-1)/SUMPRODUCT(--($D$631:$V$631=K$631),--($D1341:$V1341=1)),0)+SUM(K738)+IF(COUNTIF(K$1237:K1341,1)=1,5,0)+IF(COUNTIF(L739:$W739,">"&0)<5,IF(AND(COUNTIF(K$1237:K1341,1)>7,MOD(1+IFERROR(MATCH($C739,总览!$D$46:$D$345,1)+1,1),7)=0),$C$3,0),0)} -> 283.56667 | ... V739: {=IF(V1341=1,OFFSET($W$634,$B739,V$631-1)/SUMPRODUCT(--($D$631:$V$631=V$631),--($D1341:$V1341=1)),0)+SUM(V738)+IF(COUNTIF(V$1237:V1341,1)=1,5,0)+IF(COUNTIF(W739:$W739,">"&0)<5,IF(AND(COUNTIF(V$1237:V1341,1)>7,MOD(1+IFERROR(MATCH($C739,总览!$D$46:$D$345,1)+1,1),7)=0),$C$3,0),0)} -> 115.75538 | W739: {=SUMPRODUCT(TRANSPOSE($AA739:$AG739),OFFSET($L$9:$L$15,0,W$631-1))} -> 16.85022 | X739: {=SUMPRODUCT(TRANSPOSE($AA739:$AG739),OFFSET($L$9:$L$15,0,X$631-1))} -> 20 | Y739: {=SUMPRODUCT(TRANSPOSE($AA739:$AG739),OFFSET($L$9:$L$15,0,Y$631-1))} -> 10 | Z739: {=SUMPRODUCT(TRANSPOSE($AA739:$AG739),OFFSET($L$9:$L$15,0,Z$631-1))} -> 3.1497799 | AA739: =AH739-AH738 -> 0 | AB739: =AI739-AI738 -> 0 | AC739: =AJ739-AJ738 -> 0 | AD739: =AK739-AK738 -> 0 | AE739: =AL739-AL738 -> 0 | AF739: =AM739-AM738 -> 100 | AG739: =AN739-AN738 -> 0 | AH739: =IF($C739>OFFSET($Q$8,MATCH(AH$634,$AH$634:$AN$634,0),0),OFFSET($P$8,MATCH(AH$634,$AH$634:$AN$634,0),0),$C739) -> 450 | AI739: =IF($C739>OFFSET($Q$8,MATCH(AI$634,$AH$634:$AN$634,0),0),OFFSET($P$8,MATCH(AI$634,$AH$634:$AN$634,0),0),MAX(0,$C739-OFFSET($Q$8,RIGHT(AI$634,1)-1,0))) -> 909 | AJ739: =IF($C739>OFFSET($Q$8,MATCH(AJ$634,$AH$634:$AN$634,0),0),OFFSET($P$8,MATCH(AJ$634,$AH$634:$AN$634,0),0),MAX(0,$C739-OFFSET($Q$8,RIGHT(AJ$634,1)-1,0))) -> 1818 | AK739: =IF($C739>OFFSET($Q$8,MATCH(AK$634,$AH$634:$AN$634,0),0),OFFSET($P$8,MATCH(AK$634,$AH$634:$AN$634,0),0),MAX(0,$C739-OFFSET($Q$8,RIGHT(AK$634,1)-1,0))) -> 2727 | AL739: =IF($C739>OFFSET($Q$8,MATCH(AL$634,$AH$634:$AN$634,0),0),OFFSET($P$8,MATCH(AL$634,$AH$634:$AN$634,0),0),MAX(0,$C739-OFFSET($Q$8,RIGHT(AL$634,1)-1,0))) -> 3636 | AM739: =IF($C739>OFFSET($Q$8,MATCH(AM$634,$AH$634:$AN$634,0),0),OFFSET($P$8,MATCH(AM$634,$AH$634:$AN$634,0),0),MAX(0,$C739-OFFSET($Q$8,RIGHT(AM$634,1)-1,0))) -> 960 | AN739: =IF($C739>OFFSET($Q$8,MATCH(AN$634,$AH$634:$AN$634,0),0),OFFSET($P$8,MATCH(AN$634,$AH$634:$AN$634,0),0),MAX(0,$C739-OFFSET($Q$8,RIGHT(AN$634,1)-1,0))) -> 0
B740: 106 | C740: =C135 -> 10600 | D740: {=IF(D1342=1,OFFSET($W$634,$B740,D$631-1)/SUMPRODUCT(--($D$631:$V$631=D$631),--($D1342:$V1342=1)),0)+SUM(D739)+IF(COUNTIF(D$1237:D1342,1)=1,5,0)+IF(COUNTIF(E740:$W740,">"&0)<5,IF(AND(COUNTIF(D$1237:D1342,1)>7,MOD(1+IFERROR(MATCH($C740,总览!$D$46:$D$345,1)+1,1),7)=0),$C$3,0),0)} -> 923.07796 | E740: {=IF(E1342=1,OFFSET($W$634,$B740,E$631-1)/SUMPRODUCT(--($D$631:$V$631=E$631),--($D1342:$V1342=1)),0)+SUM(E739)+IF(COUNTIF(E$1237:E1342,1)=1,5,0)+IF(COUNTIF(F740:$W740,">"&0)<5,IF(AND(COUNTIF(E$1237:E1342,1)>7,MOD(1+IFERROR(MATCH($C740,总览!$D$46:$D$345,1)+1,1),7)=0),$C$3,0),0)} -> 923.07796 | F740: {=IF(F1342=1,OFFSET($W$634,$B740,F$631-1)/SUMPRODUCT(--($D$631:$V$631=F$631),--($D1342:$V1342=1)),0)+SUM(F739)+IF(COUNTIF(F$1237:F1342,1)=1,5,0)+IF(COUNTIF(G740:$W740,">"&0)<5,IF(AND(COUNTIF(F$1237:F1342,1)>7,MOD(1+IFERROR(MATCH($C740,总览!$D$46:$D$345,1)+1,1),7)=0),$C$3,0),0)} -> 923.07796 | G740: {=IF(G1342=1,OFFSET($W$634,$B740,G$631-1)/SUMPRODUCT(--($D$631:$V$631=G$631),--($D1342:$V1342=1)),0)+SUM(G739)+IF(COUNTIF(G$1237:G1342,1)=1,5,0)+IF(COUNTIF(H740:$W740,">"&0)<5,IF(AND(COUNTIF(G$1237:G1342,1)>7,MOD(1+IFERROR(MATCH($C740,总览!$D$46:$D$345,1)+1,1),7)=0),$C$3,0),0)} -> 292.73333 | H740: {=IF(H1342=1,OFFSET($W$634,$B740,H$631-1)/SUMPRODUCT(--($D$631:$V$631=H$631),--($D1342:$V1342=1)),0)+SUM(H739)+IF(COUNTIF(H$1237:H1342,1)=1,5,0)+IF(COUNTIF(I740:$W740,">"&0)<5,IF(AND(COUNTIF(H$1237:H1342,1)>7,MOD(1+IFERROR(MATCH($C740,总览!$D$46:$D$345,1)+1,1),7)=0),$C$3,0),0)} -> 292.73333 | I740: {=IF(I1342=1,OFFSET($W$634,$B740,I$631-1)/SUMPRODUCT(--($D$631:$V$631=I$631),--($D1342:$V1342=1)),0)+SUM(I739)+IF(COUNTIF(I$1237:I1342,1)=1,5,0)+IF(COUNTIF(J740:$W740,">"&0)<5,IF(AND(COUNTIF(I$1237:I1342,1)>7,MOD(1+IFERROR(MATCH($C740,总览!$D$46:$D$345,1)+1,1),7)=0),$C$3,0),0)} -> 292.73333 | J740: {=IF(J1342=1,OFFSET($W$634,$B740,J$631-1)/SUMPRODUCT(--($D$631:$V$631=J$631),--($D1342:$V1342=1)),0)+SUM(J739)+IF(COUNTIF(J$1237:J1342,1)=1,5,0)+IF(COUNTIF(K740:$W740,">"&0)<5,IF(AND(COUNTIF(J$1237:J1342,1)>7,MOD(1+IFERROR(MATCH($C740,总览!$D$46:$D$345,1)+1,1),7)=0),$C$3,0),0)} -> 289.4 | K740: {=IF(K1342=1,OFFSET($W$634,$B740,K$631-1)/SUMPRODUCT(--($D$631:$V$631=K$631),--($D1342:$V1342=1)),0)+SUM(K739)+IF(COUNTIF(K$1237:K1342,1)=1,5,0)+IF(COUNTIF(L740:$W740,">"&0)<5,IF(AND(COUNTIF(K$1237:K1342,1)>7,MOD(1+IFERROR(MATCH($C740,总览!$D$46:$D$345,1)+1,1),7)=0),$C$3,0),0)} -> 286.9 | ... V740: {=IF(V1342=1,OFFSET($W$634,$B740,V$631-1)/SUMPRODUCT(--($D$631:$V$631=V$631),--($D1342:$V1342=1)),0)+SUM(V739)+IF(COUNTIF(V$1237:V1342,1)=1,5,0)+IF(COUNTIF(W740:$W740,">"&0)<5,IF(AND(COUNTIF(V$1237:V1342,1)>7,MOD(1+IFERROR(MATCH($C740,总览!$D$46:$D$345,1)+1,1),7)=0),$C$3,0),0)} -> 116.8053 | W740: {=SUMPRODUCT(TRANSPOSE($AA740:$AG740),OFFSET($L$9:$L$15,0,W$631-1))} -> 16.85022 | X740: {=SUMPRODUCT(TRANSPOSE($AA740:$AG740),OFFSET($L$9:$L$15,0,X$631-1))} -> 20 | Y740: {=SUMPRODUCT(TRANSPOSE($AA740:$AG740),OFFSET($L$9:$L$15,0,Y$631-1))} -> 10 | Z740: {=SUMPRODUCT(TRANSPOSE($AA740:$AG740),OFFSET($L$9:$L$15,0,Z$631-1))} -> 3.1497799 | AA740: =AH740-AH739 -> 0 | AB740: =AI740-AI739 -> 0 | AC740: =AJ740-AJ739 -> 0 | AD740: =AK740-AK739 -> 0 | AE740: =AL740-AL739 -> 0 | AF740: =AM740-AM739 -> 100 | AG740: =AN740-AN739 -> 0 | AH740: =IF($C740>OFFSET($Q$8,MATCH(AH$634,$AH$634:$AN$634,0),0),OFFSET($P$8,MATCH(AH$634,$AH$634:$AN$634,0),0),$C740) -> 450 | AI740: =IF($C740>OFFSET($Q$8,MATCH(AI$634,$AH$634:$AN$634,0),0),OFFSET($P$8,MATCH(AI$634,$AH$634:$AN$634,0),0),MAX(0,$C740-OFFSET($Q$8,RIGHT(AI$634,1)-1,0))) -> 909 | AJ740: =IF($C740>OFFSET($Q$8,MATCH(AJ$634,$AH$634:$AN$634,0),0),OFFSET($P$8,MATCH(AJ$634,$AH$634:$AN$634,0),0),MAX(0,$C740-OFFSET($Q$8,RIGHT(AJ$634,1)-1,0))) -> 1818 | AK740: =IF($C740>OFFSET($Q$8,MATCH(AK$634,$AH$634:$AN$634,0),0),OFFSET($P$8,MATCH(AK$634,$AH$634:$AN$634,0),0),MAX(0,$C740-OFFSET($Q$8,RIGHT(AK$634,1)-1,0))) -> 2727 | AL740: =IF($C740>OFFSET($Q$8,MATCH(AL$634,$AH$634:$AN$634,0),0),OFFSET($P$8,MATCH(AL$634,$AH$634:$AN$634,0),0),MAX(0,$C740-OFFSET($Q$8,RIGHT(AL$634,1)-1,0))) -> 3636 | AM740: =IF($C740>OFFSET($Q$8,MATCH(AM$634,$AH$634:$AN$634,0),0),OFFSET($P$8,MATCH(AM$634,$AH$634:$AN$634,0),0),MAX(0,$C740-OFFSET($Q$8,RIGHT(AM$634,1)-1,0))) -> 1060 | AN740: =IF($C740>OFFSET($Q$8,MATCH(AN$634,$AH$634:$AN$634,0),0),OFFSET($P$8,MATCH(AN$634,$AH$634:$AN$634,0),0),MAX(0,$C740-OFFSET($Q$8,RIGHT(AN$634,1)-1,0))) -> 0
B741: 107 | C741: =C136 -> 10700 | D741: {=IF(D1343=1,OFFSET($W$634,$B741,D$631-1)/SUMPRODUCT(--($D$631:$V$631=D$631),--($D1343:$V1343=1)),0)+SUM(D740)+IF(COUNTIF(D$1237:D1343,1)=1,5,0)+IF(COUNTIF(E741:$W741,">"&0)<5,IF(AND(COUNTIF(D$1237:D1343,1)>7,MOD(1+IFERROR(MATCH($C741,总览!$D$46:$D$345,1)+1,1),7)=0),$C$3,0),0)} -> 928.6947 | E741: {=IF(E1343=1,OFFSET($W$634,$B741,E$631-1)/SUMPRODUCT(--($D$631:$V$631=E$631),--($D1343:$V1343=1)),0)+SUM(E740)+IF(COUNTIF(E$1237:E1343,1)=1,5,0)+IF(COUNTIF(F741:$W741,">"&0)<5,IF(AND(COUNTIF(E$1237:E1343,1)>7,MOD(1+IFERROR(MATCH($C741,总览!$D$46:$D$345,1)+1,1),7)=0),$C$3,0),0)} -> 928.6947 | F741: {=IF(F1343=1,OFFSET($W$634,$B741,F$631-1)/SUMPRODUCT(--($D$631:$V$631=F$631),--($D1343:$V1343=1)),0)+SUM(F740)+IF(COUNTIF(F$1237:F1343,1)=1,5,0)+IF(COUNTIF(G741:$W741,">"&0)<5,IF(AND(COUNTIF(F$1237:F1343,1)>7,MOD(1+IFERROR(MATCH($C741,总览!$D$46:$D$345,1)+1,1),7)=0),$C$3,0),0)} -> 928.6947 | G741: {=IF(G1343=1,OFFSET($W$634,$B741,G$631-1)/SUMPRODUCT(--($D$631:$V$631=G$631),--($D1343:$V1343=1)),0)+SUM(G740)+IF(COUNTIF(G$1237:G1343,1)=1,5,0)+IF(COUNTIF(H741:$W741,">"&0)<5,IF(AND(COUNTIF(G$1237:G1343,1)>7,MOD(1+IFERROR(MATCH($C741,总览!$D$46:$D$345,1)+1,1),7)=0),$C$3,0),0)} -> 296.06667 | H741: {=IF(H1343=1,OFFSET($W$634,$B741,H$631-1)/SUMPRODUCT(--($D$631:$V$631=H$631),--($D1343:$V1343=1)),0)+SUM(H740)+IF(COUNTIF(H$1237:H1343,1)=1,5,0)+IF(COUNTIF(I741:$W741,">"&0)<5,IF(AND(COUNTIF(H$1237:H1343,1)>7,MOD(1+IFERROR(MATCH($C741,总览!$D$46:$D$345,1)+1,1),7)=0),$C$3,0),0)} -> 296.06667 | I741: {=IF(I1343=1,OFFSET($W$634,$B741,I$631-1)/SUMPRODUCT(--($D$631:$V$631=I$631),--($D1343:$V1343=1)),0)+SUM(I740)+IF(COUNTIF(I$1237:I1343,1)=1,5,0)+IF(COUNTIF(J741:$W741,">"&0)<5,IF(AND(COUNTIF(I$1237:I1343,1)>7,MOD(1+IFERROR(MATCH($C741,总览!$D$46:$D$345,1)+1,1),7)=0),$C$3,0),0)} -> 296.06667 | J741: {=IF(J1343=1,OFFSET($W$634,$B741,J$631-1)/SUMPRODUCT(--($D$631:$V$631=J$631),--($D1343:$V1343=1)),0)+SUM(J740)+IF(COUNTIF(J$1237:J1343,1)=1,5,0)+IF(COUNTIF(K741:$W741,">"&0)<5,IF(AND(COUNTIF(J$1237:J1343,1)>7,MOD(1+IFERROR(MATCH($C741,总览!$D$46:$D$345,1)+1,1),7)=0),$C$3,0),0)} -> 292.73333 | K741: {=IF(K1343=1,OFFSET($W$634,$B741,K$631-1)/SUMPRODUCT(--($D$631:$V$631=K$631),--($D1343:$V1343=1)),0)+SUM(K740)+IF(COUNTIF(K$1237:K1343,1)=1,5,0)+IF(COUNTIF(L741:$W741,">"&0)<5,IF(AND(COUNTIF(K$1237:K1343,1)>7,MOD(1+IFERROR(MATCH($C741,总览!$D$46:$D$345,1)+1,1),7)=0),$C$3,0),0)} -> 290.23333 | ... V741: {=IF(V1343=1,OFFSET($W$634,$B741,V$631-1)/SUMPRODUCT(--($D$631:$V$631=V$631),--($D1343:$V1343=1)),0)+SUM(V740)+IF(COUNTIF(V$1237:V1343,1)=1,5,0)+IF(COUNTIF(W741:$W741,">"&0)<5,IF(AND(COUNTIF(V$1237:V1343,1)>7,MOD(1+IFERROR(MATCH($C741,总览!$D$46:$D$345,1)+1,1),7)=0),$C$3,0),0)} -> 117.85523 | W741: {=SUMPRODUCT(TRANSPOSE($AA741:$AG741),OFFSET($L$9:$L$15,0,W$631-1))} -> 16.85022 | X741: {=SUMPRODUCT(TRANSPOSE($AA741:$AG741),OFFSET($L$9:$L$15,0,X$631-1))} -> 20 | Y741: {=SUMPRODUCT(TRANSPOSE($AA741:$AG741),OFFSET($L$9:$L$15,0,Y$631-1))} -> 10 | Z741: {=SUMPRODUCT(TRANSPOSE($AA741:$AG741),OFFSET($L$9:$L$15,0,Z$631-1))} -> 3.1497799 | AA741: =AH741-AH740 -> 0 | AB741: =AI741-AI740 -> 0 | AC741: =AJ741-AJ740 -> 0 | AD741: =AK741-AK740 -> 0 | AE741: =AL741-AL740 -> 0 | AF741: =AM741-AM740 -> 100 | AG741: =AN741-AN740 -> 0 | AH741: =IF($C741>OFFSET($Q$8,MATCH(AH$634,$AH$634:$AN$634,0),0),OFFSET($P$8,MATCH(AH$634,$AH$634:$AN$634,0),0),$C741) -> 450 | AI741: =IF($C741>OFFSET($Q$8,MATCH(AI$634,$AH$634:$AN$634,0),0),OFFSET($P$8,MATCH(AI$634,$AH$634:$AN$634,0),0),MAX(0,$C741-OFFSET($Q$8,RIGHT(AI$634,1)-1,0))) -> 909 | AJ741: =IF($C741>OFFSET($Q$8,MATCH(AJ$634,$AH$634:$AN$634,0),0),OFFSET($P$8,MATCH(AJ$634,$AH$634:$AN$634,0),0),MAX(0,$C741-OFFSET($Q$8,RIGHT(AJ$634,1)-1,0))) -> 1818 | AK741: =IF($C741>OFFSET($Q$8,MATCH(AK$634,$AH$634:$AN$634,0),0),OFFSET($P$8,MATCH(AK$634,$AH$634:$AN$634,0),0),MAX(0,$C741-OFFSET($Q$8,RIGHT(AK$634,1)-1,0))) -> 2727 | AL741: =IF($C741>OFFSET($Q$8,MATCH(AL$634,$AH$634:$AN$634,0),0),OFFSET($P$8,MATCH(AL$634,$AH$634:$AN$634,0),0),MAX(0,$C741-OFFSET($Q$8,RIGHT(AL$634,1)-1,0))) -> 3636 | AM741: =IF($C741>OFFSET($Q$8,MATCH(AM$634,$AH$634:$AN$634,0),0),OFFSET($P$8,MATCH(AM$634,$AH$634:$AN$634,0),0),MAX(0,$C741-OFFSET($Q$8,RIGHT(AM$634,1)-1,0))) -> 1160 | AN741: =IF($C741>OFFSET($Q$8,MATCH(AN$634,$AH$634:$AN$634,0),0),OFFSET($P$8,MATCH(AN$634,$AH$634:$AN$634,0),0),MAX(0,$C741-OFFSET($Q$8,RIGHT(AN$634,1)-1,0))) -> 0
B742: 108 | C742: =C137 -> 10800 | D742: {=IF(D1344=1,OFFSET($W$634,$B742,D$631-1)/SUMPRODUCT(--($D$631:$V$631=D$631),--($D1344:$V1344=1)),0)+SUM(D741)+IF(COUNTIF(D$1237:D1344,1)=1,5,0)+IF(COUNTIF(E742:$W742,">"&0)<5,IF(AND(COUNTIF(D$1237:D1344,1)>7,MOD(1+IFERROR(MATCH($C742,总览!$D$46:$D$345,1)+1,1),7)=0),$C$3,0),0)} -> 934.31144 | E742: {=IF(E1344=1,OFFSET($W$634,$B742,E$631-1)/SUMPRODUCT(--($D$631:$V$631=E$631),--($D1344:$V1344=1)),0)+SUM(E741)+IF(COUNTIF(E$1237:E1344,1)=1,5,0)+IF(COUNTIF(F742:$W742,">"&0)<5,IF(AND(COUNTIF(E$1237:E1344,1)>7,MOD(1+IFERROR(MATCH($C742,总览!$D$46:$D$345,1)+1,1),7)=0),$C$3,0),0)} -> 934.31144 | F742: {=IF(F1344=1,OFFSET($W$634,$B742,F$631-1)/SUMPRODUCT(--($D$631:$V$631=F$631),--($D1344:$V1344=1)),0)+SUM(F741)+IF(COUNTIF(F$1237:F1344,1)=1,5,0)+IF(COUNTIF(G742:$W742,">"&0)<5,IF(AND(COUNTIF(F$1237:F1344,1)>7,MOD(1+IFERROR(MATCH($C742,总览!$D$46:$D$345,1)+1,1),7)=0),$C$3,0),0)} -> 934.31144 | G742: {=IF(G1344=1,OFFSET($W$634,$B742,G$631-1)/SUMPRODUCT(--($D$631:$V$631=G$631),--($D1344:$V1344=1)),0)+SUM(G741)+IF(COUNTIF(G$1237:G1344,1)=1,5,0)+IF(COUNTIF(H742:$W742,">"&0)<5,IF(AND(COUNTIF(G$1237:G1344,1)>7,MOD(1+IFERROR(MATCH($C742,总览!$D$46:$D$345,1)+1,1),7)=0),$C$3,0),0)} -> 299.4 | H742: {=IF(H1344=1,OFFSET($W$634,$B742,H$631-1)/SUMPRODUCT(--($D$631:$V$631=H$631),--($D1344:$V1344=1)),0)+SUM(H741)+IF(COUNTIF(H$1237:H1344,1)=1,5,0)+IF(COUNTIF(I742:$W742,">"&0)<5,IF(AND(COUNTIF(H$1237:H1344,1)>7,MOD(1+IFERROR(MATCH($C742,总览!$D$46:$D$345,1)+1,1),7)=0),$C$3,0),0)} -> 299.4 | I742: {=IF(I1344=1,OFFSET($W$634,$B742,I$631-1)/SUMPRODUCT(--($D$631:$V$631=I$631),--($D1344:$V1344=1)),0)+SUM(I741)+IF(COUNTIF(I$1237:I1344,1)=1,5,0)+IF(COUNTIF(J742:$W742,">"&0)<5,IF(AND(COUNTIF(I$1237:I1344,1)>7,MOD(1+IFERROR(MATCH($C742,总览!$D$46:$D$345,1)+1,1),7)=0),$C$3,0),0)} -> 299.4 | J742: {=IF(J1344=1,OFFSET($W$634,$B742,J$631-1)/SUMPRODUCT(--($D$631:$V$631=J$631),--($D1344:$V1344=1)),0)+SUM(J741)+IF(COUNTIF(J$1237:J1344,1)=1,5,0)+IF(COUNTIF(K742:$W742,">"&0)<5,IF(AND(COUNTIF(J$1237:J1344,1)>7,MOD(1+IFERROR(MATCH($C742,总览!$D$46:$D$345,1)+1,1),7)=0),$C$3,0),0)} -> 296.06667 | K742: {=IF(K1344=1,OFFSET($W$634,$B742,K$631-1)/SUMPRODUCT(--($D$631:$V$631=K$631),--($D1344:$V1344=1)),0)+SUM(K741)+IF(COUNTIF(K$1237:K1344,1)=1,5,0)+IF(COUNTIF(L742:$W742,">"&0)<5,IF(AND(COUNTIF(K$1237:K1344,1)>7,MOD(1+IFERROR(MATCH($C742,总览!$D$46:$D$345,1)+1,1),7)=0),$C$3,0),0)} -> 293.56667 | ... V742: {=IF(V1344=1,OFFSET($W$634,$B742,V$631-1)/SUMPRODUCT(--($D$631:$V$631=V$631),--($D1344:$V1344=1)),0)+SUM(V741)+IF(COUNTIF(V$1237:V1344,1)=1,5,0)+IF(COUNTIF(W742:$W742,">"&0)<5,IF(AND(COUNTIF(V$1237:V1344,1)>7,MOD(1+IFERROR(MATCH($C742,总览!$D$46:$D$345,1)+1,1),7)=0),$C$3,0),0)} -> 123.90516 | W742: {=SUMPRODUCT(TRANSPOSE($AA742:$AG742),OFFSET($L$9:$L$15,0,W$631-1))} -> 16.85022 | X742: {=SUMPRODUCT(TRANSPOSE($AA742:$AG742),OFFSET($L$9:$L$15,0,X$631-1))} -> 20 | Y742: {=SUMPRODUCT(TRANSPOSE($AA742:$AG742),OFFSET($L$9:$L$15,0,Y$631-1))} -> 10 | Z742: {=SUMPRODUCT(TRANSPOSE($AA742:$AG742),OFFSET($L$9:$L$15,0,Z$631-1))} -> 3.1497799 | AA742: =AH742-AH741 -> 0 | AB742: =AI742-AI741 -> 0 | AC742: =AJ742-AJ741 -> 0 | AD742: =AK742-AK741 -> 0 | AE742: =AL742-AL741 -> 0 | AF742: =AM742-AM741 -> 100 | AG742: =AN742-AN741 -> 0 | AH742: =IF($C742>OFFSET($Q$8,MATCH(AH$634,$AH$634:$AN$634,0),0),OFFSET($P$8,MATCH(AH$634,$AH$634:$AN$634,0),0),$C742) -> 450 | AI742: =IF($C742>OFFSET($Q$8,MATCH(AI$634,$AH$634:$AN$634,0),0),OFFSET($P$8,MATCH(AI$634,$AH$634:$AN$634,0),0),MAX(0,$C742-OFFSET($Q$8,RIGHT(AI$634,1)-1,0))) -> 909 | AJ742: =IF($C742>OFFSET($Q$8,MATCH(AJ$634,$AH$634:$AN$634,0),0),OFFSET($P$8,MATCH(AJ$634,$AH$634:$AN$634,0),0),MAX(0,$C742-OFFSET($Q$8,RIGHT(AJ$634,1)-1,0))) -> 1818 | AK742: =IF($C742>OFFSET($Q$8,MATCH(AK$634,$AH$634:$AN$634,0),0),OFFSET($P$8,MATCH(AK$634,$AH$634:$AN$634,0),0),MAX(0,$C742-OFFSET($Q$8,RIGHT(AK$634,1)-1,0))) -> 2727 | AL742: =IF($C742>OFFSET($Q$8,MATCH(AL$634,$AH$634:$AN$634,0),0),OFFSET($P$8,MATCH(AL$634,$AH$634:$AN$634,0),0),MAX(0,$C742-OFFSET($Q$8,RIGHT(AL$634,1)-1,0))) -> 3636 | AM742: =IF($C742>OFFSET($Q$8,MATCH(AM$634,$AH$634:$AN$634,0),0),OFFSET($P$8,MATCH(AM$634,$AH$634:$AN$634,0),0),MAX(0,$C742-OFFSET($Q$8,RIGHT(AM$634,1)-1,0))) -> 1260 | AN742: =IF($C742>OFFSET($Q$8,MATCH(AN$634,$AH$634:$AN$634,0),0),OFFSET($P$8,MATCH(AN$634,$AH$634:$AN$634,0),0),MAX(0,$C742-OFFSET($Q$8,RIGHT(AN$634,1)-1,0))) -> 0
B743: 109 | C743: =C138 -> 10900 | D743: {=IF(D1345=1,OFFSET($W$634,$B743,D$631-1)/SUMPRODUCT(--($D$631:$V$631=D$631),--($D1345:$V1345=1)),0)+SUM(D742)+IF(COUNTIF(D$1237:D1345,1)=1,5,0)+IF(COUNTIF(E743:$W743,">"&0)<5,IF(AND(COUNTIF(D$1237:D1345,1)>7,MOD(1+IFERROR(MATCH($C743,总览!$D$46:$D$345,1)+1,1),7)=0),$C$3,0),0)} -> 939.92818 | E743: {=IF(E1345=1,OFFSET($W$634,$B743,E$631-1)/SUMPRODUCT(--($D$631:$V$631=E$631),--($D1345:$V1345=1)),0)+SUM(E742)+IF(COUNTIF(E$1237:E1345,1)=1,5,0)+IF(COUNTIF(F743:$W743,">"&0)<5,IF(AND(COUNTIF(E$1237:E1345,1)>7,MOD(1+IFERROR(MATCH($C743,总览!$D$46:$D$345,1)+1,1),7)=0),$C$3,0),0)} -> 939.92818 | F743: {=IF(F1345=1,OFFSET($W$634,$B743,F$631-1)/SUMPRODUCT(--($D$631:$V$631=F$631),--($D1345:$V1345=1)),0)+SUM(F742)+IF(COUNTIF(F$1237:F1345,1)=1,5,0)+IF(COUNTIF(G743:$W743,">"&0)<5,IF(AND(COUNTIF(F$1237:F1345,1)>7,MOD(1+IFERROR(MATCH($C743,总览!$D$46:$D$345,1)+1,1),7)=0),$C$3,0),0)} -> 939.92818 | G743: {=IF(G1345=1,OFFSET($W$634,$B743,G$631-1)/SUMPRODUCT(--($D$631:$V$631=G$631),--($D1345:$V1345=1)),0)+SUM(G742)+IF(COUNTIF(G$1237:G1345,1)=1,5,0)+IF(COUNTIF(H743:$W743,">"&0)<5,IF(AND(COUNTIF(G$1237:G1345,1)>7,MOD(1+IFERROR(MATCH($C743,总览!$D$46:$D$345,1)+1,1),7)=0),$C$3,0),0)} -> 302.73333 | H743: {=IF(H1345=1,OFFSET($W$634,$B743,H$631-1)/SUMPRODUCT(--($D$631:$V$631=H$631),--($D1345:$V1345=1)),0)+SUM(H742)+IF(COUNTIF(H$1237:H1345,1)=1,5,0)+IF(COUNTIF(I743:$W743,">"&0)<5,IF(AND(COUNTIF(H$1237:H1345,1)>7,MOD(1+IFERROR(MATCH($C743,总览!$D$46:$D$345,1)+1,1),7)=0),$C$3,0),0)} -> 302.73333 | I743: {=IF(I1345=1,OFFSET($W$634,$B743,I$631-1)/SUMPRODUCT(--($D$631:$V$631=I$631),--($D1345:$V1345=1)),0)+SUM(I742)+IF(COUNTIF(I$1237:I1345,1)=1,5,0)+IF(COUNTIF(J743:$W743,">"&0)<5,IF(AND(COUNTIF(I$1237:I1345,1)>7,MOD(1+IFERROR(MATCH($C743,总览!$D$46:$D$345,1)+1,1),7)=0),$C$3,0),0)} -> 302.73333 | J743: {=IF(J1345=1,OFFSET($W$634,$B743,J$631-1)/SUMPRODUCT(--($D$631:$V$631=J$631),--($D1345:$V1345=1)),0)+SUM(J742)+IF(COUNTIF(J$1237:J1345,1)=1,5,0)+IF(COUNTIF(K743:$W743,">"&0)<5,IF(AND(COUNTIF(J$1237:J1345,1)>7,MOD(1+IFERROR(MATCH($C743,总览!$D$46:$D$345,1)+1,1),7)=0),$C$3,0),0)} -> 299.4 | K743: {=IF(K1345=1,OFFSET($W$634,$B743,K$631-1)/SUMPRODUCT(--($D$631:$V$631=K$631),--($D1345:$V1345=1)),0)+SUM(K742)+IF(COUNTIF(K$1237:K1345,1)=1,5,0)+IF(COUNTIF(L743:$W743,">"&0)<5,IF(AND(COUNTIF(K$1237:K1345,1)>7,MOD(1+IFERROR(MATCH($C743,总览!$D$46:$D$345,1)+1,1),7)=0),$C$3,0),0)} -> 296.9 | ... V743: {=IF(V1345=1,OFFSET($W$634,$B743,V$631-1)/SUMPRODUCT(--($D$631:$V$631=V$631),--($D1345:$V1345=1)),0)+SUM(V742)+IF(COUNTIF(V$1237:V1345,1)=1,5,0)+IF(COUNTIF(W743:$W743,">"&0)<5,IF(AND(COUNTIF(V$1237:V1345,1)>7,MOD(1+IFERROR(MATCH($C743,总览!$D$46:$D$345,1)+1,1),7)=0),$C$3,0),0)} -> 124.95508 | W743: {=SUMPRODUCT(TRANSPOSE($AA743:$AG743),OFFSET($L$9:$L$15,0,W$631-1))} -> 16.85022 | X743: {=SUMPRODUCT(TRANSPOSE($AA743:$AG743),OFFSET($L$9:$L$15,0,X$631-1))} -> 20 | Y743: {=SUMPRODUCT(TRANSPOSE($AA743:$AG743),OFFSET($L$9:$L$15,0,Y$631-1))} -> 10 | Z743: {=SUMPRODUCT(TRANSPOSE($AA743:$AG743),OFFSET($L$9:$L$15,0,Z$631-1))} -> 3.1497799 | AA743: =AH743-AH742 -> 0 | AB743: =AI743-AI742 -> 0 | AC743: =AJ743-AJ742 -> 0 | AD743: =AK743-AK742 -> 0 | AE743: =AL743-AL742 -> 0 | AF743: =AM743-AM742 -> 100 | AG743: =AN743-AN742 -> 0 | AH743: =IF($C743>OFFSET($Q$8,MATCH(AH$634,$AH$634:$AN$634,0),0),OFFSET($P$8,MATCH(AH$634,$AH$634:$AN$634,0),0),$C743) -> 450 | AI743: =IF($C743>OFFSET($Q$8,MATCH(AI$634,$AH$634:$AN$634,0),0),OFFSET($P$8,MATCH(AI$634,$AH$634:$AN$634,0),0),MAX(0,$C743-OFFSET($Q$8,RIGHT(AI$634,1)-1,0))) -> 909 | AJ743: =IF($C743>OFFSET($Q$8,MATCH(AJ$634,$AH$634:$AN$634,0),0),OFFSET($P$8,MATCH(AJ$634,$AH$634:$AN$634,0),0),MAX(0,$C743-OFFSET($Q$8,RIGHT(AJ$634,1)-1,0))) -> 1818 | AK743: =IF($C743>OFFSET($Q$8,MATCH(AK$634,$AH$634:$AN$634,0),0),OFFSET($P$8,MATCH(AK$634,$AH$634:$AN$634,0),0),MAX(0,$C743-OFFSET($Q$8,RIGHT(AK$634,1)-1,0))) -> 2727 | AL743: =IF($C743>OFFSET($Q$8,MATCH(AL$634,$AH$634:$AN$634,0),0),OFFSET($P$8,MATCH(AL$634,$AH$634:$AN$634,0),0),MAX(0,$C743-OFFSET($Q$8,RIGHT(AL$634,1)-1,0))) -> 3636 | AM743: =IF($C743>OFFSET($Q$8,MATCH(AM$634,$AH$634:$AN$634,0),0),OFFSET($P$8,MATCH(AM$634,$AH$634:$AN$634,0),0),MAX(0,$C743-OFFSET($Q$8,RIGHT(AM$634,1)-1,0))) -> 1360 | AN743: =IF($C743>OFFSET($Q$8,MATCH(AN$634,$AH$634:$AN$634,0),0),OFFSET($P$8,MATCH(AN$634,$AH$634:$AN$634,0),0),MAX(0,$C743-OFFSET($Q$8,RIGHT(AN$634,1)-1,0))) -> 0
B744: 110 | C744: =C139 -> 11000 | D744: {=IF(D1346=1,OFFSET($W$634,$B744,D$631-1)/SUMPRODUCT(--($D$631:$V$631=D$631),--($D1346:$V1346=1)),0)+SUM(D743)+IF(COUNTIF(D$1237:D1346,1)=1,5,0)+IF(COUNTIF(E744:$W744,">"&0)<5,IF(AND(COUNTIF(D$1237:D1346,1)>7,MOD(1+IFERROR(MATCH($C744,总览!$D$46:$D$345,1)+1,1),7)=0),$C$3,0),0)} -> 945.54492 | E744: {=IF(E1346=1,OFFSET($W$634,$B744,E$631-1)/SUMPRODUCT(--($D$631:$V$631=E$631),--($D1346:$V1346=1)),0)+SUM(E743)+IF(COUNTIF(E$1237:E1346,1)=1,5,0)+IF(COUNTIF(F744:$W744,">"&0)<5,IF(AND(COUNTIF(E$1237:E1346,1)>7,MOD(1+IFERROR(MATCH($C744,总览!$D$46:$D$345,1)+1,1),7)=0),$C$3,0),0)} -> 945.54492 | F744: {=IF(F1346=1,OFFSET($W$634,$B744,F$631-1)/SUMPRODUCT(--($D$631:$V$631=F$631),--($D1346:$V1346=1)),0)+SUM(F743)+IF(COUNTIF(F$1237:F1346,1)=1,5,0)+IF(COUNTIF(G744:$W744,">"&0)<5,IF(AND(COUNTIF(F$1237:F1346,1)>7,MOD(1+IFERROR(MATCH($C744,总览!$D$46:$D$345,1)+1,1),7)=0),$C$3,0),0)} -> 945.54492 | G744: {=IF(G1346=1,OFFSET($W$634,$B744,G$631-1)/SUMPRODUCT(--($D$631:$V$631=G$631),--($D1346:$V1346=1)),0)+SUM(G743)+IF(COUNTIF(G$1237:G1346,1)=1,5,0)+IF(COUNTIF(H744:$W744,">"&0)<5,IF(AND(COUNTIF(G$1237:G1346,1)>7,MOD(1+IFERROR(MATCH($C744,总览!$D$46:$D$345,1)+1,1),7)=0),$C$3,0),0)} -> 306.06667 | H744: {=IF(H1346=1,OFFSET($W$634,$B744,H$631-1)/SUMPRODUCT(--($D$631:$V$631=H$631),--($D1346:$V1346=1)),0)+SUM(H743)+IF(COUNTIF(H$1237:H1346,1)=1,5,0)+IF(COUNTIF(I744:$W744,">"&0)<5,IF(AND(COUNTIF(H$1237:H1346,1)>7,MOD(1+IFERROR(MATCH($C744,总览!$D$46:$D$345,1)+1,1),7)=0),$C$3,0),0)} -> 306.06667 | I744: {=IF(I1346=1,OFFSET($W$634,$B744,I$631-1)/SUMPRODUCT(--($D$631:$V$631=I$631),--($D1346:$V1346=1)),0)+SUM(I743)+IF(COUNTIF(I$1237:I1346,1)=1,5,0)+IF(COUNTIF(J744:$W744,">"&0)<5,IF(AND(COUNTIF(I$1237:I1346,1)>7,MOD(1+IFERROR(MATCH($C744,总览!$D$46:$D$345,1)+1,1),7)=0),$C$3,0),0)} -> 306.06667 | J744: {=IF(J1346=1,OFFSET($W$634,$B744,J$631-1)/SUMPRODUCT(--($D$631:$V$631=J$631),--($D1346:$V1346=1)),0)+SUM(J743)+IF(COUNTIF(J$1237:J1346,1)=1,5,0)+IF(COUNTIF(K744:$W744,">"&0)<5,IF(AND(COUNTIF(J$1237:J1346,1)>7,MOD(1+IFERROR(MATCH($C744,总览!$D$46:$D$345,1)+1,1),7)=0),$C$3,0),0)} -> 302.73333 | K744: {=IF(K1346=1,OFFSET($W$634,$B744,K$631-1)/SUMPRODUCT(--($D$631:$V$631=K$631),--($D1346:$V1346=1)),0)+SUM(K743)+IF(COUNTIF(K$1237:K1346,1)=1,5,0)+IF(COUNTIF(L744:$W744,">"&0)<5,IF(AND(COUNTIF(K$1237:K1346,1)>7,MOD(1+IFERROR(MATCH($C744,总览!$D$46:$D$345,1)+1,1),7)=0),$C$3,0),0)} -> 300.23333 | ... V744: {=IF(V1346=1,OFFSET($W$634,$B744,V$631-1)/SUMPRODUCT(--($D$631:$V$631=V$631),--($D1346:$V1346=1)),0)+SUM(V743)+IF(COUNTIF(V$1237:V1346,1)=1,5,0)+IF(COUNTIF(W744:$W744,">"&0)<5,IF(AND(COUNTIF(V$1237:V1346,1)>7,MOD(1+IFERROR(MATCH($C744,总览!$D$46:$D$345,1)+1,1),7)=0),$C$3,0),0)} -> 126.00501 | W744: {=SUMPRODUCT(TRANSPOSE($AA744:$AG744),OFFSET($L$9:$L$15,0,W$631-1))} -> 16.85022 | X744: {=SUMPRODUCT(TRANSPOSE($AA744:$AG744),OFFSET($L$9:$L$15,0,X$631-1))} -> 20 | Y744: {=SUMPRODUCT(TRANSPOSE($AA744:$AG744),OFFSET($L$9:$L$15,0,Y$631-1))} -> 10 | Z744: {=SUMPRODUCT(TRANSPOSE($AA744:$AG744),OFFSET($L$9:$L$15,0,Z$631-1))} -> 3.1497799 | AA744: =AH744-AH743 -> 0 | AB744: =AI744-AI743 -> 0 | AC744: =AJ744-AJ743 -> 0 | AD744: =AK744-AK743 -> 0 | AE744: =AL744-AL743 -> 0 | AF744: =AM744-AM743 -> 100 | AG744: =AN744-AN743 -> 0 | AH744: =IF($C744>OFFSET($Q$8,MATCH(AH$634,$AH$634:$AN$634,0),0),OFFSET($P$8,MATCH(AH$634,$AH$634:$AN$634,0),0),$C744) -> 450 | AI744: =IF($C744>OFFSET($Q$8,MATCH(AI$634,$AH$634:$AN$634,0),0),OFFSET($P$8,MATCH(AI$634,$AH$634:$AN$634,0),0),MAX(0,$C744-OFFSET($Q$8,RIGHT(AI$634,1)-1,0))) -> 909 | AJ744: =IF($C744>OFFSET($Q$8,MATCH(AJ$634,$AH$634:$AN$634,0),0),OFFSET($P$8,MATCH(AJ$634,$AH$634:$AN$634,0),0),MAX(0,$C744-OFFSET($Q$8,RIGHT(AJ$634,1)-1,0))) -> 1818 | AK744: =IF($C744>OFFSET($Q$8,MATCH(AK$634,$AH$634:$AN$634,0),0),OFFSET($P$8,MATCH(AK$634,$AH$634:$AN$634,0),0),MAX(0,$C744-OFFSET($Q$8,RIGHT(AK$634,1)-1,0))) -> 2727 | AL744: =IF($C744>OFFSET($Q$8,MATCH(AL$634,$AH$634:$AN$634,0),0),OFFSET($P$8,MATCH(AL$634,$AH$634:$AN$634,0),0),MAX(0,$C744-OFFSET($Q$8,RIGHT(AL$634,1)-1,0))) -> 3636 | AM744: =IF($C744>OFFSET($Q$8,MATCH(AM$634,$AH$634:$AN$634,0),0),OFFSET($P$8,MATCH(AM$634,$AH$634:$AN$634,0),0),MAX(0,$C744-OFFSET($Q$8,RIGHT(AM$634,1)-1,0))) -> 1460 | AN744: =IF($C744>OFFSET($Q$8,MATCH(AN$634,$AH$634:$AN$634,0),0),OFFSET($P$8,MATCH(AN$634,$AH$634:$AN$634,0),0),MAX(0,$C744-OFFSET($Q$8,RIGHT(AN$634,1)-1,0))) -> 0
B745: 111 | C745: =C140 -> 11100 | D745: {=IF(D1347=1,OFFSET($W$634,$B745,D$631-1)/SUMPRODUCT(--($D$631:$V$631=D$631),--($D1347:$V1347=1)),0)+SUM(D744)+IF(COUNTIF(D$1237:D1347,1)=1,5,0)+IF(COUNTIF(E745:$W745,">"&0)<5,IF(AND(COUNTIF(D$1237:D1347,1)>7,MOD(1+IFERROR(MATCH($C745,总览!$D$46:$D$345,1)+1,1),7)=0),$C$3,0),0)} -> 951.16166 | E745: {=IF(E1347=1,OFFSET($W$634,$B745,E$631-1)/SUMPRODUCT(--($D$631:$V$631=E$631),--($D1347:$V1347=1)),0)+SUM(E744)+IF(COUNTIF(E$1237:E1347,1)=1,5,0)+IF(COUNTIF(F745:$W745,">"&0)<5,IF(AND(COUNTIF(E$1237:E1347,1)>7,MOD(1+IFERROR(MATCH($C745,总览!$D$46:$D$345,1)+1,1),7)=0),$C$3,0),0)} -> 951.16166 | F745: {=IF(F1347=1,OFFSET($W$634,$B745,F$631-1)/SUMPRODUCT(--($D$631:$V$631=F$631),--($D1347:$V1347=1)),0)+SUM(F744)+IF(COUNTIF(F$1237:F1347,1)=1,5,0)+IF(COUNTIF(G745:$W745,">"&0)<5,IF(AND(COUNTIF(F$1237:F1347,1)>7,MOD(1+IFERROR(MATCH($C745,总览!$D$46:$D$345,1)+1,1),7)=0),$C$3,0),0)} -> 951.16166 | G745: {=IF(G1347=1,OFFSET($W$634,$B745,G$631-1)/SUMPRODUCT(--($D$631:$V$631=G$631),--($D1347:$V1347=1)),0)+SUM(G744)+IF(COUNTIF(G$1237:G1347,1)=1,5,0)+IF(COUNTIF(H745:$W745,">"&0)<5,IF(AND(COUNTIF(G$1237:G1347,1)>7,MOD(1+IFERROR(MATCH($C745,总览!$D$46:$D$345,1)+1,1),7)=0),$C$3,0),0)} -> 309.4 | H745: {=IF(H1347=1,OFFSET($W$634,$B745,H$631-1)/SUMPRODUCT(--($D$631:$V$631=H$631),--($D1347:$V1347=1)),0)+SUM(H744)+IF(COUNTIF(H$1237:H1347,1)=1,5,0)+IF(COUNTIF(I745:$W745,">"&0)<5,IF(AND(COUNTIF(H$1237:H1347,1)>7,MOD(1+IFERROR(MATCH($C745,总览!$D$46:$D$345,1)+1,1),7)=0),$C$3,0),0)} -> 309.4 | I745: {=IF(I1347=1,OFFSET($W$634,$B745,I$631-1)/SUMPRODUCT(--($D$631:$V$631=I$631),--($D1347:$V1347=1)),0)+SUM(I744)+IF(COUNTIF(I$1237:I1347,1)=1,5,0)+IF(COUNTIF(J745:$W745,">"&0)<5,IF(AND(COUNTIF(I$1237:I1347,1)>7,MOD(1+IFERROR(MATCH($C745,总览!$D$46:$D$345,1)+1,1),7)=0),$C$3,0),0)} -> 309.4 | J745: {=IF(J1347=1,OFFSET($W$634,$B745,J$631-1)/SUMPRODUCT(--($D$631:$V$631=J$631),--($D1347:$V1347=1)),0)+SUM(J744)+IF(COUNTIF(J$1237:J1347,1)=1,5,0)+IF(COUNTIF(K745:$W745,">"&0)<5,IF(AND(COUNTIF(J$1237:J1347,1)>7,MOD(1+IFERROR(MATCH($C745,总览!$D$46:$D$345,1)+1,1),7)=0),$C$3,0),0)} -> 306.06667 | K745: {=IF(K1347=1,OFFSET($W$634,$B745,K$631-1)/SUMPRODUCT(--($D$631:$V$631=K$631),--($D1347:$V1347=1)),0)+SUM(K744)+IF(COUNTIF(K$1237:K1347,1)=1,5,0)+IF(COUNTIF(L745:$W745,">"&0)<5,IF(AND(COUNTIF(K$1237:K1347,1)>7,MOD(1+IFERROR(MATCH($C745,总览!$D$46:$D$345,1)+1,1),7)=0),$C$3,0),0)} -> 303.56667 | ... V745: {=IF(V1347=1,OFFSET($W$634,$B745,V$631-1)/SUMPRODUCT(--($D$631:$V$631=V$631),--($D1347:$V1347=1)),0)+SUM(V744)+IF(COUNTIF(V$1237:V1347,1)=1,5,0)+IF(COUNTIF(W745:$W745,">"&0)<5,IF(AND(COUNTIF(V$1237:V1347,1)>7,MOD(1+IFERROR(MATCH($C745,总览!$D$46:$D$345,1)+1,1),7)=0),$C$3,0),0)} -> 127.05494 | W745: {=SUMPRODUCT(TRANSPOSE($AA745:$AG745),OFFSET($L$9:$L$15,0,W$631-1))} -> 16.85022 | X745: {=SUMPRODUCT(TRANSPOSE($AA745:$AG745),OFFSET($L$9:$L$15,0,X$631-1))} -> 20 | Y745: {=SUMPRODUCT(TRANSPOSE($AA745:$AG745),OFFSET($L$9:$L$15,0,Y$631-1))} -> 10 | Z745: {=SUMPRODUCT(TRANSPOSE($AA745:$AG745),OFFSET($L$9:$L$15,0,Z$631-1))} -> 3.1497799 | AA745: =AH745-AH744 -> 0 | AB745: =AI745-AI744 -> 0 | AC745: =AJ745-AJ744 -> 0 | AD745: =AK745-AK744 -> 0 | AE745: =AL745-AL744 -> 0 | AF745: =AM745-AM744 -> 100 | AG745: =AN745-AN744 -> 0 | AH745: =IF($C745>OFFSET($Q$8,MATCH(AH$634,$AH$634:$AN$634,0),0),OFFSET($P$8,MATCH(AH$634,$AH$634:$AN$634,0),0),$C745) -> 450 | AI745: =IF($C745>OFFSET($Q$8,MATCH(AI$634,$AH$634:$AN$634,0),0),OFFSET($P$8,MATCH(AI$634,$AH$634:$AN$634,0),0),MAX(0,$C745-OFFSET($Q$8,RIGHT(AI$634,1)-1,0))) -> 909 | AJ745: =IF($C745>OFFSET($Q$8,MATCH(AJ$634,$AH$634:$AN$634,0),0),OFFSET($P$8,MATCH(AJ$634,$AH$634:$AN$634,0),0),MAX(0,$C745-OFFSET($Q$8,RIGHT(AJ$634,1)-1,0))) -> 1818 | AK745: =IF($C745>OFFSET($Q$8,MATCH(AK$634,$AH$634:$AN$634,0),0),OFFSET($P$8,MATCH(AK$634,$AH$634:$AN$634,0),0),MAX(0,$C745-OFFSET($Q$8,RIGHT(AK$634,1)-1,0))) -> 2727 | AL745: =IF($C745>OFFSET($Q$8,MATCH(AL$634,$AH$634:$AN$634,0),0),OFFSET($P$8,MATCH(AL$634,$AH$634:$AN$634,0),0),MAX(0,$C745-OFFSET($Q$8,RIGHT(AL$634,1)-1,0))) -> 3636 | AM745: =IF($C745>OFFSET($Q$8,MATCH(AM$634,$AH$634:$AN$634,0),0),OFFSET($P$8,MATCH(AM$634,$AH$634:$AN$634,0),0),MAX(0,$C745-OFFSET($Q$8,RIGHT(AM$634,1)-1,0))) -> 1560 | AN745: =IF($C745>OFFSET($Q$8,MATCH(AN$634,$AH$634:$AN$634,0),0),OFFSET($P$8,MATCH(AN$634,$AH$634:$AN$634,0),0),MAX(0,$C745-OFFSET($Q$8,RIGHT(AN$634,1)-1,0))) -> 0
B746: 112 | C746: =C141 -> 11200 | D746: {=IF(D1348=1,OFFSET($W$634,$B746,D$631-1)/SUMPRODUCT(--($D$631:$V$631=D$631),--($D1348:$V1348=1)),0)+SUM(D745)+IF(COUNTIF(D$1237:D1348,1)=1,5,0)+IF(COUNTIF(E746:$W746,">"&0)<5,IF(AND(COUNTIF(D$1237:D1348,1)>7,MOD(1+IFERROR(MATCH($C746,总览!$D$46:$D$345,1)+1,1),7)=0),$C$3,0),0)} -> 956.7784 | E746: {=IF(E1348=1,OFFSET($W$634,$B746,E$631-1)/SUMPRODUCT(--($D$631:$V$631=E$631),--($D1348:$V1348=1)),0)+SUM(E745)+IF(COUNTIF(E$1237:E1348,1)=1,5,0)+IF(COUNTIF(F746:$W746,">"&0)<5,IF(AND(COUNTIF(E$1237:E1348,1)>7,MOD(1+IFERROR(MATCH($C746,总览!$D$46:$D$345,1)+1,1),7)=0),$C$3,0),0)} -> 956.7784 | F746: {=IF(F1348=1,OFFSET($W$634,$B746,F$631-1)/SUMPRODUCT(--($D$631:$V$631=F$631),--($D1348:$V1348=1)),0)+SUM(F745)+IF(COUNTIF(F$1237:F1348,1)=1,5,0)+IF(COUNTIF(G746:$W746,">"&0)<5,IF(AND(COUNTIF(F$1237:F1348,1)>7,MOD(1+IFERROR(MATCH($C746,总览!$D$46:$D$345,1)+1,1),7)=0),$C$3,0),0)} -> 956.7784 | G746: {=IF(G1348=1,OFFSET($W$634,$B746,G$631-1)/SUMPRODUCT(--($D$631:$V$631=G$631),--($D1348:$V1348=1)),0)+SUM(G745)+IF(COUNTIF(G$1237:G1348,1)=1,5,0)+IF(COUNTIF(H746:$W746,">"&0)<5,IF(AND(COUNTIF(G$1237:G1348,1)>7,MOD(1+IFERROR(MATCH($C746,总览!$D$46:$D$345,1)+1,1),7)=0),$C$3,0),0)} -> 312.73333 | H746: {=IF(H1348=1,OFFSET($W$634,$B746,H$631-1)/SUMPRODUCT(--($D$631:$V$631=H$631),--($D1348:$V1348=1)),0)+SUM(H745)+IF(COUNTIF(H$1237:H1348,1)=1,5,0)+IF(COUNTIF(I746:$W746,">"&0)<5,IF(AND(COUNTIF(H$1237:H1348,1)>7,MOD(1+IFERROR(MATCH($C746,总览!$D$46:$D$345,1)+1,1),7)=0),$C$3,0),0)} -> 312.73333 | I746: {=IF(I1348=1,OFFSET($W$634,$B746,I$631-1)/SUMPRODUCT(--($D$631:$V$631=I$631),--($D1348:$V1348=1)),0)+SUM(I745)+IF(COUNTIF(I$1237:I1348,1)=1,5,0)+IF(COUNTIF(J746:$W746,">"&0)<5,IF(AND(COUNTIF(I$1237:I1348,1)>7,MOD(1+IFERROR(MATCH($C746,总览!$D$46:$D$345,1)+1,1),7)=0),$C$3,0),0)} -> 312.73333 | J746: {=IF(J1348=1,OFFSET($W$634,$B746,J$631-1)/SUMPRODUCT(--($D$631:$V$631=J$631),--($D1348:$V1348=1)),0)+SUM(J745)+IF(COUNTIF(J$1237:J1348,1)=1,5,0)+IF(COUNTIF(K746:$W746,">"&0)<5,IF(AND(COUNTIF(J$1237:J1348,1)>7,MOD(1+IFERROR(MATCH($C746,总览!$D$46:$D$345,1)+1,1),7)=0),$C$3,0),0)} -> 309.4 | K746: {=IF(K1348=1,OFFSET($W$634,$B746,K$631-1)/SUMPRODUCT(--($D$631:$V$631=K$631),--($D1348:$V1348=1)),0)+SUM(K745)+IF(COUNTIF(K$1237:K1348,1)=1,5,0)+IF(COUNTIF(L746:$W746,">"&0)<5,IF(AND(COUNTIF(K$1237:K1348,1)>7,MOD(1+IFERROR(MATCH($C746,总览!$D$46:$D$345,1)+1,1),7)=0),$C$3,0),0)} -> 306.9 | ... V746: {=IF(V1348=1,OFFSET($W$634,$B746,V$631-1)/SUMPRODUCT(--($D$631:$V$631=V$631),--($D1348:$V1348=1)),0)+SUM(V745)+IF(COUNTIF(V$1237:V1348,1)=1,5,0)+IF(COUNTIF(W746:$W746,">"&0)<5,IF(AND(COUNTIF(V$1237:V1348,1)>7,MOD(1+IFERROR(MATCH($C746,总览!$D$46:$D$345,1)+1,1),7)=0),$C$3,0),0)} -> 128.10486 | W746: {=SUMPRODUCT(TRANSPOSE($AA746:$AG746),OFFSET($L$9:$L$15,0,W$631-1))} -> 16.85022 | X746: {=SUMPRODUCT(TRANSPOSE($AA746:$AG746),OFFSET($L$9:$L$15,0,X$631-1))} -> 20 | Y746: {=SUMPRODUCT(TRANSPOSE($AA746:$AG746),OFFSET($L$9:$L$15,0,Y$631-1))} -> 10 | Z746: {=SUMPRODUCT(TRANSPOSE($AA746:$AG746),OFFSET($L$9:$L$15,0,Z$631-1))} -> 3.1497799 | AA746: =AH746-AH745 -> 0 | AB746: =AI746-AI745 -> 0 | AC746: =AJ746-AJ745 -> 0 | AD746: =AK746-AK745 -> 0 | AE746: =AL746-AL745 -> 0 | AF746: =AM746-AM745 -> 100 | AG746: =AN746-AN745 -> 0 | AH746: =IF($C746>OFFSET($Q$8,MATCH(AH$634,$AH$634:$AN$634,0),0),OFFSET($P$8,MATCH(AH$634,$AH$634:$AN$634,0),0),$C746) -> 450 | AI746: =IF($C746>OFFSET($Q$8,MATCH(AI$634,$AH$634:$AN$634,0),0),OFFSET($P$8,MATCH(AI$634,$AH$634:$AN$634,0),0),MAX(0,$C746-OFFSET($Q$8,RIGHT(AI$634,1)-1,0))) -> 909 | AJ746: =IF($C746>OFFSET($Q$8,MATCH(AJ$634,$AH$634:$AN$634,0),0),OFFSET($P$8,MATCH(AJ$634,$AH$634:$AN$634,0),0),MAX(0,$C746-OFFSET($Q$8,RIGHT(AJ$634,1)-1,0))) -> 1818 | AK746: =IF($C746>OFFSET($Q$8,MATCH(AK$634,$AH$634:$AN$634,0),0),OFFSET($P$8,MATCH(AK$634,$AH$634:$AN$634,0),0),MAX(0,$C746-OFFSET($Q$8,RIGHT(AK$634,1)-1,0))) -> 2727 | AL746: =IF($C746>OFFSET($Q$8,MATCH(AL$634,$AH$634:$AN$634,0),0),OFFSET($P$8,MATCH(AL$634,$AH$634:$AN$634,0),0),MAX(0,$C746-OFFSET($Q$8,RIGHT(AL$634,1)-1,0))) -> 3636 | AM746: =IF($C746>OFFSET($Q$8,MATCH(AM$634,$AH$634:$AN$634,0),0),OFFSET($P$8,MATCH(AM$634,$AH$634:$AN$634,0),0),MAX(0,$C746-OFFSET($Q$8,RIGHT(AM$634,1)-1,0))) -> 1660 | AN746: =IF($C746>OFFSET($Q$8,MATCH(AN$634,$AH$634:$AN$634,0),0),OFFSET($P$8,MATCH(AN$634,$AH$634:$AN$634,0),0),MAX(0,$C746-OFFSET($Q$8,RIGHT(AN$634,1)-1,0))) -> 0
... B1234: 600 | C1234: =C629 -> 60000 | D1234: {=IF(D1836=1,OFFSET($W$634,$B1234,D$631-1)/SUMPRODUCT(--($D$631:$V$631=D$631),--($D1836:$V1836=1)),0)+SUM(D1233)+IF(COUNTIF(D$1237:D1836,1)=1,5,0)+IF(COUNTIF(E1234:$W1234,">"&0)<5,IF(AND(COUNTIF(D$1237:D1836,1)>7,MOD(1+IFERROR(MATCH($C1234,总览!$D$46:$D$345,1)+1,1),7)=0),$C$3,0),0)} -> 3697.7475 | E1234: {=IF(E1836=1,OFFSET($W$634,$B1234,E$631-1)/SUMPRODUCT(--($D$631:$V$631=E$631),--($D1836:$V1836=1)),0)+SUM(E1233)+IF(COUNTIF(E$1237:E1836,1)=1,5,0)+IF(COUNTIF(F1234:$W1234,">"&0)<5,IF(AND(COUNTIF(E$1237:E1836,1)>7,MOD(1+IFERROR(MATCH($C1234,总览!$D$46:$D$345,1)+1,1),7)=0),$C$3,0),0)} -> 3697.7475 | F1234: {=IF(F1836=1,OFFSET($W$634,$B1234,F$631-1)/SUMPRODUCT(--($D$631:$V$631=F$631),--($D1836:$V1836=1)),0)+SUM(F1233)+IF(COUNTIF(F$1237:F1836,1)=1,5,0)+IF(COUNTIF(G1234:$W1234,">"&0)<5,IF(AND(COUNTIF(F$1237:F1836,1)>7,MOD(1+IFERROR(MATCH($C1234,总览!$D$46:$D$345,1)+1,1),7)=0),$C$3,0),0)} -> 3697.7475 | G1234: {=IF(G1836=1,OFFSET($W$634,$B1234,G$631-1)/SUMPRODUCT(--($D$631:$V$631=G$631),--($D1836:$V1836=1)),0)+SUM(G1233)+IF(COUNTIF(G$1237:G1836,1)=1,5,0)+IF(COUNTIF(H1234:$W1234,">"&0)<5,IF(AND(COUNTIF(G$1237:G1836,1)>7,MOD(1+IFERROR(MATCH($C1234,总览!$D$46:$D$345,1)+1,1),7)=0),$C$3,0),0)} -> 1939.4 | H1234: {=IF(H1836=1,OFFSET($W$634,$B1234,H$631-1)/SUMPRODUCT(--($D$631:$V$631=H$631),--($D1836:$V1836=1)),0)+SUM(H1233)+IF(COUNTIF(H$1237:H1836,1)=1,5,0)+IF(COUNTIF(I1234:$W1234,">"&0)<5,IF(AND(COUNTIF(H$1237:H1836,1)>7,MOD(1+IFERROR(MATCH($C1234,总览!$D$46:$D$345,1)+1,1),7)=0),$C$3,0),0)} -> 1939.4 | I1234: {=IF(I1836=1,OFFSET($W$634,$B1234,I$631-1)/SUMPRODUCT(--($D$631:$V$631=I$631),--($D1836:$V1836=1)),0)+SUM(I1233)+IF(COUNTIF(I$1237:I1836,1)=1,5,0)+IF(COUNTIF(J1234:$W1234,">"&0)<5,IF(AND(COUNTIF(I$1237:I1836,1)>7,MOD(1+IFERROR(MATCH($C1234,总览!$D$46:$D$345,1)+1,1),7)=0),$C$3,0),0)} -> 1939.4 | J1234: {=IF(J1836=1,OFFSET($W$634,$B1234,J$631-1)/SUMPRODUCT(--($D$631:$V$631=J$631),--($D1836:$V1836=1)),0)+SUM(J1233)+IF(COUNTIF(J$1237:J1836,1)=1,5,0)+IF(COUNTIF(K1234:$W1234,">"&0)<5,IF(AND(COUNTIF(J$1237:J1836,1)>7,MOD(1+IFERROR(MATCH($C1234,总览!$D$46:$D$345,1)+1,1),7)=0),$C$3,0),0)} -> 1936.0667 | K1234: {=IF(K1836=1,OFFSET($W$634,$B1234,K$631-1)/SUMPRODUCT(--($D$631:$V$631=K$631),--($D1836:$V1836=1)),0)+SUM(K1233)+IF(COUNTIF(K$1237:K1836,1)=1,5,0)+IF(COUNTIF(L1234:$W1234,">"&0)<5,IF(AND(COUNTIF(K$1237:K1836,1)>7,MOD(1+IFERROR(MATCH($C1234,总览!$D$46:$D$345,1)+1,1),7)=0),$C$3,0),0)} -> 1933.5667 | ... V1234: {=IF(V1836=1,OFFSET($W$634,$B1234,V$631-1)/SUMPRODUCT(--($D$631:$V$631=V$631),--($D1836:$V1836=1)),0)+SUM(V1233)+IF(COUNTIF(V$1237:V1836,1)=1,5,0)+IF(COUNTIF(W1234:$W1234,">"&0)<5,IF(AND(COUNTIF(V$1237:V1836,1)>7,MOD(1+IFERROR(MATCH($C1234,总览!$D$46:$D$345,1)+1,1),7)=0),$C$3,0),0)} -> 690.46907 | W1234: {=SUMPRODUCT(TRANSPOSE($AA1234:$AG1234),OFFSET($L$9:$L$15,0,W$631-1))} -> 16.85022 | X1234: {=SUMPRODUCT(TRANSPOSE($AA1234:$AG1234),OFFSET($L$9:$L$15,0,X$631-1))} -> 20 | Y1234: {=SUMPRODUCT(TRANSPOSE($AA1234:$AG1234),OFFSET($L$9:$L$15,0,Y$631-1))} -> 10 | Z1234: {=SUMPRODUCT(TRANSPOSE($AA1234:$AG1234),OFFSET($L$9:$L$15,0,Z$631-1))} -> 3.1497799 | AA1234: =AH1234-AH1233 -> 0 | AB1234: =AI1234-AI1233 -> 0 | AC1234: =AJ1234-AJ1233 -> 0 | AD1234: =AK1234-AK1233 -> 0 | AE1234: =AL1234-AL1233 -> 0 | AF1234: =AM1234-AM1233 -> 0 | AG1234: =AN1234-AN1233 -> 100 | AH1234: =IF($C1234>OFFSET($Q$8,MATCH(AH$634,$AH$634:$AN$634,0),0),OFFSET($P$8,MATCH(AH$634,$AH$634:$AN$634,0),0),$C1234) -> 450 | AI1234: =IF($C1234>OFFSET($Q$8,MATCH(AI$634,$AH$634:$AN$634,0),0),OFFSET($P$8,MATCH(AI$634,$AH$634:$AN$634,0),0),MAX(0,$C1234-OFFSET($Q$8,RIGHT(AI$634,1)-1,0))) -> 909 | AJ1234: =IF($C1234>OFFSET($Q$8,MATCH(AJ$634,$AH$634:$AN$634,0),0),OFFSET($P$8,MATCH(AJ$634,$AH$634:$AN$634,0),0),MAX(0,$C1234-OFFSET($Q$8,RIGHT(AJ$634,1)-1,0))) -> 1818 | AK1234: =IF($C1234>OFFSET($Q$8,MATCH(AK$634,$AH$634:$AN$634,0),0),OFFSET($P$8,MATCH(AK$634,$AH$634:$AN$634,0),0),MAX(0,$C1234-OFFSET($Q$8,RIGHT(AK$634,1)-1,0))) -> 2727 | AL1234: =IF($C1234>OFFSET($Q$8,MATCH(AL$634,$AH$634:$AN$634,0),0),OFFSET($P$8,MATCH(AL$634,$AH$634:$AN$634,0),0),MAX(0,$C1234-OFFSET($Q$8,RIGHT(AL$634,1)-1,0))) -> 3636 | AM1234: =IF($C1234>OFFSET($Q$8,MATCH(AM$634,$AH$634:$AN$634,0),0),OFFSET($P$8,MATCH(AM$634,$AH$634:$AN$634,0),0),MAX(0,$C1234-OFFSET($Q$8,RIGHT(AM$634,1)-1,0))) -> 4545 | AN1234: =IF($C1234>OFFSET($Q$8,MATCH(AN$634,$AH$634:$AN$634,0),0),OFFSET($P$8,MATCH(AN$634,$AH$634:$AN$634,0),0),MAX(0,$C1234-OFFSET($Q$8,RIGHT(AN$634,1)-1,0))) -> 45915
B1236: 天数 | C1236: 抽数 | D1236: 寒冰射手 | E1236: 炽焰巫师 | F1236: 吟游诗人 | G1236: 摇滚巨石 | H1236: 泥巴少女 | I1236: 雷震子 | J1236: 忍者鲨手 | K1236: 甜心护士 | L1236: 路飞 | M1236: 镭射眼 | N1236: 东方不败 | O1236: 亚瑟 | P1236: 蜘蛛女王 | Q1236: 唐小僧 | R1236: 神灯王子 | S1236: 关羽 | T1236: 后羿 | U1236: 海拉 | V1236: 神算诸葛
B1237: 1 | C1237: =C635 -> 100 | D1237: =IF($C1237>D$633,1,0) -> 1 | E1237: =IF($C1237>E$633,1,0) -> 1 | F1237: =IF($C1237>F$633,1,0) -> 1 | G1237: =IF($C1237>G$633,1,0) -> 1 | H1237: =IF($C1237>H$633,1,0) -> 1 | I1237: =IF($C1237>I$633,1,0) -> 1 | J1237: =IF($C1237>J$633,1,0) -> 0 | K1237: =IF($C1237>K$633,1,0) -> 0 | ... V1237: =IF($C1237>V$633,1,0) -> 0
B1238: 2 | C1238: =C636 -> 200 | D1238: =IF($C1238>D$633,1,0) -> 1 | E1238: =IF($C1238>E$633,1,0) -> 1 | F1238: =IF($C1238>F$633,1,0) -> 1 | G1238: =IF($C1238>G$633,1,0) -> 1 | H1238: =IF($C1238>H$633,1,0) -> 1 | I1238: =IF($C1238>I$633,1,0) -> 1 | J1238: =IF($C1238>J$633,1,0) -> 1 | K1238: =IF($C1238>K$633,1,0) -> 0 | ... V1238: =IF($C1238>V$633,1,0) -> 0
B1239: 3 | C1239: =C637 -> 300 | D1239: =IF($C1239>D$633,1,0) -> 1 | E1239: =IF($C1239>E$633,1,0) -> 1 | F1239: =IF($C1239>F$633,1,0) -> 1 | G1239: =IF($C1239>G$633,1,0) -> 1 | H1239: =IF($C1239>H$633,1,0) -> 1 | I1239: =IF($C1239>I$633,1,0) -> 1 | J1239: =IF($C1239>J$633,1,0) -> 1 | K1239: =IF($C1239>K$633,1,0) -> 1 | ... V1239: =IF($C1239>V$633,1,0) -> 0
B1240: 4 | C1240: =C638 -> 400 | D1240: =IF($C1240>D$633,1,0) -> 1 | E1240: =IF($C1240>E$633,1,0) -> 1 | F1240: =IF($C1240>F$633,1,0) -> 1 | G1240: =IF($C1240>G$633,1,0) -> 1 | H1240: =IF($C1240>H$633,1,0) -> 1 | I1240: =IF($C1240>I$633,1,0) -> 1 | J1240: =IF($C1240>J$633,1,0) -> 1 | K1240: =IF($C1240>K$633,1,0) -> 1 | ... V1240: =IF($C1240>V$633,1,0) -> 0
B1241: 5 | C1241: =C639 -> 500 | D1241: =IF($C1241>D$633,1,0) -> 1 | E1241: =IF($C1241>E$633,1,0) -> 1 | F1241: =IF($C1241>F$633,1,0) -> 1 | G1241: =IF($C1241>G$633,1,0) -> 1 | H1241: =IF($C1241>H$633,1,0) -> 1 | I1241: =IF($C1241>I$633,1,0) -> 1 | J1241: =IF($C1241>J$633,1,0) -> 1 | K1241: =IF($C1241>K$633,1,0) -> 1 | ... V1241: =IF($C1241>V$633,1,0) -> 0
B1242: 6 | C1242: =C640 -> 600 | D1242: =IF($C1242>D$633,1,0) -> 1 | E1242: =IF($C1242>E$633,1,0) -> 1 | F1242: =IF($C1242>F$633,1,0) -> 1 | G1242: =IF($C1242>G$633,1,0) -> 1 | H1242: =IF($C1242>H$633,1,0) -> 1 | I1242: =IF($C1242>I$633,1,0) -> 1 | J1242: =IF($C1242>J$633,1,0) -> 1 | K1242: =IF($C1242>K$633,1,0) -> 1 | ... V1242: =IF($C1242>V$633,1,0) -> 0
B1243: 7 | C1243: =C641 -> 700 | D1243: =IF($C1243>D$633,1,0) -> 1 | E1243: =IF($C1243>E$633,1,0) -> 1 | F1243: =IF($C1243>F$633,1,0) -> 1 | G1243: =IF($C1243>G$633,1,0) -> 1 | H1243: =IF($C1243>H$633,1,0) -> 1 | I1243: =IF($C1243>I$633,1,0) -> 1 | J1243: =IF($C1243>J$633,1,0) -> 1 | K1243: =IF($C1243>K$633,1,0) -> 1 | ... V1243: =IF($C1243>V$633,1,0) -> 0
B1244: 8 | C1244: =C642 -> 800 | D1244: =IF($C1244>D$633,1,0) -> 1 | E1244: =IF($C1244>E$633,1,0) -> 1 | F1244: =IF($C1244>F$633,1,0) -> 1 | G1244: =IF($C1244>G$633,1,0) -> 1 | H1244: =IF($C1244>H$633,1,0) -> 1 | I1244: =IF($C1244>I$633,1,0) -> 1 | J1244: =IF($C1244>J$633,1,0) -> 1 | K1244: =IF($C1244>K$633,1,0) -> 1 | ... V1244: =IF($C1244>V$633,1,0) -> 0
B1245: 9 | C1245: =C643 -> 900 | D1245: =IF($C1245>D$633,1,0) -> 1 | E1245: =IF($C1245>E$633,1,0) -> 1 | F1245: =IF($C1245>F$633,1,0) -> 1 | G1245: =IF($C1245>G$633,1,0) -> 1 | H1245: =IF($C1245>H$633,1,0) -> 1 | I1245: =IF($C1245>I$633,1,0) -> 1 | J1245: =IF($C1245>J$633,1,0) -> 1 | K1245: =IF($C1245>K$633,1,0) -> 1 | ... V1245: =IF($C1245>V$633,1,0) -> 0
B1246: 10 | C1246: =C644 -> 1000 | D1246: =IF($C1246>D$633,1,0) -> 1 | E1246: =IF($C1246>E$633,1,0) -> 1 | F1246: =IF($C1246>F$633,1,0) -> 1 | G1246: =IF($C1246>G$633,1,0) -> 1 | H1246: =IF($C1246>H$633,1,0) -> 1 | I1246: =IF($C1246>I$633,1,0) -> 1 | J1246: =IF($C1246>J$633,1,0) -> 1 | K1246: =IF($C1246>K$633,1,0) -> 1 | ... V1246: =IF($C1246>V$633,1,0) -> 0
B1247: 11 | C1247: =C645 -> 1100 | D1247: =IF($C1247>D$633,1,0) -> 1 | E1247: =IF($C1247>E$633,1,0) -> 1 | F1247: =IF($C1247>F$633,1,0) -> 1 | G1247: =IF($C1247>G$633,1,0) -> 1 | H1247: =IF($C1247>H$633,1,0) -> 1 | I1247: =IF($C1247>I$633,1,0) -> 1 | J1247: =IF($C1247>J$633,1,0) -> 1 | K1247: =IF($C1247>K$633,1,0) -> 1 | ... V1247: =IF($C1247>V$633,1,0) -> 0
B1248: 12 | C1248: =C646 -> 1200 | D1248: =IF($C1248>D$633,1,0) -> 1 | E1248: =IF($C1248>E$633,1,0) -> 1 | F1248: =IF($C1248>F$633,1,0) -> 1 | G1248: =IF($C1248>G$633,1,0) -> 1 | H1248: =IF($C1248>H$633,1,0) -> 1 | I1248: =IF($C1248>I$633,1,0) -> 1 | J1248: =IF($C1248>J$633,1,0) -> 1 | K1248: =IF($C1248>K$633,1,0) -> 1 | ... V1248: =IF($C1248>V$633,1,0) -> 0
... B1836: 600 | C1836: =C1234 -> 60000 | D1836: =IF($C1836>D$633,1,0) -> 1 | E1836: =IF($C1836>E$633,1,0) -> 1 | F1836: =IF($C1836>F$633,1,0) -> 1 | G1836: =IF($C1836>G$633,1,0) -> 1 | H1836: =IF($C1836>H$633,1,0) -> 1 | I1836: =IF($C1836>I$633,1,0) -> 1 | J1836: =IF($C1836>J$633,1,0) -> 1 | K1836: =IF($C1836>K$633,1,0) -> 1 | ... V1836: =IF($C1836>V$633,1,0) -> 1

Sheet 洗练性价比
A1: 实际概率集
K4: =1/COUNTA(C14:C20) -> 0.14285714
B5: 符文品质 | C5: 档次 | D5: 修正概率 | E5: 部位1 | F5: 部位2 | G5: 部位3 | H5: 部位4 | I5: 部位5 | J5: 部位6 | K5: 单颗定价 | L5: 洗练期望 | N5: 洗练品质 | O5: 洗练消耗
B6: 4 | C6: 1 | D6: =IF(C6="","",E6*OFFSET($E$51,0,MATCH(C6,$C$14:$C$20,0))) -> 0.31331331 | E6: =IF($B6="","",SUMIFS(符文总览!O:O,符文总览!$D:$D,$B6,符文总览!$AL:$AL,$C6)) -> 0.31331331 | F6: =IF($B6="","",SUMIFS(符文总览!N:N,符文总览!$D:$D,$B6,符文总览!$AL:$AL,$C6)) -> 0.31331331 | G6: =IF($B6="","",SUMIFS(符文总览!O:O,符文总览!$D:$D,$B6,符文总览!$AL:$AL,$C6)) -> 0.31331331 | H6: =IF($B6="","",SUMIFS(符文总览!P:P,符文总览!$D:$D,$B6,符文总览!$AL:$AL,$C6)) -> 0.31331331 | I6: =IF($B6="","",SUMIFS(符文总览!Q:Q,符文总览!$D:$D,$B6,符文总览!$AL:$AL,$C6)) -> 0.31331331 | J6: =IF($B6="","",SUMIFS(符文总览!R:R,符文总览!$D:$D,$B6,符文总览!$AL:$AL,$C6)) -> 0.31331331 | K6: =1/E6*_xlfn.XLOOKUP(B6,$N$5:$N$16,$O$5:$O$16)*K$4 -> 45.595618 | L6: {=SUMPRODUCT(K6:K12,E6:E12)} -> 85.714286
B7: 4 | C7: 2 | D7: =IF(C7="","",E7*OFFSET($E$51,0,MATCH(C7,$C$14:$C$20,0))) -> 0.31431431 | E7: =IF($B7="","",SUMIFS(符文总览!O:O,符文总览!$D:$D,$B7,符文总览!$AL:$AL,$C7)) -> 0.31431431 | F7: =IF($B7="","",SUMIFS(符文总览!N:N,符文总览!$D:$D,$B7,符文总览!$AL:$AL,$C7)) -> 0.31431431 | G7: =IF($B7="","",SUMIFS(符文总览!O:O,符文总览!$D:$D,$B7,符文总览!$AL:$AL,$C7)) -> 0.31431431 | H7: =IF($B7="","",SUMIFS(符文总览!P:P,符文总览!$D:$D,$B7,符文总览!$AL:$AL,$C7)) -> 0.31431431 | I7: =IF($B7="","",SUMIFS(符文总览!Q:Q,符文总览!$D:$D,$B7,符文总览!$AL:$AL,$C7)) -> 0.31431431 | J7: =IF($B7="","",SUMIFS(符文总览!R:R,符文总览!$D:$D,$B7,符文总览!$AL:$AL,$C7)) -> 0.31431431 | K7: =1/E7*_xlfn.XLOOKUP(B7,$N$5:$N$16,$O$5:$O$16)*K$4 -> 45.450409
B8: 4 | C8: 3 | D8: =IF(C8="","",E8*OFFSET($E$51,0,MATCH(C8,$C$14:$C$20,0))) -> 0.30317674 | E8: =IF($B8="","",SUMIFS(符文总览!O:O,符文总览!$D:$D,$B8,符文总览!$AL:$AL,$C8)) -> 0.30317674 | F8: =IF($B8="","",SUMIFS(符文总览!N:N,符文总览!$D:$D,$B8,符文总览!$AL:$AL,$C8)) -> 0.29996663 | G8: =IF($B8="","",SUMIFS(符文总览!O:O,符文总览!$D:$D,$B8,符文总览!$AL:$AL,$C8)) -> 0.30317674 | H8: =IF($B8="","",SUMIFS(符文总览!P:P,符文总览!$D:$D,$B8,符文总览!$AL:$AL,$C8)) -> 0.29996663 | I8: =IF($B8="","",SUMIFS(符文总览!Q:Q,符文总览!$D:$D,$B8,符文总览!$AL:$AL,$C8)) -> 0.29973155 | J8: =IF($B8="","",SUMIFS(符文总览!R:R,符文总览!$D:$D,$B8,符文总览!$AL:$AL,$C8)) -> 0.2966703 | K8: =1/E8*_xlfn.XLOOKUP(B8,$N$5:$N$16,$O$5:$O$16)*K$4 -> 47.120087
B9: 4 | C9: 4 | D9: =IF(C9="","",E9*OFFSET($E$51,0,MATCH(C9,$C$14:$C$20,0))) -> 0.018633634 | E9: =IF($B9="","",SUMIFS(符文总览!O:O,符文总览!$D:$D,$B9,符文总览!$AL:$AL,$C9)) -> 0.056465556 | F9: =IF($B9="","",SUMIFS(符文总览!N:N,符文总览!$D:$D,$B9,符文总览!$AL:$AL,$C9)) -> 0.040246128 | G9: =IF($B9="","",SUMIFS(符文总览!O:O,符文总览!$D:$D,$B9,符文总览!$AL:$AL,$C9)) -> 0.056465556 | H9: =IF($B9="","",SUMIFS(符文总览!P:P,符文总览!$D:$D,$B9,符文总览!$AL:$AL,$C9)) -> 0.056465556 | I9: =IF($B9="","",SUMIFS(符文总览!Q:Q,符文总览!$D:$D,$B9,符文总览!$AL:$AL,$C9)) -> 0.044976795 | J9: =IF($B9="","",SUMIFS(符文总览!R:R,符文总览!$D:$D,$B9,符文总览!$AL:$AL,$C9)) -> 0.055113937 | K9: =1/E9*_xlfn.XLOOKUP(B9,$N$5:$N$16,$O$5:$O$16)*K$4 -> 252.99873
B10: 4 | C10: 5 | D10: =IF(C10="","",E10*OFFSET($E$51,0,MATCH(C10,$C$14:$C$20,0))) -> 0.0035667852 | E10: =IF($B10="","",SUMIFS(符文总览!O:O,符文总览!$D:$D,$B10,符文总览!$AL:$AL,$C10)) -> 0.0071335704 | F10: =IF($B10="","",SUMIFS(符文总览!N:N,符文总览!$D:$D,$B10,符文总览!$AL:$AL,$C10)) -> 0.025211486 | G10: =IF($B10="","",SUMIFS(符文总览!O:O,符文总览!$D:$D,$B10,符文总览!$AL:$AL,$C10)) -> 0.0071335704 | H10: =IF($B10="","",SUMIFS(符文总览!P:P,符文总览!$D:$D,$B10,符文总览!$AL:$AL,$C10)) -> 0.010343677 | I10: =IF($B10="","",SUMIFS(符文总览!Q:Q,符文总览!$D:$D,$B10,符文总览!$AL:$AL,$C10)) -> 0.022067522 | J10: =IF($B10="","",SUMIFS(符文总览!R:R,符文总览!$D:$D,$B10,符文总览!$AL:$AL,$C10)) -> 0.013640014 | K10: =1/E10*_xlfn.XLOOKUP(B10,$N$5:$N$16,$O$5:$O$16)*K$4 -> 2002.6037
B11: 4 | C11: 6 | D11: =IF(C11="","",E11*OFFSET($E$51,0,MATCH(C11,$C$14:$C$20,0))) -> 0.0022386022 | E11: =IF($B11="","",SUMIFS(符文总览!O:O,符文总览!$D:$D,$B11,符文总览!$AL:$AL,$C11)) -> 0.0055965056 | F11: =IF($B11="","",SUMIFS(符文总览!N:N,符文总览!$D:$D,$B11,符文总览!$AL:$AL,$C11)) -> 0.0069481246 | G11: =IF($B11="","",SUMIFS(符文总览!O:O,符文总览!$D:$D,$B11,符文总览!$AL:$AL,$C11)) -> 0.0055965056 | H11: =IF($B11="","",SUMIFS(符文总览!P:P,符文总览!$D:$D,$B11,符文总览!$AL:$AL,$C11)) -> 0.0055965056 | I11: =IF($B11="","",SUMIFS(符文总览!Q:Q,符文总览!$D:$D,$B11,符文总览!$AL:$AL,$C11)) -> 0.0055965056 | J11: =IF($B11="","",SUMIFS(符文总览!R:R,符文总览!$D:$D,$B11,符文总览!$AL:$AL,$C11)) -> 0.0069481246 | K11: =1/E11*_xlfn.XLOOKUP(B11,$N$5:$N$16,$O$5:$O$16)*K$4 -> 2552.6132
N13: 4 | O13: =80*5/4 -> 100
B14: 5 | C14: 1 | D14: =IF(C14="","",E14*OFFSET($E$51,0,MATCH(C14,$C$14:$C$20,0))) -> 0.306 | E14: =IF($B14="","",SUMIFS(符文总览!O:O,符文总览!$D:$D,$B14,符文总览!$AL:$AL,$C14)) -> 0.306 | F14: =IF($B14="","",SUMIFS(符文总览!N:N,符文总览!$D:$D,$B14,符文总览!$AL:$AL,$C14)) -> 0.306 | G14: =IF($B14="","",SUMIFS(符文总览!O:O,符文总览!$D:$D,$B14,符文总览!$AL:$AL,$C14)) -> 0.306 | H14: =IF($B14="","",SUMIFS(符文总览!P:P,符文总览!$D:$D,$B14,符文总览!$AL:$AL,$C14)) -> 0.306 | I14: =IF($B14="","",SUMIFS(符文总览!Q:Q,符文总览!$D:$D,$B14,符文总览!$AL:$AL,$C14)) -> 0.306 | J14: =IF($B14="","",SUMIFS(符文总览!R:R,符文总览!$D:$D,$B14,符文总览!$AL:$AL,$C14)) -> 0.306 | K14: =1/E14*_xlfn.XLOOKUP(B14,$N$5:$N$16,$O$5:$O$16)*K$4 -> 168.06723 | L14: {=SUMPRODUCT(K14:K20,E14:E20)} -> 360 | N14: 5 | O14: =60*6 -> 360
B15: 5 | C15: 2 | D15: =IF(C15="","",E15*OFFSET($E$51,0,MATCH(C15,$C$14:$C$20,0))) -> 0.306 | E15: =IF($B15="","",SUMIFS(符文总览!O:O,符文总览!$D:$D,$B15,符文总览!$AL:$AL,$C15)) -> 0.306 | F15: =IF($B15="","",SUMIFS(符文总览!N:N,符文总览!$D:$D,$B15,符文总览!$AL:$AL,$C15)) -> 0.306 | G15: =IF($B15="","",SUMIFS(符文总览!O:O,符文总览!$D:$D,$B15,符文总览!$AL:$AL,$C15)) -> 0.306 | H15: =IF($B15="","",SUMIFS(符文总览!P:P,符文总览!$D:$D,$B15,符文总览!$AL:$AL,$C15)) -> 0.306 | I15: =IF($B15="","",SUMIFS(符文总览!Q:Q,符文总览!$D:$D,$B15,符文总览!$AL:$AL,$C15)) -> 0.306 | J15: =IF($B15="","",SUMIFS(符文总览!R:R,符文总览!$D:$D,$B15,符文总览!$AL:$AL,$C15)) -> 0.306 | K15: =1/E15*_xlfn.XLOOKUP(B15,$N$5:$N$16,$O$5:$O$16)*K$4 -> 168.06723 | N15: 6 | O15: =12*60 -> 720
B16: 5 | C16: 3 | D16: =IF(C16="","",E16*OFFSET($E$51,0,MATCH(C16,$C$14:$C$20,0))) -> 0.33385714 | E16: =IF($B16="","",SUMIFS(符文总览!O:O,符文总览!$D:$D,$B16,符文总览!$AL:$AL,$C16)) -> 0.33385714 | F16: =IF($B16="","",SUMIFS(符文总览!N:N,符文总览!$D:$D,$B16,符文总览!$AL:$AL,$C16)) -> 0.33025 | G16: =IF($B16="","",SUMIFS(符文总览!O:O,符文总览!$D:$D,$B16,符文总览!$AL:$AL,$C16)) -> 0.33385714 | H16: =IF($B16="","",SUMIFS(符文总览!P:P,符文总览!$D:$D,$B16,符文总览!$AL:$AL,$C16)) -> 0.33025 | I16: =IF($B16="","",SUMIFS(符文总览!Q:Q,符文总览!$D:$D,$B16,符文总览!$AL:$AL,$C16)) -> 0.32664286 | J16: =IF($B16="","",SUMIFS(符文总览!R:R,符文总览!$D:$D,$B16,符文总览!$AL:$AL,$C16)) -> 0.33025 | K16: =1/E16*_xlfn.XLOOKUP(B16,$N$5:$N$16,$O$5:$O$16)*K$4 -> 154.04365 | N16: 7 | O16: =24*60 -> 1440
B17: 5 | C17: 4 | D17: =IF(C17="","",E17*OFFSET($E$51,0,MATCH(C17,$C$14:$C$20,0))) -> 0.0071421429 | E17: =IF($B17="","",SUMIFS(符文总览!O:O,符文总览!$D:$D,$B17,符文总览!$AL:$AL,$C17)) -> 0.021642857 | F17: =IF($B17="","",SUMIFS(符文总览!N:N,符文总览!$D:$D,$B17,符文总览!$AL:$AL,$C17)) -> 0.02525 | G17: =IF($B17="","",SUMIFS(符文总览!O:O,符文总览!$D:$D,$B17,符文总览!$AL:$AL,$C17)) -> 0.021642857 | H17: =IF($B17="","",SUMIFS(符文总览!P:P,符文总览!$D:$D,$B17,符文总览!$AL:$AL,$C17)) -> 0.02525 | I17: =IF($B17="","",SUMIFS(符文总览!Q:Q,符文总览!$D:$D,$B17,符文总览!$AL:$AL,$C17)) -> 0.028857143 | J17: =IF($B17="","",SUMIFS(符文总览!R:R,符文总览!$D:$D,$B17,符文总览!$AL:$AL,$C17)) -> 0.02525 | K17: =1/E17*_xlfn.XLOOKUP(B17,$N$5:$N$16,$O$5:$O$16)*K$4 -> 2376.2376
B18: 5 | C18: 5 | D18: =IF(C18="","",E18*OFFSET($E$51,0,MATCH(C18,$C$14:$C$20,0))) -> 0.0075 | E18: =IF($B18="","",SUMIFS(符文总览!O:O,符文总览!$D:$D,$B18,符文总览!$AL:$AL,$C18)) -> 0.015 | F18: =IF($B18="","",SUMIFS(符文总览!N:N,符文总览!$D:$D,$B18,符文总览!$AL:$AL,$C18)) -> 0.015 | G18: =IF($B18="","",SUMIFS(符文总览!O:O,符文总览!$D:$D,$B18,符文总览!$AL:$AL,$C18)) -> 0.015 | H18: =IF($B18="","",SUMIFS(符文总览!P:P,符文总览!$D:$D,$B18,符文总览!$AL:$AL,$C18)) -> 0.015 | I18: =IF($B18="","",SUMIFS(符文总览!Q:Q,符文总览!$D:$D,$B18,符文总览!$AL:$AL,$C18)) -> 0.015 | J18: =IF($B18="","",SUMIFS(符文总览!R:R,符文总览!$D:$D,$B18,符文总览!$AL:$AL,$C18)) -> 0.015 | K18: =1/E18*_xlfn.XLOOKUP(B18,$N$5:$N$16,$O$5:$O$16)*K$4 -> 3428.5714
B19: 5 | C19: 6 | D19: =IF(C19="","",E19*OFFSET($E$51,0,MATCH(C19,$C$14:$C$20,0))) -> 0.0028 | E19: =IF($B19="","",SUMIFS(符文总览!O:O,符文总览!$D:$D,$B19,符文总览!$AL:$AL,$C19)) -> 0.007 | F19: =IF($B19="","",SUMIFS(符文总览!N:N,符文总览!$D:$D,$B19,符文总览!$AL:$AL,$C19)) -> 0.007 | G19: =IF($B19="","",SUMIFS(符文总览!O:O,符文总览!$D:$D,$B19,符文总览!$AL:$AL,$C19)) -> 0.007 | H19: =IF($B19="","",SUMIFS(符文总览!P:P,符文总览!$D:$D,$B19,符文总览!$AL:$AL,$C19)) -> 0.007 | I19: =IF($B19="","",SUMIFS(符文总览!Q:Q,符文总览!$D:$D,$B19,符文总览!$AL:$AL,$C19)) -> 0.007 | J19: =IF($B19="","",SUMIFS(符文总览!R:R,符文总览!$D:$D,$B19,符文总览!$AL:$AL,$C19)) -> 0.007 | K19: =1/E19*_xlfn.XLOOKUP(B19,$N$5:$N$16,$O$5:$O$16)*K$4 -> 7346.9388 | P19: =1/P26*P20 -> 100 | Q19: =1/Q26*Q20 -> 171.42857 | R19: =1/R26*R20 -> 300
B20: 5 | C20: 8 | D20: =IF(C20="","",E20*OFFSET($E$51,0,MATCH(C20,$C$14:$C$20,0))) -> 0.00525 | E20: =IF($B20="","",SUMIFS(符文总览!O:O,符文总览!$D:$D,$B20,符文总览!$AL:$AL,$C20)) -> 0.0105 | F20: =IF($B20="","",SUMIFS(符文总览!N:N,符文总览!$D:$D,$B20,符文总览!$AL:$AL,$C20)) -> 0.0105 | G20: =IF($B20="","",SUMIFS(符文总览!O:O,符文总览!$D:$D,$B20,符文总览!$AL:$AL,$C20)) -> 0.0105 | H20: =IF($B20="","",SUMIFS(符文总览!P:P,符文总览!$D:$D,$B20,符文总览!$AL:$AL,$C20)) -> 0.0105 | I20: =IF($B20="","",SUMIFS(符文总览!Q:Q,符文总览!$D:$D,$B20,符文总览!$AL:$AL,$C20)) -> 0.0105 | J20: =IF($B20="","",SUMIFS(符文总览!R:R,符文总览!$D:$D,$B20,符文总览!$AL:$AL,$C20)) -> 0.0105 | K20: =1/E20*_xlfn.XLOOKUP(B20,$N$5:$N$16,$O$5:$O$16)*K$4 -> 4897.9592 | P20: 6 | Q20: 12 | R20: 24
D21: =IF(C21="","",E21*OFFSET($E$51,0,MATCH(C21,$C$14:$C$20,0))) | E21: =IF($B21="","",SUMIFS(符文总览!O:O,符文总览!$D:$D,$B21,符文总览!$AL:$AL,$C21)) | F21: =IF($B21="","",SUMIFS(符文总览!N:N,符文总览!$D:$D,$B21,符文总览!$AL:$AL,$C21)) | G21: =IF($B21="","",SUMIFS(符文总览!O:O,符文总览!$D:$D,$B21,符文总览!$AL:$AL,$C21)) | H21: =IF($B21="","",SUMIFS(符文总览!P:P,符文总览!$D:$D,$B21,符文总览!$AL:$AL,$C21)) | I21: =IF($B21="","",SUMIFS(符文总览!Q:Q,符文总览!$D:$D,$B21,符文总览!$AL:$AL,$C21)) | J21: =IF($B21="","",SUMIFS(符文总览!R:R,符文总览!$D:$D,$B21,符文总览!$AL:$AL,$C21)) | P21: 橙色
B22: =B14+1 -> 6 | C22: =C14 -> 1 | D22: =IF(C22="","",E22*OFFSET($E$51,0,MATCH(C22,$C$14:$C$20,0))) -> 0.306 | E22: =IF($B22="","",SUMIFS(符文总览!O:O,符文总览!$D:$D,$B22,符文总览!$AL:$AL,$C22)) -> 0.306 | F22: =IF($B22="","",SUMIFS(符文总览!N:N,符文总览!$D:$D,$B22,符文总览!$AL:$AL,$C22)) -> 0.306 | G22: =IF($B22="","",SUMIFS(符文总览!O:O,符文总览!$D:$D,$B22,符文总览!$AL:$AL,$C22)) -> 0.306 | H22: =IF($B22="","",SUMIFS(符文总览!P:P,符文总览!$D:$D,$B22,符文总览!$AL:$AL,$C22)) -> 0.306 | I22: =IF($B22="","",SUMIFS(符文总览!Q:Q,符文总览!$D:$D,$B22,符文总览!$AL:$AL,$C22)) -> 0.306 | J22: =IF($B22="","",SUMIFS(符文总览!R:R,符文总览!$D:$D,$B22,符文总览!$AL:$AL,$C22)) -> 0.306 | K22: =1/E22*_xlfn.XLOOKUP(B22,$N$5:$N$16,$O$5:$O$16)*K$4 -> 336.13445 | L22: {=SUMPRODUCT(K22:K28,E22:E28)} -> 720 | P22: =SUM(E17:E20) -> 0.054142857 | Q22: =SUM(E25:E28) -> 0.054142857 | R22: =SUM(E33:E36) -> 0.054142857
B23: =B15+1 -> 6 | C23: =C15 -> 2 | D23: =IF(C23="","",E23*OFFSET($E$51,0,MATCH(C23,$C$14:$C$20,0))) -> 0.306 | E23: =IF($B23="","",SUMIFS(符文总览!O:O,符文总览!$D:$D,$B23,符文总览!$AL:$AL,$C23)) -> 0.306 | F23: =IF($B23="","",SUMIFS(符文总览!N:N,符文总览!$D:$D,$B23,符文总览!$AL:$AL,$C23)) -> 0.306 | G23: =IF($B23="","",SUMIFS(符文总览!O:O,符文总览!$D:$D,$B23,符文总览!$AL:$AL,$C23)) -> 0.306 | H23: =IF($B23="","",SUMIFS(符文总览!P:P,符文总览!$D:$D,$B23,符文总览!$AL:$AL,$C23)) -> 0.306 | I23: =IF($B23="","",SUMIFS(符文总览!Q:Q,符文总览!$D:$D,$B23,符文总览!$AL:$AL,$C23)) -> 0.306 | J23: =IF($B23="","",SUMIFS(符文总览!R:R,符文总览!$D:$D,$B23,符文总览!$AL:$AL,$C23)) -> 0.306 | K23: =1/E23*_xlfn.XLOOKUP(B23,$N$5:$N$16,$O$5:$O$16)*K$4 -> 336.13445 | O23: 5
B24: =B16+1 -> 6 | C24: =C16 -> 3 | D24: =IF(C24="","",E24*OFFSET($E$51,0,MATCH(C24,$C$14:$C$20,0))) -> 0.33385714 | E24: =IF($B24="","",SUMIFS(符文总览!O:O,符文总览!$D:$D,$B24,符文总览!$AL:$AL,$C24)) -> 0.33385714 | F24: =IF($B24="","",SUMIFS(符文总览!N:N,符文总览!$D:$D,$B24,符文总览!$AL:$AL,$C24)) -> 0.33025 | G24: =IF($B24="","",SUMIFS(符文总览!O:O,符文总览!$D:$D,$B24,符文总览!$AL:$AL,$C24)) -> 0.33385714 | H24: =IF($B24="","",SUMIFS(符文总览!P:P,符文总览!$D:$D,$B24,符文总览!$AL:$AL,$C24)) -> 0.33025 | I24: =IF($B24="","",SUMIFS(符文总览!Q:Q,符文总览!$D:$D,$B24,符文总览!$AL:$AL,$C24)) -> 0.32664286 | J24: =IF($B24="","",SUMIFS(符文总览!R:R,符文总览!$D:$D,$B24,符文总览!$AL:$AL,$C24)) -> 0.33025 | K24: =1/E24*_xlfn.XLOOKUP(B24,$N$5:$N$16,$O$5:$O$16)*K$4 -> 308.08729 | O24: 6
B25: =B17+1 -> 6 | C25: =C17 -> 4 | D25: =IF(C25="","",E25*OFFSET($E$51,0,MATCH(C25,$C$14:$C$20,0))) -> 0.0071421429 | E25: =IF($B25="","",SUMIFS(符文总览!O:O,符文总览!$D:$D,$B25,符文总览!$AL:$AL,$C25)) -> 0.021642857 | F25: =IF($B25="","",SUMIFS(符文总览!N:N,符文总览!$D:$D,$B25,符文总览!$AL:$AL,$C25)) -> 0.02525 | G25: =IF($B25="","",SUMIFS(符文总览!O:O,符文总览!$D:$D,$B25,符文总览!$AL:$AL,$C25)) -> 0.021642857 | H25: =IF($B25="","",SUMIFS(符文总览!P:P,符文总览!$D:$D,$B25,符文总览!$AL:$AL,$C25)) -> 0.02525 | I25: =IF($B25="","",SUMIFS(符文总览!Q:Q,符文总览!$D:$D,$B25,符文总览!$AL:$AL,$C25)) -> 0.028857143 | J25: =IF($B25="","",SUMIFS(符文总览!R:R,符文总览!$D:$D,$B25,符文总览!$AL:$AL,$C25)) -> 0.02525 | K25: =1/E25*_xlfn.XLOOKUP(B25,$N$5:$N$16,$O$5:$O$16)*K$4 -> 4752.4752 | O25: 8
B26: =B18+1 -> 6 | C26: =C18 -> 5 | D26: =IF(C26="","",E26*OFFSET($E$51,0,MATCH(C26,$C$14:$C$20,0))) -> 0.0075 | E26: =F26 -> 0.015 | F26: =IF($B26="","",SUMIFS(符文总览!N:N,符文总览!$D:$D,$B26,符文总览!$AL:$AL,$C26)) -> 0.015 | G26: =IF($B26="","",SUMIFS(符文总览!O:O,符文总览!$D:$D,$B26,符文总览!$AL:$AL,$C26)) -> 0.015 | H26: =IF($B26="","",SUMIFS(符文总览!P:P,符文总览!$D:$D,$B26,符文总览!$AL:$AL,$C26)) -> 0.015 | I26: =IF($B26="","",SUMIFS(符文总览!Q:Q,符文总览!$D:$D,$B26,符文总览!$AL:$AL,$C26)) -> 0.015 | J26: =IF($B26="","",SUMIFS(符文总览!R:R,符文总览!$D:$D,$B26,符文总览!$AL:$AL,$C26)) -> 0.015 | K26: =1/E26*_xlfn.XLOOKUP(B26,$N$5:$N$16,$O$5:$O$16)*K$4 -> 6857.1429 | P26: 0.06 | Q26: 0.07 | R26: 0.08
B27: =B19+1 -> 6 | C27: =C19 -> 6 | D27: =IF(C27="","",E27*OFFSET($E$51,0,MATCH(C27,$C$14:$C$20,0))) -> 0.0028 | E27: =IF($B27="","",SUMIFS(符文总览!O:O,符文总览!$D:$D,$B27,符文总览!$AL:$AL,$C27)) -> 0.007 | F27: =IF($B27="","",SUMIFS(符文总览!N:N,符文总览!$D:$D,$B27,符文总览!$AL:$AL,$C27)) -> 0.007 | G27: =IF($B27="","",SUMIFS(符文总览!O:O,符文总览!$D:$D,$B27,符文总览!$AL:$AL,$C27)) -> 0.007 | H27: =IF($B27="","",SUMIFS(符文总览!P:P,符文总览!$D:$D,$B27,符文总览!$AL:$AL,$C27)) -> 0.007 | I27: =IF($B27="","",SUMIFS(符文总览!Q:Q,符文总览!$D:$D,$B27,符文总览!$AL:$AL,$C27)) -> 0.007 | J27: =IF($B27="","",SUMIFS(符文总览!R:R,符文总览!$D:$D,$B27,符文总览!$AL:$AL,$C27)) -> 0.007 | K27: =1/E27*_xlfn.XLOOKUP(B27,$N$5:$N$16,$O$5:$O$16)*K$4 -> 14693.878
B28: 6 | C28: 8 | D28: =IF(C28="","",E28*OFFSET($E$51,0,MATCH(C28,$C$14:$C$20,0))) -> 0.00525 | E28: =IF($B28="","",SUMIFS(符文总览!O:O,符文总览!$D:$D,$B28,符文总览!$AL:$AL,$C28)) -> 0.0105 | F28: =IF($B28="","",SUMIFS(符文总览!N:N,符文总览!$D:$D,$B28,符文总览!$AL:$AL,$C28)) -> 0.0105 | G28: =IF($B28="","",SUMIFS(符文总览!O:O,符文总览!$D:$D,$B28,符文总览!$AL:$AL,$C28)) -> 0.0105 | H28: =IF($B28="","",SUMIFS(符文总览!P:P,符文总览!$D:$D,$B28,符文总览!$AL:$AL,$C28)) -> 0.0105 | I28: =IF($B28="","",SUMIFS(符文总览!Q:Q,符文总览!$D:$D,$B28,符文总览!$AL:$AL,$C28)) -> 0.0105 | J28: =IF($B28="","",SUMIFS(符文总览!R:R,符文总览!$D:$D,$B28,符文总览!$AL:$AL,$C28)) -> 0.0105 | K28: =1/E28*_xlfn.XLOOKUP(B28,$N$5:$N$16,$O$5:$O$16)*K$4 -> 9795.9184
D29: =IF(C29="","",E29*OFFSET($E$51,0,MATCH(C29,$C$14:$C$20,0))) | E29: =IF($B29="","",SUMIFS(符文总览!O:O,符文总览!$D:$D,$B29,符文总览!$AL:$AL,$C29)) | F29: =IF($B29="","",SUMIFS(符文总览!N:N,符文总览!$D:$D,$B29,符文总览!$AL:$AL,$C29)) | G29: =IF($B29="","",SUMIFS(符文总览!O:O,符文总览!$D:$D,$B29,符文总览!$AL:$AL,$C29)) | H29: =IF($B29="","",SUMIFS(符文总览!P:P,符文总览!$D:$D,$B29,符文总览!$AL:$AL,$C29)) | I29: =IF($B29="","",SUMIFS(符文总览!Q:Q,符文总览!$D:$D,$B29,符文总览!$AL:$AL,$C29)) | J29: =IF($B29="","",SUMIFS(符文总览!R:R,符文总览!$D:$D,$B29,符文总览!$AL:$AL,$C29))
B30: =B22+1 -> 7 | C30: =C22 -> 1 | D30: =IF(C30="","",E30*OFFSET($E$51,0,MATCH(C30,$C$14:$C$20,0))) -> 0.306 | E30: =IF($B30="","",SUMIFS(符文总览!O:O,符文总览!$D:$D,$B30,符文总览!$AL:$AL,$C30)) -> 0.306 | F30: =IF($B30="","",SUMIFS(符文总览!N:N,符文总览!$D:$D,$B30,符文总览!$AL:$AL,$C30)) -> 0.306 | G30: =IF($B30="","",SUMIFS(符文总览!O:O,符文总览!$D:$D,$B30,符文总览!$AL:$AL,$C30)) -> 0.306 | H30: =IF($B30="","",SUMIFS(符文总览!P:P,符文总览!$D:$D,$B30,符文总览!$AL:$AL,$C30)) -> 0.306 | I30: =IF($B30="","",SUMIFS(符文总览!Q:Q,符文总览!$D:$D,$B30,符文总览!$AL:$AL,$C30)) -> 0.306 | J30: =IF($B30="","",SUMIFS(符文总览!R:R,符文总览!$D:$D,$B30,符文总览!$AL:$AL,$C30)) -> 0.306 | K30: =1/E30*_xlfn.XLOOKUP(B30,$N$5:$N$16,$O$5:$O$16)*K$4 -> 672.26891 | L30: {=SUMPRODUCT(K30:K36,E30:E36)} -> 1440
B31: =B23+1 -> 7 | C31: =C23 -> 2 | D31: =IF(C31="","",E31*OFFSET($E$51,0,MATCH(C31,$C$14:$C$20,0))) -> 0.306 | E31: =IF($B31="","",SUMIFS(符文总览!O:O,符文总览!$D:$D,$B31,符文总览!$AL:$AL,$C31)) -> 0.306 | F31: =IF($B31="","",SUMIFS(符文总览!N:N,符文总览!$D:$D,$B31,符文总览!$AL:$AL,$C31)) -> 0.306 | G31: =IF($B31="","",SUMIFS(符文总览!O:O,符文总览!$D:$D,$B31,符文总览!$AL:$AL,$C31)) -> 0.306 | H31: =IF($B31="","",SUMIFS(符文总览!P:P,符文总览!$D:$D,$B31,符文总览!$AL:$AL,$C31)) -> 0.306 | I31: =IF($B31="","",SUMIFS(符文总览!Q:Q,符文总览!$D:$D,$B31,符文总览!$AL:$AL,$C31)) -> 0.306 | J31: =IF($B31="","",SUMIFS(符文总览!R:R,符文总览!$D:$D,$B31,符文总览!$AL:$AL,$C31)) -> 0.306 | K31: =1/E31*_xlfn.XLOOKUP(B31,$N$5:$N$16,$O$5:$O$16)*K$4 -> 672.26891
